year,jday,precip,high,low,avg,Hday
1980,1,0,0.5,-6.0,-2.75,4.883742794
1980,2,0,-2.0,-5.0,-3.5,2.441871397
1980,3,0,-2.5,-7.5,-5.0,4.011172037
1980,4,0,-3.5,-8.0,-5.75,3.599769687
1980,5,0,-3.0,-13.0,-8.0,6.788137025
1980,6,2,-1.0,-10.0,-5.5,6.376734679
1980,7,3,-3.5,-18.0,-10.75,6.068183287
1980,8,0,-13.5,-20.0,-16.75,5.245378588
1980,9,0,-14.5,-22.0,-18.25,6.029476111
1980,10,0,1.5,-18.5,-8.5,8.732344028
1980,11,2,8.5,-12.5,-2.0,8.732344028
1980,12,0,-5.0,-18.0,-11.5,8.212562119
1980,13,2,-0.5,-8.5,-4.5,6.408806298
1980,14,0,2.5,-8.0,-2.75,7.5644926
1980,15,0,3.0,-3.0,0.0,5.148057702
1980,16,14,4.0,1.0,2.5,2.101248
1980,17,5,4.5,0.0,2.25,3.078881526
1980,18,0,1.0,-4.5,-1.75,4.989911072
1980,19,0,-1.0,-8.0,-4.5,6.157763052
1980,20,0,-1.0,-11.5,-6.25,8.152841946
1980,21,0,-1.0,-10.0,-5.5,7.509196625
1980,22,0,-1.5,-10.5,-6.0,7.616470759
1980,23,0,-8.0,-17.5,-12.75,8.128512187
1980,24,3,-6.0,-16.5,-11.25,6.50280975
1980,25,0,-5.5,-14.5,-10.0,8.02013213
1980,26,0,-9.0,-21.0,-15.0,9.525288317
1980,27,0,-13.0,-21.5,-17.25,8.101969657
1980,28,0,-14.0,-21.0,-17.5,7.116594876
1980,29,0,-12.0,-21.0,-16.5,8.626176211
1980,30,0,-10.0,-20.0,-15.0,9.179136211
1980,31,0,-8.5,-18.5,-13.5,9.382625273
1980,32,0,-7.0,-21.5,-14.25,10.83469851
1980,33,0,-6.5,-22.5,-14.5,11.1697925
1980,34,0,-7.0,-20.5,-13.75,10.71636456
1980,35,0,-5.0,-22.5,-13.75,11.61879548
1980,36,2,-4.5,-14.5,-9.5,9.340600308
1980,37,2,-4.0,-12.0,-8.0,8.201502683
1980,38,0,-4.0,-20.5,-12.25,12.07664588
1980,39,0,-3.5,-17.5,-10.5,11.5015675
1980,40,0,-4.0,-18.5,-11.25,11.84661475
1980,41,0,-4.5,-18.0,-11.25,11.84440298
1980,42,0,-5.0,-16.0,-10.5,10.91542996
1980,43,0,-5.0,-18.5,-11.75,12.19166215
1980,44,0,-4.5,-14.0,-9.25,10.19879445
1980,45,0,-2.0,-12.5,-7.25,11.00500991
1980,46,1,-3.5,-12.0,-7.75,9.585008889
1980,47,0,-6.0,-18.0,-12.0,12.06337607
1980,48,0,-7.5,-22.0,-14.75,13.25776969
1980,49,0,-2.0,-15.5,-8.75,12.8983442
1980,50,0,2.0,-4.5,-1.25,7.714897717
1980,51,0,3.0,-0.5,1.25,4.501094457
1980,52,2,3.0,0.5,1.75,3.406233542
1980,53,3,1.5,-1.0,0.25,2.700656809
1980,54,0,1.5,-3.5,-1.0,6.751641875
1980,55,0,0.5,-6.0,-2.75,8.918138464
1980,56,0,-2.0,-11.0,-6.5,11.76698856
1980,57,0,-6.0,-18.0,-12.0,14.24646125
1980,58,0,-2.5,-11.0,-6.75,11.49714431
1980,59,1,-4.0,-14.0,-9.0,13.11178652
1980,60,1,-4.0,-14.0,-9.0,13.11178652
1980,61,0,-7.0,-21.5,-14.25,16.01150889
1980,62,0,-8.0,-19.5,-13.75,14.625792
1980,63,0,-4.5,-19.5,-12.0,16.533504
1980,64,0,0.0,-13.0,-6.5,15.90755341
1980,65,4,0.5,-7.5,-3.5,8.980070749
1980,66,3,-2.0,-12.0,-7.0,10.86898106
1980,67,2,-6.0,-17.5,-11.75,16.04468656
1980,68,0,-3.0,-17.5,-10.25,17.87830281
1980,69,0,0.5,-11.5,-5.5,16.57331719
1980,70,1,2.0,-11.0,-4.5,17.63499915
1980,71,0,3.0,-11.0,-4.0,18.29302152
1980,72,0,-3.0,-17.5,-10.25,18.84487655
1980,73,0,-2.5,-13.5,-8.0,16.85422055
1980,74,4,-3.0,-6.5,-4.75,5.085020287
1980,75,0,3.0,-10.0,-3.5,18.86810233
1980,76,0,7.5,-8.0,-0.25,20.23833563
1980,77,0,10.5,1.0,5.75,15.78590153
1980,78,0,6.5,-2.0,2.25,14.96309787
1980,79,0,9.0,-6.0,1.5,20.54025306
1980,80,0,10.5,0.5,5.5,17.14175938
1980,81,0,9.5,0.0,4.75,16.5932236
1980,82,0,5.5,-4.0,0.75,16.86527974
1980,83,0,3.0,-6.5,-1.75,16.86085746
1980,84,4,1.5,-3.0,-0.75,6.688604665
1980,85,0,1.5,-3.5,-1.0,9.972080327
1980,86,0,1.5,-7.5,-3.0,16.57331709
1980,87,0,6.0,-6.5,-0.25,20.52587556
1980,88,0,6.5,-1.0,2.75,14.58044981
1980,89,0,6.0,0.0,3.0,10.9851027
1980,90,0,6.5,-2.0,2.25,14.83702166
1980,91,0,7.5,-2.0,2.75,16.533504
1980,92,0,10.5,-1.0,4.75,18.690048
1980,93,0,11.0,-4.5,3.25,21.58645267
1980,94,0,13.5,-0.5,6.5,20.86207505
1980,95,12,10.0,-0.5,4.75,13.57627397
1980,96,8,10.0,-1.5,4.25,14.30618115
1980,97,0,15.0,-1.0,7.0,22.2101923
1980,98,3,14.0,2.5,8.25,14.4145618
1980,99,2,17.5,6.5,12.0,18.82054564
1980,100,17,15.5,4.0,9.75,14.67113366
1980,101,6,7.5,-1.0,3.25,12.54113223
1980,102,3,3.0,-1.5,0.75,7.46496
1980,103,0,8.0,-1.0,3.5,18.048615
1980,104,0,7.5,-1.5,3.0,18.048615
1980,105,0,5.0,-4.0,0.5,18.48434629
1980,106,5,2.5,-3.0,-0.25,9.545195652
1980,107,1,8.5,-3.0,2.75,21.97684202
1980,108,0,11.0,-5.0,3.0,24.72394909
1980,109,0,16.5,-0.5,8.0,25.21055092
1980,110,0,21.5,3.0,12.25,25.36427438
1980,111,0,22.5,6.0,14.25,24.772608
1980,112,0,23.5,5.0,14.25,25.546752
1980,113,0,27.0,6.5,16.75,26.04110026
1980,114,0,31.5,11.0,21.25,25.5732943
1980,115,0,27.0,5.0,16.0,26.3828259
1980,116,0,13.0,-4.0,4.5,25.126502
1980,117,0,11.0,0.5,5.75,19.29388032
1980,118,0,13.0,-1.5,5.75,23.56383721
1980,119,0,18.0,6.0,12.0,20.70282175
1980,120,0,14.5,5.5,10.0,16.72150988
1980,121,5,12.5,6.5,9.5,8.819712
1980,122,2,15.0,8.5,11.75,12.66831376
1980,123,0,21.5,7.5,14.5,23.41232712
1980,124,0,25.0,4.5,14.75,27.28747031
1980,125,0,27.0,6.5,16.75,27.12600537
1980,126,0,29.5,7.5,18.5,27.63694038
1980,127,0,29.5,9.5,19.5,26.66151833
1980,128,0,24.0,4.5,14.25,27.00656681
1980,129,0,14.5,-1.0,6.75,24.71510116
1980,130,0,12.0,2.0,7.0,18.45559209
1980,131,0,17.5,-1.0,8.25,26.85947697
1980,132,1,18.0,5.5,11.75,21.09210592
1980,133,1,17.0,4.5,10.75,21.23366432
1980,134,0,20.0,3.0,11.5,25.54675137
1980,135,11,17.0,4.5,10.75,15.69742831
1980,136,8,16.0,3.0,9.5,16.03141744
1980,137,4,17.0,4.0,10.5,15.86442287
1980,138,0,17.0,2.0,9.5,23.87017661
1980,139,8,13.5,8.0,10.75,7.732592362
1980,140,7,15.5,8.5,12.0,9.749790896
1980,141,4,21.0,10.0,15.5,14.38248981
1980,142,0,24.5,6.0,15.25,27.24212841
1980,143,0,28.5,8.0,18.25,28.08815722
1980,144,0,28.5,9.5,19.0,27.42018033
1980,145,0,27.0,9.5,18.25,26.73893265
1980,146,0,27.0,14.0,20.5,22.14051775
1980,147,0,29.0,12.5,20.75,25.71264
1980,148,0,27.0,8.5,17.75,27.59823425
1980,149,0,29.0,7.5,18.25,28.96957375
1980,150,10,29.5,15.5,22.5,16.45609025
1980,151,8,26.5,16.5,21.5,12.59421765
1980,152,8,26.5,15.0,20.75,14.3194529
1980,153,0,24.5,13.0,18.75,19.49515865
1980,154,1,23.0,11.0,17.0,20.87534718
1980,155,0,23.5,11.5,17.5,21.18279104
1980,156,11,24.0,12.0,18.0,15.97390792
1980,157,0,23.0,10.0,16.5,23.09271552
1980,158,18,23.5,12.0,17.75,15.80027947
1980,159,22,25.5,13.5,19.5,16.14753802
1980,160,29,26.0,13.5,19.75,16.49479656
1980,161,0,22.5,7.0,14.75,26.3850404
1980,162,0,20.0,10.5,15.25,18.87141948
1980,163,0,20.0,2.5,11.25,28.48186275
1980,164,0,23.5,5.0,14.25,28.65659878
1980,165,0,25.5,10.5,18.0,25.33662756
1980,166,0,26.0,15.0,20.5,20.09456669
1980,167,0,29.0,16.5,22.75,21.66718428
1980,168,0,26.5,10.5,18.5,26.21030437
1980,169,0,21.0,4.0,12.5,27.60818761
1980,170,0,23.5,7.0,15.25,26.55977477
1980,171,0,23.0,12.5,17.75,19.22088987
1980,172,3,20.5,8.5,14.5,16.42512341
1980,173,0,24.0,7.0,15.5,27.25871722
1980,174,0,25.5,13.0,19.25,22.1913907
1980,175,0,28.5,14.0,21.25,24.28821472
1980,176,0,30.0,14.5,22.25,24.98715717
1980,177,0,30.0,15.0,22.5,24.46295075
1980,178,0,30.5,17.5,24.0,22.01665634
1980,179,0,32.5,17.5,25.0,24.11348036
1980,180,0,30.5,13.5,22.0,26.55977477
1980,181,10,28.0,15.5,21.75,16.42512341
1980,182,0,26.5,14.5,20.5,21.49244992
1980,183,0,25.0,11.5,18.25,23.76400997
1980,184,0,29.0,14.5,21.75,23.93874433
1980,185,0,28.0,12.5,20.25,25.16189153
1980,186,0,28.0,10.5,19.25,26.90924516
1980,187,0,29.5,16.5,23.0,21.70367969
1980,188,16,29.0,17.5,23.25,14.75850219
1980,189,0,26.5,12.0,19.25,23.96086271
1980,190,0,34.5,16.5,25.5,25.69715708
1980,191,0,33.5,19.5,26.5,21.87730979
1980,192,6,29.0,14.0,21.5,17.59739922
1980,193,0,32.0,16.5,24.25,23.6357226
1980,194,0,34.0,18.5,26.25,23.29067587
1980,195,1,32.5,21.0,26.75,18.46001685
1980,196,0,31.5,14.5,23.0,25.18843531
1980,197,0,31.0,19.5,25.25,18.68451775
1980,198,8,32.0,19.0,25.5,15.25616575
1980,199,21,31.5,16.5,24.0,17.14176
1980,200,0,30.5,16.5,23.5,21.97020543
1980,201,0,30.0,17.5,23.75,20.09677798
1980,202,0,30.0,17.5,23.75,20.09677798
1980,203,14,33.0,19.0,26.0,16.0092968
1980,204,0,30.0,17.5,23.75,19.9662803
1980,205,0,27.5,14.5,21.0,21.15072031
1980,206,0,26.5,11.5,19.0,23.68880675
1980,207,0,28.0,12.5,20.25,23.70207773
1980,208,2,28.0,17.5,22.75,17.65048294
1980,209,6,21.0,13.5,17.25,10.59029008
1980,210,0,24.5,12.0,18.25,21.20822816
1980,211,0,28.0,11.0,19.5,24.88209419
1980,212,0,28.5,15.0,21.75,21.23366432
1980,213,2,26.5,14.0,20.25,20.40422432
1980,214,0,29.0,16.0,22.5,20.57011137
1980,215,0,32.0,14.5,23.25,24.05818358
1980,216,10,29.5,16.0,22.75,15.65429713
1980,217,0,28.0,14.5,21.25,20.95054911
1980,218,0,28.5,16.0,22.25,19.6411395
1980,219,7,29.0,16.5,22.75,14.56717784
1980,220,0,30.0,14.5,22.25,22.27212223
1980,221,78,29.0,16.5,22.75,14.63132138
1980,222,45,28.0,17.0,22.5,13.24007434
1980,223,4,25.5,16.0,20.75,12.10982437
1980,224,5,25.0,16.5,20.75,11.06472976
1980,225,17,25.0,16.0,20.5,11.70616351
1980,226,0,25.5,12.5,19.0,20.70282175
1980,227,6,25.0,15.0,20.0,12.740198
1980,228,0,25.0,16.0,20.5,15.60674285
1980,229,0,25.0,14.0,19.5,18.34500185
1980,230,6,20.5,11.5,16.0,12.17728501
1980,231,9,21.0,12.5,16.75,11.62100733
1980,232,0,27.5,12.0,19.75,22.29977023
1980,233,41,30.5,16.5,23.5,15.12566803
1980,234,0,31.5,20.5,26.0,16.68501528
1980,235,23,30.5,16.5,23.5,14.86356539
1980,236,0,26.5,12.5,19.5,20.5922307
1980,237,0,27.0,12.0,19.5,21.21375704
1980,238,0,27.5,14.5,21.0,19.21535938
1980,239,0,27.0,17.0,22.0,15.56692988
1980,240,0,29.5,17.0,23.25,18.00880187
1980,241,0,27.5,15.0,21.25,18.1813245
1980,242,12,25.5,15.5,20.5,11.81786121
1980,243,23,26.5,16.5,21.5,11.58119434
1980,244,14,26.0,16.5,21.25,11.1299794
1980,245,7,24.0,16.5,20.25,9.405849885
1980,246,2,24.0,17.0,20.5,11.79463694
1980,247,0,23.5,14.0,18.75,15.41210004
1980,248,0,27.0,13.0,20.0,19.26512575
1980,249,4,26.5,14.5,20.5,13.0907747
1980,250,0,26.5,9.5,18.0,20.73931867
1980,251,0,25.0,11.5,18.25,18.53964228
1980,252,36,24.0,14.5,19.25,10.94860781
1980,253,0,28.5,15.0,21.75,17.52993908
1980,254,20,27.5,14.0,20.75,13.18367333
1980,255,0,22.5,7.0,14.75,19.12135707
1980,256,0,20.0,8.5,14.25,16.26365841
1980,257,33,21.5,13.5,17.5,8.987811797
1980,258,7,25.0,15.5,20.25,9.909043375
1980,259,0,22.5,12.5,17.5,14.01421795
1980,260,0,15.5,11.0,13.25,7.163043577
1980,261,10,16.0,9.0,12.5,8.146206843
1980,262,0,16.0,3.5,9.75,16.721511
1980,263,0,19.5,6.5,13.0,16.721511
1980,264,0,23.5,7.0,15.25,17.83295947
1980,265,29,24.0,15.5,19.75,8.709120264
1980,266,7,22.5,15.0,18.75,7.953776612
1980,267,45,19.5,12.0,15.75,8.2280445
1980,268,0,15.5,3.5,9.5,15.64323869
1980,269,0,16.5,6.0,11.25,14.14692838
1980,270,3,16.5,6.0,11.25,10.52393478
1980,271,0,14.0,0.5,7.25,16.1906685
1980,272,0,20.5,7.5,14.0,15.12124498
1980,273,2,18.5,6.5,12.5,14.45216335
1980,274,0,22.0,7.5,14.75,15.261696
1980,275,0,22.5,10.0,16.25,13.6868649
1980,276,0,21.0,11.0,16.0,11.71279777
1980,277,1,16.0,3.5,9.75,13.83284812
1980,278,1,9.5,0.0,4.75,11.74487062
1980,279,0,8.0,-1.0,3.5,11.25715922
1980,280,0,11.5,-4.5,3.5,15.39772337
1980,281,0,17.5,2.0,9.75,14.49640017
1980,282,0,22.5,3.0,12.75,15.13783379
1980,283,0,23.5,7.0,15.25,13.86270672
1980,284,0,21.5,3.5,12.5,14.37143064
1980,285,0,18.0,6.0,12.0,11.85103777
1980,286,0,15.5,3.5,9.5,11.85103777
1980,287,0,9.5,-1.0,4.25,10.8722995
1980,288,0,10.5,-3.5,3.5,12.62186569
1980,289,4,9.5,3.5,6.5,4.9545215
1980,290,0,9.0,5.5,7.25,3.963617258
1980,291,8,14.5,6.5,10.5,6.015099244
1980,292,0,19.5,10.0,14.75,8.961270358
1980,293,0,13.5,5.0,9.25,8.393932918
1980,294,0,10.0,1.0,5.5,9.002188918
1980,295,0,12.0,1.5,6.75,9.764167735
1980,296,0,12.0,1.5,6.75,9.523076842
1980,297,0,11.0,-3.0,4.0,11.10786094
1980,298,1,14.5,3.0,8.75,9.674588818
1980,299,8,14.0,4.0,9.0,6.508339063
1980,300,9,5.5,-0.5,2.5,4.378337243
1980,301,0,3.0,-2.5,0.25,5.392466036
1980,302,0,2.5,-5.5,-1.5,7.502561713
1980,303,0,4.5,-6.5,-1.0,9.378201999
1980,304,0,7.5,-7.0,0.25,10.450944
1980,305,0,10.5,-4.0,3.25,10.21870102
1980,306,0,13.0,-1.0,6.0,9.776332376
1980,307,0,10.5,-3.0,3.75,9.546301245
1980,308,0,9.5,-4.0,2.75,9.340600308
1980,309,0,15.0,5.0,10.0,7.518044214
1980,310,0,12.5,3.0,7.75,7.21944571
1980,311,0,9.5,-3.0,3.25,8.685895273
1980,312,0,15.0,0.5,7.75,9.137111268
1980,313,0,13.0,1.5,7.25,8.042250386
1980,314,0,9.0,0.5,4.75,6.7018755
1980,315,0,12.5,3.5,8.0,6.746111893
1980,316,0,8.5,-4.0,2.25,8.2944
1980,317,0,3.0,-6.5,-1.75,7.077888107
1980,318,1,7.5,-2.0,2.75,6.897622934
1980,319,15,10.0,2.5,6.25,4.269957031
1980,320,13,5.0,-1.0,2.0,3.468165251
1980,321,0,3.0,-4.0,-0.5,5.310628067
1980,322,0,4.5,-7.5,-1.5,7.586611375
1980,323,0,2.5,-5.5,-1.5,5.792808929
1980,324,0,1.5,-7.0,-2.75,6.007357196
1980,325,0,6.0,-6.0,0.0,7.294648355
1980,326,0,8.0,-4.0,2.0,7.113277572
1980,327,0,6.5,-2.0,2.25,5.733089652
1980,328,0,10.0,-0.5,4.75,6.476267722
1980,329,6,7.5,0.5,4.0,3.609723153
1980,330,0,2.0,-3.5,-0.75,3.887308849
1980,331,0,1.0,-9.0,-4.0,6.198681702
1980,332,0,4.0,-7.0,-1.5,6.408806298
1980,333,1,1.5,-3.0,-0.75,3.118694437
1980,334,2,1.5,-3.5,-1.0,3.534520463
1980,335,1,3.5,-3.0,0.25,4.470128892
1980,336,0,8.5,-3.0,2.75,6.445301639
1980,337,0,5.5,-2.5,1.5,5.197824062
1980,338,7,0.5,-11.5,-5.5,5.553930474
1980,339,0,-4.0,-18.0,-11.0,7.81664265
1980,340,0,0.0,-9.5,-4.75,6.479585633
1980,341,0,2.5,-5.0,-1.25,5.451080008
1980,342,0,6.0,1.5,3.75,3.496919225
1980,343,4,5.5,2.0,3.75,2.136637291
1980,344,5,3.5,-3.0,0.25,3.35757299
1980,345,0,-1.5,-8.0,-4.75,4.476764149
1980,346,0,-3.0,-11.0,-7.0,5.290720956
1980,347,0,-7.5,-16.0,-11.75,5.595955063
1980,348,0,5.0,-11.0,-3.0,6.918635544
1980,349,0,4.5,-10.0,-2.75,6.715145977
1980,350,0,-1.5,-8.5,-5.0,4.578508688
1980,351,0,-2.5,-9.0,-5.75,4.375019607
1980,352,0,-1.5,-7.5,-4.5,4.171530039
1980,353,0,1.0,-8.0,-3.5,5.494210524
1980,354,0,2.5,-7.5,-2.5,5.799444144
1980,355,0,-6.0,-20.5,-13.25,6.816890519
1980,356,0,-11.5,-20.5,-16.0,5.595955063
1980,357,0,-7.0,-18.5,-12.75,6.308167331
1980,358,0,-4.5,-10.0,-7.25,3.866296177
1980,359,0,-0.5,-6.5,-3.5,4.171530039
1980,360,2,-1.0,-15.5,-8.25,7.529103274
1980,361,0,-9.5,-25.0,-17.25,7.630847813
1980,362,0,-7.0,-15.0,-11.0,5.697699602
1980,363,0,-3.5,-16.5,-10.0,7.223869164
1980,364,0,-1.0,-7.0,-4.0,4.375019607
1980,365,6,0.0,-4.0,-2.0,2.340126614
1980,366,0,-1.0,-4.5,-2.75,2.747105261
1981,1,1,-1.5,-5.5,-3.5,2.848849801
1981,2,0,-4.0,-13.0,-8.5,5.901189169
1981,3,0,-9.0,-20.0,-14.5,6.788137025
1981,4,0,-14.0,-24.5,-19.25,6.685286562
1981,5,0,-9.0,-22.0,-15.5,7.508091258
1981,6,2,-3.5,-13.0,-8.25,6.273884213
1981,7,0,-5.0,-19.5,-12.25,7.81664265
1981,8,0,-9.5,-21.0,-15.25,7.199539375
1981,9,0,-9.0,-16.0,-12.5,5.197824062
1981,10,0,-11.0,-21.5,-16.25,7.069040923
1981,11,0,-10.5,-19.5,-15.0,6.445301639
1981,12,0,-4.0,-16.5,-10.25,7.796736094
1981,13,0,-3.0,-12.5,-7.75,6.723993702
1981,14,0,-4.5,-8.0,-6.25,2.94174715
1981,15,0,-5.0,-10.5,-7.75,4.4126206
1981,16,0,-6.5,-13.5,-10.0,5.5683074
1981,17,0,-2.0,-17.5,-9.75,8.918138895
1981,18,0,5.5,-8.5,-1.5,8.599634729
1981,19,0,6.5,-6.0,0.25,8.281129552
1981,20,0,4.5,-8.0,-1.75,8.474664867
1981,21,0,1.5,-6.5,-2.5,6.43645425
1981,22,0,5.5,-6.0,-0.25,8.260116083
1981,23,0,6.5,-6.0,0.25,8.778793575
1981,24,0,9.5,-7.0,1.25,9.754214625
1981,25,0,10.0,-1.0,4.5,8.236892245
1981,26,0,6.5,-1.0,2.75,6.459678532
1981,27,0,0.5,-4.5,-2.0,4.707901434
1981,28,0,-3.0,-12.0,-7.5,7.77351122
1981,29,0,-4.0,-15.0,-9.5,9.068543789
1981,30,0,-3.0,-16.0,-9.5,9.95328
1981,31,0,-1.5,-13.5,-7.5,9.606021975
1981,32,3,-1.0,-9.0,-5.0,5.58489625
1981,33,0,-5.0,-20.5,-12.75,10.94639686
1981,34,0,-14.5,-24.5,-19.5,9.137111268
1981,35,0,-12.5,-21.0,-16.75,8.347484085
1981,36,0,-8.5,-20.0,-14.25,10.25187862
1981,37,2,-3.5,-11.5,-7.5,8.201502683
1981,38,3,-2.0,-9.0,-5.5,5.75078375
1981,39,0,-4.5,-16.5,-10.5,11.04150524
1981,40,0,-6.5,-16.5,-11.5,10.12137962
1981,41,4,-8.0,-15.5,-11.75,6.386688
1981,42,4,-12.0,-25.0,-18.5,9.057485021
1981,43,0,-10.5,-24.5,-17.5,12.66057292
1981,44,0,-2.0,-19.0,-10.5,13.3639374
1981,45,0,2.5,-9.0,-3.25,11.36001045
1981,46,0,6.0,-2.0,2.0,8.75667449
1981,47,0,11.5,2.0,6.75,10.15234581
1981,48,0,14.5,1.5,8.0,12.30225456
1981,49,0,13.5,4.0,8.75,10.36689411
1981,50,0,14.5,-1.5,6.5,13.86270663
1981,51,0,11.0,-2.5,4.25,13.25998034
1981,52,0,7.5,-1.5,3.0,10.46200366
1981,53,32,6.0,1.5,3.75,4.419256381
1981,54,11,5.5,-0.5,2.5,6.015099244
1981,55,0,6.5,-2.5,2.0,11.39539921
1981,56,0,7.0,-6.0,0.5,14.24424931
1981,57,0,4.0,-3.5,0.25,10.12248644
1981,58,7,3.0,-3.5,-0.25,6.873292937
1981,59,0,6.5,0.0,3.25,8.320941628
1981,60,0,2.5,-3.0,-0.25,7.5644925
1981,61,0,1.5,-7.0,-2.75,11.19191064
1981,62,0,1.0,-11.0,-5.0,13.73552664
1981,63,0,5.0,-3.0,1.0,10.90437162
1981,64,0,3.5,-7.0,-1.75,13.34181891
1981,65,0,1.0,-8.0,-3.5,12.29230056
1981,66,0,1.5,-9.5,-4.0,14.10379699
1981,67,0,7.0,-8.0,-0.5,16.05132344
1981,68,0,7.0,-5.0,1.0,14.74633781
1981,69,0,6.0,-2.5,1.75,12.10761145
1981,70,3,6.0,-7.5,-0.75,13.29205248
1981,71,0,10.5,-1.5,4.5,16.85422055
1981,72,0,8.5,-3.0,2.75,14.99627545
1981,73,0,8.0,-7.5,0.25,17.39612225
1981,74,0,13.5,0.0,6.75,16.45940823
1981,75,0,10.0,-9.0,0.5,18.61926903
1981,76,0,5.0,-4.5,0.25,13.89699072
1981,77,0,2.0,-8.0,-3.0,14.82706919
1981,78,0,0.0,-7.0,-3.5,11.56239381
1981,79,0,6.0,-4.5,0.75,15.63328403
1981,80,0,8.0,-7.0,0.5,18.65023472
1981,81,0,9.0,-7.0,1.0,19.21535947
1981,82,0,14.0,-5.5,4.25,20.20515912
1981,83,0,13.5,-5.0,4.25,20.06581267
1981,84,0,13.5,-5.5,4.0,20.36551644
1981,85,1,13.0,0.5,6.75,17.13512391
1981,86,0,12.5,-2.5,5.0,19.11029794
1981,87,0,21.0,2.5,11.75,20.24276031
1981,88,5,19.5,9.5,14.5,10.69977563
1981,89,6,15.0,6.0,10.5,9.986457251
1981,90,0,23.0,1.0,12.0,21.56544
1981,91,0,20.5,4.5,12.5,19.26512585
1981,92,0,22.5,-1.5,10.5,22.3108303
1981,93,0,23.0,9.0,16.0,17.67481377
1981,94,12,18.0,3.0,10.5,14.16019916
1981,95,0,7.0,-1.5,2.75,12.84636678
1981,96,0,10.5,-6.0,2.25,20.59223075
1981,97,0,19.0,4.0,11.5,19.12135712
1981,98,22,18.0,5.0,11.5,13.18920091
1981,99,7,16.0,0.0,8.0,15.11571377
1981,100,0,19.5,7.0,13.25,17.169408
1981,101,8,19.5,10.0,14.75,10.30164494
1981,102,2,15.0,5.0,10.0,14.8901068
1981,103,4,13.5,6.0,9.75,8.87390252
1981,104,8,13.0,2.0,7.5,12.5754164
1981,105,0,12.0,-3.0,4.5,21.06003364
1981,106,2,15.5,3.0,9.25,18.61926913
1981,107,0,21.0,8.5,14.75,18.16141796
1981,108,0,19.5,3.5,11.5,21.5212025
1981,109,2,14.0,4.5,9.25,15.21856404
1981,110,0,11.0,-3.5,3.75,21.2115453
1981,111,0,10.5,-5.0,2.75,22.1405187
1981,112,4,14.5,5.5,10.0,11.38323522
1981,113,5,13.0,4.0,8.5,11.69510437
1981,114,2,8.5,2.5,5.5,11.3069256
1981,115,0,10.5,-1.0,4.75,19.78712092
1981,116,0,18.5,3.5,11.0,22.93125156
1981,117,0,22.5,3.5,13.0,25.30345
1981,118,9,20.0,6.5,13.25,16.08450058
1981,119,3,12.0,4.0,8.0,11.14767325
1981,120,4,13.5,5.0,9.25,12.18723824
1981,121,5,14.0,3.5,8.75,14.59261501
1981,122,0,15.0,-0.5,7.25,25.18843531
1981,123,0,23.0,7.0,15.0,24.86550543
1981,124,1,22.0,11.0,16.5,19.86011228
1981,125,2,17.5,8.5,13.0,17.72015527
1981,126,0,15.5,0.0,7.75,25.68609784
1981,127,0,15.5,-1.0,7.25,26.51553957
1981,128,0,15.5,0.5,8.0,25.36980519
1981,129,0,19.5,3.0,11.25,26.365132
1981,130,1,16.0,-0.5,7.75,26.69469741
1981,131,0,14.0,0.5,7.25,24.22296471
1981,132,0,16.5,-1.5,7.5,27.53740863
1981,133,0,18.0,6.5,12.25,21.23366432
1981,134,0,16.5,5.5,11.0,20.87424062
1981,135,0,21.0,3.5,12.25,27.05301712
1981,136,0,24.0,5.0,14.5,27.55399762
1981,137,0,20.0,5.5,12.75,24.71067579
1981,138,0,16.0,3.0,9.5,23.53397725
1981,139,0,19.0,2.0,10.5,26.895974
1981,140,0,25.0,2.5,13.75,29.44180203
1981,141,0,26.0,6.0,16.0,28.08815722
1981,142,0,25.0,8.5,16.75,25.71927558
1981,143,0,24.5,14.5,19.5,17.71241355
1981,144,2,24.0,13.5,18.75,18.56397193
1981,145,0,22.5,9.5,16.0,22.48114078
1981,146,0,22.5,9.5,16.0,22.62712287
1981,147,0,22.5,11.5,17.0,20.05585887
1981,148,0,25.5,7.0,16.25,27.94106749
1981,149,0,27.5,13.5,20.5,23.31279425
1981,150,0,25.5,10.0,17.75,25.18843531
1981,151,0,23.5,5.5,14.5,27.603764
1981,152,0,25.5,10.5,18.0,24.49834022
1981,153,1,26.0,11.5,18.75,23.98076932
1981,154,7,24.0,15.5,19.75,11.45954271
1981,155,0,24.0,11.5,17.75,21.70367969
1981,156,0,29.0,13.0,21.0,25.34989854
1981,157,0,29.5,10.5,20.0,27.78071
1981,158,0,29.0,10.5,19.75,27.43345146
1981,159,7,27.5,14.0,20.75,16.66842666
1981,160,6,21.0,10.0,15.5,14.85250581
1981,161,2,23.5,11.5,17.5,21.31771389
1981,162,0,26.5,10.0,18.25,26.3850404
1981,163,0,29.0,15.0,22.0,23.23980355
1981,164,8,29.0,16.5,22.75,15.5514466
1981,165,0,30.5,22.5,26.5,13.62935861
1981,166,43,29.5,17.5,23.5,15.2019762
1981,167,20,22.0,13.5,17.75,12.23147537
1981,168,0,24.0,8.0,16.0,26.3850404
1981,169,0,25.0,16.0,20.5,16.94932983
1981,170,0,25.0,10.0,17.5,25.51136359
1981,171,7,22.5,12.0,17.25,15.2019762
1981,172,6,21.0,9.5,15.25,16.77459547
1981,173,8,20.5,10.5,15.5,15.02724184
1981,174,0,22.5,11.0,16.75,22.01665634
1981,175,8,26.0,14.5,20.25,16.07565302
1981,176,0,26.0,13.5,19.75,22.89033315
1981,177,4,24.0,11.0,17.5,17.82300664
1981,178,0,25.0,9.5,17.25,26.3850404
1981,179,5,28.5,16.5,22.5,16.25038905
1981,180,0,28.0,21.0,24.5,13.62935861
1981,181,0,26.5,16.0,21.25,20.44403708
1981,182,0,25.5,11.0,18.25,25.86083398
1981,183,0,26.5,16.5,21.5,19.7450963
1981,184,0,28.0,14.0,21.0,24.81242114
1981,185,0,30.0,15.5,22.75,24.98715717
1981,186,0,30.0,16.5,23.25,23.61360416
1981,187,0,31.0,14.0,22.5,26.91256281
1981,188,0,31.5,16.5,24.0,25.17626844
1981,189,0,31.5,21.0,26.25,19.44649667
1981,190,0,31.0,19.5,25.25,21.0091626
1981,191,0,30.0,12.5,21.25,27.603764
1981,192,13,29.0,14.0,21.5,18.97758775
1981,193,16,31.5,19.5,25.5,15.87216397
1981,194,23,31.5,21.0,26.25,14.3194529
1981,195,4,30.0,16.0,23.0,17.94244594
1981,196,13,23.0,14.0,18.5,13.713408
1981,197,0,26.0,16.5,21.25,18.51310113
1981,198,0,28.5,16.5,22.5,21.94145313
1981,199,12,29.0,17.0,23.0,16.17960913
1981,200,5,29.0,19.0,24.0,13.96555703
1981,201,17,28.0,19.0,23.5,12.94368714
1981,202,0,24.5,14.5,19.5,19.75615495
1981,203,0,23.0,10.5,16.75,23.18118914
1981,204,4,21.5,11.5,16.5,15.05931222
1981,205,0,25.5,13.5,19.5,22.16595553
1981,206,17,28.5,16.5,22.5,15.96948456
1981,207,0,23.0,14.5,18.75,17.31428358
1981,208,0,21.0,11.5,16.25,19.49958179
1981,209,15,19.5,10.5,15.0,14.02748906
1981,210,0,24.0,9.0,16.5,25.38307628
1981,211,0,24.5,12.0,18.25,22.39488
1981,212,0,27.0,14.0,20.5,22.56076863
1981,213,0,28.0,14.5,21.25,22.72665568
1981,214,8,27.0,17.5,22.25,13.182566
1981,215,3,27.5,15.5,21.5,15.81907983
1981,216,0,29.0,18.5,23.75,18.6590819
1981,217,4,27.5,17.5,22.5,13.91247381
1981,218,0,27.0,15.5,21.25,20.78687232
1981,219,3,26.5,15.0,20.75,15.44417256
1981,220,0,25.5,15.5,20.5,18.85814817
1981,221,0,26.5,13.5,20.0,22.28207716
1981,222,0,25.0,13.5,19.25,20.99036225
1981,223,0,25.5,10.5,18.0,23.89340099
1981,224,0,28.0,13.0,20.5,23.251968
1981,225,0,29.5,17.5,23.5,20.06581246
1981,226,21,26.5,18.0,22.25,11.7846833
1981,227,24,27.0,16.0,21.5,14.33272275
1981,228,0,25.0,11.0,18.0,22.45681157
1981,229,0,22.5,6.5,14.5,24.19642436
1981,230,0,23.0,6.5,14.75,24.02721784
1981,231,0,24.0,7.0,15.5,23.8701766
1981,232,0,25.5,8.0,16.75,23.54614407
1981,233,0,26.0,9.0,17.5,23.0783396
1981,234,0,25.5,14.0,19.75,18.1149693
1981,235,0,26.5,14.5,20.5,18.42462661
1981,236,0,27.0,14.0,20.5,19.06163591
1981,237,0,26.0,17.0,21.5,14.44994966
1981,238,21,25.0,18.0,21.5,8.546549752
1981,239,21,23.5,17.5,20.5,7.47823131
1981,240,18,23.5,18.0,20.75,6.969507578
1981,241,8,24.0,16.5,20.25,9.393684036
1981,242,0,26.0,14.5,20.25,17.44699507
1981,243,20,26.5,16.5,21.5,11.73160004
1981,244,35,24.0,16.5,20.25,9.256550115
1981,245,0,22.0,11.0,16.5,17.31870777
1981,246,0,22.5,9.0,15.75,19.26512575
1981,247,0,22.5,9.5,16.0,18.67235322
1981,248,0,21.0,11.0,16.0,15.59126099
1981,249,0,21.5,8.5,15.0,18.53300824
1981,250,23,21.5,11.5,16.5,11.3865524
1981,251,0,22.0,8.5,15.25,18.53964228
1981,252,0,23.5,8.0,15.75,19.4133198
1981,253,0,27.0,14.5,20.75,16.5158093
1981,254,0,28.5,14.0,21.25,17.68366107
1981,255,0,27.5,11.5,19.5,18.40361353
1981,256,0,26.5,10.5,18.5,18.40361353
1981,257,0,23.5,11.0,17.25,15.99602743
1981,258,0,21.0,10.5,15.75,14.4388915
1981,259,1,17.5,5.0,11.25,16.43286472
1981,260,2,16.0,3.0,9.5,16.8542205
1981,261,0,17.5,4.0,10.75,17.00020258
1981,262,0,20.5,7.0,13.75,16.721511
1981,263,0,21.0,3.5,12.25,18.38592026
1981,264,12,17.0,8.5,12.75,8.9856
1981,265,0,15.5,4.5,10.0,14.67334576
1981,266,0,17.0,2.5,9.75,16.86749149
1981,267,6,21.5,8.0,14.75,11.69842249
1981,268,14,20.0,11.5,15.75,8.29771778
1981,269,7,20.5,12.0,16.25,8.09533425
1981,270,0,19.5,7.0,13.25,14.30175769
1981,271,0,15.5,2.0,8.75,14.98742814
1981,272,5,15.0,5.5,10.25,8.698061124
1981,273,11,18.0,11.0,14.5,6.502809729
1981,274,6,17.5,5.5,11.5,9.870335626
1981,275,0,11.0,-1.5,4.75,13.81846988
1981,276,0,13.5,-2.5,5.5,15.26833156
1981,277,5,14.5,5.5,10.0,7.82991375
1981,278,4,16.0,9.0,12.5,6.081453716
1981,279,6,15.5,8.0,11.75,6.599024387
1981,280,0,13.5,1.0,7.25,12.8286725
1981,281,0,15.0,-1.5,6.75,14.49640017
1981,282,0,15.5,-1.0,7.25,14.24424936
1981,283,4,14.5,6.0,10.25,6.994944
1981,284,0,15.5,2.5,9.0,12.35533799
1981,285,0,16.5,4.0,10.25,11.97711313
1981,286,0,19.0,6.0,12.5,11.87205144
1981,287,30,18.0,11.5,14.75,5.123727341
1981,288,5,16.0,8.5,12.25,5.945426036
1981,289,0,16.0,0.5,8.25,12.7578931
1981,290,17,15.5,5.5,10.5,7.242670493
1981,291,15,14.5,2.0,8.25,8.470241743
1981,292,0,9.5,-4.0,2.75,11.67851566
1981,293,0,14.5,4.0,9.25,9.853747664
1981,294,1,12.0,4.0,8.0,7.955988034
1981,295,0,8.0,-0.5,3.75,8.438169251
1981,296,0,5.5,-4.5,0.5,9.555149
1981,297,0,1.5,-8.5,-3.5,9.555149
1981,298,0,6.5,-2.0,2.25,8.283340625
1981,299,0,11.5,-2.0,4.75,10.65000938
1981,300,0,16.0,-3.5,6.25,11.7227525
1981,301,0,15.5,0.0,7.75,10.78493208
1981,302,0,16.5,3.5,10.0,9.612656826
1981,303,0,19.5,6.5,13.0,9.289728
1981,304,1,18.0,8.5,13.25,7.431782512
1981,305,0,17.0,7.5,12.25,7.361003312
1981,306,0,17.5,4.0,10.75,9.201254001
1981,307,0,18.0,1.5,9.75,9.796240009
1981,308,0,16.5,5.0,10.75,7.973683375
1981,309,1,13.0,7.0,10.0,4.624957228
1981,310,0,9.5,0.0,4.75,7.106641978
1981,311,0,15.0,-4.0,5.5,9.813933648
1981,312,0,14.5,-0.5,7.0,8.824136183
1981,313,0,8.0,-5.5,1.25,8.489042191
1981,314,0,9.0,-6.0,1.5,8.736768107
1981,315,0,9.0,-4.5,2.25,8.183808107
1981,316,0,9.5,-4.5,2.5,8.183808107
1981,317,0,11.0,-3.0,4.0,7.882997192
1981,318,0,13.0,-3.0,5.0,8.211455626
1981,319,0,12.5,-0.5,6.0,7.261470681
1981,320,2,14.0,3.5,8.75,6.177669056
1981,321,0,11.5,-1.0,5.25,6.936330505
1981,322,0,8.5,-1.5,3.5,5.900083063
1981,323,3,7.0,0.0,3.5,3.32550126
1981,324,3,1.0,-4.0,-1.5,2.467307411
1981,325,0,-2.5,-8.5,-5.5,3.928228074
1981,326,0,-1.0,-13.5,-7.25,6.794772902
1981,327,2,1.0,-9.5,-4.25,6.688604677
1981,328,0,3.0,-5.0,-1.0,5.30841625
1981,329,0,3.0,-4.0,-0.5,4.727808
1981,330,16,6.0,0.0,3.0,2.83668485
1981,331,0,3.5,-1.5,1.0,3.2569343
1981,332,0,0.0,-3.5,-1.75,2.390999019
1981,333,0,1.5,-7.0,-2.75,5.197824062
1981,334,0,2.0,-7.5,-2.75,5.613650088
1981,335,8,4.0,-1.0,1.5,2.494955649
1981,336,0,2.0,-2.5,-0.25,3.014738055
1981,337,2,0.0,-7.5,-3.75,5.348229054
1981,338,3,0.5,-6.5,-3.0,3.805470861
1981,339,0,-0.5,-8.5,-4.5,5.553930474
1981,340,0,2.0,-8.0,-3.0,6.479585633
1981,341,0,7.5,-0.5,3.5,5.451080008
1981,342,0,5.5,-3.0,1.25,5.799444144
1981,343,0,-2.0,-7.5,-4.75,4.273274581
1981,344,0,-2.5,-11.0,-6.75,6.002933711
1981,345,0,-2.0,-11.0,-6.5,6.308167331
1981,346,0,-0.5,-11.5,-6.0,6.918635544
1981,347,0,1.0,-3.5,-1.25,3.662806852
1981,348,1,0.5,-6.5,-3.0,5.494210524
1981,349,0,-3.5,-14.5,-9.0,7.122124625
1981,350,0,-8.0,-16.5,-12.25,6.308167331
1981,351,0,-7.5,-15.0,-11.25,5.901189169
1981,352,0,-7.0,-16.0,-11.5,6.613401438
1981,353,0,-8.0,-18.0,-13.0,6.918635544
1981,354,0,-5.5,-18.5,-12.0,7.427358732
1981,355,4,0.5,-9.0,-4.25,4.883742794
1981,356,0,2.0,-4.5,-1.25,5.087231875
1981,357,0,0.0,-12.5,-6.25,7.325613706
1981,358,0,-2.0,-12.0,-7.0,6.715145977
1981,359,0,-1.5,-11.0,-6.25,6.613401438
1981,360,2,-0.5,-7.5,-4.0,5.392465982
1981,361,0,-1.5,-6.5,-4.0,4.0697855
1981,362,0,-5.0,-12.5,-8.75,5.697699602
1981,363,0,-8.5,-19.5,-14.0,7.122124625
1981,364,0,-5.0,-14.5,-9.75,6.613401438
1981,365,7,0.5,-7.5,-3.5,4.476764149
1982,1,0,-2.0,-18.0,-10.0,6.613401438
1982,2,5,-2.0,-16.5,-9.25,5.392465982
1982,3,3,-0.5,-16.5,-8.5,5.656780937
1982,4,12,-3.0,-11.5,-7.25,3.908321327
1982,5,5,-3.5,-18.0,-10.75,5.553930474
1982,6,0,-5.0,-16.5,-10.75,6.685286562
1982,7,0,-14.0,-25.0,-19.5,6.582436099
1982,8,0,-11.5,-24.0,-17.75,7.096688912
1982,9,0,-13.0,-29.5,-21.25,8.212562119
1982,10,0,-21.0,-32.5,-26.75,6.965084045
1982,11,0,-15.5,-26.0,-20.75,6.653214901
1982,12,0,-12.0,-23.0,-17.5,6.861127662
1982,13,0,-8.5,-18.0,-13.25,6.303744
1982,14,0,-9.5,-18.0,-13.75,5.883494298
1982,15,1,-11.5,-19.5,-15.5,5.673369702
1982,16,1,-14.5,-30.0,-22.25,8.6151166
1982,17,1,-19.5,-33.0,-26.25,8.281129552
1982,18,2,-8.5,-21.0,-14.75,7.962624374
1982,19,0,-3.5,-15.0,-9.25,7.644119197
1982,20,2,-5.0,-14.0,-9.5,6.543728384
1982,21,2,-6.0,-13.0,-9.5,5.363711875
1982,22,2,-5.0,-12.5,-8.75,5.792808929
1982,23,2,0.0,-16.5,-8.25,9.645834049
1982,24,0,-13.5,-23.0,-18.25,7.261470681
1982,25,3,-13.0,-21.5,-17.25,5.093867431
1982,26,0,-12.5,-26.5,-19.5,9.525288317
1982,27,0,-2.0,-18.5,-10.25,10.18220518
1982,28,0,0.0,-12.0,-6.0,8.868372493
1982,29,2,-4.0,-16.0,-10.0,9.068543789
1982,30,0,-4.0,-10.0,-7.0,5.308416211
1982,31,0,-5.5,-18.0,-11.75,9.717719261
1982,32,0,-7.0,-24.5,-15.75,11.1697925
1982,33,0,-3.5,-15.0,-9.25,9.382625273
1982,34,1,-5.5,-15.5,-10.5,8.79869954
1982,35,0,-12.0,-26.0,-19.0,10.82916883
1982,36,2,-13.5,-22.0,-17.75,8.201502683
1982,37,0,-12.5,-28.0,-20.25,11.73270575
1982,38,0,-5.5,-20.0,-12.75,11.5015675
1982,39,0,-5.5,-18.5,-12.0,11.15652026
1982,40,0,-11.0,-22.0,-16.5,10.23639464
1982,41,0,-13.0,-28.0,-20.5,12.30889004
1982,42,0,-7.0,-20.0,-13.5,11.49603796
1982,43,0,-5.0,-16.5,-10.75,10.90216005
1982,44,0,-4.0,-14.0,-9.0,10.0815676
1982,45,0,0.0,-8.5,-4.25,8.993341136
1982,46,0,4.0,-3.5,0.25,8.165007302
1982,47,0,3.0,-3.0,0.0,7.046922503
1982,48,0,1.0,-7.0,-3.0,9.196830685
1982,49,0,1.0,-5.5,-2.25,7.955988034
1982,50,0,2.5,-3.0,-0.25,6.99162618
1982,51,0,6.0,-1.5,2.25,9.245491082
1982,52,0,6.0,-1.5,2.25,9.245491082
1982,53,0,6.0,-4.5,0.75,12.39847009
1982,54,0,5.5,-4.5,0.5,12.03019848
1982,55,1,-0.5,-7.0,-3.75,8.918138464
1982,56,0,-2.5,-12.0,-7.25,12.38630375
1982,57,0,-0.5,-12.5,-6.5,14.62136837
1982,58,0,2.0,-11.0,-4.5,15.24621319
1982,59,0,2.5,-8.5,-3.0,14.24646112
1982,60,0,2.5,-6.0,-1.75,12.10318848
1982,61,1,1.0,-8.0,-3.5,12.97244136
1982,62,0,-4.0,-15.0,-9.5,15.13451472
1982,63,12,-4.0,-12.5,-8.25,10.00636479
1982,64,0,-3.5,-13.5,-8.5,14.88126059
1982,65,0,-3.0,-20.0,-11.5,18.89132557
1982,66,0,-4.5,-17.5,-11.0,17.46800606
1982,67,2,-6.5,-20.0,-13.25,18.13929969
1982,68,2,-5.5,-16.5,-11.0,16.70381625
1982,69,1,2.0,-9.0,-3.5,16.84537305
1982,70,0,3.5,-3.5,0.0,12.37082015
1982,71,4,5.5,-3.5,1.0,11.54580455
1982,72,6,8.0,-2.0,3.0,12.34206745
1982,73,0,7.0,-5.5,0.75,19.00191789
1982,74,0,5.0,-2.5,1.25,14.05071412
1982,75,18,3.5,-1.0,1.25,7.015956093
1982,76,0,2.5,-0.5,1.0,6.476267657
1982,77,0,5.5,-1.0,2.25,13.1947315
1982,78,4,5.0,-2.5,1.25,11.15430907
1982,79,6,1.5,-2.5,-0.5,6.719569808
1982,80,1,2.5,-1.5,0.5,8.913714876
1982,81,0,5.5,-3.0,1.25,17.00352026
1982,82,0,9.0,-4.0,2.5,21.31992679
1982,83,1,9.0,-0.5,4.25,18.25431671
1982,84,0,6.5,-3.5,1.5,19.24190147
1982,85,0,0.5,-6.0,-2.75,14.46653953
1982,86,0,0.5,-11.0,-5.25,21.37522268
1982,87,0,5.5,-8.0,-1.25,22.7908003
1982,88,0,10.5,-3.5,3.5,23.25417794
1982,89,9,17.0,3.5,10.25,16.83431392
1982,90,4,15.5,2.0,8.75,16.96481307
1982,91,0,13.0,-0.5,6.25,22.85936585
1982,92,12,12.5,0.0,6.25,16.66068537
1982,93,42,13.0,-5.5,3.75,18.97869433
1982,94,0,0.0,-10.5,-5.25,21.02132644
1982,95,10,-2.0,-9.0,-5.5,12.26244019
1982,96,10,-2.0,-14.0,-8.0,17.94465794
1982,97,0,0.0,-15.0,-7.5,26.03446428
1982,98,0,0.5,-8.5,-4.0,20.45067223
1982,99,3,2.5,-8.0,-2.75,17.04222663
1982,100,0,5.0,-4.0,0.5,20.60328988
1982,101,0,6.5,-3.0,1.75,21.34978588
1982,102,0,13.0,-0.5,6.25,25.41846555
1982,103,0,13.5,2.0,7.75,23.61360434
1982,104,0,15.5,-1.0,7.25,27.27198675
1982,105,0,18.0,4.0,11.0,25.30234442
1982,106,3,20.0,11.0,15.5,14.04076026
1982,107,3,17.0,4.5,10.75,17.70356823
1982,108,0,16.5,-0.5,8.0,27.20895005
1982,109,8,14.5,4.0,9.25,15.83345642
1982,110,3,7.5,-0.5,3.5,13.160448
1982,111,0,10.0,-3.0,3.5,24.61777861
1982,112,0,15.0,-2.5,6.25,27.91231518
1982,113,0,18.0,3.0,10.5,25.72922962
1982,114,0,21.0,5.5,13.25,23.24201465
1982,115,0,21.0,8.0,14.5,20.88640509
1982,116,6,16.0,5.5,10.75,14.07504346
1982,117,0,12.5,-2.0,5.25,23.40569155
1982,118,0,14.5,-1.5,6.5,24.68413363
1982,119,0,15.5,3.0,9.25,21.49908413
1982,120,0,18.0,3.0,10.5,23.89340099
1982,121,0,20.5,3.5,12.0,25.17626849
1982,122,0,23.0,4.5,13.75,25.834292
1982,123,0,24.5,6.0,15.25,25.834292
1982,124,0,25.0,10.5,17.75,22.6050055
1982,125,15,24.5,13.0,18.75,14.46875052
1982,126,15,23.5,10.5,17.0,15.93188359
1982,127,0,19.0,5.0,12.0,23.24201476
1982,128,0,20.5,6.5,13.5,22.91466275
1982,129,0,22.5,6.5,14.5,24.55252855
1982,130,0,25.5,11.0,18.25,22.73992667
1982,131,0,25.5,14.0,19.75,19.11472133
1982,132,5,22.5,13.0,17.75,12.60748784
1982,133,0,25.0,13.5,19.25,19.40889568
1982,134,0,28.5,12.0,20.25,24.54810666
1982,135,9,27.5,12.0,19.75,17.86834966
1982,136,13,26.0,12.5,19.25,16.36540497
1982,137,6,25.5,13.5,19.5,15.12898538
1982,138,7,25.5,14.5,20.0,14.28848619
1982,139,7,24.5,13.0,18.75,14.9608849
1982,140,6,22.0,10.5,16.25,15.22851862
1982,141,6,15.0,6.0,10.5,13.1980498
1982,142,8,12.0,8.5,10.25,5.752996089
1982,143,0,14.0,8.0,11.0,12.77337563
1982,144,0,16.0,9.0,12.5,14.98742773
1982,145,0,18.0,7.5,12.75,20.94833635
1982,146,5,18.0,11.5,14.75,10.45647343
1982,147,10,17.0,13.5,15.25,6.171033434
1982,148,3,21.5,14.0,17.75,12.17064943
1982,149,6,21.5,13.0,17.25,13.713408
1982,150,7,26.0,14.5,20.25,17.07982832
1982,151,0,24.5,14.5,19.5,21.04786972
1982,152,0,20.5,8.0,14.25,25.53348203
1982,153,0,20.0,7.5,13.75,25.70600457
1982,154,0,18.0,5.0,11.5,26.73893271
1982,155,0,20.0,3.0,11.5,29.69063448
1982,156,0,22.0,3.0,12.5,30.38515156
1982,157,2,22.0,6.0,14.0,28.47522709
1982,158,11,24.5,13.0,18.75,17.71020229
1982,159,0,25.5,10.0,17.75,27.6070799
1982,160,0,25.0,13.5,19.25,23.76400997
1982,161,0,24.0,9.0,16.5,27.78292197
1982,162,0,23.5,5.0,14.25,29.87974765
1982,163,0,24.5,11.0,17.75,25.86083398
1982,164,0,25.0,6.5,15.75,29.70501162
1982,165,0,25.5,9.5,17.5,27.957658
1982,166,34,23.5,14.0,18.75,15.37671223
1982,167,4,21.5,7.5,14.5,20.09456669
1982,168,0,21.5,10.0,15.75,23.93874433
1982,169,2,20.0,9.0,14.5,23.41453791
1982,170,0,20.0,6.5,13.25,26.55977477
1982,171,3,21.5,9.5,15.5,18.34721306
1982,172,0,22.5,8.5,15.5,26.21030437
1982,173,2,23.0,7.5,15.25,27.25871722
1982,174,0,23.5,8.0,15.75,27.08398119
1982,175,0,25.5,12.5,19.0,23.93874433
1982,176,11,24.5,12.5,18.5,16.94932983
1982,177,5,22.5,10.0,16.25,17.47353625
1982,178,0,25.0,13.0,19.0,22.01665634
1982,179,0,28.5,14.5,21.5,23.76400997
1982,180,9,27.0,13.5,20.25,17.47353625
1982,181,0,22.5,8.0,15.25,25.16189153
1982,182,0,24.5,8.5,16.5,26.21030437
1982,183,0,25.0,11.5,18.25,23.41453791
1982,184,3,27.5,16.5,22.0,14.67776978
1982,185,0,30.5,15.5,23.0,24.11348036
1982,186,0,32.0,19.0,25.5,21.35642114
1982,187,10,31.0,19.5,25.25,14.75850219
1982,188,22,28.0,17.0,22.5,14.75850219
1982,189,0,27.5,12.0,19.75,25.34989854
1982,190,0,26.5,16.0,21.25,19.27286822
1982,191,7,27.0,18.0,22.5,12.59421765
1982,192,12,25.5,14.5,20.0,15.35459307
1982,193,0,27.5,14.0,20.75,23.46320006
1982,194,0,27.5,15.5,21.5,21.73796481
1982,195,0,29.0,16.0,22.5,22.77310497
1982,196,0,28.0,18.5,23.25,17.82742975
1982,197,3,27.5,19.5,23.5,11.65639713
1982,198,0,31.5,22.0,26.75,17.14176
1982,199,1,30.5,19.5,25.0,19.58584263
1982,200,0,26.5,15.0,20.75,21.28895938
1982,201,0,27.5,12.0,19.75,25.54675125
1982,202,21,27.5,14.0,20.75,17.54210285
1982,203,23,26.5,17.0,21.75,13.70566741
1982,204,0,27.0,13.0,20.0,24.02721795
1982,205,0,28.0,14.0,21.0,23.85801316
1982,206,0,30.5,18.5,24.5,20.67628033
1982,207,0,30.0,20.0,25.0,18.15478277
1982,208,3,27.0,17.0,22.0,14.12038571
1982,209,0,25.5,14.5,20.0,20.54025309
1982,210,0,26.5,12.5,19.5,23.88013159
1982,211,4,25.5,14.5,20.0,15.26169568
1982,212,0,27.0,13.5,20.25,23.22432
1982,213,0,27.0,16.0,21.5,20.23833568
1982,214,0,27.5,17.0,22.25,19.27950246
1982,215,0,32.5,18.0,25.25,22.73992667
1982,216,22,32.0,19.5,25.75,15.38555865
1982,217,3,26.5,17.0,21.75,13.42144501
1982,218,0,27.0,18.0,22.5,17.02232028
1982,219,0,29.0,16.5,22.75,21.29670173
1982,220,0,27.5,17.5,22.5,18.37043715
1982,221,0,23.0,12.0,17.5,20.34450556
1982,222,0,20.5,7.0,13.75,23.41232712
1982,223,0,21.5,7.0,14.25,23.89340099
1982,224,0,22.5,7.0,14.75,24.37447649
1982,225,0,24.0,8.5,16.25,23.88787125
1982,226,0,25.0,16.0,20.5,16.24375215
1982,227,0,27.0,14.5,20.75,20.3843171
1982,228,0,28.5,13.5,21.0,22.14051875
1982,229,0,29.0,15.0,22.0,21.03349311
1982,230,0,28.0,14.0,21.0,20.88640509
1982,231,0,28.5,18.5,23.5,16.3322257
1982,232,0,28.5,17.0,22.75,18.08842869
1982,233,0,26.5,11.0,18.75,21.98679682
1982,234,2,25.0,15.0,20.0,16.5666813
1982,235,0,25.5,10.0,17.75,21.9856893
1982,236,8,24.5,11.5,18.0,14.75739659
1982,237,7,23.5,9.5,16.5,15.52601096
1982,238,0,25.0,13.5,19.25,17.70356823
1982,239,0,23.0,11.5,17.25,17.85618432
1982,240,0,19.5,5.0,12.25,20.90852346
1982,241,20,18.5,7.0,12.75,13.48448176
1982,242,13,23.5,11.5,17.5,13.38605555
1982,243,0,23.5,12.5,18.0,16.69496945
1982,244,9,23.5,15.0,19.25,10.00304612
1982,245,1,23.5,12.5,18.0,16.57221177
1982,246,0,21.5,9.5,15.5,17.63499916
1982,247,0,23.5,5.5,14.5,21.33983104
1982,248,1,25.0,13.5,19.25,16.03252195
1982,249,2,22.0,8.5,15.25,18.23883239
1982,250,0,20.0,9.0,14.5,15.76599553
1982,251,0,22.5,6.5,14.5,19.56151207
1982,252,0,26.0,10.5,18.25,18.3991914
1982,253,0,27.0,13.0,20.0,17.09531223
1982,254,0,28.5,18.0,23.25,13.51434185
1982,255,0,28.5,17.5,23.0,13.98104042
1982,256,1,26.0,19.5,22.75,8.845147579
1982,257,2,25.0,13.5,19.25,14.72200676
1982,258,5,15.5,9.0,12.25,7.36100338
1982,259,0,16.0,4.0,10.0,16.15196131
1982,260,7,16.0,8.0,12.0,8.84846603
1982,261,0,17.5,5.5,11.5,15.74608979
1982,262,0,20.5,3.5,12.0,18.39366183
1982,263,1,17.0,4.5,10.75,15.75935947
1982,264,0,15.5,1.5,8.5,16.72704053
1982,265,0,18.0,0.5,9.25,17.96456435
1982,266,1,18.0,2.5,10.25,17.00462478
1982,267,0,17.0,7.5,12.25,12.24253462
1982,268,0,13.0,6.5,9.75,8.977858593
1982,269,0,14.0,6.0,10.0,10.793779
1982,270,0,17.0,3.0,10.0,15.65098006
1982,271,0,22.0,7.5,14.75,15.25506054
1982,272,0,25.0,14.0,19.5,12.31110164
1982,273,0,28.0,13.5,20.75,14.06730291
1982,274,0,26.0,13.5,19.75,12.76563382
1982,275,0,23.5,9.0,16.25,14.08167857
1982,276,0,23.0,5.0,14.0,15.39883062
1982,277,0,22.5,3.5,13.0,15.52932844
1982,278,0,25.5,8.0,16.75,14.49197515
1982,279,0,27.5,12.0,19.75,13.32744191
1982,280,9,25.5,5.0,15.25,11.16094483
1982,281,0,20.5,3.5,12.0,13.98325254
1982,282,7,19.0,8.5,13.75,7.758028677
1982,283,2,15.5,5.0,10.25,10.42882536
1982,284,0,12.0,7.5,9.75,4.916920247
1982,285,0,13.5,5.5,9.5,8.320941628
1982,286,0,12.5,5.5,9.0,7.248200063
1982,287,0,16.5,4.5,10.5,10.99726894
1982,288,2,17.0,5.0,11.0,10.6522217
1982,289,0,13.5,-0.5,6.5,11.76698856
1982,290,2,12.0,-1.5,5.25,11.29365527
1982,291,0,17.5,4.5,11.0,10.67986964
1982,292,7,18.0,9.5,13.75,5.717606168
1982,293,9,14.0,0.0,7.0,8.272281832
1982,294,0,5.5,-5.0,0.25,9.281985946
1982,295,0,8.0,-6.5,0.75,11.21071081
1982,296,0,11.5,-5.0,3.25,11.58561793
1982,297,0,13.0,-2.5,5.25,10.98842112
1982,298,0,17.0,0.0,8.5,11.00500991
1982,299,0,17.0,-1.5,7.75,11.24167656
1982,300,0,15.5,0.0,7.75,10.0815676
1982,301,2,16.5,8.0,12.25,6.447513875
1982,302,4,15.0,6.0,10.5,5.040783798
1982,303,0,15.0,7.0,11.0,6.038322979
1982,304,0,14.0,7.0,10.5,5.457714979
1982,305,29,10.5,7.0,8.75,2.185297798
1982,306,19,10.0,6.0,8.0,2.530344905
1982,307,0,8.5,0.5,4.5,6.378946589
1982,308,0,1.0,-4.0,-1.5,4.442480848
1982,309,0,0.5,-3.0,-1.25,3.158507396
1982,310,0,5.0,-5.0,0.0,7.896268625
1982,311,0,14.5,-1.0,6.75,9.47552192
1982,312,0,14.0,-0.5,6.75,9.04753235
1982,313,16,6.5,1.5,4.0,3.239239931
1982,314,13,10.0,1.5,5.75,4.866048107
1982,315,15,11.5,3.0,7.25,4.755456211
1982,316,16,13.0,-3.0,5.0,6.63552
1982,317,0,-2.0,-9.5,-5.75,5.802762184
1982,318,0,-3.5,-8.5,-6.0,4.050984827
1982,319,0,0.0,-11.5,-5.75,7.694991432
1982,320,0,3.5,-6.0,-1.25,6.719569868
1982,321,0,7.0,-7.5,-0.25,8.236892245
1982,322,0,9.5,-4.0,2.75,7.723744896
1982,323,4,11.5,4.5,8.0,3.647324179
1982,324,5,16.5,7.5,12.0,4.398243634
1982,325,0,11.5,-2.0,4.75,7.431782749
1982,326,0,7.5,-3.5,2.0,6.794772902
1982,327,0,5.5,-5.5,0.0,6.794772902
1982,328,0,-2.0,-12.0,-7.0,6.582435947
1982,329,0,2.0,-8.0,-3.0,6.5138686
1982,330,0,1.5,-6.0,-2.25,5.4632446
1982,331,0,0.5,-11.5,-5.5,7.1442434
1982,332,8,1.0,-6.0,-2.5,4.15825925
1982,333,3,2.0,-1.0,0.5,1.975173119
1982,334,1,5.0,0.5,2.75,3.742433224
1982,335,1,9.5,1.5,5.5,5.821562849
1982,336,35,16.0,9.0,12.5,3.326607449
1982,337,8,15.5,5.0,10.25,4.422574383
1982,338,0,8.0,-2.0,3.0,5.862481866
1982,339,18,6.0,1.0,3.5,2.571264062
1982,340,9,3.5,-4.0,-0.25,3.599769687
1982,341,5,0.5,-6.0,-2.75,3.70262015
1982,342,0,-5.0,-10.0,-7.5,3.968040961
1982,343,0,-6.0,-16.0,-11.0,6.613401438
1982,344,0,0.5,-11.0,-5.25,7.020380086
1982,345,0,-1.5,-16.5,-9.0,7.630847813
1982,346,0,-7.0,-17.0,-12.0,6.511656899
1982,347,0,-0.5,-11.5,-6.0,6.715145977
1982,348,0,1.0,-3.0,-1.0,3.052339125
1982,349,2,1.5,-1.5,0.0,2.340126614
1982,350,3,0.5,-9.5,-4.5,4.883742794
1982,351,0,-2.0,-14.5,-8.25,7.223869164
1982,352,0,5.0,-3.5,0.75,5.799444144
1982,353,2,4.0,-2.5,0.75,4.781997769
1982,354,0,-1.0,-6.0,-3.5,3.968040961
1982,355,0,-1.5,-10.0,-5.75,6.002933711
1982,356,0,3.0,-6.5,-1.75,6.409912357
1982,357,1,8.0,0.0,4.0,5.087231875
1982,358,2,7.0,2.0,4.5,3.561062313
1982,359,0,12.5,2.5,7.5,5.799444144
1982,360,0,6.0,-4.0,1.0,5.901189169
1982,361,0,4.0,-2.5,0.75,4.578508688
1982,362,9,9.5,-5.0,2.25,5.087231875
1982,363,0,-3.5,-12.0,-7.75,5.494210524
1982,364,0,-3.5,-14.0,-8.75,6.206422789
1982,365,0,-2.0,-7.5,-4.75,3.968040961
1983,1,0,-1.0,-7.5,-4.25,5.595955063
1983,2,0,-3.0,-9.5,-6.25,5.595955063
1983,3,0,-4.0,-14.0,-9.0,7.405240304
1983,4,0,-2.0,-9.0,-5.5,6.068183287
1983,5,0,0.0,-6.0,-3.0,5.348229054
1983,6,2,0.5,-4.0,-1.75,4.216872963
1983,7,0,1.5,-5.0,-1.75,5.7596314
1983,8,0,-3.0,-5.5,-4.25,2.571264062
1983,9,0,1.5,-6.5,-2.5,6.861127662
1983,10,1,3.0,-1.5,0.75,4.366172014
1983,11,1,2.0,-5.5,-1.75,6.653214901
1983,12,1,-3.5,-12.5,-8.0,7.484866452
1983,13,0,-2.5,-11.5,-7.0,7.6695554
1983,14,2,-1.0,-8.0,-4.5,6.6189314
1983,15,0,-3.0,-14.0,-8.5,8.510054801
1983,16,0,-6.5,-15.0,-10.75,7.6695554
1983,17,0,-7.5,-13.5,-10.5,6.157763052
1983,18,0,-8.5,-20.0,-14.25,9.024307624
1983,19,0,-5.5,-18.0,-11.75,9.342812802
1983,20,0,-2.0,-11.0,-6.5,8.260116083
1983,21,0,1.5,-7.0,-2.75,8.045567813
1983,22,3,0.5,-4.0,-1.75,3.754598313
1983,23,1,1.0,-1.5,-0.25,3.034644498
1983,24,0,1.0,-3.0,-1.0,4.660347194
1983,25,0,-1.5,-10.0,-5.75,8.562032942
1983,26,0,-7.5,-14.5,-11.0,7.77351122
1983,27,0,-6.5,-21.0,-13.75,10.62014907
1983,28,0,0.0,-11.0,-5.5,9.963233243
1983,29,0,1.0,-3.0,-1.0,4.97664
1983,30,1,1.0,-5.0,-2.0,7.18848
1983,31,0,-2.5,-8.0,-5.25,6.925271137
1983,32,0,-2.0,-7.5,-4.75,7.036969487
1983,33,18,-1.0,-5.0,-3.0,4.132823277
1983,34,10,-2.5,-10.5,-6.5,7.21944571
1983,35,0,-7.0,-18.5,-12.75,11.39318802
1983,36,0,-5.0,-22.0,-13.5,12.53007387
1983,37,5,-4.0,-11.5,-7.75,7.062405058
1983,38,0,-5.0,-20.0,-12.5,12.65172425
1983,39,0,-4.5,-19.0,-11.75,12.65172425
1983,40,0,-1.5,-9.0,-5.25,9.316270114
1983,41,0,-1.0,-4.5,-2.75,4.993229021
1983,42,0,-1.0,-7.0,-4.0,8.128512
1983,43,0,1.0,-5.5,-2.25,8.909291786
1983,44,0,3.0,-3.5,-0.25,8.909291786
1983,45,0,4.5,-2.5,1.0,9.70334165
1983,46,0,3.5,-3.5,0.0,9.821675538
1983,47,10,2.0,-0.5,0.75,3.105423311
1983,48,0,4.5,0.0,2.25,7.16636175
1983,49,3,3.5,-2.0,0.75,6.750535284
1983,50,0,6.0,0.0,3.0,9.643622001
1983,51,0,8.5,-0.5,4.0,12.773376
1983,52,0,6.5,-1.0,2.75,11.556864
1983,53,1,3.0,-1.0,1.0,7.119913484
1983,54,0,5.0,-4.0,0.5,13.13501214
1983,55,0,3.0,-3.5,-0.25,10.89994754
1983,56,0,-1.0,-9.0,-5.0,12.88175543
1983,57,0,1.5,-10.5,-4.5,15.74608975
1983,58,0,5.5,-4.0,0.75,14.37143069
1983,59,0,9.5,-3.0,3.25,16.01150889
1983,60,0,10.0,-3.5,3.25,16.38973375
1983,61,0,9.0,-2.5,3.25,15.77041872
1983,62,0,17.0,0.0,8.5,17.169408
1983,63,0,18.5,3.0,10.75,16.93384745
1983,64,3,18.0,3.5,10.75,12.44381208
1983,65,7,18.0,6.0,12.0,10.48080413
1983,66,8,14.0,6.0,10.0,8.669306466
1983,67,2,8.5,-2.0,3.25,14.22434281
1983,68,4,-0.5,-5.5,-3.0,6.524928125
1983,69,0,-2.5,-8.0,-5.25,9.870335626
1983,70,0,1.0,-6.0,-2.5,11.97600773
1983,71,0,5.0,-9.5,-2.25,17.252352
1983,72,0,7.0,-3.5,1.75,15.261696
1983,73,0,7.0,-1.5,2.75,13.64926489
1983,74,3,5.0,-2.0,1.5,8.965693519
1983,75,5,4.0,-1.0,1.5,6.881033982
1983,76,0,7.0,-0.5,3.25,12.95253531
1983,77,9,6.0,-0.5,2.75,8.705802532
1983,78,10,1.5,-3.0,-0.75,6.393323378
1983,79,5,0.0,-6.0,-3.0,9.462251308
1983,80,8,-2.0,-8.5,-5.25,10.28505563
1983,81,0,-2.0,-13.0,-7.5,19.76832026
1983,82,0,-0.5,-14.0,-7.25,21.59861837
1983,83,0,-0.5,-14.5,-7.5,21.87730996
1983,84,0,1.0,-12.5,-5.75,21.77003481
1983,85,0,1.5,-4.5,-1.5,12.78111775
1983,86,8,0.5,-2.0,-0.75,4.529848466
1983,87,0,3.5,-3.0,0.25,14.29733455
1983,88,0,4.5,-8.5,-2.0,22.25553385
1983,89,0,3.0,-3.5,-0.25,14.6943588
1983,90,2,4.0,0.5,2.25,8.626176
1983,91,3,7.0,1.0,4.0,10.63895054
1983,92,17,5.5,-0.5,2.5,11.15541515
1983,93,5,3.5,-0.5,1.5,7.388651634
1983,94,0,5.0,-1.0,2.0,14.45216176
1983,95,0,5.0,0.0,2.5,12.70038478
1983,96,2,4.5,0.5,2.5,10.59028982
1983,97,0,5.0,0.5,2.75,12.06116344
1983,98,0,8.5,-3.0,2.75,22.22899125
1983,99,7,7.5,0.0,3.75,13.48558859
1983,100,3,5.5,0.5,3.0,10.00304612
1983,101,1,5.0,0.5,2.75,12.690432
1983,102,0,8.5,1.5,5.0,18.1990207
1983,103,10,16.5,4.0,10.25,17.44699507
1983,104,2,15.0,1.0,8.0,24.241766
1983,105,0,4.5,-3.0,0.75,19.0903913
1983,106,1,4.0,-5.0,-0.5,21.51899229
1983,107,0,2.5,-7.5,-2.5,22.73992683
1983,108,0,3.0,-7.0,-2.0,22.75098579
1983,109,0,7.0,-8.0,-0.5,25.6717213
1983,110,0,12.0,-3.0,4.5,25.546752
1983,111,0,16.0,-1.5,7.25,26.01123722
1983,112,0,17.5,1.0,9.25,25.88516494
1983,113,0,16.0,3.5,9.75,24.16988237
1983,114,0,15.5,-1.5,7.0,26.53986714
1983,115,0,20.5,0.0,10.25,27.01099085
1983,116,0,24.5,6.5,15.5,26.09418281
1983,117,0,24.0,10.0,17.0,23.88013154
1983,118,0,19.0,9.0,14.0,20.70282175
1983,119,2,16.5,7.5,12.0,19.42880165
1983,120,0,15.5,5.0,10.25,21.648384
1983,121,0,13.5,3.0,8.25,21.80874301
1983,122,14,12.0,6.0,9.0,10.65664529
1983,123,0,14.5,5.0,9.75,20.34450556
1983,124,0,15.0,4.5,9.75,21.63621893
1983,125,2,13.5,0.0,6.75,25.03581596
1983,126,4,18.0,6.5,12.25,16.74473477
1983,127,10,16.5,6.5,11.5,15.22188342
1983,128,0,13.5,-0.5,6.5,25.36980519
1983,129,0,13.5,-2.0,5.75,26.5299147
1983,130,0,18.5,-1.5,8.5,28.34251816
1983,131,0,22.0,3.0,12.5,27.51860778
1983,132,0,22.0,9.0,15.5,22.56076863
1983,133,3,21.0,12.5,16.75,12.27571216
1983,134,2,18.0,8.0,13.0,19.53828891
1983,135,0,16.0,1.0,8.5,25.55007084
1983,136,0,14.0,1.5,7.75,23.04516197
1983,137,0,15.0,0.5,7.75,25.21497563
1983,138,0,16.0,6.0,11.0,19.33148131
1983,139,13,18.0,8.0,13.0,14.45658667
1983,140,3,19.5,10.0,14.75,14.04407861
1983,141,2,21.0,10.0,15.5,21.15072031
1983,142,24,21.0,12.0,16.5,13.70566741
1983,143,4,20.0,8.0,14.0,17.37179053
1983,144,0,23.0,7.5,15.25,26.56862195
1983,145,4,20.0,7.5,13.75,18.0530382
1983,146,0,17.0,0.5,8.75,28.45532225
1983,147,3,17.5,7.0,12.25,16.45609025
1983,148,8,20.0,9.0,14.5,16.79892513
1983,149,11,19.0,6.5,12.75,18.34168287
1983,150,5,12.0,5.5,8.75,11.38655248
1983,151,3,14.5,7.0,10.75,12.93926437
1983,152,0,20.0,4.0,12.0,27.94881236
1983,153,0,20.5,10.0,15.25,21.56544062
1983,154,1,20.5,12.0,16.25,18.23109094
1983,155,0,22.5,9.5,16.0,24.82900989
1983,156,2,21.5,7.0,14.25,26.56530427
1983,157,0,19.5,7.5,13.5,23.96086271
1983,158,0,22.5,8.5,15.5,25.87078553
1983,159,0,26.0,5.5,15.75,30.03789136
1983,160,0,27.0,11.5,19.25,26.90924516
1983,161,0,28.0,11.0,19.5,27.957658
1983,162,0,29.5,13.0,21.25,27.25871722
1983,163,0,29.0,16.5,22.75,22.89033315
1983,164,0,29.5,16.5,23.0,23.41453791
1983,165,5,29.0,15.5,22.25,17.99774267
1983,166,2,27.0,11.0,19.0,27.08398119
1983,167,0,25.0,8.0,16.5,28.13239403
1983,168,0,24.0,9.0,16.5,26.3850404
1983,169,0,23.5,12.5,18.0,21.31771389
1983,170,0,25.5,10.5,18.0,26.03556835
1983,171,0,27.0,12.0,19.5,25.68609795
1983,172,0,30.5,16.5,23.5,23.76400997
1983,173,0,31.5,17.5,24.5,23.41453791
1983,174,0,31.5,20.0,25.75,20.09456669
1983,175,0,31.5,15.0,23.25,26.21030437
1983,176,0,32.0,16.5,24.25,25.16189153
1983,177,0,32.5,19.5,26.0,22.01665634
1983,178,19,27.5,16.0,21.75,15.5514466
1983,179,9,20.0,12.5,16.25,11.53253376
1983,180,2,21.0,14.0,17.5,14.32829939
1983,181,7,27.0,17.0,22.0,13.978829
1983,182,14,28.5,16.0,22.25,16.59985944
1983,183,0,28.0,17.5,22.75,19.22088987
1983,184,10,29.0,19.0,24.0,13.62935861
1983,185,14,29.0,17.5,23.25,15.37671223
1983,186,0,24.5,12.5,18.5,22.05093823
1983,187,0,22.0,7.0,14.5,26.04441563
1983,188,0,25.5,10.5,18.0,25.34989854
1983,189,0,28.5,13.5,21.0,25.00263834
1983,190,0,31.0,16.5,23.75,23.96086271
1983,191,0,31.0,17.0,24.0,23.29067587
1983,192,0,32.0,18.0,25.0,23.11815169
1983,193,0,32.0,15.0,23.5,26.05105293
1983,194,0,31.0,13.5,22.25,26.56862219
1983,195,0,33.0,19.0,26.0,22.60058243
1983,196,0,32.5,20.0,26.25,20.74153025
1983,197,0,32.0,19.0,25.5,21.59861825
1983,198,10,32.0,20.0,26.0,15.25616575
1983,199,26,31.5,17.5,24.5,17.0311675
1983,200,8,32.0,19.0,25.5,16.0092968
1983,201,24,32.5,18.0,25.25,17.20147983
1983,202,0,34.0,21.0,27.5,20.77802403
1983,203,0,34.0,21.5,27.75,20.13548509
1983,204,0,31.5,21.0,26.25,17.93581147
1983,205,0,29.5,15.5,22.5,23.01198434
1983,206,0,28.0,15.5,21.75,21.51677952
1983,207,0,28.0,13.0,20.5,24.20637596
1983,208,0,29.0,16.0,22.5,21.85297888
1983,209,0,29.5,21.0,25.25,15.02945325
1983,210,7,30.0,20.0,25.0,12.85853191
1983,211,0,31.5,16.5,24.0,22.72665568
1983,212,0,32.0,17.5,24.75,21.89721568
1983,213,0,30.0,15.5,22.75,22.22899137
1983,214,0,30.0,14.5,22.25,22.9047078
1983,215,6,30.0,19.0,24.5,13.3473487
1983,216,0,28.0,18.5,23.25,15.87658745
1983,217,0,27.0,14.5,20.75,20.29584353
1983,218,0,30.0,14.5,22.25,22.75098596
1983,219,1,31.5,15.0,23.25,22.92240411
1983,220,0,32.0,17.0,24.5,21.45927104
1983,221,0,30.0,13.0,21.5,23.41232712
1983,222,0,29.0,15.0,22.0,20.82889731
1983,223,0,27.5,14.0,20.75,20.52587551
1983,224,0,25.0,9.0,17.0,23.251968
1983,225,0,27.5,10.5,19.0,23.25086196
1983,226,0,29.0,17.0,23.0,18.15478154
1983,227,0,30.5,16.0,23.25,20.54356867
1983,228,0,33.0,19.5,26.25,18.66129468
1983,229,28,33.0,19.5,26.25,13.9168978
1983,230,0,30.0,18.5,24.25,16.96038915
1983,231,0,33.5,21.0,27.25,17.27447013
1983,232,0,33.5,17.0,25.25,20.73931872
1983,233,14,31.0,17.0,24.0,14.19006057
1983,234,7,27.0,18.0,22.5,10.21870065
1983,235,0,25.5,12.0,18.75,19.3536
1983,236,0,28.5,11.0,19.75,21.67492596
1983,237,15,28.0,17.5,22.75,11.3754929
1983,238,18,27.0,18.0,22.5,10.07271938
1983,239,15,26.5,18.5,22.5,9.004400935
1983,240,2,29.5,16.0,22.75,17.87830271
1983,241,0,30.5,15.0,22.75,19.24190147
1983,242,2,30.0,17.5,23.75,16.54456375
1983,243,0,26.5,15.5,21.0,15.49172816
1983,244,0,27.0,11.0,19.0,19.85679388
1983,245,0,29.0,13.0,21.0,19.25959623
1983,246,0,30.0,15.0,22.5,18.07957927
1983,247,0,30.0,17.0,23.5,16.15306641
1983,248,7,29.0,18.0,23.5,10.59028982
1983,249,15,24.0,13.0,18.5,11.32572663
1983,250,0,23.5,9.0,16.25,18.10169769
1983,251,0,27.0,9.5,18.25,19.56151207
1983,252,0,31.0,18.5,24.75,14.92217935
1983,253,9,31.0,16.5,23.75,12.4592957
1983,254,0,26.0,8.0,17.0,19.26512585
1983,255,4,20.5,9.5,15.0,10.84243916
1983,256,0,18.0,6.0,12.0,15.69300425
1983,257,0,19.5,5.0,12.25,17.41160506
1983,258,12,17.5,9.0,13.25,8.776581005
1983,259,18,16.0,9.5,12.75,7.022591875
1983,260,5,17.5,6.0,11.75,11.0956953
1983,261,6,23.0,10.5,16.75,11.28702046
1983,262,5,23.0,7.5,15.25,12.81982483
1983,263,9,21.5,6.5,14.0,12.4416
1983,264,0,10.0,2.0,6.0,11.0592
1983,265,0,9.5,1.0,5.25,11.65639638
1983,266,0,12.0,0.0,6.0,14.94761365
1983,267,0,16.5,0.0,8.25,17.13954899
1983,268,7,18.5,7.5,13.0,9.79402744
1983,269,0,18.0,10.5,14.25,9.444556625
1983,270,0,23.0,8.5,15.75,14.97636888
1983,271,0,26.0,9.5,17.75,15.52269421
1983,272,0,26.5,11.5,19.0,14.45216335
1983,273,0,26.5,10.5,18.5,14.73085491
1983,274,0,25.5,8.5,17.0,15.00290965
1983,275,0,27.5,13.5,20.5,13.02884252
1983,276,13,26.0,14.5,20.25,8.482406562
1983,277,0,18.5,10.0,14.25,9.395896251
1983,278,0,19.0,9.5,14.25,10.22201849
1983,279,0,19.0,5.0,12.0,13.32744191
1983,280,7,20.0,7.0,13.5,9.364931169
1983,281,8,18.0,5.5,11.75,9.10835735
1983,282,0,15.0,1.5,8.25,12.71808
1983,283,0,13.5,1.0,7.25,12.20935728
1983,284,11,19.5,6.5,13.0,8.951316003
1983,285,28,17.0,3.0,10.0,9.329540873
1983,286,0,9.5,-1.0,4.25,10.49739237
1983,287,0,12.0,-0.5,5.75,11.62211375
1983,288,0,15.5,1.0,8.25,12.13857791
1983,289,0,17.0,5.5,11.25,10.28063235
1983,290,0,14.5,1.0,7.75,11.29365527
1983,291,0,16.5,-1.0,7.75,12.64398411
1983,292,4,14.0,4.0,9.0,6.690816
1983,293,5,9.0,4.5,6.75,3.406233542
1983,294,1,9.5,4.0,6.75,5.303992217
1983,295,5,9.5,5.5,7.5,3.013631875
1983,296,2,9.0,5.5,7.25,3.583180875
1983,297,0,8.5,3.5,6.0,5.016452997
1983,298,0,12.0,3.5,7.75,7.810006761
1983,299,0,13.0,1.5,7.25,9.466675
1983,300,0,18.5,0.0,9.25,11.3710697
1983,301,0,19.5,5.0,12.25,10.19879445
1983,302,0,14.5,-1.0,6.75,10.55047725
1983,303,0,13.0,-2.5,5.25,10.450944
1983,304,0,12.5,-1.0,5.75,9.754213957
1983,305,4,14.0,5.0,9.5,5.52075262
1983,306,0,15.5,9.0,12.25,5.405736506
1983,307,0,14.5,1.5,8.0,8.998871348
1983,308,0,9.0,-3.5,2.75,8.884961692
1983,309,0,12.0,-6.5,2.75,10.15234538
1983,310,0,11.0,0.0,5.5,7.896268625
1983,311,0,11.5,5.0,8.25,5.188976416
1983,312,0,13.0,8.0,10.5,4.021125192
1983,313,0,13.0,4.5,8.75,6.366781512
1983,314,12,8.5,0.0,4.25,4.866048107
1983,315,0,2.5,-3.0,-0.25,4.644863789
1983,316,0,2.0,-8.5,-3.25,7.630848107
1983,317,0,1.5,-5.0,-1.75,5.255331809
1983,318,5,3.5,0.0,1.75,2.299207471
1983,319,3,4.5,1.5,3.0,1.950842873
1983,320,0,5.5,0.5,3.0,4.226826442
1983,321,0,4.0,-4.0,0.0,6.394429692
1983,322,0,7.5,-2.0,2.75,6.972825438
1983,323,10,12.5,2.0,7.25,5.256437742
1983,324,9,12.5,3.5,8.0,4.720066554
1983,325,0,9.5,-0.5,4.5,6.688604677
1983,326,0,6.0,-3.0,1.5,6.157763052
1983,327,7,14.5,-0.5,7.0,5.733089652
1983,328,5,5.5,-6.0,-0.25,5.733089652
1983,329,0,3.5,-7.5,-2.0,7.354368
1983,330,0,2.0,-5.0,-1.5,5.4632446
1983,331,8,1.5,-3.0,-0.75,2.83668485
1983,332,19,3.0,-1.5,0.75,2.806825043
1983,333,4,0.5,-6.0,-2.75,4.054302869
1983,334,0,-5.5,-11.0,-8.25,4.781998037
1983,335,0,-6.0,-12.0,-9.0,5.197824062
1983,336,1,-2.5,-11.0,-6.75,6.549258517
1983,337,0,-3.0,-18.0,-10.5,8.228045
1983,338,0,0.0,-7.5,-3.75,5.965332821
1983,339,3,-0.5,-3.5,-2.0,2.05701125
1983,340,3,-1.0,-8.5,-4.75,4.628275312
1983,341,0,-4.5,-16.5,-10.5,7.713792187
1983,342,0,-5.0,-13.5,-9.25,6.409912357
1983,343,4,-5.0,-12.0,-8.5,4.273274581
1983,344,0,-3.0,-15.5,-9.25,7.529103274
1983,345,12,1.0,-5.5,-2.25,3.866296177
1983,346,10,1.0,-5.5,-2.25,3.866296177
1983,347,0,-1.0,-6.0,-3.5,4.171530039
1983,348,9,0.0,-3.5,-1.75,2.238382074
1983,349,7,-1.5,-6.0,-3.75,2.848849801
1983,350,0,-4.5,-17.0,-10.75,7.427358732
1983,351,0,-11.5,-23.0,-17.25,7.223869164
1983,352,0,-17.0,-29.5,-23.25,7.427358732
1983,353,0,-21.5,-32.5,-27.0,7.122124625
1983,354,0,-14.5,-26.5,-20.5,7.325613706
1983,355,5,-6.5,-17.0,-11.75,5.188976414
1983,356,5,-8.0,-25.5,-16.75,6.002933711
1983,357,0,-21.0,-30.0,-25.5,6.409912357
1983,358,0,-22.0,-32.0,-27.0,6.816890519
1983,359,0,-20.5,-28.0,-24.25,5.799444144
1983,360,0,-14.5,-24.5,-19.5,6.816890519
1983,361,0,-7.5,-17.0,-12.25,6.511656899
1983,362,3,-7.0,-15.0,-11.0,4.375019607
1983,363,0,-13.5,-24.5,-19.0,7.122124625
1983,364,0,-12.0,-23.0,-17.5,7.020380086
1983,365,0,-6.0,-16.5,-11.25,6.816890519
1984,1,3,-5.5,-15.0,-10.25,4.578508688
1984,2,0,-3.0,-9.5,-6.25,4.578508688
1984,3,0,1.0,-9.0,-4.0,6.376734679
1984,4,0,3.0,-6.0,-1.5,5.965332821
1984,5,0,4.5,-5.0,-0.25,6.17103375
1984,6,0,3.5,-4.5,-0.5,5.553930474
1984,7,0,1.0,-6.0,-2.5,5.039677662
1984,8,0,0.0,-10.0,-5.0,6.582436099
1984,9,5,-5.5,-12.5,-9.0,3.950346239
1984,10,0,-7.5,-20.0,-13.75,7.796736094
1984,11,0,-12.0,-24.5,-18.25,7.796736094
1984,12,0,-7.5,-17.0,-12.25,6.757171281
1984,13,0,-5.5,-11.0,-8.25,4.4126206
1984,14,0,-6.0,-16.0,-11.0,7.1442434
1984,15,0,-7.0,-22.5,-14.75,8.825241199
1984,16,0,-7.0,-20.0,-13.5,8.299929702
1984,17,0,-8.5,-21.5,-15.0,8.493465999
1984,18,0,-13.5,-27.0,-20.25,8.705802447
1984,19,0,-15.5,-28.5,-22.0,8.705802447
1984,20,0,-16.5,-29.0,-22.75,8.796487271
1984,21,0,-14.5,-31.0,-22.75,9.654681375
1984,22,0,-7.0,-19.0,-13.0,8.689213647
1984,23,0,-2.0,-11.5,-6.75,7.694991432
1984,24,0,0.5,-5.0,-2.25,4.98548737
1984,25,0,0.5,-5.5,-2.5,5.419008125
1984,26,0,-0.5,-7.0,-3.75,6.021734125
1984,27,0,-2.5,-13.0,-7.75,8.649400032
1984,28,2,0.0,-14.0,-7.0,9.963233243
1984,29,0,-2.5,-11.5,-7.0,8.073216211
1984,30,0,-5.5,-11.5,-8.5,5.971968107
1984,31,0,-5.5,-17.0,-11.25,9.717719261
1984,32,0,-1.0,-12.5,-6.75,9.717719261
1984,33,0,3.5,-11.0,-3.75,10.72300123
1984,34,0,3.0,-4.5,-0.75,7.332249438
1984,35,2,1.5,-5.5,-2.0,7.106641978
1984,36,2,-3.5,-12.5,-8.0,8.884961692
1984,37,0,-8.5,-22.5,-15.5,11.39097625
1984,38,0,-7.5,-22.5,-15.0,11.84661475
1984,39,0,-3.5,-19.0,-11.25,11.96162976
1984,40,0,3.5,-12.5,-4.5,12.07664588
1984,41,0,4.0,-5.0,-0.5,9.057485021
1984,42,0,3.0,0.0,1.5,3.483648
1984,43,6,6.0,1.0,3.5,4.220190786
1984,44,11,6.5,0.5,3.5,5.040783798
1984,45,0,8.0,-1.0,3.5,9.70334165
1984,46,0,11.5,-1.5,5.0,12.18834429
1984,47,0,9.5,0.0,4.75,10.39122431
1984,48,2,6.5,-0.5,3.0,8.480194622
1984,49,10,6.5,-1.5,2.5,7.353261659
1984,50,7,4.5,0.0,2.25,4.580720394
1984,51,0,6.5,-5.0,0.75,13.01667817
1984,52,0,6.5,-5.5,0.5,13.381632
1984,53,0,13.5,-2.5,5.5,13.25776973
1984,54,0,14.5,1.0,7.75,12.52122652
1984,55,0,10.0,0.0,5.0,11.02380987
1984,56,0,4.5,-6.0,-0.75,11.51926272
1984,57,0,2.5,-5.0,-1.25,9.372672187
1984,58,0,0.5,-6.5,-3.0,9.1227345
1984,59,0,0.5,-8.0,-3.75,10.84243973
1984,60,0,0.5,-8.0,-3.75,10.84243973
1984,61,0,-0.5,-9.5,-5.0,11.34673875
1984,62,0,1.0,-11.5,-5.25,13.989888
1984,63,0,1.0,-13.0,-6.0,14.75297328
1984,64,0,2.5,-12.0,-4.75,15.13783379
1984,65,0,2.0,-8.5,-3.25,13.0852457
1984,66,3,-0.5,-4.5,-2.5,4.528742313
1984,67,0,-1.0,-12.0,-6.5,13.84501197
1984,68,0,-4.0,-17.0,-10.5,15.39883062
1984,69,1,-4.5,-14.5,-9.5,15.26833156
1984,70,0,-5.0,-18.5,-11.75,18.02981283
1984,71,0,-4.0,-18.0,-11.0,18.4246265
1984,72,0,-4.5,-16.5,-10.5,17.51777255
1984,73,1,-6.5,-14.5,-10.5,13.66917145
1984,74,0,-0.5,-9.0,-4.75,14.31834652
1984,75,0,1.5,-4.5,-1.5,10.83912283
1984,76,13,4.0,-2.0,1.0,7.420723063
1984,77,0,4.0,-4.5,-0.25,13.357301
1984,78,2,-2.0,-7.0,-4.5,9.930056122
1984,79,0,-1.0,-6.0,-3.5,10.06608416
1984,80,0,0.0,-6.0,-3.0,12.06779886
1984,81,5,0.0,-3.0,-1.5,4.799692625
1984,82,3,0.5,-1.0,-0.25,2.626559967
1984,83,3,2.5,-2.0,0.25,6.82795046
1984,84,0,6.5,-5.5,0.5,18.67235342
1984,85,0,8.0,-5.0,1.5,19.38235384
1984,86,0,7.5,-3.5,2.0,18.25873888
1984,87,0,8.0,-4.5,1.75,19.53497149
1984,88,0,5.5,-1.0,2.25,13.16487218
1984,89,0,7.5,-3.0,2.25,18.40361353
1984,90,0,6.5,-4.5,1.0,18.97426905
1984,91,0,5.5,-2.0,1.75,15.095808
1984,92,0,8.5,-5.5,1.5,21.27790107
1984,93,0,11.5,-4.5,3.5,22.1659556
1984,94,0,12.5,-0.5,6.0,21.00695112
1984,95,0,11.0,0.0,5.5,19.70749406
1984,96,0,7.0,1.5,4.25,11.9704776
1984,97,0,13.5,0.5,7.0,21.47475549
1984,98,0,14.5,0.0,7.25,22.35727882
1984,99,0,14.0,-5.5,4.25,24.1555027
1984,100,0,12.5,-1.0,5.75,22.08079741
1984,101,0,11.0,1.5,6.25,18.96099812
1984,102,0,15.0,2.0,8.5,22.24558023
1984,103,0,16.5,0.0,8.25,24.06482
1984,104,16,14.0,3.0,8.5,15.34132246
1984,105,11,10.5,5.0,7.75,9.09066225
1984,106,4,9.0,4.5,6.75,7.727062766
1984,107,4,11.5,5.0,8.25,10.83580419
1984,108,2,10.0,3.5,6.75,14.49861144
1984,109,0,11.0,1.0,6.0,20.13769721
1984,110,0,9.5,2.5,6.0,15.52601096
1984,111,0,9.0,-0.5,4.25,19.6632573
1984,112,0,14.5,1.0,7.75,23.37914939
1984,113,0,14.0,1.0,7.5,22.92240428
1984,114,8,9.0,-1.0,4.0,14.96973419
1984,115,11,4.0,-1.0,1.5,8.794275548
1984,116,2,14.0,1.0,7.5,23.55609563
1984,117,0,18.0,2.0,10.0,25.46159716
1984,118,0,24.5,7.5,16.0,25.30345
1984,119,3,25.5,12.0,18.75,16.88076296
1984,120,0,20.0,3.5,11.75,25.63964908
1984,121,30,14.0,2.0,8.0,16.67727299
1984,122,29,14.0,1.0,7.5,17.639424
1984,123,0,11.0,0.5,5.75,21.15182719
1984,124,4,11.0,-0.5,5.25,16.95375412
1984,125,13,6.5,3.0,4.75,6.297108831
1984,126,0,13.0,0.0,6.5,24.38553563
1984,127,0,16.5,5.0,10.75,22.43469309
1984,128,0,19.5,4.5,12.0,25.6971572
1984,129,2,19.0,8.0,13.5,21.93260515
1984,130,0,14.0,2.5,8.25,23.56383704
1984,131,1,15.5,3.0,9.25,24.38774742
1984,132,0,17.0,2.5,9.75,26.2003493
1984,133,0,20.5,5.5,13.0,26.37619137
1984,134,0,21.5,5.5,13.5,26.87385726
1984,135,14,19.0,7.0,13.0,17.70135669
1984,136,0,19.0,2.5,10.75,27.38700306
1984,137,0,19.0,0.5,9.75,28.38896725
1984,138,0,19.0,2.0,10.5,27.40027223
1984,139,0,24.5,8.0,16.25,26.39167417
1984,140,0,25.0,13.0,19.0,21.34867904
1984,141,0,24.5,14.0,19.25,19.45866269
1984,142,0,25.0,10.5,17.75,24.53483556
1984,143,0,24.5,10.5,17.5,24.19642436
1984,144,2,22.0,13.0,17.5,17.54210285
1984,145,1,20.5,8.5,14.5,22.14051775
1984,146,0,24.0,6.5,15.25,27.249868
1984,147,30,21.5,9.5,15.5,16.62750687
1984,148,0,17.5,5.5,11.5,22.96995775
1984,149,3,16.5,4.5,10.5,17.31317825
1984,150,13,15.0,3.5,9.25,17.14176
1984,151,0,16.5,0.0,8.25,27.94881236
1984,152,0,19.5,2.5,11.0,27.94881236
1984,153,0,23.0,6.5,14.75,27.08619309
1984,154,0,26.0,11.0,18.5,25.01591112
1984,155,0,26.0,13.0,19.5,22.57182688
1984,156,0,26.0,8.0,17.0,27.6070799
1984,157,0,26.5,10.5,18.5,25.69715708
1984,158,0,27.5,17.5,22.5,17.88383239
1984,159,0,30.0,19.0,24.5,18.92560803
1984,160,13,28.5,17.5,23.0,14.41124364
1984,161,30,27.5,17.5,22.5,13.62935861
1984,162,28,26.0,14.5,20.25,15.5514466
1984,163,39,23.5,15.0,19.25,12.40621057
1984,164,0,23.5,8.5,16.0,25.86083398
1984,165,0,28.0,14.0,21.0,23.93874433
1984,166,8,28.5,16.0,22.25,16.59985944
1984,167,0,26.0,11.5,18.75,25.16189153
1984,168,0,23.0,10.5,16.75,23.41453791
1984,169,4,22.5,11.5,17.0,16.07565302
1984,170,23,27.5,17.5,22.5,14.32829939
1984,171,14,28.0,18.0,23.0,14.32829939
1984,172,0,28.0,14.5,21.25,23.93874433
1984,173,0,27.5,12.5,20.0,25.68609795
1984,174,0,27.0,13.0,20.0,24.63768678
1984,175,22,25.0,15.0,20.0,14.67776978
1984,176,0,26.0,14.5,20.25,21.84192031
1984,177,0,26.5,12.5,19.5,24.81242114
1984,178,0,25.5,10.5,18.0,26.03556835
1984,179,0,28.5,14.5,21.5,24.28821472
1984,180,19,27.5,13.0,20.25,18.69668345
1984,181,0,25.0,13.5,19.25,21.84192031
1984,182,0,25.0,10.5,17.75,25.68609795
1984,183,0,24.0,11.5,17.75,23.58927394
1984,184,0,26.5,10.5,18.5,26.90924516
1984,185,0,27.5,13.5,20.5,24.63768678
1984,186,0,28.0,15.0,21.5,23.58927394
1984,187,0,27.0,13.5,20.25,24.30812125
1984,188,5,26.0,12.5,19.25,18.23109094
1984,189,7,23.5,11.0,17.25,17.71020229
1984,190,0,22.0,7.0,14.5,26.39167417
1984,191,0,23.0,10.5,16.75,23.26634396
1984,192,7,27.5,15.0,21.25,16.7347816
1984,193,20,28.5,18.0,23.25,14.3194529
1984,194,16,28.0,14.5,21.25,17.59739922
1984,195,0,29.5,15.0,22.25,24.1532935
1984,196,0,29.5,16.0,22.75,22.94562915
1984,197,0,30.0,17.5,23.75,21.59861825
1984,198,8,29.0,17.0,23.0,15.77041887
1984,199,0,27.5,13.5,20.5,23.82704575
1984,200,9,25.5,14.5,20.0,15.15773843
1984,201,0,24.0,10.5,17.25,23.50301148
1984,202,0,27.0,11.5,19.25,25.0358159
1984,203,0,30.0,15.0,22.5,23.8436345
1984,204,0,30.0,14.5,22.25,24.02721795
1984,205,2,31.0,17.5,24.25,21.65833792
1984,206,9,32.0,19.0,25.5,15.56692983
1984,207,0,28.0,16.0,22.0,20.34008098
1984,208,1,26.0,15.0,20.5,19.33148131
1984,209,3,25.5,15.0,20.25,14.12038571
1984,210,0,23.5,12.5,18.0,19.87227644
1984,211,0,25.0,10.5,17.75,23.71313703
1984,212,0,26.5,11.0,18.75,24.21964863
1984,213,0,27.0,11.5,19.25,23.88787137
1984,214,0,27.5,12.5,20.0,23.39020863
1984,215,0,29.5,16.0,22.75,21.25688705
1984,216,0,30.0,18.0,24.0,19.27950246
1984,217,0,31.0,18.0,24.5,20.1321683
1984,218,0,31.0,16.5,23.75,21.76892992
1984,219,0,31.0,17.5,24.25,20.6231971
1984,220,0,32.0,20.0,26.0,18.53300646
1984,221,16,32.0,21.0,26.5,12.84304892
1984,222,25,31.5,18.5,25.0,14.69325419
1984,223,0,29.5,18.0,23.75,18.24546903
1984,224,0,29.5,14.5,22.0,21.80874301
1984,225,0,27.0,14.5,20.75,19.72408351
1984,226,0,27.0,14.0,20.5,20.06581246
1984,227,0,26.5,12.5,19.5,21.0213264
1984,228,0,28.5,13.0,20.75,21.97684185
1984,229,0,29.5,16.0,22.75,19.61017315
1984,230,0,31.5,16.0,23.75,20.87534595
1984,231,0,29.5,16.5,23.0,18.8448765
1984,232,0,26.0,15.5,20.75,16.48926694
1984,233,0,26.0,11.5,18.75,20.73931872
1984,234,0,26.0,9.5,17.75,22.29866597
1984,235,0,28.0,11.0,19.5,21.9856893
1984,236,5,26.5,13.5,20.0,14.08942139
1984,237,0,23.0,9.5,16.25,19.52280483
1984,238,0,23.0,5.5,14.25,22.44354034
1984,239,0,23.5,7.5,15.5,20.90852357
1984,240,0,27.5,11.5,19.5,20.14543876
1984,241,3,30.0,16.0,23.0,13.48448176
1984,242,0,33.5,16.5,25.0,19.54492326
1984,243,0,34.0,17.5,25.75,18.80064062
1984,244,4,32.0,13.0,22.5,15.49172816
1984,245,0,28.0,8.5,18.25,21.20048612
1984,246,12,28.0,11.0,19.5,14.63132188
1984,247,7,26.0,16.0,21.0,9.928949143
1984,248,0,21.5,11.5,16.5,13.78197486
1984,249,0,21.0,7.0,14.0,17.6504835
1984,250,4,20.5,6.0,13.25,13.53203707
1984,251,0,20.5,5.5,13.0,18.10169769
1984,252,2,28.0,12.5,20.25,17.37179051
1984,253,3,28.0,13.5,20.75,12.31441962
1984,254,0,23.0,12.5,17.75,13.18367333
1984,255,6,22.5,10.0,16.25,11.35779854
1984,256,0,23.0,10.5,16.75,14.83702166
1984,257,0,28.0,11.5,19.75,17.119641
1984,258,0,28.5,15.0,21.75,14.72200676
1984,259,1,20.5,8.5,14.5,14.29733455
1984,260,0,15.5,3.0,9.25,15.02834635
1984,261,0,18.0,1.0,9.5,17.69693206
1984,262,0,20.5,2.0,11.25,17.97562379
1984,263,0,23.5,6.0,14.75,17.00020258
1984,264,0,28.5,9.5,19.0,17.00352026
1984,265,0,29.5,12.0,20.75,15.8976
1984,266,0,26.0,7.5,16.75,16.456089
1984,267,0,24.5,13.0,18.75,11.93066426
1984,268,0,22.5,14.0,18.25,9.249915309
1984,269,13,27.5,14.5,21.0,9.521971375
1984,270,36,27.0,7.0,17.0,12.27792413
1984,271,0,13.5,-1.5,6.0,14.84144613
1984,272,0,13.0,0.0,6.5,13.3816325
1984,273,3,12.5,3.0,7.75,7.761347105
1984,274,0,12.5,-2.5,5.0,14.46543309
1984,275,0,15.0,-1.5,6.75,15.00290965
1984,276,0,18.0,-1.5,8.25,15.792537
1984,277,0,19.5,0.5,10.0,15.26833156
1984,278,0,19.5,5.5,12.5,12.65836031
1984,279,0,20.5,1.0,10.75,14.75076018
1984,280,0,20.5,7.0,13.75,11.77473051
1984,281,0,22.0,9.5,15.75,10.90437162
1984,282,13,19.5,12.5,16.0,5.003182399
1984,283,2,20.0,12.0,16.0,7.503667323
1984,284,0,20.0,12.0,16.0,7.376486642
1984,285,0,20.5,12.5,16.5,7.312342991
1984,286,0,19.5,12.5,16.0,6.429818503
1984,287,2,18.5,11.5,15.0,6.498385812
1984,288,0,17.5,12.0,14.75,5.248696187
1984,289,0,17.0,12.0,14.5,4.830658583
1984,290,8,19.0,13.5,16.25,3.839754045
1984,291,14,18.5,3.5,11.0,8.838512765
1984,292,12,18.0,3.0,10.5,8.715755756
1984,293,21,14.5,4.0,9.25,7.055769832
1984,294,64,15.5,5.0,10.25,7.055769832
1984,295,0,13.0,1.0,7.0,10.24634838
1984,296,8,12.5,4.0,8.25,6.02726375
1984,297,0,11.5,-1.0,5.25,10.39122431
1984,298,0,10.0,-3.5,3.25,10.74954262
1984,299,0,12.0,-3.5,4.25,11.12334267
1984,300,4,12.0,0.0,6.0,7.3366729
1984,301,6,13.5,5.0,9.25,5.626921423
1984,302,8,19.0,8.0,13.5,6.564741286
1984,303,19,17.5,1.0,9.25,7.971471923
1984,304,0,11.0,-5.5,2.75,10.68318698
1984,305,0,12.5,-0.5,6.0,9.521970979
1984,306,4,10.5,-3.5,3.5,7.361003312
1984,307,29,16.0,-0.5,7.75,7.591034439
1984,308,0,6.0,-8.5,-1.25,9.796240009
1984,309,0,7.0,-5.0,1.0,8.884961692
1984,310,0,11.5,2.5,7.0,7.106641978
1984,311,0,9.5,-2.0,3.75,8.347484085
1984,312,0,6.5,-6.5,0.0,8.911503272
1984,313,0,11.5,-3.0,4.25,8.935833999
1984,314,3,13.0,3.5,8.25,5.026406625
1984,315,15,12.0,2.0,7.0,5.197823789
1984,316,9,9.0,-0.5,4.25,4.97664
1984,317,0,4.5,-5.0,-0.25,6.63552
1984,318,0,4.5,-8.0,-1.75,7.664025251
1984,319,0,6.5,-6.5,0.0,7.664025251
1984,320,0,8.0,-1.0,3.5,5.744148819
1984,321,0,10.0,-1.0,4.5,6.611189807
1984,322,0,2.5,-8.5,-3.0,6.719569868
1984,323,0,5.0,-5.5,-0.25,6.329180117
1984,324,0,3.0,-6.5,-1.75,5.900083063
1984,325,0,-0.5,-10.5,-5.5,6.114631333
1984,326,0,-0.5,-11.5,-6.0,6.3700995
1984,327,0,2.0,-12.0,-5.0,7.219446302
1984,328,0,6.0,-6.5,-0.25,6.688604677
1984,329,0,8.0,-5.5,1.25,6.900941124
1984,330,0,8.5,-4.0,2.25,6.5138686
1984,331,0,10.0,-2.5,3.75,6.408806298
1984,332,0,15.0,1.0,8.0,6.5138686
1984,333,10,15.0,5.5,10.25,3.742433224
1984,334,0,9.0,-4.0,2.5,6.341345255
1984,335,0,3.0,-4.5,-0.75,4.366172014
1984,336,1,2.5,-2.0,0.25,2.806825043
1984,337,0,-0.5,-5.5,-3.0,3.22265082
1984,338,7,2.5,-6.0,-1.75,4.216872963
1984,339,0,0.5,-12.5,-6.0,7.199539375
1984,340,0,-6.5,-15.0,-10.75,5.553930474
1984,341,0,-3.5,-15.0,-9.25,6.788137025
1984,342,0,-3.5,-17.0,-10.25,7.302389838
1984,343,0,-3.0,-14.0,-8.5,6.511656899
1984,344,0,6.5,-7.5,-0.5,7.122124625
1984,345,0,7.0,-5.0,1.0,6.511656899
1984,346,0,6.0,-3.5,1.25,5.595955063
1984,347,0,4.5,-3.5,0.5,4.985487336
1984,348,1,6.0,-0.5,2.75,4.171530039
1984,349,4,1.5,-5.5,-2.0,3.459317774
1984,350,12,0.5,-4.5,-2.0,2.543615938
1984,351,2,2.0,-2.5,-0.25,2.848849801
1984,352,4,11.5,-1.5,5.0,4.578508688
1984,353,0,6.5,-3.5,1.5,5.290720956
1984,354,0,-1.0,-13.5,-7.25,6.10467825
1984,355,0,-2.0,-9.0,-5.5,4.171530039
1984,356,0,-0.5,-10.5,-5.5,5.494210524
1984,357,6,3.0,-8.0,-2.5,4.781997769
1984,358,0,3.0,-13.0,-5.0,7.427358732
1984,359,0,-4.5,-11.0,-7.75,4.476764149
1984,360,4,-6.5,-16.0,-11.25,4.578508688
1984,361,0,-9.5,-22.5,-16.0,7.223869164
1984,362,8,-4.0,-17.0,-10.5,5.392465982
1984,363,6,2.0,-5.0,-1.5,3.662806852
1984,364,3,13.5,1.0,7.25,5.087231875
1984,365,0,15.5,-5.0,5.25,7.732592352
1984,366,0,-1.0,-13.0,-7.0,6.816890519
1985,1,13,-5.5,-10.5,-8.0,2.747105261
1985,2,0,-8.5,-23.0,-15.75,7.834336894
1985,3,0,-9.0,-25.0,-17.0,8.228045
1985,4,0,-3.0,-19.5,-11.25,8.228045
1985,5,0,1.5,-8.0,-3.25,6.273884213
1985,6,0,0.5,-7.5,-3.5,5.553930474
1985,7,0,0.5,-5.0,-2.25,4.011172037
1985,8,0,-0.5,-11.5,-6.0,7.096688912
1985,9,0,-5.0,-18.0,-11.5,7.900692474
1985,10,3,-5.0,-12.0,-8.5,3.950346239
1985,11,0,-5.5,-14.0,-9.75,6.237388875
1985,12,0,-6.0,-17.0,-11.5,7.484866452
1985,13,0,-3.5,-13.0,-8.25,6.829056
1985,14,1,0.5,-12.0,-5.75,8.0898046
1985,15,0,-8.5,-21.5,-15.0,8.404992
1985,16,2,-7.0,-16.0,-11.5,6.829056
1985,17,2,-7.0,-14.5,-10.75,6.051594322
1985,18,2,-6.5,-12.5,-9.5,5.096079802
1985,19,0,-9.0,-29.0,-19.0,10.08599087
1985,20,0,-23.0,-32.5,-27.75,7.616470759
1985,21,0,-8.5,-27.0,-17.75,10.19105256
1985,22,0,-5.5,-13.5,-9.5,6.758277167
1985,23,0,-4.5,-11.0,-7.75,5.744148819
1985,24,3,-4.0,-9.5,-6.75,3.793305687
1985,25,5,-4.0,-16.0,-10.0,6.936330505
1985,26,0,-10.5,-23.5,-17.0,9.853746751
1985,27,0,-4.0,-17.5,-10.75,10.07271869
1985,28,0,-5.5,-20.0,-12.75,10.51066362
1985,29,1,-8.0,-20.0,-14.0,9.842687578
1985,30,1,-6.5,-14.0,-10.25,7.18848
1985,31,0,-8.5,-27.5,-18.0,11.83998048
1985,32,0,-15.0,-31.5,-23.25,11.61658377
1985,33,0,-15.5,-30.0,-22.75,11.28149085
1985,34,0,-11.0,-25.5,-18.25,11.50599121
1985,35,0,-12.0,-25.5,-18.75,11.16757948
1985,36,2,-8.5,-18.5,-13.5,9.568419615
1985,37,1,-7.0,-15.0,-11.0,8.087593027
1985,38,0,-7.5,-20.0,-13.75,11.27153637
1985,39,0,-8.0,-26.0,-17.0,13.11178651
1985,40,0,-7.0,-20.5,-13.75,11.84661475
1985,41,3,-3.0,-10.0,-6.5,5.689958512
1985,42,6,-3.0,-6.5,-4.75,3.135283256
1985,43,0,-3.0,-13.5,-8.25,10.90216005
1985,44,0,-4.0,-15.5,-9.75,11.7227525
1985,45,0,-4.5,-13.0,-8.75,9.70334165
1985,46,0,-8.0,-19.5,-13.75,12.18834429
1985,47,0,-4.0,-15.5,-9.75,12.30225456
1985,48,0,0.5,-8.0,-3.75,9.913467315
1985,49,0,3.0,-7.5,-2.25,11.93398177
1985,50,0,1.0,-14.5,-6.75,14.70652332
1985,51,0,2.0,-11.0,-4.5,13.989888
1985,52,16,4.0,-1.5,1.25,5.474304
1985,53,4,3.5,0.5,2.0,3.191685133
1985,54,6,4.0,0.0,2.0,4.173742369
1985,55,8,3.0,-0.5,1.25,3.839754045
1985,56,0,3.0,-2.5,0.25,8.051097438
1985,57,0,3.0,-1.5,0.75,6.998261779
1985,58,0,1.5,-8.5,-3.5,13.87155531
1985,59,0,7.0,-4.5,1.25,15.25506036
1985,60,0,9.5,0.5,5.0,12.98571237
1985,61,0,9.5,-4.0,2.75,16.78786536
1985,62,0,2.0,-4.5,-1.25,10.93754928
1985,63,18,2.0,-4.5,-1.25,8.59521033
1985,64,0,-0.5,-10.5,-5.5,15.90755341
1985,65,0,-0.5,-13.5,-7.0,18.24436238
1985,66,0,3.5,-4.0,-0.25,13.45683381
1985,67,0,7.5,-2.0,2.75,15.79032656
1985,68,0,9.5,-2.5,3.5,18.00880187
1985,69,0,14.0,-2.0,6.0,19.87227623
1985,70,2,13.5,2.0,7.75,17.8982091
1985,71,2,8.0,-2.0,3.0,17.11964109
1985,72,2,7.0,-1.0,3.0,14.73085491
1985,73,0,7.0,-2.5,2.25,16.86085746
1985,74,0,8.5,-5.0,1.75,20.07244875
1985,75,0,8.5,0.5,4.5,15.2462131
1985,76,0,6.5,-3.0,1.75,17.40496812
1985,77,0,6.5,-6.0,0.25,20.40422437
1985,78,0,13.0,-2.5,5.25,21.62847732
1985,79,0,13.5,-1.5,6.0,21.66718411
1985,80,0,9.5,-5.5,2.0,22.0785866
1985,81,0,12.0,-4.0,4.0,22.67135947
1985,82,5,10.0,-0.5,4.75,14.21328408
1985,83,7,2.5,-1.0,0.75,5.852528584
1985,84,0,7.5,-3.0,2.25,19.38235384
1985,85,0,15.5,-0.5,7.5,22.89364844
1985,86,4,17.0,7.5,12.25,12.88175693
1985,87,11,13.5,3.5,8.5,13.44798744
1985,88,2,9.5,1.5,5.5,15.69300425
1985,89,0,7.5,-2.5,2.5,18.83160483
1985,90,18,2.5,-2.0,0.25,7.476018926
1985,91,0,3.5,-3.0,0.25,14.23318985
1985,92,0,8.5,-5.0,1.75,23.180084
1985,93,0,11.5,0.5,6.0,20.42744958
1985,94,21,11.5,0.0,5.75,15.91197613
1985,95,13,3.5,-0.5,1.5,7.007109278
1985,96,6,5.5,-0.5,2.5,10.14902815
1985,97,0,7.0,-1.5,2.75,18.23883239
1985,98,0,6.0,-4.0,1.0,20.89525234
1985,99,0,5.0,-7.0,-1.0,23.56273016
1985,100,0,14.5,-2.0,6.25,26.27665977
1985,101,0,17.0,0.5,8.75,25.97806023
1985,102,0,21.5,3.0,12.25,26.47130257
1985,103,0,23.0,8.5,15.75,23.9144143
1985,104,3,20.0,6.5,13.25,17.57528093
1985,105,0,20.0,2.5,11.25,26.21140833
1985,106,0,20.0,6.5,13.25,23.50301164
1985,107,0,22.0,3.5,12.75,23.96086282
1985,108,0,28.0,12.5,20.25,21.82864796
1985,109,0,29.5,16.0,22.75,19.98397375
1985,110,0,28.5,15.5,22.0,19.97291461
1985,111,0,27.5,16.5,22.0,18.1149693
1985,112,0,27.5,16.5,22.0,18.24436253
1985,113,9,25.5,14.0,19.75,14.19006057
1985,114,5,20.0,10.5,15.25,13.03437321
1985,115,0,17.5,6.0,11.75,20.57232411
1985,116,0,18.0,6.5,12.25,20.71720029
1985,117,0,16.5,2.0,9.25,23.72198437
1985,118,0,17.0,2.5,9.75,23.72861817
1985,119,0,21.5,2.0,11.75,26.27665838
1985,120,0,25.0,6.0,15.5,25.657344
1985,121,0,24.0,7.0,15.5,24.53483551
1985,122,0,19.0,0.5,9.75,25.99575694
1985,123,0,21.0,3.5,12.25,25.18843531
1985,124,0,24.0,9.0,16.5,22.76647044
1985,125,0,24.0,13.0,18.5,18.04529698
1985,126,0,21.5,8.5,15.0,20.80899071
1985,127,1,22.5,6.5,14.5,23.89672035
1985,128,0,23.5,6.0,14.75,24.87877639
1985,129,0,26.5,12.5,19.5,21.25688705
1985,130,0,27.5,14.0,20.75,20.59775938
1985,131,6,27.0,14.5,20.75,14.66560405
1985,132,8,23.0,13.0,18.0,12.93926432
1985,133,0,22.5,5.5,14.0,25.38086432
1985,134,15,26.0,8.5,17.25,18.87031384
1985,135,18,24.5,11.5,18.0,15.86442287
1985,136,3,17.0,9.5,13.25,10.52061759
1985,137,6,19.0,6.5,12.75,16.4737844
1985,138,0,20.0,9.0,14.5,20.00388002
1985,139,0,25.0,8.5,16.75,25.3830761
1985,140,3,24.0,10.0,17.0,17.42819386
1985,141,0,19.5,5.5,12.5,23.85801316
1985,142,0,21.0,4.0,12.5,26.39609959
1985,143,0,25.5,7.5,16.5,26.56862195
1985,144,0,26.5,11.0,18.75,24.18425753
1985,145,0,28.0,11.5,19.75,24.8655052
1985,146,15,30.0,14.5,22.25,17.48459487
1985,147,7,24.0,10.0,17.0,17.14176
1985,148,0,19.0,6.0,12.5,22.284288
1985,149,0,22.5,5.5,14.0,26.22689313
1985,150,6,24.5,13.5,19.0,14.49197544
1985,151,8,24.0,15.0,19.5,12.42169347
1985,152,0,24.0,9.5,16.75,24.32581768
1985,153,0,23.0,9.0,16.0,23.98076932
1985,154,0,20.0,6.0,13.0,24.65537979
1985,155,0,19.0,8.0,13.5,20.8355325
1985,156,0,21.5,8.5,15.0,23.26634396
1985,157,0,23.0,8.0,15.5,25.52352698
1985,158,0,26.0,9.0,17.5,26.91256281
1985,159,0,32.0,14.5,23.25,26.21804573
1985,160,0,31.0,16.0,23.5,24.11348036
1985,161,0,25.0,11.5,18.25,23.41453791
1985,162,2,20.0,10.0,15.0,19.22088987
1985,163,0,18.5,4.0,11.25,25.68609795
1985,164,0,21.0,6.5,13.75,25.51136359
1985,165,0,24.0,9.0,16.5,25.51136359
1985,166,15,23.5,12.5,18.0,15.2019762
1985,167,3,22.0,12.0,17.0,14.15356503
1985,168,0,24.0,13.5,18.75,19.3956259
1985,169,0,23.0,9.5,16.25,23.93874433
1985,170,0,21.5,7.5,14.5,24.81242114
1985,171,0,25.0,7.0,16.0,27.957658
1985,172,34,27.0,12.0,19.5,18.69668345
1985,173,21,27.0,11.5,19.25,19.04615385
1985,174,0,27.5,14.5,21.0,22.5408611
1985,175,0,27.0,11.0,19.0,26.03556835
1985,176,0,28.5,11.5,20.0,26.55977477
1985,177,0,31.0,16.0,23.5,24.11348036
1985,178,11,32.0,19.5,25.75,15.5514466
1985,179,6,26.0,14.5,20.25,15.72618262
1985,180,10,26.0,12.5,19.25,17.64827228
1985,181,0,27.0,12.0,19.5,24.81242114
1985,182,0,27.0,13.0,20.0,23.76400997
1985,183,0,28.0,15.5,21.75,21.66718428
1985,184,0,27.5,12.5,20.0,24.81242114
1985,185,0,30.0,16.0,23.0,23.06506752
1985,186,5,28.0,13.0,20.5,18.23109094
1985,187,2,26.0,13.5,19.75,21.87730979
1985,188,0,30.5,15.5,23.0,23.96086271
1985,189,0,32.0,17.5,24.75,23.09271552
1985,190,0,31.0,15.0,23.0,25.00263834
1985,191,0,29.5,14.0,21.75,24.49834022
1985,192,0,27.0,14.5,20.75,21.39291644
1985,193,0,29.0,13.5,21.25,24.49834022
1985,194,0,30.5,16.0,23.25,23.11815169
1985,195,3,32.5,18.5,25.5,16.38973487
1985,196,0,30.0,15.5,22.75,22.96995775
1985,197,0,26.5,11.5,19.0,23.998464
1985,198,0,27.5,11.5,19.5,24.68413375
1985,199,0,30.0,14.0,22.0,24.01394683
1985,200,0,30.5,17.5,24.0,20.437401
1985,201,0,30.0,14.5,22.25,23.50301148
1985,202,0,30.5,13.5,22.0,24.69519288
1985,203,0,29.0,10.0,19.5,26.39609959
1985,204,0,26.5,9.0,17.75,25.55007078
1985,205,0,29.5,12.0,20.75,25.04245317
1985,206,89,29.0,17.5,23.25,13.78418635
1985,207,0,27.5,14.5,21.0,20.50817986
1985,208,0,28.0,14.0,21.0,21.51677952
1985,209,0,28.5,16.5,22.5,18.87031384
1985,210,0,28.0,17.0,22.5,17.70135669
1985,211,0,24.5,14.0,19.25,17.58412863
1985,212,9,19.5,13.0,16.25,8.957952161
1985,213,0,23.0,10.0,16.5,21.23366432
1985,214,0,26.0,10.0,18.0,23.56383704
1985,215,0,26.5,11.0,18.75,23.0694905
1985,216,0,25.5,12.0,18.75,20.95054911
1985,217,1,27.0,15.5,21.25,18.33172989
1985,218,0,29.0,16.0,22.5,19.80481629
1985,219,7,28.5,16.0,22.25,14.30618121
1985,220,0,29.0,14.0,21.5,21.78441121
1985,221,0,29.5,14.5,22.0,21.47475553
1985,222,5,28.0,15.0,21.5,14.69325419
1985,223,0,24.5,11.0,17.75,20.52587551
1985,224,0,27.5,13.0,20.25,21.00695101
1985,225,32,28.0,16.0,22.0,13.53646038
1985,226,0,27.0,16.0,21.5,17.04001452
1985,227,0,24.5,12.5,18.5,18.79179235
1985,228,0,25.5,11.0,18.25,21.03349311
1985,229,0,27.5,13.5,20.5,20.2427603
1985,230,0,26.5,11.5,19.0,21.04344483
1985,231,0,22.0,7.5,14.75,21.20048606
1985,232,0,19.5,11.0,15.25,14.3459944
1985,233,0,21.0,8.0,14.5,20.11557893
1985,234,0,22.5,10.0,16.25,19.19877061
1985,235,0,23.5,13.0,18.25,16.87633861
1985,236,12,23.5,14.5,19.0,11.06804671
1985,237,19,21.5,14.5,18.0,9.069649774
1985,238,0,22.5,14.5,18.5,13.58290908
1985,239,0,24.5,10.5,17.5,20.2980563
1985,240,0,25.0,14.5,19.75,16.36319234
1985,241,5,24.5,17.0,20.75,9.242173141
1985,242,5,21.5,14.0,17.75,9.325117463
1985,243,0,23.5,9.5,16.5,19.70307195
1985,244,0,25.5,11.0,18.25,19.70749412
1985,245,0,25.5,11.5,18.5,19.25959623
1985,246,0,28.5,18.0,23.25,15.11571377
1985,247,0,29.5,20.0,24.75,13.78197486
1985,248,22,28.0,20.0,24.0,8.97232897
1985,249,0,30.0,20.0,25.0,14.12038736
1985,250,0,33.5,21.5,27.5,15.47403293
1985,251,40,31.0,19.0,25.0,11.9704776
1985,252,28,23.0,15.0,19.0,9.416909124
1985,253,0,19.5,13.0,16.25,10.86566437
1985,254,0,18.0,7.5,12.75,16.24596507
1985,255,0,18.0,4.5,11.25,18.54627775
1985,256,0,18.0,5.5,11.75,17.69029516
1985,257,0,18.0,4.5,11.25,18.11939387
1985,258,0,20.0,3.5,11.75,19.39341319
1985,259,0,22.5,7.0,14.75,18.39919125
1985,260,13,23.0,13.0,18.0,10.53388781
1985,261,0,26.5,17.0,21.75,13.09851642
1985,262,0,28.5,18.5,23.5,13.09851642
1985,263,0,26.5,14.5,20.5,15.06815947
1985,264,5,18.0,7.5,12.75,11.0592
1985,265,8,19.5,9.5,14.5,10.42218957
1985,266,15,18.5,10.0,14.25,9.187982764
1985,267,0,14.5,2.0,8.25,15.91529475
1985,268,4,12.0,1.0,6.5,11.01828168
1985,269,7,12.5,5.0,8.75,8.230256357
1985,270,0,15.5,0.5,8.0,16.73035694
1985,271,0,19.5,5.5,12.5,15.52269421
1985,272,5,18.5,8.5,13.5,9.367142749
1985,273,6,14.5,6.5,10.5,7.962624
1985,274,0,9.5,1.5,5.5,10.92317168
1985,275,0,13.5,0.5,7.0,14.87130593
1985,276,0,17.5,4.5,11.0,14.22434281
1985,277,6,17.0,7.0,12.0,9.004400939
1985,278,7,11.5,5.0,8.25,6.469631875
1985,279,0,12.0,-0.5,5.75,13.71562007
1985,280,0,17.0,0.5,8.75,15.00954658
1985,281,3,18.5,8.0,13.25,8.723497544
1985,282,7,14.5,2.5,8.5,9.411379323
1985,283,8,9.5,1.5,5.5,7.122124677
1985,284,0,12.5,-1.0,5.75,13.11178652
1985,285,20,17.5,5.5,11.5,8.951316003
1985,286,0,18.5,5.0,11.75,12.37192681
1985,287,0,17.5,5.5,11.5,11.62211375
1985,288,0,14.0,3.5,8.75,10.6522217
1985,289,0,13.5,-1.5,6.0,12.88175543
1985,290,0,16.0,3.0,9.5,11.66192687
1985,291,11,16.5,8.5,12.5,6.13785625
1985,292,6,16.0,7.0,11.5,6.690816
1985,293,0,14.0,8.0,11.0,6.325862168
1985,294,2,13.5,6.0,9.75,7.714897717
1985,295,0,16.5,6.5,11.5,9.40253168
1985,296,11,16.5,9.0,12.75,5.494210559
1985,297,14,16.5,7.0,11.75,6.569164937
1985,298,0,18.0,1.0,9.5,11.5966771
1985,299,0,21.0,3.5,12.25,11.36001045
1985,300,0,19.0,3.0,11.0,10.90216005
1985,301,0,13.5,0.0,6.75,10.19879445
1985,302,0,12.0,1.0,6.5,9.026519201
1985,303,0,13.0,0.5,6.75,9.405850043
1985,304,14,12.0,1.0,6.5,6.502809488
1985,305,48,12.5,5.5,9.0,4.485611437
1985,306,15,10.0,4.0,7.0,3.910533062
1985,307,0,6.0,0.0,3.0,5.35375862
1985,308,0,8.5,0.0,4.25,6.948495402
1985,309,0,7.0,-3.0,2.0,7.783464897
1985,310,7,4.5,1.0,2.75,2.36888048
1985,311,6,8.0,-1.5,3.25,5.640191875
1985,312,0,7.0,-3.0,2.0,7.707156933
1985,313,14,1.5,-3.5,-1.0,3.35093775
1985,314,8,0.5,-4.5,-2.0,3.31776
1985,315,0,0.5,-6.0,-2.75,5.640191893
1985,316,2,2.5,-1.5,0.5,3.649535948
1985,317,3,3.0,0.0,1.5,2.080235399
1985,318,0,2.0,-1.5,0.25,3.28458225
1985,319,0,3.0,-3.0,0.0,5.310628067
1985,320,11,5.0,0.5,2.75,3.143024816
1985,321,0,8.0,-0.5,3.75,6.827950444
1985,322,11,13.0,2.5,7.75,5.470986009
1985,323,5,13.5,-0.5,6.5,6.007357196
1985,324,0,3.0,-11.0,-4.0,8.152841946
1985,325,0,-4.5,-12.5,-8.5,6.157763052
1985,326,4,-0.5,-9.0,-4.75,5.30841625
1985,327,1,-2.5,-11.0,-6.75,7.007109347
1985,328,0,-6.0,-16.0,-11.0,7.750287927
1985,329,2,-2.5,-12.0,-7.25,7.459430298
1985,330,2,0.5,-6.5,-3.0,6.198681702
1985,331,0,-1.5,-11.5,-6.5,7.774617702
1985,332,3,-1.5,-12.0,-6.75,5.821562849
1985,333,3,-3.5,-16.5,-10.0,6.237388875
1985,334,5,-2.0,-11.0,-6.5,5.405736827
1985,335,25,0.0,-7.5,-3.75,4.88595442
1985,336,9,-4.5,-17.0,-10.75,6.237388875
1985,337,0,-10.0,-23.5,-16.75,8.330895954
1985,338,0,-4.0,-13.5,-8.75,7.096688912
1985,339,0,-3.5,-9.5,-6.5,5.142528125
1985,340,0,-4.0,-15.5,-9.75,7.713792187
1985,341,0,0.0,-12.0,-6.0,7.713792187
1985,342,0,-1.0,-12.0,-6.5,7.325613706
1985,343,0,-2.0,-8.0,-5.0,4.883742794
1985,344,2,-0.5,-4.5,-2.5,3.35757299
1985,345,0,-1.5,-10.0,-5.75,6.206422789
1985,346,0,-6.5,-21.5,-14.0,7.936081919
1985,347,0,-12.0,-22.5,-17.25,6.918635544
1985,348,0,-12.0,-26.0,-19.0,7.732592352
1985,349,0,-5.0,-17.5,-11.25,7.223869164
1985,350,2,-9.5,-19.5,-14.5,6.409912357
1985,351,0,-13.0,-24.5,-18.75,6.918635544
1985,352,0,-14.5,-26.0,-20.25,6.918635544
1985,353,0,-13.0,-26.5,-19.75,7.427358732
1985,354,0,-11.5,-26.5,-19.0,7.732592352
1985,355,0,-10.0,-24.5,-17.25,7.529103274
1985,356,0,-0.5,-17.0,-8.75,7.732592352
1985,357,4,1.0,-7.0,-3.0,3.866296177
1985,358,0,-3.0,-22.0,-12.5,8.037826461
1985,359,0,-13.0,-25.5,-19.25,7.020380086
1985,360,4,-6.5,-22.5,-14.5,5.799444144
1985,361,0,-4.5,-16.0,-10.25,6.511656899
1985,362,0,-9.0,-21.5,-15.25,6.918635544
1985,363,0,-8.0,-17.0,-12.5,5.595955063
1985,364,0,-2.5,-18.5,-10.5,7.630847813
1985,365,0,0.5,-14.0,-6.75,7.325613706
1986,1,0,-5.0,-15.5,-10.25,6.206422789
1986,2,0,-2.5,-14.5,-8.5,6.715145977
1986,3,10,-1.5,-8.5,-5.0,3.496919225
1986,4,8,-4.0,-10.5,-7.25,3.394068514
1986,5,0,-5.5,-18.0,-11.75,7.199539375
1986,6,0,-8.5,-21.5,-15.0,7.405240304
1986,7,0,-13.5,-27.5,-20.5,7.713792187
1986,8,0,-11.0,-28.0,-19.5,8.228045
1986,9,0,-0.5,-16.0,-8.25,8.108605736
1986,10,0,1.0,-6.0,-2.5,4.88595442
1986,11,0,3.0,-4.0,-0.5,4.989911298
1986,12,0,3.0,-8.5,-2.75,7.172997307
1986,13,0,-1.0,-17.5,-9.25,8.6151166
1986,14,0,-4.5,-14.5,-9.5,6.829056
1986,15,0,-1.5,-17.5,-9.5,8.6151166
1986,16,0,3.5,-12.5,-4.5,8.6151166
1986,17,0,5.5,-5.5,0.0,7.325614527
1986,18,0,4.5,-1.5,1.5,4.671406402
1986,19,0,1.5,-5.5,-2.0,5.414584472
1986,20,0,-0.5,-6.5,-3.5,4.827340688
1986,21,0,2.0,-4.0,-1.0,4.827340688
1986,22,0,2.5,-9.0,-3.25,8.045567813
1986,23,0,-1.5,-14.0,-7.75,8.670413
1986,24,2,1.5,-9.5,-4.0,8.128512187
1986,25,2,1.0,-8.5,-3.75,7.478231317
1986,26,0,-7.5,-19.5,-13.5,8.977857942
1986,27,0,-15.5,-25.5,-20.5,8.211455626
1986,28,0,-11.5,-21.5,-16.5,8.211455626
1986,29,3,-8.5,-16.5,-12.5,5.308416211
1986,30,0,-7.5,-20.5,-14.0,9.842687578
1986,31,1,-5.5,-14.5,-10.0,8.042250386
1986,32,7,0.0,-7.0,-3.5,5.026406625
1986,33,0,0.5,-3.5,-1.5,4.132823277
1986,34,0,0.5,-3.0,-1.25,3.722526585
1986,35,21,0.5,-1.5,-0.5,1.804861427
1986,36,10,0.5,-2.5,-1.0,2.619924483
1986,37,0,-1.5,-5.0,-3.25,4.214661266
1986,38,0,-3.0,-9.0,-6.0,7.245987745
1986,39,0,-2.0,-10.5,-6.25,9.776332376
1986,40,0,-4.5,-19.0,-11.75,12.53670814
1986,41,0,-11.5,-22.5,-17.0,11.61216
1986,42,0,-10.0,-23.0,-16.5,12.42501098
1986,43,0,-10.5,-22.0,-16.25,12.19166215
1986,44,0,-10.5,-21.0,-15.75,11.83998047
1986,45,1,-8.0,-18.0,-13.0,11.83334375
1986,46,0,-8.0,-21.5,-14.75,13.60834531
1986,47,0,-4.5,-12.0,-8.25,10.27178563
1986,48,0,0.0,-6.0,-3.0,8.599633872
1986,49,0,2.0,-2.0,0.0,6.147808909
1986,50,3,1.5,-1.0,0.25,3.013631875
1986,51,7,1.5,-5.5,-2.0,7.785676918
1986,52,4,-3.0,-16.5,-9.75,11.19191017
1986,53,0,-3.0,-14.5,-8.75,14.48534098
1986,54,0,-3.5,-15.5,-9.5,14.85361259
1986,55,0,-1.5,-15.5,-8.5,15.73060553
1986,56,0,0.5,-14.0,-6.75,15.97833137
1986,57,9,0.5,-7.0,-3.25,8.872796216
1986,58,0,-0.5,-13.0,-6.75,15.871058
1986,59,0,-5.0,-19.0,-12.0,16.76795862
1986,60,0,0.5,-12.0,-5.75,16.2636584
1986,61,0,3.5,-5.5,-1.0,13.86270672
1986,62,0,5.0,-4.0,0.5,13.86270672
1986,63,0,4.5,-3.0,0.75,12.44381208
1986,64,0,4.0,-5.0,-0.5,14.11153975
1986,65,0,1.0,-11.0,-5.0,16.69164974
1986,66,0,-4.5,-18.5,-11.5,17.85618422
1986,67,0,-4.0,-14.0,-9.0,15.26833156
1986,68,0,4.0,-5.5,-0.75,14.48534093
1986,69,15,8.5,-1.5,3.5,11.31798535
1986,70,9,4.0,-10.0,-3.0,13.81846988
1986,71,0,2.5,-7.0,-2.25,15.39440691
1986,72,2,2.5,-1.0,0.75,6.63552
1986,73,0,3.0,-0.5,1.25,6.958448644
1986,74,0,2.5,-1.0,0.75,7.09226548
1986,75,0,5.5,-3.5,1.0,16.05574575
1986,76,0,6.0,-2.0,2.0,15.11129034
1986,77,12,6.5,0.5,3.5,9.113886628
1986,78,8,6.5,-7.0,-0.25,15.37118262
1986,79,0,-1.0,-14.5,-7.75,20.84437914
1986,80,0,1.5,-12.5,-5.5,20.98151374
1986,81,0,8.5,-3.5,2.5,19.49184053
1986,82,0,10.5,-0.5,5.0,18.81169987
1986,83,0,9.5,-6.5,1.5,22.295348
1986,84,0,18.0,2.5,10.25,21.77003481
1986,85,0,17.5,1.5,9.5,22.05093822
1986,86,0,11.5,-4.5,3.5,22.7908003
1986,87,0,20.0,1.5,10.75,23.07391421
1986,88,0,26.5,6.0,16.25,23.39684216
1986,89,0,25.5,10.0,17.75,21.25688703
1986,90,0,24.0,6.0,15.0,22.85936585
1986,91,7,23.5,5.0,14.25,15.38334693
1986,92,0,15.0,-0.5,7.25,20.13769742
1986,93,13,10.5,3.5,7.0,8.837406884
1986,94,6,10.0,3.5,6.75,8.466923654
1986,95,4,17.0,7.0,12.0,11.82449699
1986,96,0,16.5,6.5,11.5,16.03252195
1986,97,0,19.0,3.5,11.25,20.73931867
1986,98,0,16.5,2.5,9.5,20.15428597
1986,99,0,12.5,-1.0,5.75,20.00609213
1986,100,0,15.0,-2.5,6.25,22.54417977
1986,101,0,18.0,-2.0,8.0,23.43997412
1986,102,0,15.5,0.0,7.75,21.35752746
1986,103,0,13.0,-2.0,5.5,20.9063118
1986,104,14,10.5,0.5,5.5,11.96937211
1986,105,7,7.0,-2.5,2.25,11.6663496
1986,106,1,10.0,1.0,5.5,14.80384507
1986,107,0,14.5,0.0,7.25,20.60328994
1986,108,0,17.5,2.5,10.0,21.06003358
1986,109,0,17.5,8.0,12.75,15.06484204
1986,110,0,15.5,5.5,10.5,16.257024
1986,111,0,11.5,-1.0,5.25,19.6632573
1986,112,0,9.5,-6.0,1.75,22.76647044
1986,113,0,15.5,-2.5,6.5,24.01394705
1986,114,0,22.0,6.0,14.0,22.45681146
1986,115,0,25.5,9.0,17.25,22.45681146
1986,116,10,27.0,12.0,19.5,15.81465625
1986,117,0,28.5,14.5,21.5,20.08461314
1986,118,1,25.5,9.0,17.25,23.25086196
1986,119,0,19.5,5.0,12.25,22.2953465
1986,120,4,22.0,10.5,16.25,14.27189699
1986,121,0,20.0,6.0,13.0,22.28981699
1986,122,0,13.5,2.5,8.0,19.69864734
1986,123,0,16.0,-1.5,7.25,25.67282706
1986,124,0,22.5,5.5,14.0,24.54257709
1986,125,3,24.5,12.0,18.25,14.95646154
1986,126,0,25.5,13.5,19.5,19.34585764
1986,127,0,25.0,5.5,15.25,26.35186279
1986,128,0,22.0,5.0,13.5,25.04245317
1986,129,0,22.0,6.0,14.0,24.38774742
1986,130,0,23.5,7.5,15.5,24.22296471
1986,131,2,22.5,10.0,16.25,20.92732321
1986,132,2,21.0,11.0,16.0,17.91590432
1986,133,7,20.0,9.0,14.5,14.59814432
1986,134,8,21.0,10.5,15.75,14.19448362
1986,135,10,20.0,8.5,14.25,15.19644781
1986,136,7,21.5,13.0,17.25,11.68957475
1986,137,16,21.0,10.5,15.75,14.28848619
1986,138,11,18.0,6.5,12.25,15.80138408
1986,139,0,17.5,5.5,11.5,21.6848784
1986,140,0,16.5,1.5,9.0,25.38086437
1986,141,0,19.0,5.0,12.0,24.02721795
1986,142,0,19.0,5.5,12.25,23.51960034
1986,143,0,18.5,4.0,11.25,25.0358159
1986,144,0,20.5,6.5,13.5,24.35456985
1986,145,0,22.5,9.0,15.75,23.67332218
1986,146,0,22.0,12.5,17.25,18.34168287
1986,147,2,20.5,12.5,16.5,16.11325375
1986,148,0,23.0,11.0,17.0,22.45570625
1986,149,0,26.5,11.5,19.0,25.36980513
1986,150,0,28.5,14.0,21.25,24.6708644
1986,151,0,31.0,17.0,24.0,23.6357226
1986,152,0,29.0,13.5,21.25,25.53348203
1986,153,0,21.0,3.5,12.25,28.29385744
1986,154,0,22.5,3.5,13.0,29.34337428
1986,155,0,28.5,11.0,19.75,27.43345146
1986,156,0,26.5,10.5,18.5,26.39167417
1986,157,0,19.5,12.0,15.75,15.45301928
1986,158,0,25.0,13.0,19.0,22.39819678
1986,159,0,27.0,12.0,19.5,25.87078553
1986,160,0,26.5,8.5,17.5,28.65659878
1986,161,17,26.0,14.0,20.0,16.77459547
1986,162,7,27.5,15.5,21.5,16.42512341
1986,163,5,23.0,9.5,16.25,18.34721306
1986,164,0,23.0,11.5,17.25,22.01665634
1986,165,6,22.0,10.0,16.0,17.12406586
1986,166,0,20.5,12.0,16.25,17.29880022
1986,167,0,24.0,13.5,18.75,20.26930272
1986,168,0,23.5,7.0,15.25,27.60818761
1986,169,0,26.0,12.0,19.0,24.63768678
1986,170,0,31.0,15.0,23.0,25.86083398
1986,171,0,31.0,13.5,22.25,27.25871722
1986,172,0,31.0,15.5,23.25,25.33662756
1986,173,15,30.5,17.0,23.75,16.94932983
1986,174,0,27.0,12.5,19.75,24.81242114
1986,175,6,24.0,9.5,16.75,18.87141948
1986,176,0,23.5,8.5,16.0,25.68609795
1986,177,0,29.0,15.0,22.0,23.41453791
1986,178,41,29.5,17.5,23.5,15.37671223
1986,179,0,27.5,16.0,21.75,20.26930272
1986,180,0,26.5,13.5,20.0,22.5408611
1986,181,5,23.0,9.5,16.25,17.82300664
1986,182,0,18.5,11.5,15.0,14.32829939
1986,183,0,22.5,13.0,17.75,18.69668345
1986,184,0,25.5,9.0,17.25,27.25871722
1986,185,0,29.5,16.5,23.0,22.71559712
1986,186,0,31.5,21.0,26.25,18.75197958
1986,187,0,31.0,19.5,25.25,20.14101541
1986,188,0,26.5,17.5,22.0,17.36294375
1986,189,11,27.0,16.5,21.75,14.93213229
1986,190,0,27.5,15.0,21.25,22.74545697
1986,191,13,24.5,12.0,18.25,17.42487668
1986,192,14,21.5,16.0,18.75,8.798699607
1986,193,17,26.0,15.5,20.75,15.35459307
1986,194,9,25.5,14.5,20.0,15.87216397
1986,195,0,26.0,14.0,20.0,22.60058243
1986,196,0,28.0,15.0,21.5,23.141376
1986,197,15,31.5,19.0,25.25,16.11325375
1986,198,0,33.0,22.5,27.75,18.51310113
1986,199,0,34.0,21.5,27.75,20.77802403
1986,200,0,33.0,19.0,26.0,22.99207613
1986,201,0,29.5,16.5,23.0,22.8217638
1986,202,0,27.5,13.5,20.5,24.35456985
1986,203,0,29.5,14.0,21.75,25.21165797
1986,204,0,30.0,14.5,22.25,25.04245317
1986,205,0,32.0,19.0,25.5,21.99674912
1986,206,23,31.5,19.5,25.5,15.63328521
1986,207,0,28.0,17.0,22.5,20.34008098
1986,208,0,29.5,16.5,23.0,22.52537758
1986,209,20,27.0,15.0,21.0,16.19841041
1986,210,0,28.0,15.0,21.5,22.54417987
1986,211,1,28.0,15.5,21.75,21.89721568
1986,212,0,28.0,15.5,21.75,21.73132863
1986,213,0,26.5,13.0,19.75,22.89254432
1986,214,0,25.5,12.0,18.75,23.0694905
1986,215,0,24.5,10.5,17.5,23.56383704
1986,216,0,26.0,11.0,18.5,23.89672035
1986,217,0,26.5,12.5,19.5,22.75098596
1986,218,17,22.5,15.0,18.75,10.80262657
1986,219,8,22.5,14.0,18.25,12.03019773
1986,220,8,25.0,12.0,18.5,16.41959461
1986,221,0,27.0,12.0,19.5,23.08939878
1986,222,11,26.0,14.0,20.0,15.01618253
1986,223,0,22.0,7.5,14.75,22.93125151
1986,224,0,23.5,7.5,15.5,23.73304351
1986,225,0,23.0,11.0,17.0,19.74730629
1986,226,7,25.5,14.5,20.0,13.53646038
1986,227,0,27.5,15.5,21.5,18.95104392
1986,228,0,29.0,14.0,21.5,21.34978594
1986,229,0,28.0,16.5,22.25,17.87056186
1986,230,0,25.5,12.0,18.75,20.41528288
1986,231,0,26.0,10.5,18.25,21.98568925
1986,232,0,26.5,9.5,18.0,22.61053512
1986,233,0,25.0,14.0,19.5,17.30875507
1986,234,0,26.0,10.5,18.25,21.52120261
1986,235,0,25.0,11.0,18.0,20.28257339
1986,236,0,23.5,8.5,16.0,21.06003358
1986,237,5,27.0,13.0,20.0,14.60367313
1986,238,54,26.0,14.0,20.0,13.12505936
1986,239,0,20.0,6.0,13.0,20.14543876
1986,240,0,17.0,2.5,9.75,20.60550168
1986,241,0,20.0,5.5,12.75,20.15096828
1986,242,0,21.5,8.0,14.75,18.80064062
1986,243,0,25.0,11.0,18.0,18.80064062
1986,244,0,27.0,10.5,18.75,20.00609223
1986,245,0,26.5,11.0,18.75,19.25959623
1986,246,5,25.0,14.0,19.5,11.41088189
1986,247,4,24.0,13.5,18.75,11.11449563
1986,248,0,23.0,8.0,15.5,18.82718268
1986,249,0,19.0,5.0,12.0,18.23883239
1986,250,0,16.5,1.5,9.0,18.97758688
1986,251,0,19.5,2.5,11.0,19.85347606
1986,252,11,19.0,6.0,12.5,12.4592957
1986,253,45,21.0,12.0,16.5,9.27203374
1986,254,56,22.5,14.5,18.5,8.194866926
1986,255,0,20.0,8.0,14.0,15.40767717
1986,256,0,20.0,10.5,15.25,12.69706653
1986,257,4,17.0,10.0,13.5,7.36100338
1986,258,0,13.5,8.0,10.75,8.068792192
1986,259,0,16.0,4.0,10.0,15.44970213
1986,260,4,16.5,7.0,11.75,9.691176924
1986,261,3,18.0,10.0,14.0,8.22140971
1986,262,3,19.0,13.0,16.0,6.409912415
1986,263,0,18.5,12.5,15.5,8.570879736
1986,264,20,19.0,13.0,16.0,6.497279736
1986,265,21,23.5,14.5,19.0,8.913714876
1986,266,0,23.0,14.0,18.5,11.93066426
1986,267,0,22.5,12.0,17.25,13.46678757
1986,268,26,27.0,16.0,21.5,9.930056122
1986,269,14,28.5,18.5,23.5,9.039789656
1986,270,0,28.0,17.5,22.75,12.54776835
1986,271,0,26.5,14.5,20.5,13.78308173
1986,272,31,22.5,15.5,19.0,7.09226548
1986,273,5,19.0,11.0,15.0,8.228044547
1986,274,2,16.0,6.5,11.25,12.6340301
1986,275,0,16.5,7.0,11.75,12.6340301
1986,276,4,18.0,10.5,14.25,7.699415314
1986,277,20,15.5,5.5,10.5,9.656893751
1986,278,1,12.0,3.0,7.5,12.16290743
1986,279,0,12.5,-1.0,5.75,15.00954644
1986,280,0,18.5,4.0,11.25,14.75297337
1986,281,0,20.0,8.0,14.0,13.47010612
1986,282,0,13.5,3.0,8.25,12.84526128
1986,283,0,13.0,-1.0,6.0,14.37143064
1986,284,0,16.5,3.0,9.75,13.61608674
1986,285,7,16.0,6.0,11.0,8.699166498
1986,286,2,8.0,2.5,5.25,7.49813775
1986,287,2,5.5,0.0,2.75,7.49813775
1986,288,0,9.0,-1.5,3.75,11.76698856
1986,289,0,12.5,2.5,7.5,11.27153689
1986,290,0,11.5,3.0,7.25,9.943327592
1986,291,0,13.5,0.0,6.75,12.52122652
1986,292,0,16.5,-0.5,8.0,13.01667817
1986,293,0,21.5,4.0,12.75,12.65172434
1986,294,0,23.5,6.5,15.0,12.0545275
1986,295,0,21.5,8.0,14.75,10.84907475
1986,296,2,17.5,9.5,13.5,7.644119315
1986,297,0,14.0,8.0,11.0,6.091407372
1986,298,0,12.5,7.0,9.75,5.561671337
1986,299,8,9.5,5.5,7.5,3.195002869
1986,300,3,14.5,4.0,9.25,6.916424088
1986,301,0,20.0,4.5,12.25,10.78493208
1986,302,0,18.5,5.5,12.0,9.847111652
1986,303,0,14.0,0.0,7.0,10.21870102
1986,304,0,16.0,4.5,10.25,8.941362979
1986,305,5,14.0,1.0,7.5,7.015956064
1986,306,0,7.5,-5.5,1.0,9.431285131
1986,307,0,8.5,-2.0,3.25,8.087593027
1986,308,0,8.5,-5.0,1.75,9.226691196
1986,309,0,10.0,-5.0,2.5,9.47552192
1986,310,0,12.5,-1.5,5.5,9.024307
1986,311,0,14.0,2.0,8.0,8.121876085
1986,312,1,14.0,2.5,8.25,7.707156933
1986,313,0,5.5,-6.5,-0.5,8.153948737
1986,314,0,0.0,-9.5,-4.75,6.967296211
1986,315,0,-2.0,-13.5,-7.75,7.852031893
1986,316,0,-5.0,-13.5,-9.25,6.303743789
1986,317,0,-7.0,-17.5,-12.25,7.116594876
1986,318,0,-2.5,-12.5,-7.5,6.788136442
1986,319,0,3.5,-7.0,-1.75,6.827950444
1986,320,0,6.0,-6.0,0.0,7.261470681
1986,321,0,5.0,-3.0,1.0,5.419008125
1986,322,7,1.5,-8.5,-3.5,5.363711875
1986,323,7,-1.0,-14.0,-7.5,6.329180117
1986,324,10,0.5,-4.5,-2.0,3.11095299
1986,325,0,0.5,-7.0,-3.25,5.839257875
1986,326,0,5.0,-5.0,0.0,7.113277572
1986,327,7,5.0,-3.0,1.0,4.459069447
1986,328,0,3.0,-8.5,-2.75,7.537950972
1986,329,0,6.0,-4.5,0.75,6.829056
1986,330,0,5.5,-2.5,1.5,5.5683074
1986,331,0,4.5,-6.0,-0.75,6.829056
1986,332,0,5.0,-3.5,0.75,5.821562849
1986,333,0,6.5,-4.5,1.0,6.861127662
1986,334,0,4.0,-2.0,1.0,4.366172014
1986,335,0,1.5,-2.5,-0.5,3.118694437
1986,336,5,2.0,-1.5,0.25,2.079129625
1986,337,0,1.0,-4.0,-1.5,3.805470861
1986,338,0,-2.0,-8.5,-5.25,4.936827196
1986,339,0,-1.5,-12.5,-7.0,7.096688912
1986,340,0,1.5,-5.5,-2.0,5.245378588
1986,341,3,1.5,-4.5,-1.5,3.496919225
1986,342,4,0.5,-7.0,-3.25,4.171530039
1986,343,4,0.0,-10.0,-5.0,4.985487336
1986,344,0,-6.5,-19.0,-12.75,7.427358732
1986,345,0,-4.5,-17.5,-11.0,7.427358732
1986,346,0,-5.5,-20.0,-12.75,7.630847813
1986,347,0,-9.0,-23.5,-16.25,7.630847813
1986,348,0,1.0,-13.0,-6.0,7.427358732
1986,349,0,3.5,-11.5,-4.0,7.529103274
1986,350,0,2.0,-6.0,-2.0,5.494210524
1986,351,0,0.5,-2.5,-1.0,2.340126614
1986,352,0,0.5,-5.0,-2.25,4.171530039
1986,353,0,1.0,-9.5,-4.25,6.613401438
1986,354,0,1.0,-9.0,-4.0,6.409912357
1986,355,0,1.5,-12.5,-5.5,7.325613706
1986,356,0,1.5,-9.0,-3.75,6.511656899
1986,357,0,1.0,-5.0,-2.0,4.375019607
1986,358,0,0.5,-4.5,-2.0,3.764551635
1986,359,0,-1.5,-5.5,-3.5,3.154083666
1986,360,0,0.5,-4.0,-1.75,3.561062313
1986,361,0,1.0,-4.5,-1.75,4.273274581
1986,362,0,0.0,-5.0,-2.5,3.968040961
1986,363,0,0.0,-5.0,-2.5,4.0697855
1986,364,0,1.0,-3.5,-1.25,3.764551635
1986,365,0,0.5,-1.5,-0.5,1.831403426
1987,1,0,0.0,-1.5,-0.75,1.424424901
1987,2,0,1.0,-2.0,-0.5,2.441871397
1987,3,0,3.0,-4.5,-0.75,5.553930474
1987,4,0,1.0,-5.5,-2.25,5.039677662
1987,5,0,2.0,-6.5,-2.25,6.17103375
1987,6,0,1.5,-3.0,-0.75,3.70262015
1987,7,0,0.5,-3.5,-1.5,3.394068514
1987,8,0,1.0,-5.5,-2.25,5.142528125
1987,9,0,-1.0,-8.5,-4.75,5.925519233
1987,10,5,-0.5,-5.5,-3.0,3.22265082
1987,11,0,0.0,-5.5,-2.75,4.678041656
1987,12,0,4.5,-6.0,-0.75,7.380910068
1987,13,0,7.5,-5.5,1.0,8.0898046
1987,14,0,6.5,-5.0,0.75,7.87968
1987,15,0,2.0,-7.5,-2.75,7.249305702
1987,16,0,-4.0,-15.5,-9.75,8.1948674
1987,17,0,-3.0,-12.0,-7.5,7.325614527
1987,18,0,-2.5,-12.5,-7.5,7.856456152
1987,19,0,-3.0,-16.5,-9.75,8.918138895
1987,20,0,-3.5,-13.5,-8.5,8.045567813
1987,21,0,-1.5,-12.0,-6.75,8.36739073
1987,22,1,-1.5,-13.5,-7.5,8.903761917
1987,23,0,-11.0,-24.5,-17.75,9.537454506
1987,24,0,-16.0,-26.0,-21.0,8.670413
1987,25,0,-11.5,-24.0,-17.75,9.537454506
1987,26,0,-6.5,-22.5,-14.5,10.40117713
1987,27,2,-3.5,-13.0,-8.25,8.649400032
1987,28,0,0.0,-7.5,-3.75,7.445053309
1987,29,6,-0.5,-6.0,-3.25,4.42368
1987,30,5,0.0,-7.0,-3.5,5.5296
1987,31,0,0.5,-13.5,-6.5,10.72300123
1987,32,0,5.0,-7.5,-1.25,10.1645116
1987,33,0,7.0,-6.0,0.5,10.38790724
1987,34,0,5.5,-4.0,0.75,8.911503272
1987,35,0,2.0,-8.5,-3.25,9.701130455
1987,36,0,3.5,-8.0,-2.25,10.25187862
1987,37,0,6.0,-5.0,0.5,9.91014912
1987,38,0,9.0,-2.5,3.25,10.23639464
1987,39,0,5.5,-8.0,-1.25,11.27153637
1987,40,0,1.0,-12.5,-5.75,11.38655139
1987,41,0,4.5,-9.5,-2.5,11.61216
1987,42,0,7.0,-6.0,0.5,11.14767404
1987,43,0,7.0,-5.0,1.0,10.90216005
1987,44,0,3.5,-5.5,-1.0,9.260974588
1987,45,0,2.5,-7.5,-2.5,10.17667608
1987,46,0,-4.5,-11.5,-8.0,8.046673976
1987,47,0,-3.5,-10.0,-6.75,7.644119315
1987,48,0,1.0,-9.0,-4.0,10.86898244
1987,49,0,4.0,-10.5,-3.25,13.38052599
1987,50,0,5.5,-9.5,-2.0,13.62161631
1987,51,0,7.5,-8.5,-0.5,14.11153966
1987,52,0,7.5,-5.0,1.25,12.773376
1987,53,1,5.0,-2.5,1.25,9.206784374
1987,54,0,4.5,-5.5,-0.5,11.66192687
1987,55,0,4.0,-6.0,-1.0,11.89085207
1987,56,0,4.0,-5.5,-0.75,11.76698856
1987,57,0,5.5,-5.0,0.25,12.74683394
1987,58,0,4.0,-2.5,0.75,8.872796216
1987,59,0,3.0,-1.5,0.75,6.55589326
1987,60,11,2.0,-2.0,0.0,4.412620625
1987,61,0,4.5,-3.5,0.5,11.31909072
1987,62,0,5.0,-6.0,-0.5,14.24424936
1987,63,0,6.5,-5.0,0.75,14.88126059
1987,64,0,10.5,-2.5,4.0,15.77926742
1987,65,0,14.0,-4.0,5.0,17.72679109
1987,66,0,20.0,0.5,10.25,16.04468656
1987,67,0,21.5,0.5,11.0,16.57331719
1987,68,0,13.0,-7.0,3.0,16.83431406
1987,69,0,-1.0,-10.0,-5.5,11.84440275
1987,70,0,1.5,-8.5,-3.5,12.8972388
1987,71,0,4.5,-7.0,-1.25,14.33272345
1987,72,7,3.0,-3.0,0.0,6.63552
1987,73,9,1.0,-2.0,-0.5,3.746857036
1987,74,0,1.5,-5.0,-1.75,10.03622437
1987,75,0,3.5,-5.0,-0.75,12.68268981
1987,76,0,6.0,-3.5,1.25,13.76206797
1987,77,5,4.0,-1.0,1.5,6.121267312
1987,78,3,9.0,-0.5,4.25,10.47416825
1987,79,0,13.5,-3.5,5.0,18.92450261
1987,80,0,14.0,-1.5,6.25,18.51310013
1987,81,0,15.5,1.0,8.25,18.38592026
1987,82,0,17.0,1.5,9.25,18.95104633
1987,83,0,18.5,4.0,11.25,18.39366183
1987,84,3,14.0,4.5,9.25,10.95524359
1987,85,4,10.0,3.0,6.5,8.708013658
1987,86,0,9.5,1.0,5.25,14.15577625
1987,87,0,10.0,-1.5,4.25,17.41160506
1987,88,13,7.0,-4.5,1.25,13.26772205
1987,89,0,-1.5,-12.0,-6.75,16.83431392
1987,90,0,1.5,-12.5,-5.5,19.69643493
1987,91,1,4.5,-3.5,0.5,13.51434185
1987,92,0,3.0,-7.0,-2.0,16.5158093
1987,93,0,4.0,-8.0,-2.0,18.68894217
1987,94,0,8.5,-6.5,1.0,21.02132644
1987,95,0,13.5,0.0,6.75,19.99945666
1987,96,0,16.0,0.5,8.25,21.62184201
1987,97,0,19.0,1.0,10.0,22.65145326
1987,98,0,19.0,-2.0,8.5,23.85911784
1987,99,0,21.5,1.0,11.25,23.56273016
1987,100,0,21.0,5.0,13.0,22.09628188
1987,101,4,13.0,5.0,9.0,10.74954212
1987,102,0,14.5,3.5,9.0,18.49983066
1987,103,0,14.5,2.0,8.25,19.85347621
1987,104,17,11.5,5.0,8.25,8.93915136
1987,105,8,14.5,7.5,11.0,9.393684036
1987,106,0,18.5,6.5,12.5,19.53497149
1987,107,0,23.0,6.5,14.75,22.73992683
1987,108,0,25.5,9.0,17.25,22.59726233
1987,109,0,25.5,11.5,18.5,20.75258813
1987,110,0,28.5,13.5,21.0,21.52120261
1987,111,0,26.0,6.5,16.25,24.61777861
1987,112,37,8.5,3.5,6.0,7.328931777
1987,113,10,12.0,3.5,7.75,11.85103895
1987,114,0,15.0,2.5,8.75,21.04344483
1987,115,0,16.5,3.5,10.0,21.3575273
1987,116,0,20.5,2.5,11.5,24.98715718
1987,117,0,20.0,5.0,12.5,22.93125156
1987,118,0,19.0,1.5,10.25,25.00263827
1987,119,0,22.5,5.0,13.75,24.52488054
1987,120,0,20.0,0.0,10.0,26.29877699
1987,121,13,14.5,4.0,9.25,13.630464
1987,122,16,13.5,6.0,9.75,10.33371696
1987,123,1,14.5,5.0,9.75,17.11521906
1987,124,0,16.0,0.0,8.0,24.54257709
1987,125,0,19.0,1.0,10.0,25.84866714
1987,126,0,23.5,4.0,13.75,26.33637972
1987,127,0,23.5,3.5,13.5,26.84289003
1987,128,0,23.0,4.0,13.5,26.35186279
1987,129,0,26.5,11.0,18.75,23.56383704
1987,130,0,29.0,14.0,21.5,22.73992667
1987,131,8,28.5,11.5,20.0,18.12602825
1987,132,0,24.5,4.5,14.5,27.03974274
1987,133,0,22.5,3.5,13.0,26.54208
1987,134,17,24.0,8.0,16.0,17.86834966
1987,135,0,23.0,5.5,14.25,25.21608331
1987,136,0,25.0,8.0,16.5,24.38111369
1987,137,0,29.0,10.0,19.5,25.71927546
1987,138,4,26.0,11.5,18.75,16.4737844
1987,139,6,19.0,9.0,14.0,12.77558749
1987,140,10,20.5,12.0,16.25,11.16758016
1987,141,9,26.5,14.0,20.25,15.05931222
1987,142,1,25.5,8.0,16.75,25.38086437
1987,143,0,14.0,4.5,9.25,17.20147983
1987,144,0,13.0,6.5,9.75,12.26244028
1987,145,3,15.5,7.0,11.25,11.75150574
1987,146,4,24.5,11.5,18.0,16.11325375
1987,147,11,29.0,15.0,22.0,16.45609025
1987,148,10,28.0,14.5,21.25,16.284672
1987,149,6,28.0,16.5,22.25,14.39907775
1987,150,0,27.5,16.5,22.0,18.97758775
1987,151,0,27.0,15.5,21.25,19.84020537
1987,152,3,27.0,15.5,21.25,14.83702381
1987,153,1,26.0,15.5,20.75,18.46001685
1987,154,0,24.0,10.0,17.0,23.78723261
1987,155,0,22.5,6.5,14.5,26.21804573
1987,156,0,26.5,12.0,19.25,24.13449115
1987,157,0,28.0,14.5,21.25,22.91908542
1987,158,0,30.5,17.0,23.75,22.39819678
1987,159,0,29.5,15.5,22.5,23.26634396
1987,160,0,26.0,8.5,17.25,27.60818761
1987,161,0,21.5,6.5,14.0,26.03556835
1987,162,4,24.5,12.5,18.5,16.59985944
1987,163,0,29.5,16.5,23.0,22.71559712
1987,164,0,32.5,15.0,23.75,26.73451079
1987,165,0,35.5,18.0,26.75,26.03556835
1987,166,0,33.0,15.5,24.25,26.55977477
1987,167,0,32.0,12.0,22.0,28.65659878
1987,168,0,33.5,12.5,23.0,28.83133481
1987,169,0,33.5,17.0,25.25,25.33662756
1987,170,0,33.5,19.0,26.25,22.89033315
1987,171,0,29.5,19.5,24.5,17.82300664
1987,172,6,25.0,18.5,21.75,9.610444937
1987,173,6,26.0,16.0,21.0,14.15356503
1987,174,0,29.5,13.5,21.5,25.51136359
1987,175,0,32.0,17.5,24.75,23.23980355
1987,176,6,29.0,16.0,22.5,16.59985944
1987,177,0,23.5,11.5,17.5,21.84192031
1987,178,0,23.0,9.0,16.0,24.46295075
1987,179,0,26.0,11.5,18.75,24.46295075
1987,180,2,28.0,16.0,22.0,20.79350747
1987,181,0,27.5,12.5,20.0,24.63768678
1987,182,0,27.0,10.5,18.75,26.03556835
1987,183,0,28.0,11.0,19.5,26.21030437
1987,184,0,28.0,14.0,21.0,22.89033315
1987,185,0,27.0,14.0,20.5,22.01665634
1987,186,6,26.0,14.5,20.25,15.10576073
1987,187,19,27.0,17.0,22.0,13.19583708
1987,188,10,29.5,15.0,22.25,17.53657385
1987,189,0,30.5,18.5,24.5,19.96738531
1987,190,4,31.0,19.5,25.25,14.41124364
1987,191,0,31.5,21.5,26.5,16.90730578
1987,192,0,31.5,22.0,26.75,16.21721069
1987,193,0,31.0,20.0,25.5,18.63254103
1987,194,0,26.5,15.5,21.0,19.84020537
1987,195,0,24.0,9.5,16.75,24.84338694
1987,196,12,23.0,13.0,18.0,14.39907775
1987,197,0,24.5,9.0,16.75,25.88405825
1987,198,0,30.5,16.5,23.5,23.31279425
1987,199,0,32.0,19.0,25.5,21.79989473
1987,200,3,32.5,21.5,27.0,14.30618005
1987,201,13,34.0,20.5,27.25,16.34992145
1987,202,13,33.5,18.0,25.75,17.71241355
1987,203,0,32.0,18.5,25.25,21.65833792
1987,204,0,32.5,20.5,26.5,19.79707389
1987,205,0,32.5,20.0,26.25,20.47389791
1987,206,0,32.0,18.5,25.25,21.6848784
1987,207,13,31.5,19.0,25.25,15.46518473
1987,208,7,27.0,16.0,21.5,14.79278602
1987,209,3,26.0,16.5,21.25,13.19252024
1987,210,8,30.0,18.0,24.0,15.19644781
1987,211,6,30.5,19.0,24.75,14.59814432
1987,212,0,31.5,20.5,26.0,18.74534432
1987,213,0,34.5,21.5,28.0,20.40422432
1987,214,11,34.0,20.5,27.25,15.81907983
1987,215,1,31.5,19.0,25.25,20.59775938
1987,216,0,28.5,16.5,22.5,20.45952031
1987,217,0,25.5,12.5,19.0,22.09628194
1987,218,0,28.0,14.0,21.0,22.58731074
1987,219,0,28.5,17.5,23.0,18.85814817
1987,220,36,26.0,17.5,21.75,11.70505679
1987,221,13,24.0,17.0,20.5,10.01078784
1987,222,0,25.5,14.0,19.75,19.86011228
1987,223,0,26.5,15.5,21.0,18.92229151
1987,224,0,27.0,14.5,20.75,20.52587551
1987,225,4,26.5,17.0,21.75,12.58094568
1987,226,7,26.0,18.5,22.25,10.19215855
1987,227,7,30.0,20.5,25.25,12.10318795
1987,228,27,30.5,19.5,25.0,13.44245781
1987,229,30,27.0,15.0,21.0,14.86577627
1987,230,4,25.0,12.5,18.75,15.38998277
1987,231,0,24.0,11.5,17.75,20.72936385
1987,232,0,26.0,10.0,18.0,23.0783396
1987,233,0,28.0,14.5,21.25,20.5833834
1987,234,0,26.5,14.0,20.25,19.6632573
1987,235,0,21.0,7.0,14.0,21.83086139
1987,236,0,21.0,6.0,13.5,22.28981688
1987,237,0,19.5,9.5,14.5,17.52440716
1987,238,12,17.0,12.0,14.5,7.172996946
1987,239,0,19.5,13.0,16.25,12.209357
1987,240,7,20.5,10.5,15.5,12.87843819
1987,241,0,23.0,8.5,15.75,21.21154525
1987,242,0,23.0,11.0,17.0,18.80064062
1987,243,0,21.5,8.0,14.75,20.15428618
1987,244,0,23.5,6.5,15.0,21.94698212
1987,245,0,24.0,8.0,16.0,21.05118777
1987,246,0,22.5,5.0,13.75,21.78441114
1987,247,0,25.5,7.0,16.25,21.63621872
1987,248,0,28.0,13.0,20.5,18.9742692
1987,249,3,27.5,13.5,20.5,13.67912499
1987,250,0,25.0,15.5,20.25,13.86823656
1987,251,0,24.5,13.5,19.0,15.47403293
1987,252,0,24.5,8.5,16.5,19.2684451
1987,253,2,22.5,10.0,16.25,16.80556145
1987,254,0,23.5,10.0,16.75,17.252352
1987,255,0,22.5,9.0,15.75,16.97697678
1987,256,9,20.5,8.0,14.25,12.12641238
1987,257,0,21.5,5.0,13.25,18.54406743
1987,258,0,24.0,12.0,18.0,14.86356506
1987,259,28,23.5,15.5,19.5,7.865302764
1987,260,33,21.0,15.5,18.25,5.6180735
1987,261,10,19.0,12.0,15.5,7.245987834
1987,262,9,17.0,7.5,12.25,9.754214749
1987,263,7,17.0,8.0,12.5,9.262079736
1987,264,4,16.5,8.5,12.5,8.432639866
1987,265,1,18.5,10.0,14.25,11.51926178
1987,266,0,21.5,7.5,14.5,16.04468651
1987,267,0,20.0,6.5,13.25,15.50721001
1987,268,0,20.0,2.5,11.25,17.27557638
1987,269,0,24.5,6.5,15.5,16.59543547
1987,270,0,27.5,12.5,20.0,14.70652337
1987,271,0,26.5,12.0,19.25,14.31834652
1987,272,0,22.0,9.5,15.75,13.24781566
1987,273,0,17.0,6.0,11.5,12.34206745
1987,274,0,20.5,2.5,11.5,15.792537
1987,275,0,18.5,1.5,10.0,15.39772333
1987,276,0,11.5,-3.5,4.0,14.74633781
1987,277,0,18.0,1.5,9.75,15.00733469
1987,278,0,19.5,7.0,13.25,12.55108559
1987,279,2,13.5,3.5,8.5,10.99837419
1987,280,3,8.0,0.0,4.0,6.927483274
1987,281,0,10.5,-5.5,2.5,14.36811295
1987,282,0,12.0,0.5,6.25,11.70063336
1987,283,0,8.5,-0.5,4.0,9.792921358
1987,284,0,8.0,-5.5,1.25,12.85963701
1987,285,0,13.5,-3.5,5.0,13.86823625
1987,286,0,18.0,-2.5,7.75,14.24646125
1987,287,0,19.0,6.0,12.5,11.37217606
1987,288,2,20.0,8.0,14.0,10.52835819
1987,289,10,19.5,7.5,13.5,7.803371599
1987,290,8,12.5,4.5,8.5,5.769584641
1987,291,0,13.5,1.5,7.5,10.31159803
1987,292,0,13.5,-0.5,6.5,11.07025966
1987,293,0,10.5,-1.5,4.5,9.975398168
1987,294,0,6.5,-1.0,2.75,6.750535284
1987,295,3,9.5,-1.5,4.0,6.871080446
1987,296,0,7.5,-3.0,2.25,8.71907369
1987,297,5,7.0,-2.5,2.25,6.091407372
1987,298,0,9.5,-5.0,2.25,10.53167549
1987,299,5,8.5,-3.0,2.75,6.863339601
1987,300,0,8.0,-1.5,3.25,7.854243951
1987,301,0,7.0,-3.5,1.75,8.440381576
1987,302,0,10.0,-4.0,3.0,9.964339624
1987,303,0,15.5,0.0,7.75,9.986458043
1987,304,0,14.0,0.5,7.25,9.289728
1987,305,11,12.0,5.0,8.5,4.255580029
1987,306,2,17.0,10.0,13.5,5.52075262
1987,307,0,20.5,11.0,15.75,6.83458575
1987,308,0,19.5,8.0,13.75,7.973683375
1987,309,0,12.5,-0.5,6.0,8.685895273
1987,310,0,8.5,-2.5,3.0,7.783464897
1987,311,5,9.5,-2.5,3.5,6.091407334
1987,312,7,10.0,0.0,5.0,5.361500613
1987,313,0,6.0,-5.5,0.25,7.818854749
1987,314,0,3.5,-8.0,-2.25,7.74144
1987,315,0,6.0,-7.5,-0.75,8.2944
1987,316,0,11.5,-3.0,4.25,8.515583789
1987,317,0,11.5,-2.0,4.75,7.992483684
1987,318,0,11.5,-3.0,4.25,8.211455626
1987,319,0,13.0,0.5,6.75,7.369851256
1987,320,9,13.0,5.5,9.25,3.793305687
1987,321,19,13.0,4.0,8.5,4.3352065
1987,322,4,7.0,-1.5,2.75,4.183695367
1987,323,0,6.5,-2.5,2.0,5.900083063
1987,324,0,3.5,-9.0,-2.75,7.187373708
1987,325,0,0.0,-11.0,-5.5,6.582435947
1987,326,0,6.0,-4.0,1.0,6.051594322
1987,327,10,8.0,0.0,4.0,3.822059597
1987,328,0,4.0,-2.5,0.75,4.352901222
1987,329,7,2.0,-2.0,0.0,2.101248
1987,330,0,2.0,-1.5,0.25,2.5214977
1987,331,2,2.0,0.5,1.25,1.26074885
1987,332,17,6.0,1.0,3.5,2.598912031
1987,333,7,7.0,2.5,4.75,2.390999019
1987,334,3,4.5,-0.5,2.0,2.702868413
1987,335,0,1.5,-3.5,-1.0,3.638476844
1987,336,0,-1.0,-6.0,-3.5,3.638476844
1987,337,5,-1.0,-6.0,-3.5,3.085516875
1987,338,0,-1.5,-10.5,-6.0,6.479585633
1987,339,0,-1.5,-11.5,-6.5,6.890987491
1987,340,0,1.0,-7.5,-3.25,6.17103375
1987,341,6,1.0,-1.0,0.0,1.337057263
1987,342,3,4.5,-0.5,2.0,3.052339125
1987,343,8,7.5,1.0,4.25,3.459317774
1987,344,0,3.5,-1.5,1.0,3.764551635
1987,345,5,7.0,-2.0,2.5,4.375019607
1987,346,0,4.5,-2.0,1.25,4.781997769
1987,347,0,1.0,-3.0,-1.0,3.255828448
1987,348,0,-1.0,-4.0,-2.5,2.645360478
1987,349,11,-0.5,-4.5,-2.5,2.645360478
1987,350,0,-1.0,-7.0,-4.0,4.883742794
1987,351,0,-3.5,-14.0,-8.75,6.613401438
1987,352,0,-3.5,-13.5,-8.5,6.409912357
1987,353,11,0.0,-4.5,-2.25,2.950594585
1987,354,12,0.5,-3.5,-1.5,2.645360478
1987,355,0,0.5,-8.0,-3.75,6.10467825
1987,356,0,2.5,-4.0,-0.75,5.290720956
1987,357,0,2.0,-5.5,-1.75,5.799444144
1987,358,3,2.0,-1.5,0.25,2.441871397
1987,359,0,1.5,-6.0,-2.25,5.799444144
1987,360,0,-2.5,-12.5,-7.5,6.511656899
1987,361,0,-1.5,-12.5,-7.0,6.715145977
1987,362,9,0.5,-8.5,-4.0,5.188976414
1987,363,0,-2.0,-10.0,-6.0,6.511656899
1987,364,0,-0.5,-10.5,-5.5,7.223869164
1987,365,0,0.5,-15.5,-7.5,7.936081919
1988,1,0,-9.5,-23.0,-16.25,7.122124625
1988,2,0,-7.0,-20.0,-13.5,7.020380086
1988,3,0,-3.5,-16.0,-9.75,6.993838446
1988,4,0,-8.5,-23.0,-15.75,7.610941724
1988,5,0,-19.0,-27.5,-23.25,5.553930474
1988,6,0,-19.5,-29.0,-24.25,6.068183287
1988,7,0,-15.5,-29.0,-22.25,7.508091258
1988,8,0,-13.0,-24.5,-18.75,6.890987491
1988,9,0,-14.5,-25.0,-19.75,6.653214901
1988,10,0,-14.0,-28.0,-21.0,7.900692474
1988,11,0,-3.5,-18.5,-11.0,8.108605736
1988,12,0,2.0,-11.0,-4.5,7.588823329
1988,13,0,-5.0,-21.5,-13.25,8.6151166
1988,14,0,-9.0,-25.5,-17.25,8.7201794
1988,15,0,-1.5,-13.5,-7.5,7.5644926
1988,16,0,3.5,-4.5,-0.5,5.673369702
1988,17,3,4.0,-2.0,1.0,3.39738645
1988,18,0,1.5,-5.5,-2.0,5.202248027
1988,19,12,1.0,-3.5,-1.25,2.654208125
1988,20,20,0.5,-5.5,-2.5,3.540049787
1988,21,0,-1.5,-12.5,-7.0,7.723744896
1988,22,1,-4.0,-13.0,-8.5,6.758277167
1988,23,3,-5.5,-17.0,-11.25,6.177669056
1988,24,5,-7.0,-16.0,-11.5,5.310628067
1988,25,8,-6.5,-14.0,-10.25,4.660347194
1988,26,5,-8.5,-20.5,-14.5,6.678650469
1988,27,0,-10.5,-29.0,-19.75,10.72963556
1988,28,0,-7.5,-22.5,-15.0,10.18220518
1988,29,0,2.5,-13.0,-5.25,10.39564758
1988,30,0,7.0,0.0,3.5,6.08256
1988,31,0,7.5,-0.5,3.5,7.036969487
1988,32,3,0.0,-12.0,-6.0,7.260365124
1988,33,0,-8.5,-18.5,-13.5,8.935833999
1988,34,0,-5.5,-14.5,-10.0,8.460287813
1988,35,0,-7.5,-18.0,-12.75,9.588326188
1988,36,0,-12.5,-22.0,-17.25,9.112781
1988,37,0,-13.0,-22.5,-17.75,9.340600308
1988,38,0,-7.0,-19.0,-13.0,10.92648913
1988,39,3,-8.0,-22.5,-15.25,8.97122287
1988,40,3,-9.0,-21.5,-15.25,8.511160062
1988,41,1,-10.5,-17.5,-14.0,8.012390512
1988,42,1,-9.5,-18.0,-13.75,9.521970979
1988,43,0,-9.5,-23.0,-16.25,12.77779978
1988,44,0,-6.5,-22.5,-14.5,13.59839335
1988,45,0,-1.0,-12.0,-6.5,11.83334375
1988,46,3,-1.5,-12.5,-7.0,8.875007813
1988,47,3,-1.0,-11.5,-6.25,8.83851294
1988,48,0,0.0,-10.5,-5.25,11.82449643
1988,49,0,4.5,-8.5,-2.0,13.25998025
1988,50,0,4.5,-9.0,-2.25,13.50107057
1988,51,0,0.5,-14.0,-6.75,14.23319017
1988,52,0,-3.0,-20.0,-11.5,15.2064
1988,53,0,5.0,-10.0,-2.5,14.60809741
1988,54,0,2.0,-13.5,-5.75,14.97636902
1988,55,0,-6.0,-12.5,-9.25,8.422686786
1988,56,0,-4.0,-15.0,-9.5,13.00561894
1988,57,0,6.0,-10.0,-2.0,15.871058
1988,58,0,6.0,-4.5,0.75,12.87180338
1988,59,0,5.0,-4.5,0.25,12.35533799
1988,60,0,5.0,-4.5,0.25,12.35533799
1988,61,0,6.0,-3.5,1.25,12.35533799
1988,62,0,7.0,-4.5,1.25,14.24424936
1988,63,0,5.5,-4.0,0.75,12.71808
1988,64,0,1.0,-9.5,-4.25,13.98325254
1988,65,0,1.0,-11.5,-5.25,15.6509802
1988,66,0,5.5,-8.5,-1.5,16.69164974
1988,67,0,9.5,-5.5,2.0,17.20922103
1988,68,0,10.5,-3.5,3.5,16.70381625
1988,69,0,11.0,1.0,6.0,13.57185
1988,70,0,9.5,-1.0,4.25,14.47649225
1988,71,0,9.5,-4.5,2.5,17.37179045
1988,72,0,11.0,-2.5,4.25,17.11964109
1988,73,2,9.0,-0.5,4.25,13.66917145
1988,74,2,1.5,-8.5,-3.5,14.85361258
1988,75,1,-4.0,-10.5,-7.25,10.83912283
1988,76,0,-1.5,-11.5,-6.5,15.65098006
1988,77,0,2.5,-8.5,-3.0,16.73035694
1988,78,0,3.5,-3.5,0.0,11.97047856
1988,79,0,3.0,-4.5,-0.75,12.92267544
1988,80,0,3.5,-7.0,-1.75,17.14175938
1988,81,0,0.5,-11.0,-5.25,18.37596553
1988,82,0,1.0,-9.5,-4.25,17.69472026
1988,83,0,9.5,-5.0,2.25,21.18058033
1988,84,0,14.0,0.5,7.25,20.48385071
1988,85,4,14.0,0.0,7.0,15.73060553
1988,86,7,15.5,0.0,7.75,16.29241369
1988,87,0,9.5,-3.5,3.0,20.66743386
1988,88,0,7.5,-5.0,1.25,20.52587556
1988,89,16,10.5,-0.5,5.0,14.2663675
1988,90,12,10.5,1.0,5.75,12.98239497
1988,91,0,9.0,-3.5,2.75,20.99036215
1988,92,0,11.5,-3.5,4.0,22.85936585
1988,93,0,11.5,-2.0,4.75,21.87620483
1988,94,13,11.0,3.5,7.25,10.86566437
1988,95,21,12.5,5.5,9.0,10.36468192
1988,96,0,18.0,6.0,12.0,20.58338324
1988,97,0,23.5,7.0,15.25,23.68106592
1988,98,9,20.5,4.0,12.25,17.79757142
1988,99,0,17.5,0.5,9.0,24.60008422
1988,100,0,20.5,2.0,11.25,22.52537752
1988,101,0,21.0,3.0,12.0,22.39488
1988,102,0,17.0,3.0,10.0,20.45399012
1988,103,1,13.5,1.5,7.5,19.10145059
1988,104,0,16.5,-1.0,7.75,22.86157871
1988,105,0,20.0,2.0,11.0,22.87816724
1988,106,0,14.5,0.0,7.25,21.06003364
1988,107,0,9.5,-4.0,2.75,20.75590748
1988,108,0,14.5,-2.0,6.25,22.58731074
1988,109,0,18.5,3.0,10.75,21.67492596
1988,110,0,13.5,-5.0,4.25,23.82704563
1988,111,0,10.5,-5.5,2.5,22.60500539
1988,112,3,12.5,-1.0,5.75,15.1732227
1988,113,0,11.5,-5.0,3.25,23.23427343
1988,114,5,10.5,-1.0,4.75,13.87818993
1988,115,15,8.0,-1.0,3.5,11.62100733
1988,116,0,11.0,-2.0,4.5,20.72936385
1988,117,0,18.0,2.0,10.0,23.24754439
1988,118,7,17.0,3.0,10.0,15.97280342
1988,119,12,6.5,-1.0,2.75,10.35141088
1988,120,2,13.0,-1.5,5.75,22.45459958
1988,121,0,17.5,-1.5,8.0,25.657344
1988,122,0,22.0,1.5,11.75,25.97806202
1988,123,0,22.0,3.0,12.5,25.34989872
1988,124,0,23.0,4.5,13.75,24.86550543
1988,125,0,23.0,4.0,13.5,25.02697037
1988,126,0,21.5,3.5,12.5,24.54810648
1988,127,0,22.0,5.5,13.75,23.24754427
1988,128,0,25.0,6.0,15.5,25.04245317
1988,129,0,26.0,8.0,17.0,24.22407236
1988,130,0,26.5,13.0,19.75,20.10341284
1988,131,12,21.5,10.0,15.75,13.67691254
1988,132,5,19.5,8.0,13.75,14.00647638
1988,133,0,22.0,3.5,12.75,25.71264
1988,134,5,24.5,8.5,16.5,17.41824
1988,135,0,23.5,4.5,14.0,26.21804591
1988,136,0,22.0,4.5,13.25,25.21608331
1988,137,2,25.5,11.0,18.25,21.87620481
1988,138,0,22.5,9.0,15.75,21.34867904
1988,139,0,18.5,2.5,10.5,24.54257692
1988,140,0,21.5,1.5,11.5,27.40027223
1988,141,0,25.0,5.0,15.0,27.24212841
1988,142,0,27.0,6.5,16.75,27.24212841
1988,143,0,28.0,9.5,18.75,25.55007078
1988,144,0,28.5,10.5,19.5,25.20612823
1988,145,0,26.5,11.0,18.75,22.8217638
1988,146,0,23.5,7.0,15.25,24.18425753
1988,147,0,21.0,-0.5,10.25,28.45532225
1988,148,0,25.5,7.0,16.25,25.88405825
1988,149,0,27.0,13.0,20.0,20.74153025
1988,150,0,30.0,13.5,21.75,23.141376
1988,151,0,30.5,13.0,21.75,24.32581768
1988,152,0,31.0,14.0,22.5,23.80824678
1988,153,0,31.5,13.0,22.25,25.18843531
1988,154,0,32.5,14.5,23.5,24.49834022
1988,155,0,29.0,11.5,20.25,24.82900989
1988,156,0,22.5,5.0,13.75,25.69715708
1988,157,0,26.0,7.5,16.75,26.21804573
1988,158,0,29.5,12.5,21.0,24.30812125
1988,159,0,31.5,12.5,22.0,25.87078553
1988,160,0,33.0,13.0,23.0,26.39167417
1988,161,0,30.0,11.0,20.5,26.03556835
1988,162,0,22.0,4.0,13.0,26.03556835
1988,163,0,24.0,2.5,13.25,28.48186275
1988,164,0,28.5,8.0,18.25,27.25871722
1988,165,0,31.0,13.0,22.0,24.81242114
1988,166,0,33.0,15.5,24.25,23.93874433
1988,167,0,34.0,18.5,26.25,21.49244992
1988,168,0,31.5,18.0,24.75,19.3956259
1988,169,0,28.5,9.5,19.0,26.03556835
1988,170,0,28.5,8.0,18.25,27.25871722
1988,171,0,31.0,14.0,22.5,23.76400997
1988,172,0,31.5,20.5,26.0,16.07565302
1988,173,0,36.0,20.5,28.25,21.31771389
1988,174,0,38.0,18.5,28.25,24.98715717
1988,175,7,36.0,20.0,28.0,16.07565302
1988,176,0,33.0,12.5,22.75,26.73451079
1988,177,2,31.0,15.5,23.25,22.36612673
1988,178,0,34.5,19.5,27.0,21.14297953
1988,179,0,32.0,12.5,22.25,26.21030437
1988,180,0,27.0,8.5,17.75,26.03556835
1988,181,28,28.0,13.0,20.5,16.59985944
1988,182,17,23.5,9.0,16.25,16.59985944
1988,183,0,22.5,7.0,14.75,23.58927394
1988,184,0,24.0,7.0,15.5,24.98715717
1988,185,0,26.5,8.5,17.5,25.68609795
1988,186,0,29.5,12.5,21.0,24.46295075
1988,187,0,31.5,13.5,22.5,25.00263834
1988,188,0,34.0,15.0,24.5,25.52352698
1988,189,0,35.5,18.5,27.0,23.26634396
1988,190,0,35.5,19.5,27.5,22.39819678
1988,191,0,35.0,19.0,27.0,22.39819678
1988,192,0,34.0,18.0,26.0,22.60058243
1988,193,14,30.0,17.0,23.5,14.49197544
1988,194,0,26.0,14.0,20.0,18.97758775
1988,195,0,26.5,11.5,19.0,22.94562915
1988,196,0,31.5,14.0,22.75,24.84338694
1988,197,0,33.5,18.0,25.75,22.11286975
1988,198,0,36.5,20.0,28.25,22.45570625
1988,199,19,35.0,19.0,27.0,16.45609025
1988,200,0,30.5,17.5,24.0,19.4155303
1988,201,7,30.5,19.5,25.0,12.4327526
1988,202,0,29.0,16.0,22.5,19.75615495
1988,203,0,28.0,16.0,22.0,18.56397193
1988,204,5,24.0,14.0,19.0,12.35202098
1988,205,0,26.5,12.5,19.5,21.65833792
1988,206,0,28.5,12.0,20.25,24.19642436
1988,207,0,30.5,15.0,22.75,22.69347806
1988,208,0,29.5,15.0,22.25,21.6848784
1988,209,0,28.0,13.0,20.5,22.69347806
1988,210,0,32.0,15.0,23.5,24.04712456
1988,211,0,35.0,17.5,26.25,23.88013159
1988,212,0,34.5,19.5,27.0,21.23366432
1988,213,0,33.0,19.0,26.0,20.40422432
1988,214,0,34.5,15.0,24.75,25.21497568
1988,215,0,37.5,21.5,29.5,21.42166975
1988,216,0,38.0,23.0,30.5,20.10341284
1988,217,0,36.0,22.0,29.0,19.47746271
1988,218,13,35.0,21.5,28.25,13.91247381
1988,219,9,31.0,19.0,25.0,13.25776979
1988,220,0,31.0,15.5,23.25,21.78441121
1988,221,0,33.0,14.5,23.75,23.8978246
1988,222,9,32.5,19.0,25.75,14.20886091
1988,223,4,29.5,18.5,24.0,12.27128854
1988,224,0,29.5,13.0,21.25,22.450176
1988,225,0,32.5,18.5,25.5,19.40336701
1988,226,0,34.5,21.0,27.75,18.31403463
1988,227,3,33.5,21.0,27.25,12.740198
1988,228,0,34.0,21.5,27.75,17.35851917
1988,229,6,34.5,19.0,26.75,14.86577627
1988,230,0,37.0,20.5,28.75,20.40090596
1988,231,0,38.5,23.0,30.75,18.8448765
1988,232,22,34.5,18.5,26.5,14.76181933
1988,233,0,25.0,14.0,19.5,16.06127697
1988,234,0,26.5,10.5,18.5,20.89525255
1988,235,0,26.5,13.5,20.0,17.805312
1988,236,10,25.0,15.0,20.0,10.838016
1988,237,22,25.5,15.0,20.25,11.22177017
1988,238,0,26.0,13.5,19.75,17.21696171
1988,239,0,24.0,13.0,18.5,15.71954743
1988,240,0,24.0,10.5,17.25,18.46665304
1988,241,2,23.0,10.5,16.75,17.57528093
1988,242,0,22.0,6.0,14.0,20.60550168
1988,243,0,22.5,6.5,14.5,20.30469187
1988,244,0,24.5,9.0,16.75,19.70307195
1988,245,0,27.5,11.0,19.25,19.70749412
1988,246,0,28.5,14.5,21.5,17.46800612
1988,247,0,30.0,14.0,22.0,18.67235322
1988,248,11,27.5,14.0,20.75,12.59642838
1988,249,7,23.0,12.0,17.5,11.03155219
1988,250,0,18.5,4.5,11.5,18.09174587
1988,251,0,19.5,2.0,10.75,20.14543865
1988,252,0,23.0,6.0,14.5,19.41553147
1988,253,0,24.0,10.0,17.0,16.80556145
1988,254,0,26.0,6.5,16.25,19.84794665
1988,255,0,28.0,8.0,18.0,19.55266615
1988,256,0,29.5,11.0,20.25,18.26095067
1988,257,0,29.5,15.0,22.25,15.55034003
1988,258,0,27.5,9.5,18.5,17.83627861
1988,259,0,25.0,7.0,16.0,17.97783557
1988,260,0,24.0,7.5,15.75,16.8542205
1988,261,5,21.0,10.0,15.5,9.691176924
1988,262,5,27.5,15.0,21.25,10.03290633
1988,263,4,30.5,17.0,23.75,10.17225279
1988,264,15,26.0,14.5,20.25,9.262079736
1988,265,6,20.0,9.5,14.75,8.9856
1988,266,0,16.5,8.5,12.5,9.599385251
1988,267,38,21.5,10.5,16.0,9.050848818
1988,268,23,21.5,7.5,14.5,10.74622497
1988,269,0,21.0,4.5,12.75,15.64323869
1988,270,0,24.0,6.5,15.25,15.65098006
1988,271,0,25.5,9.0,17.25,14.84144613
1988,272,0,25.0,11.0,18.0,13.1140001
1988,273,2,20.0,8.0,14.0,12.04346925
1988,274,0,20.5,11.0,15.75,9.820569729
1988,275,0,25.0,11.0,18.0,12.76563382
1988,276,6,23.5,13.5,18.5,7.369850473
1988,277,0,19.0,6.5,12.75,12.0058675
1988,278,0,16.5,1.5,9.0,13.70234906
1988,279,1,12.5,0.5,6.5,11.77473051
1988,280,0,10.0,-2.0,4.0,11.77473051
1988,281,0,12.0,-3.5,4.25,13.59839334
1988,282,0,15.0,-2.0,6.5,13.98325254
1988,283,0,16.5,0.5,8.5,13.22680272
1988,284,0,17.5,4.5,11.0,11.57345328
1988,285,0,18.0,5.5,11.75,11.09458924
1988,286,0,14.5,-0.5,7.0,12.6074875
1988,287,0,8.5,-4.5,2.0,11.62211375
1988,288,0,11.5,-5.5,3.0,13.2467105
1988,289,0,19.0,2.5,10.75,12.38630375
1988,290,0,23.0,7.5,15.25,11.64312505
1988,291,5,22.0,8.5,15.25,7.856456118
1988,292,9,16.5,4.0,10.25,7.610941515
1988,293,5,11.5,2.5,7.0,5.960908918
1988,294,3,11.0,1.0,6.0,6.447513832
1988,295,0,9.5,-3.0,3.25,10.00525806
1988,296,8,9.5,0.5,5.0,5.78617343
1988,297,0,10.0,-2.5,3.75,9.674588818
1988,298,11,9.5,-1.0,4.25,6.33028644
1988,299,2,4.5,-0.5,2.0,4.49667057
1988,300,0,3.5,-3.5,0.0,6.271672413
1988,301,0,6.0,-3.0,1.5,7.619789124
1988,302,1,10.5,-1.5,4.5,9.260974588
1988,303,0,8.5,-3.5,2.5,9.143747173
1988,304,0,3.0,-8.0,-2.5,8.592998512
1988,305,0,4.0,-10.0,-3.0,9.870336
1988,306,0,9.5,-6.0,1.75,9.891348489
1988,307,0,10.0,-3.0,3.5,8.97122287
1988,308,0,7.5,-6.0,0.75,8.998871348
1988,309,0,12.5,0.0,6.25,8.429322535
1988,310,6,14.0,3.0,8.5,5.640191875
1988,311,5,9.5,0.5,5.0,4.850565228
1988,312,5,4.0,-3.5,0.25,4.286545772
1988,313,0,3.5,-3.5,0.0,5.473198433
1988,314,0,8.5,-0.5,4.0,6.590177683
1988,315,0,11.0,1.0,6.0,6.967296211
1988,316,7,8.5,1.0,4.75,4.202495948
1988,317,0,6.0,-2.5,1.75,6.303743789
1988,318,7,4.5,-1.5,1.5,3.503554452
1988,319,7,8.0,-0.5,3.75,4.707901434
1988,320,0,9.5,-1.0,4.25,7.15309062
1988,321,12,13.5,2.0,7.75,5.527388182
1988,322,14,14.5,-1.5,6.5,6.286049631
1988,323,0,4.0,-4.5,-0.25,6.007357196
1988,324,0,7.0,-4.5,1.25,7.187373708
1988,325,4,8.5,0.0,4.25,4.398243634
1988,326,0,4.5,-3.5,0.5,5.520752697
1988,327,0,0.5,-5.0,-2.25,4.140564778
1988,328,0,1.0,-5.5,-2.25,4.777574625
1988,329,0,7.5,-3.5,2.0,6.688604677
1988,330,0,13.0,0.5,6.75,6.829056
1988,331,0,10.5,-0.5,5.0,6.408806298
1988,332,17,12.0,0.0,6.0,4.9379326
1988,333,4,8.0,-1.0,3.5,4.15825925
1988,334,3,1.0,-5.5,-2.25,3.326607449
1988,335,3,0.0,-7.0,-3.5,3.950346239
1988,336,2,-0.5,-5.5,-3.0,4.054302869
1988,337,0,-3.5,-10.5,-7.0,5.405736827
1988,338,0,4.0,-9.0,-2.5,7.610941724
1988,339,0,6.0,-5.0,0.5,6.993838446
1988,340,0,3.5,-8.0,-2.25,7.199539375
1988,341,0,7.0,-5.0,1.0,7.199539375
1988,342,0,10.0,-3.0,3.5,7.199539375
1988,343,0,7.5,-5.0,1.25,7.020380086
1988,344,0,0.5,-11.0,-5.25,6.816890519
1988,345,0,-4.5,-11.5,-8.0,4.985487336
1988,346,0,-7.5,-15.5,-11.5,5.494210524
1988,347,0,-9.5,-18.5,-14.0,6.002933711
1988,348,2,-5.5,-17.0,-11.25,6.816890519
1988,349,0,4.0,-6.5,-1.25,6.308167331
1988,350,0,5.0,-4.0,0.5,5.697699602
1988,351,0,-1.0,-15.0,-8.0,7.223869164
1988,352,1,-10.5,-18.0,-14.25,5.188976414
1988,353,5,-7.5,-16.0,-11.75,4.273274581
1988,354,0,-2.5,-12.5,-7.5,6.308167331
1988,355,0,5.5,-8.0,-1.25,7.122124625
1988,356,2,9.0,-2.5,3.25,6.511656899
1988,357,0,3.0,-6.0,-1.5,5.697699602
1988,358,4,2.5,-5.0,-1.25,3.662806852
1988,359,0,5.0,-1.0,2.0,4.0697855
1988,360,0,4.5,-5.5,-0.5,6.10467825
1988,361,0,-2.5,-11.5,-7.0,5.799444144
1988,362,11,-1.0,-10.0,-5.5,4.476764149
1988,363,16,1.0,-9.0,-4.0,4.781997769
1988,364,0,-5.0,-15.5,-10.25,6.613401438
1988,365,0,-9.5,-19.0,-14.25,6.206422789
1988,366,0,-3.0,-15.0,-9.0,7.020380086
1989,1,0,-2.0,-10.5,-6.25,6.10467825
1989,2,0,-3.5,-15.5,-9.5,7.325613706
1989,3,0,-3.0,-14.0,-8.5,7.199539375
1989,4,0,-4.5,-16.5,-10.5,7.508091258
1989,5,0,-2.5,-12.0,-7.25,6.685286562
1989,6,4,-0.5,-5.0,-2.75,2.776965237
1989,7,4,2.5,-6.0,-1.75,4.731125775
1989,8,0,-1.0,-17.0,-9.0,8.330895954
1989,9,0,-8.0,-20.0,-14.0,7.900692474
1989,10,0,-3.5,-13.5,-8.5,7.276953687
1989,11,2,0.5,-11.5,-5.5,7.900692474
1989,12,0,2.0,-9.0,-3.5,7.692779713
1989,13,0,-2.0,-12.0,-7.0,7.459430298
1989,14,0,0.0,-8.5,-4.25,6.829056
1989,15,0,1.0,-4.5,-1.75,4.832870298
1989,16,0,2.0,-9.0,-3.5,7.984742298
1989,17,0,2.0,-6.5,-2.25,7.007109347
1989,18,0,2.5,-3.5,-0.5,5.414584472
1989,19,0,5.5,-5.0,0.25,8.068792597
1989,20,0,4.0,-7.0,-1.5,8.36739073
1989,21,0,1.0,-8.5,-3.75,7.938293679
1989,22,0,4.5,-3.5,0.5,7.080099571
1989,23,0,7.5,-2.5,2.5,8.236892245
1989,24,0,4.0,-1.5,1.25,5.419008125
1989,25,0,1.0,-2.0,-0.5,3.143024816
1989,26,3,0.5,-3.5,-1.5,3.17509628
1989,27,0,4.0,-5.5,-0.75,8.430427567
1989,28,0,5.5,-1.5,2.0,6.897622934
1989,29,4,3.5,-2.0,0.75,4.313088107
1989,30,0,6.5,-1.0,2.75,7.409663789
1989,31,0,11.0,0.0,5.5,9.382625273
1989,32,0,7.0,-6.5,0.25,10.49960452
1989,33,2,-5.0,-12.5,-8.75,8.042250386
1989,34,2,-10.0,-20.5,-15.25,10.15234538
1989,35,0,-16.5,-23.5,-20.0,8.009072354
1989,36,3,-15.0,-23.5,-19.25,7.062405058
1989,37,3,-12.5,-22.0,-17.25,7.518044214
1989,38,0,-8.0,-20.5,-14.25,11.73159863
1989,39,0,-8.0,-19.5,-13.75,11.5015675
1989,40,0,-9.0,-20.5,-14.75,11.61658361
1989,41,0,-3.5,-17.5,-10.5,12.54113302
1989,42,0,0.0,-12.5,-6.25,12.192768
1989,43,0,1.0,-11.5,-5.25,12.4261181
1989,44,7,1.0,-8.0,-3.5,7.971471923
1989,45,0,1.0,-15.5,-7.25,13.84501196
1989,46,0,-0.5,-13.0,-6.75,12.78001148
1989,47,0,-3.5,-20.0,-11.75,14.21328368
1989,48,0,-7.0,-17.5,-12.25,12.06337607
1989,49,1,-5.0,-17.0,-11.0,13.13943452
1989,50,1,-3.0,-12.0,-7.5,11.21071081
1989,51,0,-4.0,-14.5,-9.25,12.65172434
1989,52,0,-2.5,-12.0,-7.25,11.92181783
1989,53,0,-4.5,-15.5,-10.0,13.38052616
1989,54,0,-6.0,-22.0,-14.0,15.46739822
1989,55,0,-5.0,-18.0,-11.5,14.49197515
1989,56,0,1.5,-11.0,-4.75,14.1203858
1989,57,0,2.0,-9.0,-3.5,13.37167875
1989,58,0,-3.5,-14.5,-9.0,13.49664819
1989,59,2,-4.0,-11.5,-7.75,10.33813951
1989,60,0,-6.5,-14.5,-10.5,11.09458924
1989,61,4,-9.0,-16.5,-12.75,8.139571323
1989,62,12,-4.0,-15.0,-9.5,10.93754928
1989,63,13,-1.5,-9.5,-5.5,8.851784149
1989,64,0,-5.0,-14.5,-9.75,13.72667933
1989,65,0,-4.5,-15.0,-9.75,14.88015331
1989,66,0,-4.0,-17.5,-10.75,17.20922103
1989,67,0,-1.0,-15.0,-8.0,17.61730594
1989,68,0,2.5,-11.5,-4.5,17.61730594
1989,69,0,5.5,-4.5,0.5,14.60809723
1989,70,0,9.0,-2.5,3.25,16.0557457
1989,71,0,6.5,-3.0,1.75,14.598144
1989,72,0,4.0,-2.0,1.0,10.21870055
1989,73,5,4.0,-1.5,1.25,7.359897875
1989,74,4,2.0,-6.5,-2.25,10.83912283
1989,75,0,1.0,-7.0,-3.0,14.30175769
1989,76,7,-0.5,-9.5,-5.0,12.00807862
1989,77,4,-4.5,-13.0,-8.75,11.97047856
1989,78,0,-1.0,-16.5,-8.75,21.764506
1989,79,2,0.5,-8.0,-3.75,16.18182111
1989,80,0,-0.5,-14.0,-7.25,21.11864703
1989,81,0,3.0,-13.0,-5.0,22.67135947
1989,82,0,8.5,-2.5,3.0,19.09039146
1989,83,0,13.0,-1.5,5.75,21.87730996
1989,84,0,12.5,1.0,6.75,19.80370962
1989,85,0,17.5,2.5,10.0,22.33184163
1989,86,0,23.5,9.0,16.25,21.79989488
1989,87,2,21.5,9.0,15.25,20.38431726
1989,88,0,12.5,0.5,6.5,20.8288971
1989,89,0,7.5,-1.5,3.0,17.40496808
1989,90,0,4.0,-2.5,0.75,13.658112
1989,91,0,5.0,-6.0,-0.5,20.41528293
1989,92,1,11.5,-2.0,4.75,22.74545715
1989,93,0,12.5,0.5,6.5,21.2967019
1989,94,1,14.0,-0.5,6.75,23.50301199
1989,95,0,11.5,0.0,5.75,21.02132644
1989,96,0,11.5,-3.5,4.0,24.26941481
1989,97,1,10.0,-2.0,4.0,21.91601645
1989,98,0,8.0,-2.5,2.75,20.59886466
1989,99,0,2.0,-8.0,-3.0,20.30247839
1989,100,0,3.0,-8.0,-2.5,21.94698212
1989,101,0,8.5,-5.0,1.75,24.33576846
1989,102,0,9.0,-3.5,2.75,23.46320007
1989,103,0,11.5,-6.0,2.75,26.7721111
1989,104,0,15.5,-1.0,7.25,26.21140833
1989,105,0,15.5,0.0,7.75,25.45385315
1989,106,2,19.0,2.5,10.75,25.94488362
1989,107,2,14.0,5.0,9.5,17.55095069
1989,108,0,12.5,0.0,6.25,22.90470779
1989,109,0,15.0,-1.0,7.0,25.97916529
1989,110,0,16.5,3.0,9.75,23.84363461
1989,111,2,16.0,3.5,9.75,20.5922307
1989,112,0,16.0,2.5,9.25,21.67492618
1989,113,0,17.0,3.5,10.25,21.8308615
1989,114,0,22.0,2.5,12.25,25.59762272
1989,115,10,22.5,7.5,15.0,16.96038915
1989,116,0,21.0,6.5,13.75,22.61495874
1989,117,0,19.0,7.0,13.0,20.2427603
1989,118,11,15.5,4.0,9.75,14.96973204
1989,119,2,12.5,4.0,8.25,15.9252475
1989,120,0,12.5,2.5,7.5,18.441216
1989,121,1,11.5,-0.5,5.5,21.16730849
1989,122,1,12.0,2.5,7.25,17.92254069
1989,123,0,17.0,3.0,10.0,23.41232712
1989,124,4,18.0,6.0,12.0,15.82350416
1989,125,5,12.5,4.0,8.25,12.51790798
1989,126,1,7.5,-2.5,2.5,19.5084285
1989,127,0,12.5,-3.5,4.5,26.02450921
1989,128,0,13.5,1.0,7.25,22.75098596
1989,129,1,16.0,2.5,9.25,23.72861817
1989,130,0,18.0,0.5,9.25,26.85947697
1989,131,0,18.5,1.5,10.0,26.5299147
1989,132,0,19.5,1.5,10.5,27.20563137
1989,133,0,20.5,8.0,14.25,22.22899137
1989,134,0,20.5,5.0,12.75,25.71706381
1989,135,0,23.0,7.5,15.25,25.55007084
1989,136,0,25.0,8.0,16.5,26.719028
1989,137,0,26.0,8.5,17.25,26.895974
1989,138,3,25.0,12.5,18.75,16.30568392
1989,139,2,20.5,14.0,17.25,12.77558749
1989,140,1,23.0,11.5,17.25,21.48913151
1989,141,0,26.0,7.0,16.5,28.25736363
1989,142,0,26.5,9.0,17.75,27.24212841
1989,143,0,27.5,8.0,17.75,28.44205102
1989,144,0,29.0,14.5,21.75,24.35456985
1989,145,16,27.0,13.5,20.25,17.37179053
1989,146,0,22.0,9.0,15.5,23.48421087
1989,147,0,20.0,5.5,12.75,25.36980513
1989,148,0,21.0,4.5,12.75,27.08398113
1989,149,11,22.0,9.5,15.75,16.79892513
1989,150,19,24.0,15.5,19.75,11.90412339
1989,151,10,23.0,16.5,19.75,9.488793875
1989,152,0,22.5,15.0,18.75,14.49197544
1989,153,0,26.0,11.5,18.75,24.84338694
1989,154,5,24.5,11.5,18.0,17.36294375
1989,155,0,22.5,8.0,15.25,25.34989854
1989,156,0,25.5,8.0,16.75,27.6070799
1989,157,0,28.0,13.5,20.75,24.48175135
1989,158,0,28.5,15.5,22.0,22.39819678
1989,159,3,27.0,13.5,20.25,17.36294375
1989,160,0,19.0,7.5,13.25,22.01665634
1989,161,0,19.5,7.0,13.25,23.58927394
1989,162,0,24.0,8.0,16.0,27.08398119
1989,163,11,22.0,11.5,16.75,15.02724184
1989,164,0,21.0,13.0,17.0,16.25038905
1989,165,10,21.0,12.0,16.5,13.62935861
1989,166,0,15.5,8.0,11.75,16.42512341
1989,167,0,18.5,7.5,13.0,22.71559712
1989,168,0,24.0,8.0,16.0,27.957658
1989,169,0,26.5,11.5,19.0,26.3850404
1989,170,0,28.5,13.5,21.0,26.03556835
1989,171,0,29.0,12.5,20.75,27.43345158
1989,172,0,30.0,13.0,21.5,27.78292197
1989,173,0,31.5,17.0,24.25,25.16189153
1989,174,0,31.0,18.0,24.5,23.41453791
1989,175,0,29.5,15.0,22.25,25.51136359
1989,176,0,29.5,16.0,22.75,24.46295075
1989,177,15,29.5,17.0,23.25,16.94932983
1989,178,0,27.5,15.5,21.5,22.89033315
1989,179,0,26.5,11.5,19.0,26.55977477
1989,180,0,26.0,8.0,17.0,28.83133481
1989,181,0,27.5,9.5,18.5,28.48186275
1989,182,0,30.0,12.5,21.25,27.43345158
1989,183,0,31.0,16.0,23.5,24.81242114
1989,184,0,32.0,17.0,24.5,24.46295075
1989,185,0,32.0,17.0,24.5,24.46295075
1989,186,0,32.0,14.5,23.25,26.73893271
1989,187,0,34.5,15.0,24.75,27.78071
1989,188,0,34.0,18.5,26.25,24.13449115
1989,189,0,32.0,14.5,23.25,26.39167417
1989,190,19,34.5,19.0,26.75,17.53657385
1989,191,0,34.5,23.0,28.75,18.11497012
1989,192,5,31.0,17.5,24.25,16.21721069
1989,193,4,26.5,16.5,21.5,13.2843111
1989,194,0,26.0,15.5,20.75,18.46001685
1989,195,0,26.5,11.0,18.75,24.6708644
1989,196,0,27.5,13.0,20.25,23.141376
1989,197,0,28.5,10.5,19.5,26.22689313
1989,198,0,30.0,13.5,21.75,24.51271713
1989,199,15,27.5,15.5,21.5,14.6468047
1989,200,18,22.5,15.5,19.0,9.367142125
1989,201,0,23.0,13.0,18.0,17.71241355
1989,202,3,24.5,13.5,19.0,14.30618005
1989,203,2,25.0,14.5,19.75,18.27422267
1989,204,0,29.0,15.5,22.25,21.48913151
1989,205,0,29.5,17.5,23.5,19.45866269
1989,206,0,30.0,19.0,24.5,17.98668229
1989,207,0,31.5,19.0,25.25,19.66768067
1989,208,0,32.5,19.0,25.75,20.67628033
1989,209,0,30.5,14.5,22.5,23.71313703
1989,210,28,22.5,10.0,16.25,15.86442287
1989,211,15,22.0,15.0,18.5,9.787392161
1989,212,0,25.5,16.0,20.75,16.92057568
1989,213,0,29.0,14.0,21.5,23.05843137
1989,214,0,29.5,17.0,23.25,20.10341284
1989,215,0,31.0,20.0,25.5,17.96124555
1989,216,15,32.0,20.5,26.25,13.74879703
1989,217,20,31.0,17.5,24.25,15.87658745
1989,218,0,25.5,12.5,19.0,21.76892992
1989,219,0,21.0,8.5,14.75,21.78441121
1989,220,0,24.5,10.0,17.25,23.41011358
1989,221,0,27.5,12.5,20.0,22.92793384
1989,222,0,28.5,13.5,21.0,22.6050055
1989,223,2,27.5,15.0,21.25,20.0448
1989,224,0,28.0,14.5,21.25,21.00695101
1989,225,3,27.0,14.5,20.75,14.96973204
1989,226,7,25.0,16.5,20.75,11.30692557
1989,227,0,23.5,14.5,19.0,16.24375215
1989,228,0,23.5,9.5,16.5,22.14051875
1989,229,0,25.5,9.0,17.25,23.56383721
1989,230,0,25.5,8.5,17.0,23.55609563
1989,231,0,25.5,11.5,18.5,21.04344483
1989,232,10,27.0,15.5,21.25,13.41038694
1989,233,0,28.0,12.5,20.25,21.51899235
1989,234,15,29.0,16.5,22.75,13.77976261
1989,235,0,26.5,16.0,21.25,16.41185339
1989,236,0,23.0,12.0,17.5,17.37068517
1989,237,0,25.5,13.0,19.25,18.60046846
1989,238,1,25.0,13.0,19.0,18.00880187
1989,239,0,27.0,16.5,21.75,16.02478106
1989,240,33,28.0,18.0,23.0,11.36332781
1989,241,0,27.0,16.5,21.75,15.75714732
1989,242,0,25.5,11.0,18.25,19.70307195
1989,243,0,26.0,13.5,19.75,17.74780504
1989,244,40,25.0,14.5,19.75,11.64533788
1989,245,0,24.0,9.0,16.5,19.85679388
1989,246,0,24.0,10.0,17.0,18.82054564
1989,247,0,23.5,12.0,17.75,16.44945409
1989,248,0,26.0,13.0,19.5,17.35630905
1989,249,1,26.5,15.5,21.0,15.14999862
1989,250,0,25.0,17.5,21.25,11.09458911
1989,251,5,25.5,17.5,21.5,8.75888625
1989,252,8,22.5,13.5,18.0,10.14128675
1989,253,0,20.5,9.5,15.0,15.93630775
1989,254,0,22.0,10.0,16.0,16.533504
1989,255,0,19.5,5.5,12.5,18.11828645
1989,256,7,15.5,7.5,11.5,9.273138876
1989,257,0,18.0,4.0,11.0,17.83627861
1989,258,0,20.5,3.5,12.0,19.11029794
1989,259,0,21.0,3.5,12.25,19.10145044
1989,260,0,24.0,6.0,15.0,18.82054569
1989,261,0,24.0,7.5,15.75,17.83627866
1989,262,0,24.5,8.5,16.5,17.27889417
1989,263,0,25.0,9.0,17.0,17.00352026
1989,264,0,25.0,8.5,16.75,17.00352026
1989,265,0,23.0,7.5,15.25,16.456089
1989,266,0,16.5,-0.5,8.0,17.41602726
1989,267,0,15.0,-2.0,6.5,17.13954899
1989,268,0,19.0,2.5,10.75,16.45940818
1989,269,0,18.5,0.5,9.5,16.86527969
1989,270,0,17.0,-1.0,8.0,16.73035694
1989,271,0,21.5,3.5,12.5,16.057959
1989,272,0,22.5,7.0,14.75,14.58597891
1989,273,0,23.0,3.0,13.0,16.05795891
1989,274,0,25.5,6.5,16.0,15.13451463
1989,275,0,21.0,5.0,13.0,14.08167857
1989,276,0,12.0,-2.0,5.0,13.18035531
1989,277,0,14.0,-4.0,5.0,14.87683563
1989,278,16,14.5,3.0,8.75,8.281128926
1989,279,0,13.5,2.5,8.0,10.48080413
1989,280,0,12.0,-2.5,4.75,12.57209929
1989,281,0,11.5,-3.0,4.25,12.44381208
1989,282,0,13.0,-1.5,5.75,12.082176
1989,283,3,12.5,1.5,7.0,7.249305358
1989,284,0,21.0,1.0,11.0,13.61608674
1989,285,0,24.0,4.5,14.25,12.98571237
1989,286,0,24.0,4.0,14.0,12.87180338
1989,287,0,25.5,7.5,16.5,11.87205144
1989,288,0,26.5,10.0,18.25,10.89994754
1989,289,19,21.5,6.5,14.0,7.803371599
1989,290,0,9.0,0.5,4.75,6.874398881
1989,291,0,5.5,-4.0,0.75,7.733699109
1989,292,0,4.5,-2.5,1.0,5.839257832
1989,293,3,5.0,-1.5,1.75,4.136140918
1989,294,0,12.5,-0.5,6.0,9.523076842
1989,295,0,16.5,-2.5,7.0,11.57234686
1989,296,0,21.5,3.5,12.5,10.86898244
1989,297,0,24.0,6.0,15.0,10.63010281
1989,298,0,25.0,9.5,17.25,9.348341677
1989,299,0,24.0,9.5,16.75,8.993341136
1989,300,0,23.5,7.0,15.25,9.612656826
1989,301,0,21.5,10.5,16.0,7.268106326
1989,302,0,20.5,11.0,15.75,6.447513875
1989,303,10,19.0,7.5,13.25,5.689958512
1989,304,6,10.5,0.0,5.25,5.573837021
1989,305,0,6.5,-2.5,2.0,6.555893256
1989,306,0,3.5,-5.0,-0.75,6.325862125
1989,307,0,2.0,-9.5,-3.75,7.973683375
1989,308,2,9.0,-2.5,3.25,7.745864067
1989,309,2,13.0,2.0,7.5,7.21944571
1989,310,2,10.5,1.5,6.0,6.204211063
1989,311,7,9.5,1.5,5.5,4.173742041
1989,312,0,8.5,2.5,5.5,4.356219183
1989,313,0,6.5,-1.0,2.75,5.361500613
1989,314,4,5.0,-2.5,1.25,3.981311893
1989,315,0,12.0,-2.0,5.0,8.183808107
1989,316,0,8.5,-4.0,2.25,7.852031893
1989,317,0,16.0,-0.5,7.75,8.539914059
1989,318,0,11.0,0.0,5.5,7.007108907
1989,319,0,4.5,-0.5,2.0,3.68492563
1989,320,0,1.5,-7.5,-3.0,6.177669056
1989,321,0,-3.5,-12.5,-8.0,6.177669056
1989,322,0,-4.5,-12.0,-8.25,5.256437742
1989,323,0,6.0,-9.0,-1.5,7.831019542
1989,324,0,9.5,-2.5,3.5,6.865551304
1989,325,0,4.5,-6.5,-1.0,6.582435947
1989,326,4,-3.0,-10.0,-6.5,4.0343963
1989,327,0,-4.5,-16.0,-10.25,7.750287927
1989,328,0,2.0,-16.5,-7.25,9.024307624
1989,329,0,7.0,-4.5,1.25,7.354368
1989,330,0,8.5,-5.0,1.75,7.87968
1989,331,8,6.5,-2.0,2.25,4.4126206
1989,332,5,2.5,-10.0,-3.75,5.613650088
1989,333,0,-3.0,-15.5,-9.25,7.588823329
1989,334,0,4.0,-9.0,-2.5,7.484866452
1989,335,0,6.0,-6.5,-0.25,7.276953687
1989,336,0,3.5,-10.0,-3.25,7.484866452
1989,337,0,-4.0,-14.0,-9.0,6.273884213
1989,338,0,0.0,-10.5,-5.25,6.376734679
1989,339,0,7.5,-4.5,1.5,6.788137025
1989,340,0,5.5,-8.5,-1.5,7.199539375
1989,341,0,-6.0,-16.5,-11.25,6.273884213
1989,342,0,-4.5,-16.5,-10.5,6.613401438
1989,343,0,-0.5,-11.5,-6.0,6.206422789
1989,344,0,0.0,-8.0,-4.0,4.883742794
1989,345,0,-4.0,-14.5,-9.25,6.002933711
1989,346,0,-9.0,-19.5,-14.25,6.002933711
1989,347,1,-9.5,-17.0,-13.25,4.781997769
1989,348,1,-10.5,-19.5,-15.0,5.494210524
1989,349,0,-11.5,-23.0,-17.25,6.409912357
1989,350,0,-12.0,-24.0,-18.0,6.511656899
1989,351,0,-8.5,-17.5,-13.0,5.392465982
1989,352,0,-9.5,-21.0,-15.25,6.308167331
1989,353,1,-13.5,-22.0,-17.75,5.188976414
1989,354,0,-16.0,-27.0,-21.5,6.206422789
1989,355,0,-20.5,-30.0,-25.25,5.697699602
1989,356,0,-19.5,-28.0,-23.75,5.290720956
1989,357,0,-15.0,-28.0,-21.5,6.816890519
1989,358,0,-11.0,-21.5,-16.25,6.10467825
1989,359,1,0.0,-15.0,-7.5,7.223869164
1989,360,2,-2.0,-19.0,-10.5,7.529103274
1989,361,2,-5.0,-15.0,-10.0,5.901189169
1989,362,0,0.5,-11.0,-5.25,6.409912357
1989,363,2,1.0,-7.5,-3.25,5.188976414
1989,364,1,-4.0,-9.0,-6.5,3.459317774
1989,365,2,-3.0,-7.0,-5.0,2.848849801
1990,1,0,-2.5,-7.5,-5.0,3.662806852
1990,2,0,1.5,-8.5,-3.5,6.409912357
1990,3,0,4.5,-4.5,0.0,6.068183287
1990,4,14,3.5,-7.0,-1.75,5.142528125
1990,5,0,-0.5,-14.5,-7.5,7.919493116
1990,6,0,-1.0,-10.5,-5.75,6.582436099
1990,7,0,2.5,-9.5,-3.5,7.508091258
1990,8,0,4.5,-6.0,-0.75,6.993838446
1990,9,6,3.5,-2.5,0.5,3.430563832
1990,10,0,3.5,-5.5,-1.0,6.445301639
1990,11,0,4.0,-4.0,0.0,5.925519233
1990,12,0,0.0,-10.0,-5.0,7.069040923
1990,13,0,-2.0,-14.5,-8.25,8.1948674
1990,14,0,1.5,-9.0,-3.75,7.459430298
1990,15,0,8.0,-7.0,0.5,8.825241199
1990,16,0,7.0,-4.0,1.5,7.6695554
1990,17,3,9.5,0.0,4.75,5.30841625
1990,18,0,3.5,-5.5,-1.0,7.007109347
1990,19,0,2.0,-8.5,-3.25,7.856456152
1990,20,2,1.0,-6.0,-2.5,6.007357196
1990,21,3,-0.5,-8.0,-4.25,4.827340688
1990,22,0,3.0,-6.5,-1.75,7.723744896
1990,23,4,3.0,-5.0,-1.0,5.202248006
1990,24,4,4.0,-2.0,1.0,4.118446124
1990,25,6,2.0,-7.5,-2.75,6.069288995
1990,26,0,-1.0,-15.0,-8.0,10.18220518
1990,27,0,5.5,-8.5,-1.5,10.18220518
1990,28,0,4.5,-9.0,-2.25,10.07271869
1990,29,0,4.5,-8.5,-2.0,10.17446379
1990,30,0,5.0,-8.0,-1.5,10.28505621
1990,31,0,4.0,-14.0,-5.0,11.50488649
1990,32,0,6.0,-6.5,-0.25,10.1645116
1990,33,4,-1.0,-11.0,-6.0,6.925271137
1990,34,4,-2.5,-10.0,-6.25,5.752995603
1990,35,0,1.0,-14.0,-6.5,11.73159867
1990,36,0,6.5,-8.5,-1.0,11.73270575
1990,37,0,6.5,-5.5,0.5,10.70751724
1990,38,0,4.5,-7.0,-1.25,10.69645799
1990,39,0,9.0,-3.0,3.0,10.81147301
1990,40,0,8.5,-4.0,2.25,11.15652026
1990,41,0,4.5,-7.0,-1.25,10.91542996
1990,42,0,0.5,-10.0,-4.75,10.56706604
1990,43,0,7.5,-9.5,-1.0,13.3639374
1990,44,0,9.5,-5.0,2.25,12.54334495
1990,45,0,-1.0,-12.0,-6.5,11.36001045
1990,46,6,-2.5,-8.0,-5.25,4.97000415
1990,47,5,-1.0,-9.0,-5.0,7.16636175
1990,48,0,-4.0,-18.0,-11.0,13.73552669
1990,49,0,2.0,-13.5,-5.75,14.465433
1990,50,0,1.0,-11.5,-5.25,13.13943452
1990,51,0,-0.5,-16.0,-8.25,14.71979566
1990,52,0,5.0,-8.5,-1.75,13.74658583
1990,53,0,4.0,-3.5,0.25,9.206784374
1990,54,0,3.0,-8.0,-2.5,12.52122652
1990,55,6,-0.5,-14.0,-7.25,10.89994754
1990,56,0,-8.5,-22.0,-15.25,14.73970099
1990,57,0,-2.5,-16.5,-9.5,15.24621319
1990,58,0,0.5,-9.0,-4.25,11.99702088
1990,59,0,2.0,-14.5,-6.25,16.76795862
1990,60,0,6.0,-7.5,-0.75,15.38113451
1990,61,0,9.0,-3.5,2.75,14.88015336
1990,62,0,5.0,-9.0,-2.0,16.15196136
1990,63,0,1.0,-7.5,-3.25,11.80237845
1990,64,0,0.0,-7.0,-3.5,10.1346514
1990,65,0,0.0,-8.0,-4.0,11.77473051
1990,66,0,2.5,-9.0,-3.25,15.65650963
1990,67,15,1.5,-3.5,-1.0,6.133432189
1990,68,10,4.5,-0.5,2.0,6.133432189
1990,69,0,5.5,0.5,3.0,8.422686528
1990,70,13,10.5,1.5,6.0,10.528358
1990,71,3,20.5,6.0,13.25,13.66917145
1990,72,16,22.5,7.0,14.75,13.80188109
1990,73,28,20.0,12.5,16.25,8.83187732
1990,74,9,18.0,7.0,12.5,12.17728608
1990,75,0,14.5,2.0,8.25,18.07957931
1990,76,0,8.5,-1.5,3.5,16.05574575
1990,77,0,3.0,-4.0,-0.5,12.51459069
1990,78,0,1.0,-10.5,-4.75,18.49983062
1990,79,0,6.0,-8.0,-1.0,20.57011125
1990,80,0,11.0,-2.0,4.5,19.74730628
1990,81,5,10.5,-1.0,4.75,14.10047974
1990,82,0,4.5,-10.0,-2.75,21.73796483
1990,83,0,1.0,-8.5,-3.75,17.41824062
1990,84,0,5.5,-6.0,-0.25,19.66325725
1990,85,0,5.5,-7.0,-0.75,20.78687222
1990,86,0,8.0,-8.0,0.0,23.21547251
1990,87,0,11.5,-2.5,4.5,21.94145319
1990,88,0,10.0,1.0,5.5,17.119641
1990,89,1,7.0,0.0,3.5,14.40903172
1990,90,0,11.5,-3.5,4.0,23.4344437
1990,91,5,13.0,1.5,7.25,15.52711707
1990,92,6,8.5,-2.0,3.25,15.21193012
1990,93,0,9.5,-4.5,2.5,23.46983615
1990,94,4,13.5,-0.5,6.5,17.37179051
1990,95,0,10.5,-2.5,4.0,22.62712281
1990,96,0,3.5,-7.0,-1.75,20.59223075
1990,97,0,5.0,-8.0,-1.5,23.09271563
1990,98,0,14.0,-3.5,5.25,25.63743545
1990,99,0,17.0,3.5,10.25,22.52537752
1990,100,12,12.5,-1.0,5.75,17.169408
1990,101,0,7.0,-4.0,1.5,20.75258823
1990,102,0,4.5,-7.0,-1.25,21.95914882
1990,103,0,10.5,-2.5,4.0,23.16238868
1990,104,6,13.5,0.5,7.0,17.2722577
1990,105,1,14.5,1.0,7.75,23.48421081
1990,106,1,12.5,0.0,6.25,22.73992683
1990,107,0,9.0,-3.5,2.75,22.89254437
1990,108,0,11.5,-4.5,3.5,26.13288875
1990,109,3,13.5,2.0,7.75,16.14090188
1990,110,8,16.5,6.5,11.5,14.55390661
1990,111,0,20.0,6.0,13.0,23.84363461
1990,112,0,21.5,6.0,13.75,22.76647044
1990,113,0,25.5,8.5,17.0,23.23427343
1990,114,0,28.5,12.5,20.5,22.14273049
1990,115,0,29.0,14.0,21.5,21.3575273
1990,116,0,28.5,14.5,21.5,20.71720029
1990,117,9,28.5,14.0,21.25,15.81465625
1990,118,8,23.0,11.0,17.0,14.6512274
1990,119,0,19.5,5.0,12.25,22.45459958
1990,120,0,19.0,3.5,11.25,23.57268449
1990,121,0,14.5,1.0,7.75,22.12945951
1990,122,0,16.0,-1.0,7.5,25.02697037
1990,123,0,17.5,2.0,9.75,23.89672041
1990,124,9,14.5,4.0,9.25,14.04739597
1990,125,1,15.5,1.5,8.5,22.92240411
1990,126,0,20.0,4.0,12.0,24.22296477
1990,127,0,23.5,8.0,15.75,23.56936678
1990,128,0,25.0,13.5,19.25,18.98643547
1990,129,20,21.5,5.0,13.25,18.78515592
1990,130,33,12.0,-1.0,5.5,16.97255404
1990,131,0,14.5,-0.5,7.0,24.38774742
1990,132,1,15.5,5.0,10.25,19.07712
1990,133,0,17.5,3.0,10.25,23.88787137
1990,134,1,19.0,8.5,13.75,19.03730681
1990,135,6,16.0,9.0,12.5,10.18662926
1990,136,15,17.5,9.0,13.25,12.19055684
1990,137,0,17.0,9.0,13.0,15.80138408
1990,138,0,17.0,5.0,11.0,22.18917823
1990,139,22,16.0,6.5,11.25,13.95228683
1990,140,0,11.0,5.5,8.25,11.84440337
1990,141,0,14.0,3.5,8.75,20.9815139
1990,142,0,19.0,3.0,11.0,26.7345108
1990,143,4,20.0,7.5,13.75,17.54210285
1990,144,0,20.5,9.5,15.0,21.4592717
1990,145,5,19.5,9.5,14.5,15.15773843
1990,146,0,18.5,9.5,14.0,19.02735425
1990,147,0,22.0,10.5,16.25,22.62712287
1990,148,0,24.0,8.5,16.25,26.569728
1990,149,0,23.0,6.0,14.5,27.94106749
1990,150,0,20.5,2.5,11.5,28.98395088
1990,151,0,22.5,5.0,13.75,28.46638162
1990,152,0,26.0,12.0,19.0,24.84338694
1990,153,13,27.0,15.0,21.0,16.7347816
1990,154,9,21.0,8.0,14.5,18.57834948
1990,155,0,16.5,2.0,9.25,27.08619291
1990,156,3,17.0,5.5,11.25,17.71020229
1990,157,0,21.0,9.5,15.25,23.09271552
1990,158,0,25.0,9.0,17.0,27.25982136
1990,159,4,24.5,12.0,18.25,17.88383239
1990,160,0,26.0,12.0,19.0,25.51136359
1990,161,0,26.0,11.5,18.75,26.03556835
1990,162,0,25.0,10.5,17.75,26.21030437
1990,163,0,28.5,17.0,22.75,21.84192031
1990,164,16,30.5,18.5,24.5,16.42512341
1990,165,0,28.0,16.5,22.25,21.66718428
1990,166,0,27.5,13.5,20.5,24.98715717
1990,167,7,26.5,15.0,20.75,16.25038905
1990,168,19,27.0,16.5,21.75,15.2019762
1990,169,0,28.0,15.0,21.5,23.41453791
1990,170,0,25.5,11.5,18.5,24.81242114
1990,171,8,26.0,13.5,19.75,17.12406586
1990,172,0,26.5,14.0,20.25,22.89033315
1990,173,35,23.5,13.5,18.5,14.85250581
1990,174,14,22.0,11.5,16.75,15.72618262
1990,175,0,25.5,9.5,17.5,26.73451079
1990,176,0,28.5,14.5,21.5,23.93874433
1990,177,7,28.5,15.5,22.0,17.12406586
1990,178,0,28.5,16.0,22.25,22.1913907
1990,179,20,27.5,15.0,21.25,16.94932983
1990,180,24,26.5,17.0,21.75,13.80409381
1990,181,0,29.5,18.5,24.0,20.44403708
1990,182,0,28.5,14.0,21.25,25.16189153
1990,183,0,27.5,13.0,20.25,25.33662756
1990,184,0,31.0,17.5,24.25,23.23980355
1990,185,0,33.0,22.0,27.5,19.57036027
1990,186,0,30.0,17.5,23.75,22.22456833
1990,187,0,25.5,11.5,18.5,25.00263834
1990,188,5,23.0,10.5,16.75,17.71020229
1990,189,0,30.0,17.0,23.5,22.91908542
1990,190,0,30.5,16.5,23.5,23.96086271
1990,191,0,27.5,16.5,22.0,20.702823
1990,192,1,25.5,13.5,19.5,22.60058243
1990,193,0,23.5,12.0,17.75,22.25553407
1990,194,0,23.0,8.5,15.75,25.87852875
1990,195,3,21.5,12.0,16.75,14.49197544
1990,196,0,23.0,13.0,18.0,20.05585887
1990,197,0,26.0,14.0,20.0,22.284288
1990,198,0,29.0,19.0,24.0,18.855936
1990,199,5,29.5,19.0,24.25,14.47649238
1990,200,12,27.5,17.0,22.25,14.98742773
1990,201,5,26.5,17.0,21.75,13.96555703
1990,202,0,26.0,14.5,20.25,21.79989473
1990,203,0,25.5,13.0,19.25,22.84277794
1990,204,0,24.5,11.5,18.0,23.51960034
1990,205,0,27.0,11.5,19.25,25.55007078
1990,206,0,28.5,15.0,21.75,23.1977779
1990,207,0,28.5,16.0,22.25,22.02107935
1990,208,3,26.5,17.0,21.75,13.61608748
1990,209,9,28.0,19.0,23.5,12.85853191
1990,210,9,29.0,19.5,24.25,13.19252024
1990,211,0,26.5,16.0,21.25,19.57478432
1990,212,0,24.0,10.0,17.0,24.21964863
1990,213,0,25.0,8.5,16.75,26.04441568
1990,214,0,26.5,10.5,18.5,25.21165779
1990,215,7,29.0,16.5,22.75,15.98386096
1990,216,14,28.5,17.0,22.75,14.89453141
1990,217,0,26.5,12.0,19.25,23.56936678
1990,218,0,23.0,8.0,15.5,24.38774759
1990,219,0,24.5,8.0,16.25,25.03581596
1990,220,0,26.5,10.0,18.25,24.71067579
1990,221,0,26.5,12.5,19.5,22.28207716
1990,222,2,26.5,15.0,20.75,19.375719
1990,223,0,25.5,14.5,20.0,18.76193249
1990,224,6,24.0,15.0,19.5,12.18723824
1990,225,0,23.5,10.0,16.75,21.81758877
1990,226,0,26.5,11.0,18.75,22.93235579
1990,227,0,28.5,16.5,22.5,19.110297
1990,228,0,29.0,16.0,22.5,19.76832031
1990,229,8,27.5,19.0,23.25,10.59581939
1990,230,23,30.0,18.5,24.25,13.19141295
1990,231,30,28.5,17.0,22.75,13.34845419
1990,232,19,19.0,15.5,17.25,4.989911273
1990,233,6,19.5,14.5,17.0,7.017062625
1990,234,0,23.0,13.5,18.25,16.257024
1990,235,0,24.5,12.5,18.5,19.19877061
1990,236,8,27.5,16.5,22.0,13.06644438
1990,237,10,29.0,17.5,23.25,13.22016784
1990,238,6,29.0,18.5,23.75,12.209357
1990,239,6,31.5,20.0,25.75,12.51459063
1990,240,0,32.0,19.5,25.75,17.42376931
1990,241,0,29.0,14.0,21.5,19.99945666
1990,242,0,27.0,11.5,19.25,20.45509757
1990,243,0,26.5,11.5,19.0,20.15428618
1990,244,0,29.0,15.5,22.25,18.36380188
1990,245,0,29.0,13.0,21.0,20.00609223
1990,246,0,27.0,13.0,20.0,18.67235322
1990,247,0,30.5,16.0,23.25,18.37596554
1990,248,0,31.5,18.5,25.0,16.76795876
1990,249,0,32.0,20.0,26.0,15.59126099
1990,250,0,30.5,17.0,23.75,17.2258099
1990,251,0,26.0,13.0,19.5,17.5177725
1990,252,0,27.5,14.0,20.75,17.385063
1990,253,10,27.5,14.0,20.75,12.89392117
1990,254,0,27.0,14.5,20.75,16.10219493
1990,255,0,28.5,16.5,22.5,15.26501295
1990,256,0,29.0,16.0,22.5,15.97833133
1990,257,18,26.0,13.5,19.75,11.89085151
1990,258,0,21.0,7.5,14.25,17.1284898
1990,259,0,20.0,9.0,14.5,14.74744294
1990,260,0,16.5,5.5,11.0,15.02834635
1990,261,2,16.5,7.0,11.75,13.23786287
1990,262,5,18.5,9.0,13.75,9.614868959
1990,263,0,20.5,6.0,13.25,16.45055947
1990,264,7,20.5,9.5,15.0,10.22976013
1990,265,0,16.0,5.0,10.5,13.8505421
1990,266,0,13.5,2.5,8.0,13.8505421
1990,267,0,18.5,2.0,10.25,16.86749163
1990,268,0,23.5,8.0,15.75,15.77926737
1990,269,0,24.5,9.0,16.75,15.38113456
1990,270,0,27.0,7.5,17.25,16.59543547
1990,271,1,25.0,9.5,17.25,14.85361258
1990,272,0,16.5,6.5,11.5,11.50820446
1990,273,0,15.0,4.0,9.5,12.34206745
1990,274,2,17.5,3.0,10.25,14.34488727
1990,275,0,21.0,1.0,11.0,16.18735068
1990,276,13,21.5,7.0,14.25,10.17888812
1990,277,7,19.5,4.5,12.0,10.439885
1990,278,0,23.5,7.5,15.5,13.84501197
1990,279,0,26.5,11.5,19.0,12.80987062
1990,280,0,22.0,6.0,14.0,13.47010612
1990,281,5,10.5,3.0,6.75,6.02947583
1990,282,3,8.0,2.5,5.25,4.578508677
1990,283,12,7.5,0.0,3.75,6.104678642
1990,284,11,10.5,-3.0,3.75,9.329540873
1990,285,0,14.0,0.0,7.0,12.48141215
1990,286,0,15.0,-1.0,7.0,12.99677162
1990,287,6,16.0,4.0,10.0,8.122982562
1990,288,2,14.5,1.5,8.0,11.27153689
1990,289,0,17.5,5.0,11.25,10.6522217
1990,290,0,21.5,8.5,15.0,10.43435562
1990,291,7,17.0,-0.5,8.25,9.32954138
1990,292,0,7.5,-4.0,1.75,9.853747664
1990,293,0,13.5,1.5,7.5,9.853747664
1990,294,4,13.5,2.5,8.0,6.750535284
1990,295,0,11.5,-5.0,3.25,11.57234686
1990,296,0,14.5,0.0,7.25,10.39122431
1990,297,0,14.0,0.5,7.25,9.913467315
1990,298,0,10.0,-3.5,3.25,9.821675538
1990,299,0,12.0,-3.0,4.5,10.29500884
1990,300,0,13.5,1.0,7.25,9.026519201
1990,301,0,10.5,-2.5,4.0,9.378201999
1990,302,0,14.5,-2.5,6.0,10.43324928
1990,303,0,18.0,4.0,11.0,9.057485021
1990,304,0,19.0,3.0,11.0,9.638093021
1990,305,0,21.5,6.5,14.0,8.97122287
1990,306,0,20.5,11.0,15.75,6.440877689
1990,307,3,15.5,5.5,10.5,5.125939312
1990,308,6,7.0,-0.5,3.25,4.214661266
1990,309,5,3.0,-1.5,0.75,2.707292208
1990,310,2,2.5,-3.5,-0.5,4.73776096
1990,311,3,2.0,-5.5,-1.75,4.286545772
1990,312,0,0.5,-8.5,-4.0,6.590177683
1990,313,6,2.0,-4.0,-1.0,3.35093775
1990,314,0,6.0,-5.0,0.5,7.299071893
1990,315,1,7.5,-5.0,1.25,7.852031893
1990,316,0,7.0,-5.0,1.0,7.630848107
1990,317,0,6.0,-6.5,-0.25,7.664025251
1990,318,0,14.5,-1.5,6.5,8.320941595
1990,319,0,19.5,6.5,13.0,7.15309062
1990,320,0,17.5,2.5,10.0,7.694991432
1990,321,0,11.0,-4.0,3.5,7.911752069
1990,322,0,10.5,0.5,5.5,6.007357196
1990,323,0,13.0,-0.5,6.25,7.187373708
1990,324,0,12.5,-1.0,5.75,7.080099571
1990,325,8,16.5,3.5,10.0,4.989911072
1990,326,0,15.0,-1.5,6.75,7.537950972
1990,327,0,9.0,0.0,4.5,5.30841625
1990,328,0,7.5,-3.5,2.0,6.157763052
1990,329,0,8.5,-1.5,3.5,5.673369702
1990,330,1,10.0,-4.0,3.0,6.829056
1990,331,11,17.5,2.5,10.0,5.148057702
1990,332,0,10.5,-5.0,2.75,6.965084045
1990,333,0,1.5,-8.0,-3.25,5.405736827
1990,334,0,6.5,-4.0,1.25,5.717606469
1990,335,0,8.0,-2.0,3.0,5.509693704
1990,336,0,4.0,-8.0,-2.0,6.133432494
1990,337,30,0.5,-6.5,-3.0,3.496919225
1990,338,7,-4.0,-11.5,-7.75,3.805470861
1990,339,0,-1.0,-15.0,-8.0,7.405240304
1990,340,0,0.5,-9.0,-4.25,5.7596314
1990,341,0,2.0,-9.5,-3.75,6.479585633
1990,342,0,5.0,-8.0,-1.5,6.816890519
1990,343,0,8.0,-5.0,1.5,6.613401438
1990,344,0,6.5,-5.0,0.75,6.10467825
1990,345,0,6.0,-6.5,-0.25,6.409912357
1990,346,0,6.5,-4.5,1.0,5.901189169
1990,347,0,2.0,-8.0,-3.0,5.595955063
1990,348,0,-0.5,-12.5,-6.5,6.409912357
1990,349,8,1.0,-6.0,-2.5,3.255828448
1990,350,0,0.5,-6.5,-3.0,4.375019607
1990,351,5,0.5,-4.5,-2.0,2.441871397
1990,352,0,0.5,-4.5,-2.0,3.35757299
1990,353,0,-0.5,-8.0,-4.25,4.883742794
1990,354,0,2.0,-4.5,-1.25,4.375019607
1990,355,0,0.5,-11.5,-5.5,6.816890519
1990,356,0,-8.0,-22.0,-15.0,7.427358732
1990,357,0,-18.0,-25.5,-21.75,5.087231875
1990,358,0,-14.0,-24.0,-19.0,6.308167331
1990,359,0,-8.0,-23.5,-15.75,7.630847813
1990,360,0,-12.5,-27.5,-20.0,7.630847813
1990,361,0,-7.0,-20.5,-13.75,7.325613706
1990,362,9,-1.5,-11.5,-6.5,4.680253227
1990,363,8,0.5,-9.5,-4.5,4.781997769
1990,364,1,-7.0,-19.5,-13.25,7.223869164
1990,365,0,-11.0,-22.5,-16.75,7.020380086
1991,1,0,-6.0,-16.5,-11.25,6.308167331
1991,2,0,-6.0,-17.5,-11.75,6.715145977
1991,3,0,-11.0,-24.0,-17.5,7.302389838
1991,4,0,-9.0,-22.0,-15.5,7.302389838
1991,5,9,-4.0,-18.5,-11.25,5.7596314
1991,6,0,-5.5,-20.0,-12.75,7.81664265
1991,7,0,-9.0,-22.0,-15.5,7.508091258
1991,8,0,-4.0,-16.0,-10.0,7.199539375
1991,9,0,-3.0,-11.5,-7.25,5.821562849
1991,10,0,-4.0,-18.0,-11.0,8.004648858
1991,11,8,-3.0,-8.5,-5.75,3.118694437
1991,12,4,-1.5,-7.0,-4.25,3.118694437
1991,13,0,-2.0,-8.5,-5.25,4.9379326
1991,14,0,2.0,-6.0,-2.0,5.778432
1991,15,0,2.5,-3.0,-0.25,4.202496
1991,16,0,-1.0,-5.5,-3.25,3.572121702
1991,17,0,-1.0,-7.5,-4.25,5.096079802
1991,18,0,-1.5,-13.0,-7.25,7.962624374
1991,19,0,3.0,-6.5,-1.75,7.007109347
1991,20,1,3.0,-8.5,-2.75,8.045567813
1991,21,0,-7.0,-20.5,-13.75,9.011035541
1991,22,0,-8.0,-25.5,-16.75,9.976504292
1991,23,0,-0.5,-17.5,-9.0,9.970974743
1991,24,0,-10.5,-22.5,-16.5,8.887173118
1991,25,0,-13.0,-26.0,-19.5,9.320694388
1991,26,0,-8.5,-21.5,-15.0,9.525288317
1991,27,0,-4.0,-14.0,-9.0,8.211455626
1991,28,0,-2.0,-12.5,-7.25,8.539914059
1991,29,1,-7.0,-18.0,-12.5,9.068543789
1991,30,0,-12.0,-27.0,-19.5,10.61683242
1991,31,0,-9.0,-20.0,-14.5,9.382625273
1991,32,0,-2.5,-17.5,-10.0,10.83469851
1991,33,0,5.0,-10.0,-2.5,10.83469851
1991,34,0,7.5,-3.0,2.25,9.137111268
1991,35,0,7.5,-1.0,3.25,8.009072354
1991,36,0,8.0,-4.0,2.0,10.36578882
1991,37,0,5.0,-2.5,1.25,7.63195387
1991,38,0,5.5,-3.0,1.25,8.626175626
1991,39,0,7.5,-4.5,1.5,10.81147301
1991,40,0,7.5,-4.0,1.75,10.69645799
1991,41,0,3.5,-8.0,-2.25,11.031552
1991,42,0,-3.5,-14.0,-8.75,10.56706604
1991,43,0,-2.0,-15.5,-8.75,12.19166215
1991,44,0,-1.0,-8.0,-4.5,7.854243951
1991,45,6,-2.0,-11.0,-6.5,7.3366729
1991,46,0,-7.0,-21.0,-14.0,12.89834424
1991,47,0,-6.5,-18.0,-12.25,11.82449643
1991,48,0,0.5,-11.5,-5.5,12.06337607
1991,49,3,1.0,-5.5,-2.25,5.78617343
1991,50,0,1.0,-2.5,-0.75,4.460175232
1991,51,0,3.0,-6.5,-1.75,11.07025966
1991,52,0,7.5,-5.5,1.0,13.62493417
1991,53,0,5.5,-5.5,0.0,12.76674053
1991,54,0,-0.5,-10.0,-5.25,11.90744089
1991,55,0,-2.0,-10.5,-6.25,11.39539921
1991,56,0,-4.0,-16.0,-10.0,14.36811282
1991,57,0,-4.5,-15.0,-9.75,13.62161644
1991,58,0,-2.5,-12.5,-7.5,13.2467105
1991,59,0,2.5,-9.0,-3.25,14.62468598
1991,60,18,5.5,-2.5,1.5,8.699166498
1991,61,21,5.0,-4.5,0.25,10.04728332
1991,62,0,-1.5,-12.0,-6.75,14.75297328
1991,63,0,0.5,-11.0,-5.25,15.90755341
1991,64,0,6.5,-7.5,-0.5,17.19042066
1991,65,0,7.0,-4.0,1.5,15.5271165
1991,66,0,-0.5,-10.5,-5.5,15.13893834
1991,67,0,3.0,-7.0,-2.0,15.13783375
1991,68,0,4.0,-5.5,-0.75,14.74633781
1991,69,0,3.5,-7.5,-2.0,16.45055938
1991,70,0,5.0,-3.5,0.75,14.08167857
1991,71,0,2.5,-3.5,-0.5,10.88225255
1991,72,0,2.0,-4.0,-1.0,11.14767309
1991,73,0,3.5,-7.0,-1.75,17.39612225
1991,74,0,7.0,-7.0,0.0,19.80481635
1991,75,0,6.5,-4.0,1.25,17.40496812
1991,76,4,6.0,-1.5,2.25,10.52393478
1991,77,0,6.5,-1.5,2.5,15.09912656
1991,78,0,12.0,-2.5,4.75,20.81230912
1991,79,0,14.0,-1.5,6.25,21.39291622
1991,80,0,17.5,3.5,10.5,20.29584336
1991,81,8,18.0,0.5,9.25,16.45055947
1991,82,9,10.5,0.5,5.5,12.95917129
1991,83,0,7.5,-1.5,3.0,16.44281941
1991,84,0,15.0,-2.0,6.5,22.61274637
1991,85,5,20.5,7.0,13.75,15.02834635
1991,86,16,20.5,6.5,13.5,15.42979557
1991,87,3,14.0,-4.5,4.75,17.41160506
1991,88,0,2.0,-8.0,-3.0,18.11828645
1991,89,0,3.5,-7.5,-2.0,19.25959613
1991,90,1,8.5,-3.0,2.75,19.84020507
1991,91,0,10.0,-4.0,3.0,21.99674907
1991,92,0,11.0,-4.5,3.25,23.180084
1991,93,0,16.5,-1.0,7.75,23.90446162
1991,94,0,17.5,4.5,11.0,21.02132644
1991,95,0,22.0,6.5,14.25,22.48114082
1991,96,0,28.0,11.5,19.75,20.44514283
1991,97,0,28.5,13.0,20.75,19.70970601
1991,98,10,23.5,11.0,17.25,13.33739475
1991,99,32,15.0,0.5,7.75,15.11571377
1991,100,7,8.5,-2.0,3.25,12.690432
1991,101,0,8.5,-1.5,3.5,16.27361223
1991,102,13,3.5,-1.0,1.25,6.166609979
1991,103,16,6.0,-0.5,2.75,8.723497536
1991,104,21,9.5,3.5,6.5,8.333107063
1991,105,3,13.5,3.0,8.25,13.18145997
1991,106,0,15.0,1.0,8.0,21.21375721
1991,107,0,14.5,0.5,7.5,21.06114112
1991,108,0,14.0,1.5,7.75,19.98397375
1991,109,0,12.0,4.0,8.0,14.60367313
1991,110,0,11.5,-2.0,4.75,21.676032
1991,111,0,14.0,0.5,7.25,21.676032
1991,112,0,16.0,-1.5,7.25,24.48175153
1991,113,6,14.5,2.0,8.25,15.43753718
1991,114,2,15.5,0.0,7.75,23.55609563
1991,115,0,18.5,3.5,11.0,22.92793367
1991,116,0,19.5,4.0,11.75,23.40569155
1991,117,1,21.0,9.5,15.25,19.61017315
1991,118,14,24.0,6.5,15.25,18.47328771
1991,119,7,23.5,12.0,17.75,14.33272275
1991,120,7,19.5,7.5,13.5,15.39440701
1991,121,0,11.5,4.5,8.0,13.95118049
1991,122,0,14.5,1.0,7.75,23.25086218
1991,123,0,14.5,0.5,7.5,23.89672041
1991,124,0,16.0,3.5,9.75,22.28207716
1991,125,14,15.0,4.5,9.75,15.1190324
1991,126,9,8.5,3.0,5.75,9.103933143
1991,127,0,12.5,2.5,7.5,20.45952031
1991,128,4,15.0,5.0,10.0,15.22188342
1991,129,0,21.5,5.5,13.5,26.2003493
1991,130,0,25.0,9.0,17.0,25.54122163
1991,131,0,28.0,12.0,20.0,24.88209395
1991,132,0,30.0,15.0,22.5,23.55609568
1991,133,0,29.5,14.5,22.0,23.55609568
1991,134,0,30.5,13.5,22.0,24.88209419
1991,135,0,29.0,13.5,21.25,23.88013159
1991,136,0,28.5,16.5,22.5,20.20626556
1991,137,0,22.5,9.5,16.0,22.86157854
1991,138,12,12.0,5.5,8.75,10.4221896
1991,139,0,16.0,6.5,11.25,18.82718148
1991,140,0,23.0,6.5,14.75,26.39609959
1991,141,0,26.0,12.0,19.0,23.68880675
1991,142,2,28.0,16.0,22.0,20.9815139
1991,143,0,28.0,18.0,23.0,18.39366123
1991,144,3,27.5,17.5,22.5,13.96555703
1991,145,3,25.5,16.0,20.75,13.79524632
1991,146,4,24.0,16.0,20.0,12.34206687
1991,147,0,29.0,15.5,22.25,23.65562913
1991,148,0,32.0,18.0,25.0,23.48421087
1991,149,0,32.5,20.0,26.25,21.59861825
1991,150,5,31.0,16.0,23.5,18.63254103
1991,151,3,29.0,17.0,23.0,16.38973487
1991,152,4,26.5,17.0,21.75,14.14692872
1991,153,7,27.0,17.0,22.0,14.66449962
1991,154,0,27.0,14.5,20.75,23.43997406
1991,155,0,24.5,9.0,16.75,26.91256281
1991,156,0,23.0,8.0,15.5,26.56530427
1991,157,0,25.0,7.5,16.25,28.1279702
1991,158,0,26.0,8.0,17.0,28.1279702
1991,159,0,27.5,11.0,19.25,26.56530427
1991,160,0,28.0,14.0,21.0,24.28821472
1991,161,1,26.5,15.5,21.0,20.79350747
1991,162,0,28.0,15.5,21.75,22.71559712
1991,163,0,29.0,14.5,21.75,24.81242114
1991,164,0,31.0,12.0,21.5,28.30713006
1991,165,18,30.5,17.5,24.0,17.12406586
1991,166,35,28.0,16.5,22.25,16.07565302
1991,167,0,26.0,14.0,20.0,22.5408611
1991,168,0,27.5,11.5,19.5,26.55977477
1991,169,0,29.0,13.0,21.0,26.03556835
1991,170,0,29.5,16.0,22.75,23.23980355
1991,171,0,30.0,17.0,23.5,22.5408611
1991,172,0,29.5,16.0,22.75,23.23980355
1991,173,8,22.0,11.0,16.5,15.90091865
1991,174,0,22.0,9.0,15.5,23.93874433
1991,175,0,26.0,11.0,18.5,25.33662756
1991,176,0,29.0,14.0,21.5,24.63768678
1991,177,0,31.0,16.5,23.75,23.58927394
1991,178,0,32.5,20.5,26.5,20.09456669
1991,179,0,32.0,20.5,26.25,19.57036027
1991,180,0,33.5,19.0,26.25,22.89033315
1991,181,0,30.5,17.5,24.0,21.84192031
1991,182,22,28.5,15.5,22.0,16.77459547
1991,183,0,31.0,16.0,23.5,23.93874433
1991,184,0,29.5,15.5,22.5,23.06506752
1991,185,0,26.0,15.0,20.5,19.91983066
1991,186,0,28.0,15.0,21.5,22.22456833
1991,187,0,32.0,17.5,24.75,23.09271552
1991,188,21,32.0,15.5,23.75,18.92560803
1991,189,0,27.5,14.0,20.75,23.09271552
1991,190,0,27.0,13.0,20.0,23.78723261
1991,191,0,28.0,16.0,22.0,20.87534718
1991,192,0,28.5,15.5,22.0,22.08301153
1991,193,6,28.0,17.0,22.5,14.66449962
1991,194,4,25.5,15.0,20.25,14.66449962
1991,195,0,25.5,11.0,18.25,24.6708644
1991,196,0,28.0,11.0,19.5,26.39830975
1991,197,0,30.5,15.5,23.0,23.82704575
1991,198,0,30.0,18.0,24.0,20.39869375
1991,199,0,32.0,18.0,25.0,22.31083008
1991,200,0,33.0,18.5,25.75,22.6514531
1991,201,0,32.5,21.5,27.0,18.2233489
1991,202,46,32.0,19.0,25.5,15.8389861
1991,203,10,31.5,20.0,25.75,14.2132834
1991,204,0,30.0,14.5,22.25,24.02721795
1991,205,0,26.5,12.5,19.5,23.18118914
1991,206,0,25.0,10.0,17.5,24.20637596
1991,207,0,23.5,9.5,16.5,23.53397725
1991,208,0,24.5,10.0,17.25,23.70207773
1991,209,10,23.0,13.0,18.0,13.52650856
1991,210,9,21.5,13.0,17.25,12.02356228
1991,211,0,24.5,10.0,17.25,23.55609568
1991,212,0,29.0,13.5,21.25,23.55609568
1991,213,0,30.0,12.0,21.0,25.21497568
1991,214,0,29.0,16.5,22.75,20.10341284
1991,215,0,25.0,15.5,20.25,16.6429902
1991,216,0,23.5,12.0,17.75,19.6411395
1991,217,0,24.0,10.5,17.25,21.93260515
1991,218,0,24.5,10.5,17.5,22.42363395
1991,219,10,22.5,15.5,19.0,9.59164417
1991,220,41,20.5,14.5,17.5,8.616222898
1991,221,4,23.0,10.5,16.75,15.82350416
1991,222,0,26.0,11.5,18.75,22.44354056
1991,223,0,27.5,11.5,19.5,23.09160899
1991,224,0,27.5,12.5,20.0,22.12945951
1991,225,0,27.5,11.5,19.5,22.77310423
1991,226,0,29.0,13.0,21.0,22.45459958
1991,227,0,28.5,16.0,22.25,19.110297
1991,228,0,28.0,17.0,22.5,17.23797471
1991,229,5,26.5,17.0,21.75,11.70284578
1991,230,0,26.0,14.0,20.0,18.8448765
1991,231,0,21.0,10.0,15.5,18.37375429
1991,232,0,23.0,9.0,16.0,21.05118787
1991,233,0,27.0,11.0,19.0,21.98679682
1991,234,0,29.0,15.5,22.25,19.19877061
1991,235,0,28.5,14.5,21.5,19.8180867
1991,236,0,29.5,14.0,21.75,20.59886467
1991,237,0,32.0,16.0,24.0,20.29141921
1991,238,0,33.0,17.5,25.25,19.53497149
1991,239,0,32.5,16.5,24.5,19.84020512
1991,240,0,33.0,18.5,25.75,18.1813245
1991,241,0,33.0,19.0,26.0,17.57528093
1991,242,0,31.5,18.0,24.75,17.29658937
1991,243,0,28.0,14.0,21.0,18.34942496
1991,244,0,24.0,10.0,17.0,18.81169977
1991,245,0,27.0,10.5,18.75,20.00609223
1991,246,7,27.0,15.0,21.0,12.00365584
1991,247,0,25.0,8.5,16.75,19.85789829
1991,248,0,23.5,8.5,16.0,18.68009476
1991,249,0,27.0,10.0,18.5,19.26844505
1991,250,0,30.0,14.5,22.25,17.37179051
1991,251,0,29.0,15.5,22.25,15.76599553
1991,252,0,30.5,18.0,24.25,14.4875525
1991,253,5,29.0,16.0,22.5,11.44516661
1991,254,13,23.0,12.5,17.75,10.063872
1991,255,43,21.5,13.5,17.5,7.989165662
1991,256,4,25.5,16.5,21.0,8.5598205
1991,257,15,27.5,17.5,22.5,9.201254562
1991,258,14,28.0,19.5,23.75,7.785676937
1991,259,5,26.0,13.5,19.75,10.95524359
1991,260,0,22.5,7.0,14.75,16.99467287
1991,261,9,19.0,5.5,12.25,11.84440362
1991,262,0,11.0,1.5,6.25,12.54113325
1991,263,0,12.5,-1.0,5.75,15.8976
1991,264,0,17.0,-0.5,8.25,17.83295947
1991,265,2,17.0,5.0,11.0,14.12480999
1991,266,0,14.0,3.0,8.5,13.43913961
1991,267,3,13.0,4.0,8.5,8.569774497
1991,268,2,15.0,4.5,9.75,12.78664676
1991,269,0,16.0,2.0,9.0,15.2462131
1991,270,0,13.0,-3.0,5.0,16.46051272
1991,271,0,16.0,-2.5,6.75,16.99467302
1991,272,0,18.0,0.0,9.0,16.45940823
1991,273,0,20.5,3.5,12.0,15.52711655
1991,274,0,20.5,4.0,12.25,15.00290965
1991,275,0,19.0,8.5,13.75,11.31798535
1991,276,4,18.5,5.5,12.0,9.787392187
1991,277,15,14.5,4.5,9.5,8.221409686
1991,278,14,10.5,4.0,7.25,5.693276176
1991,279,0,10.5,0.0,5.25,11.51594424
1991,280,0,12.5,-2.0,5.25,13.85496654
1991,281,0,19.5,2.5,11.0,14.36811295
1991,282,0,22.0,5.0,13.5,13.86270672
1991,283,0,18.0,1.0,9.5,13.989888
1991,284,0,16.5,2.0,9.25,12.6074875
1991,285,0,16.0,2.5,9.25,11.97711313
1991,286,0,13.0,-0.5,6.25,11.87205144
1991,287,4,11.0,2.5,6.75,6.248448125
1991,288,2,8.5,0.5,4.5,7.803371599
1991,289,0,15.0,-2.0,6.5,12.7578931
1991,290,0,22.0,6.0,14.0,11.78468447
1991,291,0,20.0,1.0,10.5,12.64398411
1991,292,24,7.5,-6.5,0.5,9.367142168
1991,293,0,10.5,-2.0,4.25,11.43521234
1991,294,0,16.5,3.0,9.75,11.45180113
1991,295,0,22.0,5.0,13.5,12.53670814
1991,296,0,24.0,11.0,17.5,10.15234581
1991,297,34,23.0,14.0,18.5,5.016452997
1991,298,38,18.0,7.0,12.5,6.035005198
1991,299,9,11.0,4.0,7.5,4.260003636
1991,300,7,8.5,4.0,6.25,2.813460712
1991,301,3,10.0,5.5,7.75,2.930688125
1991,302,12,17.0,6.5,11.75,5.978603661
1991,303,4,14.0,-2.5,5.75,7.780146979
1991,304,4,4.0,-2.0,1.0,3.948134512
1991,305,16,11.0,-1.0,5.0,6.555893256
1991,306,8,4.5,-9.5,-2.5,8.051097251
1991,307,0,-6.0,-11.5,-8.75,5.239848964
1991,308,0,-5.5,-14.0,-9.75,7.518044214
1991,309,4,-2.5,-12.0,-7.25,6.091407334
1991,310,2,-0.5,-13.0,-6.75,9.588326188
1991,311,0,-5.5,-19.5,-12.5,10.26514964
1991,312,0,-4.0,-17.5,-10.75,9.829417612
1991,313,0,1.0,-12.0,-5.5,9.494323624
1991,314,2,1.0,-7.0,-3.0,6.746111893
1991,315,2,1.0,-4.0,-1.5,4.534271893
1991,316,1,1.5,-3.0,-0.75,4.091904052
1991,317,0,7.5,-2.0,2.75,7.554539282
1991,318,8,10.0,-1.5,4.25,6.240706067
1991,319,10,10.5,1.5,6.0,5.202248006
1991,320,0,8.5,-3.5,2.5,8.453652881
1991,321,0,6.5,-3.5,1.5,7.586611375
1991,322,12,14.0,2.5,8.25,5.900083063
1991,323,0,13.0,3.0,8.0,6.543728384
1991,324,0,10.0,-0.5,4.75,6.758277167
1991,325,0,9.0,-3.0,3.0,7.219446302
1991,326,0,10.5,-0.5,5.0,6.794772902
1991,327,14,7.5,-2.5,2.5,4.777574625
1991,328,3,0.5,-8.5,-4.0,5.096079802
1991,329,0,-5.5,-12.0,-8.75,5.25312
1991,330,0,-3.0,-15.0,-9.0,7.774617702
1991,331,6,1.0,-8.5,-3.75,5.0429954
1991,332,3,-1.0,-8.5,-4.75,4.15825925
1991,333,9,3.0,-6.0,-1.5,4.781998037
1991,334,11,10.5,-3.5,3.5,5.821562849
1991,335,0,0.0,-13.0,-6.5,7.692779713
1991,336,5,-4.0,-12.5,-8.25,4.574085276
1991,337,7,-4.5,-11.0,-7.75,3.70262015
1991,338,3,-6.5,-19.0,-12.75,5.656780937
1991,339,3,-9.5,-17.5,-13.5,4.319723429
1991,340,0,-4.5,-19.5,-12.0,7.919493116
1991,341,0,6.5,-9.0,-1.25,7.81664265
1991,342,0,7.5,0.5,4.0,4.781997769
1991,343,0,6.5,-6.0,0.25,7.122124625
1991,344,0,6.5,-4.5,1.0,6.613401438
1991,345,0,7.5,-5.0,1.25,6.918635544
1991,346,11,9.5,-3.0,3.25,5.087231875
1991,347,6,8.0,-5.5,1.25,5.290720956
1991,348,0,1.0,-9.0,-4.0,6.002933711
1991,349,2,-6.5,-14.5,-10.5,5.188976414
1991,350,0,-6.0,-18.0,-12.0,6.816890519
1991,351,0,-0.5,-10.5,-5.5,6.002933711
1991,352,0,-4.0,-16.5,-10.25,6.918635544
1991,353,0,-5.0,-17.5,-11.25,6.918635544
1991,354,7,0.0,-9.5,-4.75,4.375019607
1991,355,0,1.5,-8.0,-3.25,5.799444144
1991,356,0,1.5,-6.0,-2.25,4.883742794
1991,357,0,0.5,-6.0,-2.75,4.375019607
1991,358,0,2.5,-9.5,-3.5,6.715145977
1991,359,0,2.5,-11.5,-4.5,7.223869164
1991,360,0,3.5,-7.5,-2.0,6.409912357
1991,361,0,2.5,-3.0,-0.25,3.764551635
1991,362,0,1.0,-3.0,-1.0,2.848849801
1991,363,0,0.0,-5.0,-2.5,3.561062313
1991,364,0,1.0,-5.5,-2.25,4.578508688
1991,365,0,1.0,-3.0,-1.0,2.950594585
1992,1,0,0.0,-3.5,-1.75,3.154083666
1992,2,1,1.0,-3.0,-1.0,3.561062313
1992,3,0,2.0,-0.5,0.75,2.365562888
1992,4,0,1.5,-1.5,0.0,2.776965237
1992,5,0,1.0,-2.0,-0.5,2.776965237
1992,6,0,1.0,-2.0,-0.5,2.776965237
1992,7,0,0.5,-2.0,-0.75,2.365562888
1992,8,4,1.0,-1.5,-0.25,1.851310076
1992,9,0,2.5,-1.5,0.5,3.742433224
1992,10,0,0.5,-9.5,-4.5,7.484866452
1992,11,0,4.5,-6.0,-0.75,7.588823329
1992,12,3,5.0,-2.0,1.5,4.054302869
1992,13,0,2.5,-4.5,-1.0,5.5683074
1992,14,0,-2.5,-13.5,-8.0,7.354368
1992,15,0,-7.5,-18.0,-12.75,7.354368
1992,16,0,-9.5,-23.5,-16.5,8.0898046
1992,17,0,-3.0,-16.5,-9.75,8.068792597
1992,18,0,-10.0,-21.5,-15.75,7.856456152
1992,19,0,-9.0,-21.5,-15.25,8.174960822
1992,20,0,-3.0,-16.5,-9.75,8.36739073
1992,21,0,2.0,-10.0,-4.0,8.152841946
1992,22,0,4.0,-5.5,-0.75,7.509196625
1992,23,4,2.0,-7.0,-2.5,6.177669056
1992,24,0,-4.0,-14.5,-9.25,9.103933236
1992,25,5,-6.0,-13.5,-9.75,5.85252888
1992,26,0,-4.0,-13.5,-8.75,8.977857942
1992,27,0,-2.0,-10.5,-6.25,8.539914059
1992,28,0,-2.5,-6.5,-4.5,4.817387406
1992,29,0,-0.5,-7.0,-3.75,7.409663789
1992,30,0,2.0,-3.0,-0.5,5.971968107
1992,31,0,2.0,-3.0,-0.5,6.031688058
1992,32,0,1.0,-11.5,-5.25,10.72300123
1992,33,0,5.5,-7.0,-0.75,10.61130287
1992,34,0,10.0,-3.5,3.25,10.82916883
1992,35,0,7.5,-3.5,2.0,10.03954111
1992,36,0,4.0,-8.5,-2.25,10.93533763
1992,37,0,3.5,-5.0,-0.75,8.771051495
1992,38,0,1.0,-7.0,-3.0,8.511160062
1992,39,0,-5.0,-13.5,-9.25,9.086238437
1992,40,0,-4.5,-17.5,-11.0,11.61658361
1992,41,4,-1.0,-10.0,-5.5,7.199538979
1992,42,0,-0.5,-10.5,-5.5,10.450944
1992,43,0,-4.0,-16.5,-10.25,11.95720733
1992,44,0,-1.5,-10.5,-6.0,9.964339624
1992,45,0,-0.5,-3.5,-2.0,4.02333699
1992,46,12,1.0,-2.5,-0.75,3.550003125
1992,47,0,1.5,-6.0,-2.25,9.555149
1992,48,0,2.5,-1.0,0.75,5.016452997
1992,49,8,1.5,-1.5,0.0,3.49581309
1992,50,6,1.5,-2.0,-0.25,3.73690341
1992,51,0,3.5,-2.0,0.75,7.664025832
1992,52,0,2.5,-7.5,-2.5,11.80016617
1992,53,0,3.0,-6.0,-1.5,11.41641286
1992,54,0,4.0,-4.5,-0.25,11.04814125
1992,55,6,2.0,-2.5,-0.25,5.202247339
1992,56,0,1.0,-3.5,-1.25,7.184056411
1992,57,0,3.5,-7.5,-2.0,13.37167875
1992,58,0,6.0,-2.5,1.75,11.747082
1992,59,0,6.0,-0.5,2.75,9.959915248
1992,60,0,6.0,-0.5,2.75,9.959915248
1992,61,0,4.0,-8.5,-2.25,14.37253527
1992,62,0,11.5,-3.0,4.25,14.88015336
1992,63,0,13.5,-2.5,5.5,15.261696
1992,64,0,5.0,-1.0,2.0,9.493217774
1992,65,0,9.0,-0.5,4.25,13.21353292
1992,66,0,11.5,1.5,6.5,13.71562007
1992,67,3,10.0,4.5,7.25,6.987202551
1992,68,4,8.0,2.5,5.25,7.177420937
1992,69,3,12.5,4.0,8.25,9.917890623
1992,70,16,12.0,-2.5,4.75,12.50242513
1992,71,8,-0.5,-11.5,-6.0,13.4236562
1992,72,0,-4.5,-13.5,-9.0,16.5888
1992,73,0,-3.0,-12.5,-7.75,17.11964109
1992,74,0,-1.0,-11.5,-6.25,18.33283627
1992,75,0,0.0,-9.5,-4.75,17.52993908
1992,76,0,0.5,-10.0,-4.75,18.48434628
1992,77,0,4.5,-7.5,-1.5,19.42880169
1992,78,0,6.0,-3.0,1.5,16.86749163
1992,79,0,4.0,-5.0,-0.5,17.00352031
1992,80,0,4.5,-7.0,-1.25,19.47303839
1992,81,0,5.0,-4.0,0.5,16.86749149
1992,82,7,2.5,-7.0,-2.25,13.27104053
1992,83,9,1.5,-9.0,-3.75,14.49197567
1992,84,0,5.5,-9.5,-2.0,22.295348
1992,85,0,11.0,-5.0,3.0,22.61274637
1992,86,0,12.5,0.5,6.5,20.08461303
1992,87,0,8.5,-2.5,3.0,19.39341319
1992,88,0,6.0,-6.5,-0.25,21.09210607
1992,89,0,7.5,-5.0,1.25,21.11422417
1992,90,6,6.5,-0.5,3.0,10.69977563
1992,91,0,8.0,-0.5,3.75,16.82104293
1992,92,0,10.0,0.0,5.0,19.12135707
1992,93,0,5.0,-5.0,0.0,19.84794665
1992,94,0,3.5,-8.0,-2.25,21.58645267
1992,95,0,8.5,-3.0,2.75,21.45927103
1992,96,0,9.0,-2.0,3.5,21.02132644
1992,97,0,10.5,-3.5,3.5,23.68106592
1992,98,0,17.0,1.0,9.0,24.41650274
1992,99,0,19.0,4.5,11.75,21.04344477
1992,100,0,15.5,-2.0,6.75,22.96995763
1992,101,8,13.5,2.0,7.75,14.33272377
1992,102,5,12.0,0.5,6.25,14.33272377
1992,103,12,6.0,-1.5,2.25,10.82916871
1992,104,0,5.5,-6.0,-0.25,19.85347621
1992,105,0,4.0,-3.0,0.5,13.93901516
1992,106,0,5.5,-0.5,2.5,12.27239462
1992,107,15,8.0,1.0,4.5,10.68318737
1992,108,11,8.0,2.5,5.25,8.699166571
1992,109,0,6.0,2.0,4.0,8.915927043
1992,110,0,10.5,3.5,7.0,14.91111858
1992,111,16,18.0,7.5,12.75,14.708736
1992,112,9,19.5,12.0,15.75,11.3025027
1992,113,4,17.5,3.5,10.5,17.62062422
1992,114,2,7.5,0.0,3.75,16.52908144
1992,115,3,8.5,2.0,5.25,11.3069256
1992,116,3,7.5,3.5,5.5,7.5379509
1992,117,1,7.0,2.5,4.75,11.54469936
1992,118,2,7.5,2.0,4.75,14.07504346
1992,119,3,9.5,-1.5,4.0,17.67702533
1992,120,0,14.0,-0.5,6.75,25.95815221
1992,121,1,19.0,6.0,12.5,24.53483551
1992,122,0,21.5,7.0,14.25,25.33662751
1992,123,0,25.5,9.5,17.5,25.834292
1992,124,0,27.5,13.5,20.5,24.05818381
1992,125,0,18.0,5.0,11.5,24.70404203
1992,126,0,14.0,2.5,8.25,23.7352553
1992,127,0,12.5,-1.0,5.75,25.84866714
1992,128,0,15.5,-2.0,6.75,28.1523012
1992,129,0,20.5,3.5,12.0,27.66127084
1992,130,0,24.0,4.5,14.25,28.34251816
1992,131,0,26.0,6.5,16.25,28.17773545
1992,132,0,27.5,9.5,18.5,27.18904238
1992,133,0,28.0,12.0,20.0,26.04441568
1992,134,7,25.0,14.0,19.5,16.09113568
1992,135,0,22.0,8.0,15.0,25.38307628
1992,136,0,18.5,5.5,12.0,24.54810666
1992,137,0,21.0,8.5,14.75,23.54614406
1992,138,0,26.5,12.0,19.25,24.87877627
1992,139,8,28.0,13.0,20.5,18.32288165
1992,140,0,23.5,7.0,15.25,26.55977465
1992,141,0,23.5,4.5,14.0,28.25736363
1992,142,0,28.5,9.0,18.75,27.7497444
1992,143,0,29.5,13.0,21.25,25.38086437
1992,144,0,29.0,16.0,22.5,21.79989473
1992,145,11,26.0,8.0,17.0,20.09677798
1992,146,0,13.5,0.5,7.0,23.16238845
1992,147,0,9.5,0.0,4.75,18.34168287
1992,148,0,12.5,3.0,7.75,17.998848
1992,149,0,17.0,0.5,8.75,26.39830975
1992,150,0,20.5,3.5,12.0,26.39830975
1992,151,0,22.0,4.0,13.0,27.08619309
1992,152,0,23.0,7.0,15.0,25.18843531
1992,153,0,26.0,7.5,16.75,27.08619309
1992,154,0,26.5,9.0,17.75,26.05105293
1992,155,0,27.0,9.5,18.25,26.04441563
1992,156,0,28.0,9.5,18.75,26.56530427
1992,157,0,26.5,12.0,19.25,22.74545697
1992,158,1,25.5,13.0,19.25,20.48827396
1992,159,0,26.0,10.5,18.25,24.30812125
1992,160,0,24.0,8.5,16.25,24.65537979
1992,161,0,23.0,9.5,16.25,22.89033315
1992,162,0,25.0,12.0,18.5,22.1913907
1992,163,0,27.0,11.0,19.0,25.51136359
1992,164,0,29.5,15.0,22.25,23.23980355
1992,165,0,31.5,14.0,22.75,26.03556835
1992,166,0,32.5,16.0,24.25,24.81242114
1992,167,9,31.5,16.0,23.75,17.47353625
1992,168,16,25.5,13.5,19.5,15.02724184
1992,169,5,22.5,13.0,17.75,12.7556818
1992,170,5,27.5,18.0,22.75,12.23147537
1992,171,4,27.0,15.5,21.25,14.67776978
1992,172,1,22.0,10.0,16.0,21.49244992
1992,173,2,17.5,4.5,11.0,23.58927394
1992,174,0,18.5,2.0,10.25,27.25871722
1992,175,0,18.0,7.0,12.5,20.79350747
1992,176,1,18.0,9.0,13.5,17.64827228
1992,177,2,21.0,8.5,14.75,22.71559712
1992,178,0,24.5,9.0,16.75,25.68609795
1992,179,0,24.5,10.0,17.25,24.63768678
1992,180,0,22.0,5.5,13.75,26.90924516
1992,181,0,26.0,8.0,17.0,27.78292197
1992,182,0,27.0,13.0,20.0,23.76400997
1992,183,0,25.5,12.0,18.75,23.41453791
1992,184,0,30.0,12.0,21.0,27.43345158
1992,185,13,29.5,16.0,22.75,16.94932983
1992,186,8,22.5,13.5,18.0,13.10515219
1992,187,0,24.5,11.5,18.0,23.09271552
1992,188,0,25.0,9.0,17.0,26.39167417
1992,189,0,25.5,10.0,17.75,25.69715708
1992,190,2,25.0,13.5,19.25,21.0091626
1992,191,31,27.0,17.5,22.25,13.19583708
1992,192,0,28.0,16.0,22.0,21.04786972
1992,193,7,26.5,15.0,20.75,15.52711725
1992,194,0,26.0,13.5,19.75,22.25553407
1992,195,13,26.5,16.5,21.5,14.14692872
1992,196,24,24.0,14.0,19.0,14.49197544
1992,197,28,19.5,12.5,16.0,11.142144
1992,198,0,22.5,10.0,16.25,23.48421087
1992,199,7,24.5,14.0,19.25,15.08474913
1992,200,0,25.5,14.0,19.75,21.28895938
1992,201,0,25.0,13.5,19.25,21.28895938
1992,202,0,27.0,14.0,20.5,22.8217638
1992,203,4,25.5,13.5,19.5,16.34992145
1992,204,0,22.5,11.0,16.75,21.65833792
1992,205,6,20.5,11.5,16.0,13.70566741
1992,206,5,18.5,11.0,14.75,11.84440337
1992,207,0,22.0,10.5,16.25,21.6848784
1992,208,0,23.5,13.5,18.5,19.49958179
1992,209,1,25.0,16.0,20.5,17.81858342
1992,210,0,27.0,12.5,19.75,24.54810666
1992,211,0,27.5,15.0,21.25,22.37718531
1992,212,0,26.5,13.0,19.75,23.55609568
1992,213,2,21.5,11.5,16.5,20.07244863
1992,214,0,22.0,9.5,15.75,23.39020863
1992,215,0,26.0,11.0,18.5,24.88209395
1992,216,3,26.0,15.0,20.5,15.32473329
1992,217,7,24.5,11.5,18.0,17.18599706
1992,218,0,23.0,8.5,15.75,24.55142437
1992,219,0,23.5,10.0,16.75,23.56936678
1992,220,0,25.0,7.0,16.0,26.33637972
1992,221,0,24.0,13.5,18.75,19.5084285
1992,222,16,26.0,16.0,21.0,13.72446762
1992,223,0,32.0,17.5,24.75,22.12061222
1992,224,0,32.0,19.5,25.75,19.88444099
1992,225,0,28.0,11.5,19.75,24.05376
1992,226,4,23.0,11.0,17.0,15.44748977
1992,227,3,19.0,7.5,13.25,15.28823821
1992,228,0,20.0,9.0,14.5,19.58805473
1992,229,0,22.0,6.5,14.25,23.40569155
1992,230,0,23.5,6.5,15.0,24.0382772
1992,231,0,24.5,7.0,15.75,23.8701766
1992,232,1,24.5,12.0,18.25,19.78712092
1992,233,0,25.0,8.0,16.5,23.0783396
1992,234,0,25.0,9.0,17.0,22.29866597
1992,235,0,26.0,10.0,18.0,21.676032
1992,236,0,26.5,10.5,18.5,21.3663747
1992,237,0,28.5,14.0,21.25,19.52280483
1992,238,0,30.0,16.5,23.25,18.13929954
1992,239,0,30.0,18.5,24.25,15.71954743
1992,240,17,26.0,12.0,19.0,14.1933778
1992,241,0,17.0,10.0,13.5,11.36332781
1992,242,0,18.5,7.5,13.0,16.66621413
1992,243,11,23.5,10.0,16.75,13.83727121
1992,244,0,24.5,10.0,17.25,19.10145059
1992,245,0,22.5,8.0,15.25,19.11029788
1992,246,0,22.5,6.0,14.25,20.30469177
1992,247,6,23.0,12.0,17.5,11.41088189
1992,248,10,23.0,12.5,17.75,10.96630249
1992,249,0,23.5,8.5,16.0,18.68009476
1992,250,0,27.0,11.5,19.25,18.53300824
1992,251,16,26.0,15.5,20.75,10.36468192
1992,252,3,24.0,14.0,19.0,10.07271933
1992,253,0,22.5,8.5,15.5,17.385063
1992,254,15,19.0,9.0,14.0,10.28616213
1992,255,2,18.5,7.5,13.0,14.95203785
1992,256,0,19.0,4.5,11.75,17.69029516
1992,257,0,21.0,8.0,14.5,16.12099555
1992,258,0,24.5,12.5,18.5,14.58044981
1992,259,26,24.5,15.0,19.75,9.059696937
1992,260,13,24.5,15.5,20.0,8.708013658
1992,261,33,25.5,16.5,21.0,8.708013658
1992,262,25,23.0,17.0,20.0,5.99187504
1992,263,23,21.5,12.0,16.75,9.475523165
1992,264,0,18.0,3.5,10.75,17.00352026
1992,265,0,19.0,7.0,13.0,15.06815947
1992,266,7,19.0,9.5,14.25,9.462251308
1992,267,0,18.0,5.0,11.5,15.77041863
1992,268,0,16.0,1.0,8.5,16.86749163
1992,269,0,18.0,3.5,10.75,16.18735082
1992,270,0,19.5,4.5,12.0,16.05574575
1992,271,11,19.0,9.5,14.25,8.904867545
1992,272,21,19.0,7.5,13.25,10.03622437
1992,273,0,17.5,4.0,10.75,14.85361258
1992,274,0,14.5,-1.0,6.75,15.79253709
1992,275,0,18.5,2.0,10.25,15.66093202
1992,276,0,23.0,5.0,14.0,15.792537
1992,277,0,26.0,9.0,17.5,14.74633781
1992,278,0,25.5,9.5,17.5,14.22434281
1992,279,0,21.5,8.0,14.75,13.06865688
1992,280,0,19.0,3.5,11.25,14.10379699
1992,281,0,20.0,4.5,12.25,13.72667933
1992,282,0,19.5,5.0,12.25,13.0852457
1992,283,5,18.0,7.5,12.75,7.885209358
1992,284,6,15.0,4.5,9.75,7.885209358
1992,285,2,12.0,4.0,8.0,8.447016385
1992,286,0,14.5,2.5,8.5,11.47281411
1992,287,0,14.5,4.0,9.25,10.24745469
1992,288,0,13.0,-1.5,5.75,12.49689625
1992,289,0,12.0,3.5,7.75,8.422686786
1992,290,7,10.5,3.5,7.0,5.326110849
1992,291,12,8.5,0.5,4.5,6.015099244
1992,292,4,7.5,-4.5,1.5,7.979213124
1992,293,0,6.5,-5.5,0.5,10.46200366
1992,294,0,4.0,-8.5,-2.25,10.70530583
1992,295,7,5.0,-3.0,1.0,5.665627696
1992,296,0,9.0,1.0,5.0,7.353261659
1992,297,0,18.0,2.5,10.25,10.98842112
1992,298,0,23.5,10.5,17.0,9.555149
1992,299,0,20.5,5.0,12.75,10.53167549
1992,300,0,18.0,1.5,9.75,10.88667602
1992,301,0,16.5,2.5,9.5,9.847111652
1992,302,0,14.0,-3.0,5.5,10.78493208
1992,303,0,13.0,0.5,6.75,9.026519201
1992,304,0,11.5,0.0,5.75,8.476877021
1992,305,0,8.0,-4.0,2.0,8.825241488
1992,306,0,8.0,-2.0,3.0,7.706050006
1992,307,17,7.0,1.0,4.0,3.795517221
1992,308,15,10.0,1.0,5.5,5.239848964
1992,309,4,6.5,0.0,3.25,4.10075134
1992,310,0,2.0,-1.5,0.25,3.158507396
1992,311,0,2.0,-2.5,-0.25,4.060938041
1992,312,0,0.5,-3.0,-1.25,3.271311395
1992,313,0,0.5,-5.0,-2.25,4.914708808
1992,314,2,2.5,-3.5,-0.5,5.249802262
1992,315,3,9.0,-0.5,4.25,5.419008107
1992,316,2,10.0,4.0,7.0,4.97664
1992,317,0,8.5,-3.0,2.75,8.073216211
1992,318,7,4.0,-1.5,1.25,3.503554452
1992,319,0,2.5,-4.0,-0.75,5.47430375
1992,320,0,0.0,-6.5,-3.25,5.419008125
1992,321,0,0.5,-7.5,-3.5,6.286049631
1992,322,0,3.0,-6.0,-1.5,6.719569868
1992,323,0,3.0,-2.5,0.25,4.505517771
1992,324,0,3.5,-5.5,-1.0,6.651002521
1992,325,0,4.0,-2.5,0.75,5.149163605
1992,326,30,8.5,0.5,4.5,4.459069447
1992,327,27,11.0,2.5,6.75,4.565238177
1992,328,11,4.0,-1.0,1.5,3.078881526
1992,329,8,1.5,-2.5,-0.5,2.654208125
1992,330,0,2.0,-2.5,-0.25,3.992371151
1992,331,6,2.0,-2.0,0.0,2.7316223
1992,332,9,0.5,-6.0,-2.75,4.622745702
1992,333,0,-1.0,-11.5,-6.25,8.004648858
1992,334,0,-1.5,-12.0,-6.75,8.004648858
1992,335,0,-1.0,-8.0,-4.5,6.445301639
1992,336,0,-1.5,-5.5,-3.5,4.15825925
1992,337,0,-1.0,-8.0,-4.5,6.445301639
1992,338,2,0.0,-5.0,-2.5,4.936827196
1992,339,0,-1.5,-9.0,-5.25,6.582436099
1992,340,4,-2.5,-9.5,-6.0,4.731125775
1992,341,0,-5.0,-13.5,-9.25,6.993838446
1992,342,7,-4.0,-13.5,-8.75,5.451080008
1992,343,0,-3.0,-8.5,-5.75,5.087231875
1992,344,0,-3.5,-10.0,-6.75,5.697699602
1992,345,4,-2.0,-8.5,-5.25,4.273274581
1992,346,11,0.0,-5.0,-2.5,3.459317774
1992,347,0,1.0,-5.0,-2.0,5.392465982
1992,348,0,2.0,-10.0,-4.0,7.630847813
1992,349,0,1.5,-4.5,-1.5,5.290720956
1992,350,0,1.5,-3.5,-1.0,4.578508688
1992,351,18,3.0,-2.0,0.5,3.459317774
1992,352,16,2.0,-2.5,-0.25,3.154083666
1992,353,0,-0.5,-6.5,-3.5,5.392465982
1992,354,0,-1.5,-10.0,-5.75,6.715145977
1992,355,1,0.5,-8.0,-3.75,6.613401438
1992,356,0,-3.0,-16.0,-9.5,7.732592352
1992,357,0,-1.5,-12.0,-6.75,7.223869164
1992,358,0,2.0,-9.5,-3.75,7.325613706
1992,359,1,1.5,-13.5,-6.0,7.834336894
1992,360,0,-8.0,-22.5,-15.25,7.834336894
1992,361,0,-3.5,-18.0,-10.75,7.732592352
1992,362,0,-8.5,-18.5,-13.5,6.816890519
1992,363,0,0.0,-12.5,-6.25,7.427358732
1992,364,0,2.5,-9.0,-3.25,7.122124625
1992,365,10,2.5,-4.0,-0.75,3.764551635
1992,366,3,2.0,-1.5,0.25,2.238382074
1993,1,0,-9.5,-19.5,-14.5,6.308167331
1993,2,1,-3.5,-16.5,-10.0,7.223869164
1993,3,2,2.5,-5.0,-1.25,5.142528125
1993,4,5,3.5,-3.5,0.0,3.599769687
1993,5,0,-2.0,-10.5,-6.25,5.7596314
1993,6,0,-5.0,-11.5,-8.25,4.731125775
1993,7,0,-6.5,-14.5,-10.5,5.553930474
1993,8,0,-6.5,-16.5,-11.5,6.582436099
1993,9,0,-7.5,-13.0,-10.25,4.15825925
1993,10,0,-6.5,-11.0,-8.75,3.534520463
1993,11,0,-5.0,-11.5,-8.25,4.88595442
1993,12,6,-1.0,-7.0,-4.0,3.430563832
1993,13,12,-0.5,-7.5,-4.0,3.992371151
1993,14,0,-3.0,-13.5,-8.25,7.354368
1993,15,0,-5.0,-12.5,-8.75,5.883494298
1993,16,0,-3.5,-14.5,-9.0,7.6695554
1993,17,0,-4.0,-16.5,-10.25,8.281129552
1993,18,0,-7.0,-21.5,-14.25,8.918138895
1993,19,0,-4.0,-21.0,-12.5,9.342812802
1993,20,0,-0.5,-19.0,-9.75,9.654681375
1993,21,10,2.0,-7.5,-2.75,5.578260146
1993,22,3,3.5,-4.5,-0.5,4.934614821
1993,23,0,4.5,-4.0,0.25,7.044710562
1993,24,0,2.5,-9.5,-3.5,8.887173118
1993,25,0,-4.0,-15.5,-9.75,8.887173118
1993,26,0,1.5,-13.5,-6.0,9.963233243
1993,27,0,3.0,-10.0,-3.5,9.525288317
1993,28,1,-0.5,-8.5,-4.5,7.226080844
1993,29,0,-3.5,-18.5,-11.0,10.50624
1993,30,0,-2.0,-14.5,-8.25,9.842687578
1993,31,0,5.5,-5.5,0.0,9.270927987
1993,32,0,5.5,-6.0,-0.25,9.606021975
1993,33,0,1.5,-7.5,-3.0,8.489042191
1993,34,0,4.5,-7.0,-1.25,9.926737915
1993,35,0,7.0,-7.0,0.0,10.82916883
1993,36,0,5.5,-5.5,0.0,9.796240009
1993,37,0,0.0,-8.5,-4.25,8.429322535
1993,38,0,0.5,-5.5,-2.5,6.440877689
1993,39,0,0.0,-7.0,-3.5,7.476018876
1993,40,3,-1.5,-6.0,-3.75,3.795517221
1993,41,3,0.0,-4.0,-2.0,3.483648
1993,42,3,-1.0,-7.5,-4.25,5.573837021
1993,43,1,-3.0,-7.5,-5.25,5.509693451
1993,44,0,-2.5,-8.0,-5.25,6.681968701
1993,45,0,-2.5,-9.0,-5.75,8.046673976
1993,46,0,-2.5,-15.5,-9.0,12.78001148
1993,47,0,-5.0,-13.5,-9.25,10.27178563
1993,48,0,-7.0,-20.0,-13.5,13.37720837
1993,49,0,-10.5,-22.0,-16.25,13.01888993
1993,50,0,-5.5,-20.0,-12.75,14.465433
1993,51,0,-3.5,-13.0,-8.25,12.04346834
1993,52,13,-3.0,-7.5,-5.25,4.987699082
1993,53,6,-4.0,-10.0,-7.0,6.751641875
1993,54,2,-5.5,-18.0,-11.75,14.85361259
1993,55,0,-9.0,-26.0,-17.5,16.59764655
1993,56,0,-7.5,-25.0,-16.25,16.84537357
1993,57,0,-3.5,-20.5,-12.0,16.99577938
1993,58,0,-2.0,-20.5,-11.25,17.37068531
1993,59,0,-0.5,-16.0,-8.25,16.89403277
1993,60,0,5.0,-9.0,-2.0,16.2636584
1993,61,0,5.5,-5.5,0.0,14.75297328
1993,62,0,4.5,-2.5,1.0,10.810368
1993,63,0,3.5,-2.0,0.75,8.980070749
1993,64,0,4.5,-7.0,-1.25,15.90755341
1993,65,0,6.0,-6.5,-0.25,16.82104288
1993,66,0,5.5,-3.5,1.0,14.10379699
1993,67,0,4.5,-1.0,1.75,9.656893751
1993,68,0,3.5,-2.0,0.75,9.787392187
1993,69,9,2.0,-3.5,-0.75,7.501454825
1993,70,3,0.0,-8.5,-4.25,10.7915667
1993,71,0,-3.0,-19.5,-11.25,20.17198055
1993,72,0,-5.0,-16.5,-10.75,17.51777255
1993,73,0,-7.0,-19.0,-13.0,18.06520387
1993,74,0,-0.5,-19.5,-10.0,21.1429796
1993,75,1,5.0,-8.0,-1.5,18.48434628
1993,76,0,0.5,-16.0,-7.75,20.77802406
1993,77,0,-3.5,-16.0,-9.75,18.635858
1993,78,3,-1.0,-8.5,-4.75,9.79402744
1993,79,0,1.5,-3.5,-1.0,9.325117362
1993,80,0,3.5,-4.0,-0.25,13.7134075
1993,81,7,1.5,-2.5,-0.5,5.944320264
1993,82,13,0.5,-2.5,-1.0,4.737761585
1993,83,0,3.0,-1.5,0.75,9.057485124
1993,84,0,5.0,-0.5,2.25,11.236147
1993,85,0,5.5,0.0,2.75,11.65750278
1993,86,0,4.5,-1.0,1.75,12.17396811
1993,87,0,8.5,-3.0,2.75,21.09210607
1993,88,0,15.0,-1.0,7.0,23.96749631
1993,89,0,16.5,-1.0,7.75,24.39548897
1993,90,25,13.5,-0.5,6.5,17.53989093
1993,91,19,1.5,-6.5,-2.5,13.51434185
1993,92,0,1.0,-9.5,-4.25,21.73132875
1993,93,0,4.5,-7.5,-1.5,23.03520792
1993,94,0,5.5,-6.0,-0.25,22.77310481
1993,95,0,5.0,-4.5,0.25,20.72936385
1993,96,0,7.5,-2.0,2.75,20.73931867
1993,97,5,9.5,0.5,5.0,14.85582417
1993,98,13,12.5,4.0,8.25,14.07836113
1993,99,0,12.0,2.5,7.25,20.30247839
1993,100,0,13.5,-1.0,6.25,25.53016377
1993,101,9,12.0,1.0,6.5,16.87080988
1993,102,1,6.5,-1.0,2.75,17.8982093
1993,103,0,10.5,-2.5,4.0,25.11765702
1993,104,5,9.5,0.0,4.75,16.36319234
1993,105,37,3.5,-0.5,1.5,8.333107063
1993,106,17,2.0,-2.0,0.0,8.699166571
1993,107,0,8.5,-3.5,2.5,26.09750117
1993,108,0,14.5,1.0,7.75,26.74777967
1993,109,19,13.5,3.5,8.5,17.37068517
1993,110,36,8.0,-1.5,3.25,17.3408253
1993,111,0,11.5,-3.0,4.25,27.71435461
1993,112,0,15.0,-0.5,7.25,27.91231518
1993,113,0,17.5,1.5,9.5,27.75637986
1993,114,0,20.0,8.0,14.0,24.02721784
1993,115,0,19.0,4.5,11.75,23.71313686
1993,116,0,15.5,-1.5,7.0,25.61974433
1993,117,4,15.0,0.0,7.5,18.34500185
1993,118,8,19.5,6.5,13.0,16.88076296
1993,119,2,21.0,8.0,14.5,22.61385115
1993,120,0,20.0,5.0,12.5,24.69519299
1993,121,4,18.0,6.5,12.25,16.03584
1993,122,12,19.5,9.0,14.25,15.17764593
1993,123,7,19.5,12.0,15.75,11.62543109
1993,124,10,18.5,12.0,15.25,10.49518112
1993,125,6,20.5,12.0,16.25,13.16818986
1993,126,0,24.5,9.5,17.0,24.71067579
1993,127,2,24.5,13.0,18.75,21.27790112
1993,128,9,25.5,13.0,19.25,16.69496826
1993,129,0,28.0,16.0,22.0,21.25688705
1993,130,0,28.5,14.5,21.5,23.39905434
1993,131,0,27.0,13.0,20.0,23.72861817
1993,132,0,25.0,10.0,17.5,25.04908863
1993,133,0,21.5,2.0,11.75,28.20096
1993,134,0,22.5,7.5,15.0,25.21608331
1993,135,0,21.5,7.5,14.5,24.21411912
1993,136,0,20.5,2.5,11.5,27.2200085
1993,137,3,18.5,2.5,10.5,19.66768067
1993,138,6,14.5,5.5,10.0,13.447987
1993,139,0,14.5,1.5,8.0,23.70207773
1993,140,4,14.5,4.0,9.25,15.39772503
1993,141,0,17.5,3.5,10.5,24.70404197
1993,142,0,22.0,5.5,13.75,26.56530439
1993,143,15,20.5,11.0,15.75,13.96555703
1993,144,10,17.5,10.5,14.0,10.89994737
1993,145,0,17.0,7.0,12.0,20.26708868
1993,146,0,22.0,7.5,14.75,25.71264
1993,147,7,24.0,8.5,16.25,19.713024
1993,148,3,21.5,6.5,14.0,19.54160575
1993,149,0,17.5,4.5,11.0,24.51271713
1993,150,18,16.5,6.0,11.25,16.21721069
1993,151,4,16.5,5.0,10.75,17.2523525
1993,152,0,17.0,2.0,9.5,26.91367056
1993,153,4,15.5,6.5,11.0,14.3194529
1993,154,7,16.0,8.5,12.25,12.15406063
1993,155,2,17.5,7.0,12.25,21.35642114
1993,156,5,19.5,4.0,11.75,20.48827396
1993,157,0,22.5,8.5,15.5,25.17626844
1993,158,28,20.0,12.5,16.25,11.80680208
1993,159,24,22.0,13.0,17.5,13.890355
1993,160,2,25.5,14.5,20.0,21.31771389
1993,161,0,25.0,13.0,19.0,22.89033315
1993,162,0,26.5,13.0,19.75,24.63768678
1993,163,0,26.5,13.0,19.75,24.81242114
1993,164,0,26.5,13.5,20.0,24.28821472
1993,165,19,26.5,15.0,20.75,16.77459547
1993,166,0,22.5,9.5,16.0,25.33662756
1993,167,0,21.0,9.0,15.0,24.46295075
1993,168,12,25.5,14.5,20.0,16.59985944
1993,169,21,25.5,15.5,20.5,15.5514466
1993,170,4,24.0,13.5,18.75,16.25038905
1993,171,5,24.5,15.5,20.0,14.50303542
1993,172,0,25.0,14.5,19.75,22.01665634
1993,173,0,29.0,15.0,22.0,25.51136359
1993,174,0,29.5,13.0,21.25,27.43345158
1993,175,9,29.0,19.0,24.0,14.85250581
1993,176,17,27.0,15.0,21.0,17.47353625
1993,177,0,27.0,13.0,20.0,25.68609795
1993,178,0,26.5,13.5,20.0,24.81242114
1993,179,3,24.5,13.0,18.75,17.47353625
1993,180,0,23.0,10.0,16.5,25.51136359
1993,181,17,22.5,11.0,16.75,17.64827228
1993,182,0,21.5,13.5,17.5,18.17247703
1993,183,2,26.5,16.0,21.25,21.49244992
1993,184,0,29.5,16.0,22.75,24.63768678
1993,185,18,28.5,19.5,24.0,13.80409381
1993,186,44,26.0,19.5,22.75,10.59139552
1993,187,62,27.0,15.5,21.25,17.18931365
1993,188,0,26.5,16.0,21.25,21.53004959
1993,189,3,25.0,17.0,21.0,13.02220781
1993,190,33,26.0,18.0,22.0,13.02220781
1993,191,0,28.0,15.0,21.5,24.32581768
1993,192,14,27.5,15.5,21.5,17.42487668
1993,193,0,26.0,12.0,19.0,25.87852875
1993,194,4,23.0,12.5,17.75,16.56225906
1993,195,6,24.5,13.5,19.0,16.90730578
1993,196,0,25.0,13.0,19.0,23.82704575
1993,197,0,26.0,11.5,18.75,26.22689313
1993,198,16,25.5,16.5,21.0,14.22766113
1993,199,34,26.5,20.0,23.25,10.55932353
1993,200,0,27.5,16.5,22.0,21.79989473
1993,201,0,26.5,13.5,20.0,24.35456985
1993,202,0,25.0,12.5,18.75,24.01394683
1993,203,0,25.0,10.5,17.75,25.88848198
1993,204,0,25.0,14.5,19.75,21.31992672
1993,205,0,27.5,17.5,22.5,19.9662803
1993,206,24,29.5,19.0,24.25,15.12898538
1993,207,0,29.5,18.5,24.0,21.01247969
1993,208,4,28.0,17.5,22.75,15.46518473
1993,209,13,27.5,18.5,23.0,13.86049609
1993,210,0,25.5,15.5,20.5,20.54025309
1993,211,0,26.0,12.0,19.0,24.8832
1993,212,0,27.0,15.5,21.25,21.89721568
1993,213,0,27.5,16.0,21.75,21.56544
1993,214,0,27.0,13.5,20.25,23.72861817
1993,215,0,23.5,13.0,18.25,20.76254208
1993,216,0,22.0,8.0,15.0,24.55142437
1993,217,0,22.0,9.5,15.75,23.07833954
1993,218,5,21.5,11.5,16.5,14.89453141
1993,219,0,23.0,11.0,17.0,21.94698206
1993,220,0,25.0,10.0,17.5,24.22296477
1993,221,19,25.5,14.5,20.0,14.85471759
1993,222,0,27.5,16.5,22.0,19.53718394
1993,223,0,31.0,15.5,23.25,23.09160899
1993,224,0,30.0,17.0,23.5,20.846592
1993,225,0,30.5,16.0,23.25,21.81758877
1993,226,0,30.0,17.5,23.75,19.90655938
1993,227,41,29.0,18.0,23.5,13.85496502
1993,228,0,28.0,16.0,22.0,19.61017315
1993,229,0,29.0,18.0,23.5,18.02870752
1993,230,0,28.5,17.0,22.75,18.53079552
1993,231,1,27.0,18.5,22.75,14.76181933
1993,232,0,27.5,15.5,21.5,19.17997147
1993,233,0,25.0,12.0,18.5,20.5833834
1993,234,0,25.5,13.5,19.5,19.19877061
1993,235,15,27.5,17.5,22.5,12.23147535
1993,236,4,30.0,18.0,24.0,13.52761329
1993,237,0,31.0,18.5,24.75,18.29302154
1993,238,4,31.5,20.5,26.0,12.209357
1993,239,0,30.5,21.0,25.75,14.49861144
1993,240,0,28.0,15.5,21.75,18.33283612
1993,241,3,23.0,16.0,19.5,9.09066225
1993,242,9,25.0,16.5,20.75,10.52835875
1993,243,2,25.0,12.0,18.5,19.10145059
1993,244,0,23.0,7.0,15.0,21.34978588
1993,245,0,24.5,12.0,18.25,18.21450212
1993,246,0,23.5,12.5,18.0,16.74584036
1993,247,0,24.0,7.5,15.75,20.89525234
1993,248,0,24.0,9.5,16.75,19.26844505
1993,249,0,20.5,7.5,14.0,18.38592031
1993,250,0,21.0,7.0,14.0,18.97758688
1993,251,0,21.0,7.0,14.0,18.83160488
1993,252,0,22.0,9.5,15.75,17.09531223
1993,253,0,20.5,5.0,12.75,19.4133198
1993,254,3,18.5,2.0,10.25,14.80826907
1993,255,0,23.0,9.0,16.0,17.5476323
1993,256,29,25.5,16.5,21.0,9.273138876
1993,257,34,21.5,10.5,16.0,11.18306337
1993,258,6,13.0,5.5,9.25,8.635023375
1993,259,0,13.0,7.0,10.0,9.410272845
1993,260,0,17.0,4.5,10.75,16.43286472
1993,261,2,19.0,7.5,13.25,15.18870529
1993,262,1,16.0,5.0,10.5,14.91001371
1993,263,4,15.0,8.0,11.5,7.741439866
1993,264,3,15.5,10.0,12.75,6.2208
1993,265,2,18.0,10.5,14.25,10.69645811
1993,266,0,20.0,5.0,12.5,16.86749149
1993,267,0,17.5,1.5,9.5,17.27557638
1993,268,11,17.5,4.0,10.75,11.83444988
1993,269,10,15.5,5.0,10.25,9.984245706
1993,270,1,14.0,4.0,9.0,12.95253531
1993,271,2,11.5,3.0,7.25,11.24057079
1993,272,3,10.5,1.5,6.0,8.83187732
1993,273,0,13.5,-2.5,5.5,16.19066855
1993,274,1,16.5,1.5,9.0,15.39772333
1993,275,0,14.5,-0.5,7.0,15.2661196
1993,276,0,16.5,2.5,9.5,14.35484187
1993,277,0,18.5,6.5,12.5,12.91935719
1993,278,0,16.0,-1.5,7.25,15.5271165
1993,279,3,21.5,4.0,12.75,11.12776732
1993,280,0,26.5,11.5,19.0,13.21353292
1993,281,0,25.0,7.5,16.25,14.23982696
1993,282,12,11.5,-0.5,5.5,9.157017358
1993,283,0,9.5,-3.0,3.25,12.59089872
1993,284,0,13.0,-2.5,5.25,13.61608674
1993,285,0,13.0,0.0,6.5,12.35533799
1993,286,0,12.0,-4.5,3.75,13.62161644
1993,287,1,15.0,-1.0,7.0,13.12174106
1993,288,2,16.5,5.5,11.0,10.15676884
1993,289,0,16.0,9.0,12.5,6.812467063
1993,290,0,14.0,5.0,9.5,8.592998749
1993,291,0,14.5,0.0,7.25,11.66192687
1993,292,2,16.0,3.0,9.5,10.70530583
1993,293,0,15.5,3.5,9.5,9.975398168
1993,294,8,12.0,0.5,6.25,7.112171342
1993,295,0,13.0,-2.5,5.25,11.21071081
1993,296,0,18.5,-0.5,9.0,11.82449643
1993,297,0,21.0,4.0,12.5,10.98842112
1993,298,0,20.0,3.5,11.75,10.65000938
1993,299,0,18.5,3.5,11.0,9.940008299
1993,300,0,8.0,1.5,4.75,5.275238625
1993,301,0,9.5,-0.5,4.5,7.619789124
1993,302,0,9.0,-3.0,3.0,8.557609548
1993,303,0,3.5,-4.0,-0.25,5.922201488
1993,304,0,3.0,-5.0,-1.0,6.270566512
1993,305,0,5.0,-7.5,-1.25,8.741191189
1993,306,0,5.5,-4.5,0.5,7.361003312
1993,307,0,9.0,-1.5,3.75,7.404134562
1993,308,0,11.5,3.5,7.5,5.923307433
1993,309,2,10.0,-1.5,4.25,7.896268625
1993,310,0,1.5,-6.5,-2.5,6.091407334
1993,311,0,1.0,-8.5,-3.75,7.106641978
1993,312,0,6.0,-5.0,0.5,7.595459112
1993,313,0,7.5,-6.5,0.5,8.600740011
1993,314,0,7.0,-2.5,2.25,6.63552
1993,315,0,9.5,-2.0,3.75,7.520256211
1993,316,0,8.5,-5.0,1.75,8.183808107
1993,317,9,13.0,1.0,7.0,5.583789719
1993,318,0,11.0,2.5,6.75,5.802762184
1993,319,9,4.5,-1.0,1.75,3.034644498
1993,320,0,2.5,-2.5,0.0,3.68492563
1993,321,0,5.5,-2.0,1.75,5.310628067
1993,322,0,7.0,-5.0,1.0,7.187373708
1993,323,0,5.5,-3.0,1.25,5.685534792
1993,324,0,3.5,-8.5,-2.5,7.187373708
1993,325,0,8.5,-2.5,3.0,6.688604677
1993,326,0,9.0,-3.0,3.0,7.007109347
1993,327,0,9.5,-1.5,4.0,6.582435947
1993,328,0,7.5,-2.0,2.75,6.157763052
1993,329,9,1.5,-1.5,0.0,1.78606085
1993,330,15,2.5,-5.5,-1.5,4.097433702
1993,331,0,-0.5,-10.0,-5.25,6.198681702
1993,332,0,-1.5,-11.0,-6.25,6.133432494
1993,333,0,-3.0,-9.0,-6.0,4.26221563
1993,334,0,-3.0,-9.0,-6.0,4.26221563
1993,335,0,2.0,-7.5,-2.75,6.029476111
1993,336,1,6.0,-3.0,1.5,5.613650088
1993,337,0,3.5,-5.5,-1.0,5.656780937
1993,338,0,2.0,-3.5,-0.75,3.805470861
1993,339,0,2.0,-1.5,0.25,2.571264062
1993,340,2,2.0,-3.0,-0.5,3.599769687
1993,341,0,1.0,-8.0,-3.5,5.656780937
1993,342,0,2.0,-5.5,-1.75,4.985487336
1993,343,0,5.5,-3.0,1.25,5.392465982
1993,344,0,6.5,-3.5,1.5,5.901189169
1993,345,0,0.0,-12.5,-6.25,6.613401438
1993,346,0,2.5,-8.0,-2.75,6.10467825
1993,347,0,5.0,-2.0,1.5,4.680253227
1993,348,0,5.0,0.5,2.75,3.255828448
1993,349,0,6.5,-1.0,2.75,4.883742794
1993,350,0,5.5,-1.0,2.25,4.375019607
1993,351,2,2.5,-0.5,1.0,2.238382074
1993,352,0,2.5,-1.0,0.75,2.645360478
1993,353,0,1.5,-1.5,0.0,2.340126614
1993,354,0,1.0,-3.5,-1.25,3.459317774
1993,355,1,-2.0,-7.5,-4.75,4.781997769
1993,356,1,-4.5,-10.0,-7.25,4.883742794
1993,357,0,-5.5,-11.5,-8.5,5.290720956
1993,358,0,-8.5,-16.0,-12.25,6.206422789
1993,359,0,-11.0,-16.0,-13.5,4.578508688
1993,360,0,-13.5,-22.0,-17.75,6.715145977
1993,361,0,-13.0,-19.5,-16.25,5.697699602
1993,362,0,-11.0,-21.5,-16.25,7.325613706
1993,363,0,-7.0,-18.5,-12.75,7.529103274
1993,364,0,-8.0,-20.0,-14.0,7.630847813
1993,365,0,-1.0,-13.5,-7.25,7.630847813
1994,1,2,2.0,-5.0,-1.5,4.375019607
1994,2,3,-1.0,-10.5,-5.75,4.171530039
1994,3,3,-5.0,-12.5,-8.75,3.599769687
1994,4,0,-5.0,-13.0,-9.0,5.039677662
1994,5,3,-6.5,-20.5,-13.5,5.553930474
1994,6,6,-4.0,-14.5,-9.25,4.731125775
1994,7,1,-5.5,-21.0,-13.25,7.81664265
1994,8,0,-14.0,-25.5,-19.75,6.890987491
1994,9,0,-11.0,-26.5,-18.75,8.004648858
1994,10,3,-3.0,-21.0,-12.0,6.341345255
1994,11,2,-1.5,-13.5,-7.5,7.172997307
1994,12,0,-2.5,-14.5,-8.5,7.276953687
1994,13,1,-4.5,-17.5,-11.0,7.774617702
1994,14,0,-15.5,-29.0,-22.25,8.0898046
1994,15,0,-22.5,-32.0,-27.25,6.6189314
1994,16,3,-19.5,-32.0,-25.75,5.883494298
1994,17,0,-18.0,-27.5,-22.75,6.794772902
1994,18,0,-22.5,-35.0,-28.75,8.174960822
1994,19,0,-21.5,-35.0,-28.25,8.493465999
1994,20,0,-17.0,-33.5,-25.25,9.332858458
1994,21,0,-9.5,-27.5,-18.5,9.654681375
1994,22,0,-4.0,-13.5,-8.75,7.080099571
1994,23,0,1.0,-11.5,-5.25,8.562032942
1994,24,0,1.0,-12.5,-5.75,8.995553694
1994,25,2,-3.0,-11.0,-7.0,6.50280975
1994,26,2,-6.0,-12.5,-9.25,5.583789719
1994,27,7,-4.0,-12.0,-8.0,5.036359344
1994,28,4,-2.5,-8.5,-5.5,3.941498594
1994,29,3,-6.0,-14.0,-10.0,5.197823789
1994,30,0,-10.5,-22.0,-16.25,9.179136211
1994,31,0,-12.5,-29.0,-20.75,10.94639686
1994,32,0,-13.5,-28.5,-21.0,10.61130287
1994,33,1,-11.0,-24.0,-17.5,9.941114898
1994,34,0,-11.0,-23.5,-17.25,9.926737915
1994,35,0,-10.0,-22.0,-16.0,9.813933648
1994,36,0,-8.5,-19.0,-13.75,9.112781
1994,37,0,-6.5,-19.5,-13.0,10.59360813
1994,38,0,-9.5,-23.5,-16.5,11.27153637
1994,39,3,-15.5,-22.5,-19.0,5.290720939
1994,40,3,-14.5,-23.0,-18.75,6.440877689
1994,41,0,-10.5,-28.0,-19.25,13.00561898
1994,42,0,-5.5,-21.5,-13.5,12.65725396
1994,43,7,-3.0,-13.0,-8.0,7.502561713
1994,44,0,-3.0,-12.5,-7.75,9.847111652
1994,45,0,1.5,-14.5,-6.5,13.37167866
1994,46,0,3.5,-9.5,-3.0,12.18834429
1994,47,0,3.5,-14.5,-5.5,14.21328368
1994,48,0,6.5,-8.5,-1.0,13.25776969
1994,49,0,8.5,-3.5,2.5,11.93398177
1994,50,13,9.5,3.5,6.5,5.183447055
1994,51,15,8.5,-3.5,2.5,9.367142168
1994,52,0,2.5,-8.0,-2.75,11.80016617
1994,53,0,0.0,-10.5,-5.25,12.15295491
1994,54,10,-7.5,-11.5,-9.5,4.173742369
1994,55,0,-6.5,-14.5,-10.5,10.6522217
1994,56,10,-6.0,-17.5,-11.75,10.40449468
1994,57,0,-7.0,-21.5,-14.25,15.74608975
1994,58,0,-6.5,-24.5,-15.5,16.99577938
1994,59,1,-3.5,-17.0,-10.25,15.25506036
1994,60,0,-2.0,-13.5,-7.75,13.99431161
1994,61,0,0.5,-10.5,-5.0,13.989888
1994,62,0,5.5,-8.0,-1.25,15.77041872
1994,63,0,8.5,-2.0,3.25,13.72667933
1994,64,0,9.0,-4.0,2.5,15.77926742
1994,65,0,8.0,-2.0,3.0,13.58622694
1994,66,0,6.0,-3.5,1.25,13.32744191
1994,67,0,3.0,-7.5,-2.25,14.74633781
1994,68,0,0.0,-10.5,-5.25,15.13783375
1994,69,0,1.0,-8.5,-3.75,14.21328355
1994,70,0,2.5,-9.5,-3.5,16.58216435
1994,71,0,6.5,-4.5,1.0,16.05795891
1994,72,0,6.5,-3.5,1.5,15.261696
1994,73,0,7.5,-4.5,1.5,17.39612225
1994,74,0,9.0,-1.0,4.0,15.38887737
1994,75,0,3.0,-8.0,-2.5,17.13512391
1994,76,0,2.0,-8.0,-3.0,16.32559125
1994,77,0,2.5,-4.0,-0.75,12.10650594
1994,78,0,7.0,-7.0,0.0,20.40422437
1994,79,0,13.0,-1.5,5.75,20.70724585
1994,80,4,13.0,0.5,6.75,14.39907788
1994,81,0,16.0,0.5,8.25,21.28895947
1994,82,0,18.5,1.5,10.0,22.01665641
1994,83,0,10.5,-2.0,4.25,19.64777596
1994,84,0,6.0,-5.5,0.25,18.96099806
1994,85,0,6.0,-2.5,1.75,15.30924975
1994,86,3,7.5,-1.5,3.0,12.17396811
1994,87,0,7.0,-3.5,1.75,18.40250912
1994,88,0,4.0,-5.0,-0.5,17.119641
1994,89,0,5.5,-6.5,-0.5,20.8288971
1994,90,0,10.5,-4.5,3.0,23.2906763
1994,91,0,16.5,-1.5,7.5,24.440832
1994,92,0,17.0,1.5,9.25,23.46983615
1994,93,0,10.5,-5.0,2.75,23.75958555
1994,94,0,13.0,-2.5,5.25,23.94095519
1994,95,6,11.0,-5.5,2.75,18.39366168
1994,96,0,3.5,-7.0,-1.75,19.70970601
1994,97,0,7.0,-7.5,-0.25,23.68106592
1994,98,2,10.0,-2.5,3.75,21.93260498
1994,99,1,13.5,2.0,7.75,20.59886466
1994,100,0,14.5,0.5,7.5,23.43997412
1994,101,0,12.5,0.5,6.5,21.49908423
1994,102,15,10.0,2.5,6.25,11.28038437
1994,103,6,10.0,2.5,6.25,11.43078935
1994,104,0,17.5,3.5,10.5,23.63572243
1994,105,10,20.5,5.5,13.0,18.02981289
1994,106,0,14.5,4.5,9.5,19.07712031
1994,107,0,17.0,4.0,10.5,22.58731074
1994,108,0,24.0,4.0,14.0,27.20895005
1994,109,0,27.0,4.0,15.5,25.05682745
1994,110,0,17.0,0.0,8.5,23.37914939
1994,111,0,15.0,0.5,7.75,21.83086139
1994,112,0,16.5,-2.5,7.0,24.949556
1994,113,0,18.5,2.0,10.25,23.39020875
1994,114,0,24.0,9.0,16.5,21.82864801
1994,115,12,24.0,12.0,18.0,13.8195764
1994,116,3,24.5,10.5,17.5,15.34021626
1994,117,0,24.0,4.5,14.25,24.82901001
1994,118,0,8.0,-1.5,3.25,16.56225679
1994,119,0,8.5,1.0,4.75,13.53646038
1994,120,12,7.5,0.0,3.75,10.423296
1994,121,9,8.5,-1.5,3.5,13.630464
1994,122,0,15.0,-0.5,7.25,24.21964875
1994,123,0,16.5,0.5,8.5,24.54257709
1994,124,0,18.0,3.0,10.5,23.57379206
1994,125,0,16.5,4.5,10.5,20.80899071
1994,126,0,15.0,-1.5,6.75,25.36095767
1994,127,3,16.5,4.0,10.25,16.20393946
1994,128,0,18.0,3.5,10.75,23.56936678
1994,129,0,19.5,7.0,13.25,21.42166975
1994,130,0,20.5,3.0,11.75,26.2003493
1994,131,9,22.5,9.0,15.75,16.4782075
1994,132,0,21.5,4.0,12.75,26.04441568
1994,133,0,21.5,4.5,13.0,25.38086432
1994,134,10,22.5,8.5,15.5,16.86638706
1994,135,4,21.0,11.0,16.0,13.19252024
1994,136,0,20.5,4.0,12.25,25.38307628
1994,137,0,19.0,1.5,10.25,26.39167417
1994,138,0,20.0,3.0,11.5,26.05547481
1994,139,0,23.5,3.5,13.5,27.90457367
1994,140,0,26.5,6.0,16.25,27.91895081
1994,141,0,28.5,9.5,19.0,26.90371559
1994,142,0,29.5,12.0,20.75,25.71927558
1994,143,0,28.5,11.0,19.75,26.0576866
1994,144,7,26.0,13.0,19.5,16.0092968
1994,145,0,23.5,11.0,17.25,21.28895938
1994,146,10,20.0,6.5,13.25,17.31317825
1994,147,0,18.0,1.5,9.75,26.74114625
1994,148,0,23.5,6.5,15.0,26.39830975
1994,149,0,26.0,10.5,18.25,24.51271713
1994,150,0,28.0,14.0,21.0,22.60058243
1994,151,0,28.0,17.0,22.5,18.28749431
1994,152,0,25.0,11.5,18.25,22.42805825
1994,153,0,21.0,4.5,12.75,26.05105293
1994,154,0,23.0,3.5,13.25,28.47522709
1994,155,0,26.0,8.0,17.0,26.91256281
1994,156,6,27.0,10.5,18.75,18.75197958
1994,157,0,28.5,14.0,21.25,22.91908542
1994,158,6,27.0,13.0,20.0,16.66842666
1994,159,4,19.5,6.5,13.0,16.49479656
1994,160,0,22.0,3.0,12.5,28.13239403
1994,161,0,24.5,9.0,16.75,24.63768678
1994,162,0,25.5,10.5,18.0,23.93874433
1994,163,0,28.0,13.0,20.5,23.76400997
1994,164,9,29.0,16.0,22.5,15.5514466
1994,165,2,30.5,16.0,23.25,22.5408611
1994,166,0,32.5,21.5,27.0,17.29880022
1994,167,0,33.0,20.5,26.75,19.57036027
1994,168,0,34.0,19.0,26.5,22.71559712
1994,169,0,35.0,19.5,27.25,23.23980355
1994,170,32,33.5,18.0,25.75,17.47353625
1994,171,7,30.5,18.5,24.5,14.67776978
1994,172,0,30.0,18.0,24.0,19.91983066
1994,173,0,29.5,13.5,21.5,25.16189153
1994,174,38,27.5,15.5,21.5,15.37671223
1994,175,21,22.0,14.0,18.0,11.35779856
1994,176,8,26.5,12.0,19.25,17.99774267
1994,177,31,26.5,13.0,19.75,17.12406586
1994,178,0,26.0,12.0,19.0,23.58927394
1994,179,10,26.0,16.0,21.0,13.62935861
1994,180,6,24.5,15.5,20.0,12.7556818
1994,181,0,26.5,12.5,19.5,23.76400997
1994,182,0,27.5,17.5,22.5,17.99774267
1994,183,0,26.0,12.0,19.0,24.11348036
1994,184,0,24.5,9.5,17.0,25.51136359
1994,185,38,26.5,15.0,20.75,15.72618262
1994,186,11,29.5,17.5,23.5,15.80027947
1994,187,6,31.5,19.5,25.5,15.45301928
1994,188,15,31.0,18.0,24.5,16.49479656
1994,189,9,27.0,16.5,21.75,14.75850219
1994,190,0,23.5,14.5,19.0,18.05746084
1994,191,0,23.0,10.0,16.5,23.98076932
1994,192,3,26.5,11.5,19.0,19.15011193
1994,193,5,28.5,17.0,22.75,15.87216397
1994,194,2,26.0,13.5,19.75,22.94562915
1994,195,13,20.5,12.5,16.5,12.76674102
1994,196,0,23.5,14.0,18.75,19.19877087
1994,197,0,25.5,13.5,19.5,22.45570625
1994,198,2,26.0,16.0,21.0,19.713024
1994,199,0,28.0,14.0,21.0,24.35456985
1994,200,0,28.5,18.0,23.25,19.92646565
1994,201,14,28.0,17.5,22.75,14.98742773
1994,202,0,26.5,15.5,21.0,21.11864705
1994,203,2,26.0,15.5,20.75,20.6431027
1994,204,0,27.0,15.0,21.0,22.33516033
1994,205,0,27.5,14.0,20.75,23.85801316
1994,206,14,25.0,13.0,19.0,16.80998375
1994,207,0,22.5,10.5,16.5,23.02967742
1994,208,0,22.0,11.5,16.75,21.18058017
1994,209,0,24.0,11.0,17.5,23.71313703
1994,210,0,25.5,12.5,19.0,23.21215494
1994,211,0,26.0,14.5,20.25,21.23366432
1994,212,0,28.0,15.5,21.75,21.89721568
1994,213,12,28.0,16.5,22.25,15.59347137
1994,214,0,27.0,15.0,21.0,21.58645245
1994,215,21,27.0,14.5,20.75,16.4782075
1994,216,15,26.0,16.0,21.0,14.0761506
1994,217,0,22.5,7.0,14.75,25.36980519
1994,218,0,22.0,8.5,15.25,23.56936678
1994,219,0,24.0,10.0,17.0,23.41011358
1994,220,0,25.0,15.0,20.0,18.37043715
1994,221,0,21.0,10.0,15.5,20.34450556
1994,222,16,16.0,11.5,13.75,7.427358793
1994,223,23,16.5,11.5,14.0,8.178278245
1994,224,3,20.0,11.0,15.5,13.47010499
1994,225,0,25.0,15.0,20.0,18.47328771
1994,226,0,25.5,9.5,17.5,24.2063759
1994,227,0,24.0,10.0,17.0,22.77310423
1994,228,0,25.5,11.5,18.5,22.29866591
1994,229,0,26.5,12.5,19.5,21.98237158
1994,230,15,27.0,14.0,20.5,15.54702251
1994,231,9,25.5,14.5,20.0,13.97661614
1994,232,4,23.5,15.0,19.25,11.5391698
1994,233,0,24.5,12.0,18.25,20.27151425
1994,234,0,25.0,11.5,18.25,20.901888
1994,235,0,26.0,13.0,19.5,20.127744
1994,236,0,28.5,16.5,22.5,18.446745
1994,237,0,30.0,16.5,23.25,19.52280483
1994,238,2,30.0,17.5,23.75,18.3140355
1994,239,0,28.5,18.0,23.25,16.3300147
1994,240,0,27.5,15.0,21.25,18.6358579
1994,241,0,23.5,10.0,16.75,19.99945666
1994,242,6,23.5,12.0,17.75,13.38605555
1994,243,4,19.0,12.0,15.5,9.325117463
1994,244,0,19.5,6.0,12.75,20.00609223
1994,245,0,20.0,10.0,15.0,16.422912
1994,246,2,19.5,12.0,15.75,12.89281464
1994,247,1,18.5,10.5,14.5,13.78197486
1994,248,1,18.0,12.5,15.25,10.00194093
1994,249,0,22.0,11.0,16.5,17.20922113
1994,250,0,24.0,8.0,16.0,20.43740125
1994,251,10,24.5,11.5,18.0,13.72225457
1994,252,20,26.0,12.0,19.0,13.76317487
1994,253,17,28.0,14.0,21.0,13.32854802
1994,254,0,28.0,14.0,21.0,17.39612215
1994,255,0,27.5,14.5,21.0,16.40632263
1994,256,0,29.0,16.5,22.75,15.69300425
1994,257,24,29.0,18.0,23.5,10.61683219
1994,258,12,29.0,19.0,24.0,9.767485749
1994,259,13,28.0,18.5,23.25,9.410272845
1994,260,0,23.5,14.0,18.75,13.20247219
1994,261,0,24.5,10.0,17.25,17.13954904
1994,262,0,26.0,10.5,18.25,17.27889417
1994,263,0,26.0,12.5,19.25,15.75935947
1994,264,0,26.0,14.5,20.25,14.10047974
1994,265,5,24.0,14.5,19.25,9.187982764
1994,266,9,21.0,13.0,17.0,8.2280445
1994,267,14,21.5,14.5,18.0,7.209492872
1994,268,8,21.0,14.5,17.75,6.801408125
1994,269,19,19.0,8.5,13.75,10.11916781
1994,270,7,11.0,8.0,9.5,3.642900477
1994,271,0,14.5,8.0,11.25,9.634775144
1994,272,0,18.5,4.0,11.25,16.057959
1994,273,0,21.0,6.5,13.75,15.52711655
1994,274,1,18.5,8.5,13.5,12.50242513
1994,275,0,14.5,6.5,10.5,10.7915667
1994,276,0,14.0,7.0,10.5,9.526395311
1994,277,0,15.0,7.0,11.0,10.439885
1994,278,0,14.5,4.0,9.25,12.55108559
1994,279,0,18.5,7.0,12.75,12.80987062
1994,280,3,23.0,11.5,17.25,9.236643955
1994,281,3,21.0,8.5,14.75,9.749790975
1994,282,2,12.5,3.0,7.75,11.31909072
1994,283,0,14.0,-1.0,6.5,14.24424936
1994,284,0,16.0,0.5,8.25,14.12038576
1994,285,0,18.5,1.0,9.75,14.37253527
1994,286,0,19.0,2.0,10.5,13.87155531
1994,287,0,19.0,3.5,11.25,13.2467105
1994,288,0,19.0,7.5,13.25,11.02380987
1994,289,0,20.0,11.0,15.5,9.042001974
1994,290,5,21.0,13.5,17.25,5.769584641
1994,291,4,20.5,15.5,18.0,3.928228057
1994,292,0,19.0,10.0,14.5,9.002188918
1994,293,0,17.5,7.5,12.5,9.853747664
1994,294,0,19.5,2.5,11.0,12.29561782
1994,295,0,21.0,5.0,13.0,11.81343718
1994,296,3,18.0,4.5,11.25,8.121876877
1994,297,0,11.5,2.0,6.75,8.83851294
1994,298,0,6.5,2.0,4.25,4.615004177
1994,299,0,8.0,2.0,5.0,6.035005198
1994,300,0,12.5,-0.5,6.0,10.19879445
1994,301,0,15.5,3.5,9.5,9.378201999
1994,302,0,16.5,7.5,12.0,7.619789124
1994,303,0,15.5,-0.5,7.5,10.56706604
1994,304,0,13.0,3.0,8.0,8.128512
1994,305,0,10.5,-1.5,4.5,9.086238437
1994,306,0,13.0,1.5,7.25,8.626175626
1994,307,0,15.0,7.0,11.0,6.265036937
1994,308,2,13.5,6.5,10.0,5.695488125
1994,309,5,8.5,5.0,6.75,2.25607675
1994,310,13,10.0,3.5,6.75,4.060938041
1994,311,0,13.0,0.0,6.5,8.685895273
1994,312,0,13.0,5.0,9.0,6.143385875
1994,313,4,11.0,3.0,7.0,4.691312637
1994,314,0,10.0,-4.0,3.0,8.736768107
1994,315,0,11.0,-3.5,3.75,8.84736
1994,316,0,10.0,0.5,5.25,6.967296211
1994,317,4,12.5,5.0,8.75,4.269957031
1994,318,7,14.0,4.5,9.25,5.036359344
1994,319,0,8.5,-3.5,2.5,7.803371493
1994,320,0,9.0,-5.5,1.75,8.345272306
1994,321,0,8.5,-2.0,3.25,6.936330505
1994,322,2,8.5,1.5,5.0,5.041888958
1994,323,0,5.5,-5.0,0.25,6.865551304
1994,324,6,7.0,-1.5,2.75,4.398243634
1994,325,7,9.0,1.0,5.0,4.140564778
1994,326,0,4.5,-6.5,-1.0,7.007109347
1994,327,0,4.5,-5.0,-0.25,6.3700995
1994,328,0,6.5,-3.5,1.5,6.3700995
1994,329,0,6.5,-4.5,1.0,6.6189314
1994,330,0,5.0,-7.0,-1.0,6.829056
1994,331,24,5.0,-5.5,-0.25,4.727808
1994,332,10,6.0,-2.0,2.0,3.846389855
1994,333,0,-0.5,-4.0,-2.25,2.598912031
1994,334,0,1.0,-6.5,-2.75,5.093867682
1994,335,0,6.5,-4.0,1.25,6.237388875
1994,336,0,11.5,-0.5,5.5,6.445301639
1994,337,0,11.5,0.0,5.75,6.273884213
1994,338,0,10.0,-0.5,4.75,5.862481866
1994,339,3,8.0,-0.5,3.75,3.805470861
1994,340,6,0.5,-6.5,-3.0,3.70262015
1994,341,7,-2.5,-8.0,-5.25,3.085516875
1994,342,0,-2.0,-13.5,-7.75,6.918635544
1994,343,0,-2.0,-10.0,-6.0,5.494210524
1994,344,0,-3.5,-14.0,-8.75,6.613401438
1994,345,0,-6.0,-17.0,-11.5,6.816890519
1994,346,0,-6.0,-17.5,-11.75,6.918635544
1994,347,0,-6.5,-13.5,-10.0,4.985487336
1994,348,0,-4.5,-11.0,-7.75,4.680253227
1994,349,4,-0.5,-6.5,-3.5,3.35757299
1994,350,0,0.5,-2.5,-1.0,2.441871397
1994,351,4,1.0,-3.0,-1.0,2.340126614
1994,352,0,0.0,-7.5,-3.75,5.494210524
1994,353,0,-1.0,-12.5,-6.75,7.020380086
1994,354,0,3.5,-5.0,-0.75,5.901189169
1994,355,0,6.5,-5.0,0.75,6.816890519
1994,356,0,5.0,-5.0,0.0,6.409912357
1994,357,0,2.5,-2.5,0.0,3.866296177
1994,358,0,2.0,-3.0,-0.5,3.968040961
1994,359,0,6.0,-6.0,0.0,7.020380086
1994,360,0,7.5,-6.5,0.5,7.427358732
1994,361,0,7.0,-1.5,2.75,5.901189169
1994,362,0,5.5,-1.0,2.25,4.883742794
1994,363,0,2.5,-6.0,-1.75,6.002933711
1994,364,0,1.0,-7.0,-3.0,5.799444144
1994,365,0,-1.0,-5.5,-3.25,3.662806852
1995,1,1,-3.5,-11.5,-7.5,6.002933711
1995,2,0,-7.0,-16.0,-11.5,6.511656899
1995,3,0,-8.0,-16.0,-12.0,6.17103375
1995,4,0,-13.5,-21.5,-17.5,6.273884213
1995,5,0,-11.0,-20.0,-15.5,6.788137025
1995,6,7,-5.0,-14.5,-9.75,5.245378588
1995,7,2,-5.5,-19.0,-12.25,8.125194537
1995,8,0,-9.0,-19.5,-14.25,7.508091258
1995,9,0,-8.5,-21.0,-14.75,8.212562119
1995,10,3,-5.0,-15.5,-10.25,5.717606469
1995,11,0,0.0,-6.5,-3.25,5.613650088
1995,12,1,3.0,-1.5,0.75,4.054302869
1995,13,0,2.5,-0.5,1.0,2.83668485
1995,14,0,1.5,-1.0,0.25,2.41643515
1995,15,0,1.5,-3.5,-1.0,4.622745702
1995,16,0,-0.5,-7.0,-3.75,5.883494298
1995,17,0,2.0,-4.5,-1.25,5.945426097
1995,18,0,1.5,-6.5,-2.5,7.007109347
1995,19,13,-1.5,-5.5,-3.5,2.972713049
1995,20,8,-3.5,-5.5,-4.5,1.609113563
1995,21,2,-4.0,-7.0,-5.5,3.11095299
1995,22,3,-5.5,-9.5,-7.5,3.11095299
1995,23,1,-4.5,-14.0,-9.25,8.453652881
1995,24,0,-4.5,-18.0,-11.25,9.970974743
1995,25,0,-3.5,-16.5,-10.0,9.8625952
1995,26,0,-2.0,-18.5,-10.25,10.62014907
1995,27,0,-1.0,-17.0,-9.0,10.72963556
1995,28,0,-1.0,-12.0,-6.5,9.634774809
1995,29,0,-1.5,-16.5,-9.0,10.94860758
1995,30,0,-1.0,-12.0,-6.5,9.95328
1995,31,0,2.5,-9.0,-3.25,10.27620889
1995,32,0,3.5,-3.5,0.0,7.595459112
1995,33,0,0.5,-4.5,-2.0,5.919990238
1995,34,0,0.0,-4.0,-2.0,4.963368959
1995,35,0,-1.0,-11.0,-6.0,10.26514964
1995,36,0,-8.0,-19.0,-13.5,11.04924674
1995,37,0,-9.0,-19.5,-14.25,11.04924674
1995,38,0,-9.0,-17.0,-13.0,9.661316262
1995,39,0,-8.0,-18.0,-13.0,11.15652026
1995,40,0,-0.5,-13.5,-7.0,12.42169312
1995,41,0,1.5,-9.0,-3.75,11.49603796
1995,42,0,-5.5,-22.5,-14.0,13.47010604
1995,43,0,-11.5,-21.5,-16.5,11.48829767
1995,44,0,-10.0,-18.0,-14.0,9.964339624
1995,45,0,-6.5,-19.0,-12.75,12.89834424
1995,46,1,-1.0,-12.0,-6.5,12.0700104
1995,47,0,-2.0,-15.0,-8.5,13.25776969
1995,48,0,1.0,-13.5,-6.25,13.8549665
1995,49,0,6.5,-6.5,0.0,13.25998025
1995,50,0,6.5,-2.5,2.0,10.60798443
1995,51,1,5.0,-2.0,1.5,8.758886168
1995,52,0,3.0,-7.0,-2.0,11.67851566
1995,53,0,2.5,-6.0,-1.75,10.55711322
1995,54,0,5.0,-4.0,0.5,11.17089884
1995,55,0,3.5,-6.5,-1.5,12.38630375
1995,56,0,2.0,-5.5,-1.75,10.28063235
1995,57,0,-1.0,-6.0,-3.5,7.623106591
1995,58,0,-0.5,-5.5,-3.0,7.873044875
1995,59,0,1.0,-7.0,-3.0,12.10318848
1995,60,0,-2.0,-15.5,-8.75,16.38973375
1995,61,0,-6.0,-18.0,-12.0,15.8976
1995,62,0,-1.5,-14.5,-8.0,16.40632272
1995,63,0,3.5,-9.5,-3.0,16.54898703
1995,64,7,3.0,-4.5,-0.75,8.723497544
1995,65,0,0.0,-6.5,-3.25,10.61019603
1995,66,9,-2.0,-9.0,-5.5,8.798699597
1995,67,0,-2.0,-13.0,-7.5,16.31232031
1995,68,0,-3.0,-19.0,-11.0,19.05279062
1995,69,0,4.0,-11.0,-3.5,18.81944018
1995,70,0,13.0,0.5,6.75,17.24018673
1995,71,0,18.0,3.0,10.5,18.579456
1995,72,0,19.5,7.5,13.5,16.85422055
1995,73,0,22.0,4.0,13.0,19.93863191
1995,74,0,21.0,4.5,12.75,19.53718396
1995,75,0,18.5,0.5,9.5,20.37325838
1995,76,0,16.5,0.0,8.25,19.96849141
1995,77,0,11.5,-2.0,4.75,18.77188668
1995,78,0,9.0,0.0,4.5,14.69104181
1995,79,16,6.5,1.0,3.75,7.405240183
1995,80,0,8.0,0.0,4.0,13.8505421
1995,81,0,9.5,-2.5,3.5,18.52415947
1995,82,3,9.0,-2.0,3.5,13.23786287
1995,83,0,9.0,-5.5,1.75,20.62319716
1995,84,0,13.0,-2.5,5.25,21.208228
1995,85,0,11.5,2.0,6.75,14.46653953
1995,86,18,8.5,0.0,4.25,10.050601
1995,87,7,2.5,0.0,1.25,3.538944062
1995,88,0,4.5,0.0,2.25,7.989165662
1995,89,0,5.5,-2.0,1.75,12.69706653
1995,90,0,4.0,-1.5,1.25,10.063872
1995,91,0,5.5,-4.0,0.75,15.95842615
1995,92,0,9.5,-4.5,2.5,20.13769742
1995,93,0,15.5,0.5,8.0,20.57232427
1995,94,0,12.5,-11.5,0.5,23.35703
1995,95,0,1.5,-11.0,-4.75,19.12356887
1995,96,0,10.5,-3.0,3.75,19.85679394
1995,97,8,10.5,-2.0,4.25,14.12038736
1995,98,10,6.0,0.0,3.0,8.298823257
1995,99,5,5.5,-2.5,1.5,10.96630249
1995,100,12,3.5,-1.0,1.25,6.718464
1995,101,14,6.5,0.5,3.5,8.957952
1995,102,9,9.5,0.5,5.0,12.63402993
1995,103,0,10.0,1.5,5.75,16.54456375
1995,104,0,14.5,-1.5,6.5,23.63572243
1995,105,0,12.5,1.0,6.75,20.75701185
1995,106,5,12.5,2.0,7.25,14.95646262
1995,107,5,15.0,1.5,8.25,17.09309951
1995,108,14,18.0,4.5,11.25,16.90951625
1995,109,7,16.5,2.0,9.25,17.52440716
1995,110,0,11.5,2.5,7.0,18.1149693
1995,111,7,5.5,2.5,4.0,5.419008
1995,112,0,11.0,1.0,6.0,20.27151425
1995,113,0,15.0,0.0,7.5,24.63768685
1995,114,0,13.0,1.5,7.25,22.29977023
1995,115,3,13.0,-1.0,6.0,18.37375429
1995,116,6,13.0,3.5,8.25,14.86577627
1995,117,15,11.0,3.5,7.25,12.49357859
1995,118,0,14.5,3.0,8.75,22.13609342
1995,119,0,15.5,5.5,10.5,20.06581246
1995,120,0,12.0,3.5,7.75,18.12049951
1995,121,0,12.5,1.0,6.75,22.450176
1995,122,0,14.0,4.5,9.25,20.02157568
1995,123,0,16.5,2.5,9.5,25.02697037
1995,124,0,16.0,6.0,11.0,21.15182719
1995,125,0,18.0,3.5,10.75,25.84866714
1995,126,0,21.0,2.5,11.75,27.79951123
1995,127,0,23.0,8.5,15.75,25.36980519
1995,128,13,20.5,8.0,14.25,17.67702586
1995,129,23,13.5,5.0,9.25,14.17125908
1995,130,15,14.0,6.5,10.25,12.68821946
1995,131,0,16.5,8.0,12.25,18.62037479
1995,132,0,21.5,7.0,14.25,25.54675137
1995,133,8,20.0,11.5,15.75,13.60281568
1995,134,4,18.5,11.5,15.0,11.85656851
1995,135,0,21.5,6.5,14.0,26.38504047
1995,136,0,25.0,9.5,17.25,26.21804591
1995,137,23,24.5,7.5,16.0,20.50817986
1995,138,0,19.5,6.0,12.75,25.3830761
1995,139,0,21.5,7.0,14.25,26.05547481
1995,140,0,22.0,11.0,16.5,22.16595553
1995,141,0,21.0,8.0,14.5,24.53483556
1995,142,0,23.0,5.5,14.25,27.91895081
1995,143,8,22.0,8.5,15.25,18.73428425
1995,144,0,15.5,7.0,11.25,18.73428425
1995,145,0,18.5,6.0,12.25,24.52488055
1995,146,0,21.0,6.0,13.5,26.74114625
1995,147,28,20.0,10.0,15.0,15.427584
1995,148,25,20.0,11.0,15.5,14.22766113
1995,149,3,19.5,9.5,14.5,15.59900225
1995,150,0,24.0,9.5,16.75,25.87852875
1995,151,0,26.5,10.5,18.5,26.74114637
1995,152,0,27.0,14.5,20.75,22.94562915
1995,153,0,25.5,13.5,19.5,22.60058243
1995,154,0,26.5,13.5,20.0,23.78723261
1995,155,0,27.5,13.5,20.5,24.65537979
1995,156,0,27.5,14.0,20.75,24.30812125
1995,157,4,28.0,16.0,22.0,16.84205511
1995,158,11,29.0,16.0,22.5,17.53657385
1995,159,13,25.0,6.0,15.5,21.87730979
1995,160,0,16.5,9.0,12.75,16.42512341
1995,161,1,23.0,13.0,18.0,20.09456669
1995,162,0,23.0,11.5,17.25,22.5408611
1995,163,0,23.5,8.5,16.0,26.55977477
1995,164,0,26.0,9.5,17.75,27.08398119
1995,165,0,28.0,12.0,20.0,26.3850404
1995,166,0,29.0,13.5,21.25,25.68609795
1995,167,0,30.0,16.0,23.0,23.93874433
1995,168,0,31.0,19.5,25.25,20.44403708
1995,169,0,32.0,20.0,26.0,20.9682435
1995,170,0,32.5,19.5,26.0,22.1913907
1995,171,0,33.0,19.0,26.0,23.23980355
1995,172,0,33.5,19.5,26.5,23.06506752
1995,173,0,33.0,17.5,25.25,24.81242114
1995,174,0,32.5,18.0,25.25,23.76400997
1995,175,0,33.0,16.0,24.5,25.86083398
1995,176,0,32.0,16.0,24.0,25.33662756
1995,177,21,28.5,18.0,23.25,14.32829939
1995,178,9,26.0,18.0,22.0,11.53253376
1995,179,0,26.5,17.0,21.75,17.99774267
1995,180,4,27.5,17.0,22.25,14.67776978
1995,181,0,27.0,16.0,21.5,20.61877311
1995,182,0,23.5,10.0,16.75,24.63768678
1995,183,0,23.0,7.5,15.25,26.73451079
1995,184,0,25.5,11.0,18.25,25.16189153
1995,185,16,26.0,16.0,21.0,14.32829939
1995,186,18,26.0,17.0,21.5,13.19583708
1995,187,5,25.0,15.0,20.0,14.58487209
1995,188,0,22.0,13.5,17.75,17.53657385
1995,189,0,25.0,10.0,17.5,26.21804573
1995,190,0,26.5,16.0,21.25,20.14101541
1995,191,0,28.5,16.0,22.25,22.25553407
1995,192,0,31.0,17.5,24.25,22.77310497
1995,193,0,32.5,19.0,25.75,22.42805825
1995,194,0,36.0,23.5,29.75,20.1852521
1995,195,0,37.0,25.5,31.25,18.63254103
1995,196,0,35.0,22.5,28.75,20.570112
1995,197,14,31.0,20.0,25.5,14.91333087
1995,198,0,27.5,18.0,22.75,18.34168287
1995,199,0,26.5,15.5,21.0,20.77802403
1995,200,6,26.5,14.0,20.25,17.0311675
1995,201,13,26.5,17.0,21.75,13.96555703
1995,202,0,28.0,14.5,21.25,23.8436345
1995,203,0,28.0,18.0,23.0,19.12025148
1995,204,15,27.5,16.5,22.0,15.56692983
1995,205,0,29.0,17.0,23.0,21.99674912
1995,206,4,30.5,18.0,24.25,16.64188327
1995,207,4,29.5,18.0,23.75,15.80138408
1995,208,0,28.5,17.0,22.75,21.18058017
1995,209,9,29.5,18.5,24.0,15.02945325
1995,210,0,30.5,18.0,24.25,21.70921025
1995,211,0,32.5,18.5,25.5,22.56076863
1995,212,5,32.5,21.0,26.75,14.76403137
1995,213,15,27.5,15.5,21.5,16.25702432
1995,214,5,22.0,16.5,19.25,8.89823221
1995,215,10,26.0,19.5,22.75,9.8869245
1995,216,17,29.5,19.5,24.5,13.74879703
1995,217,0,29.0,18.0,23.5,19.80481629
1995,218,0,28.5,17.0,22.75,20.45952031
1995,219,5,29.0,19.5,24.25,13.16818986
1995,220,6,29.0,20.0,24.5,12.68047884
1995,221,13,28.0,20.0,24.0,11.46396692
1995,222,0,28.5,21.0,24.75,14.53178925
1995,223,0,32.0,20.5,26.25,19.56372449
1995,224,0,33.5,22.0,27.75,19.08264899
1995,225,0,33.5,23.5,28.5,17.04001452
1995,226,11,32.5,20.5,26.5,14.81048048
1995,227,0,29.0,18.0,23.5,19.42880165
1995,228,17,29.5,20.0,24.75,12.80987217
1995,229,18,30.0,20.5,25.25,12.80987217
1995,230,0,30.5,21.0,25.75,16.80334791
1995,231,17,28.5,19.5,24.0,12.40621051
1995,232,0,27.0,14.0,20.5,21.36305703
1995,233,0,29.0,14.5,21.75,21.98679682
1995,234,0,29.0,15.0,22.0,21.3663747
1995,235,0,29.5,17.0,23.25,19.8180867
1995,236,0,28.5,18.0,23.25,17.67813063
1995,237,0,27.0,17.5,22.25,16.60207079
1995,238,0,30.5,18.0,24.25,19.07712031
1995,239,0,29.0,19.0,24.0,16.63524833
1995,240,24,27.5,19.0,23.25,11.21181692
1995,241,11,28.0,19.0,23.5,11.6663496
1995,242,3,30.0,20.0,25.0,12.1828157
1995,243,0,30.5,19.0,24.75,17.74780504
1995,244,0,25.0,12.0,18.5,19.70749412
1995,245,0,26.0,12.5,19.25,19.70749412
1995,246,0,27.5,13.5,20.5,19.56151202
1995,247,0,29.0,14.0,21.5,19.70970586
1995,248,0,30.0,14.0,22.0,19.85679394
1995,249,0,28.5,17.0,22.75,16.47378432
1995,250,6,24.0,9.5,16.75,14.45216176
1995,251,0,17.5,4.0,10.75,19.12356887
1995,252,0,19.5,4.0,11.75,19.84794665
1995,253,0,20.0,6.0,13.0,18.68894217
1995,254,0,21.5,4.5,13.0,19.84020507
1995,255,0,23.0,8.0,15.5,18.26095067
1995,256,0,26.0,13.5,19.75,15.83566847
1995,257,0,26.0,9.5,17.75,18.26095082
1995,258,0,22.5,6.5,14.5,18.26095082
1995,259,0,25.5,10.5,18.0,16.8542205
1995,260,6,24.5,7.0,15.75,13.62382797
1995,261,0,19.0,5.0,12.0,16.30347296
1995,262,12,17.0,9.0,13.0,7.942717459
1995,263,10,12.5,7.0,9.75,5.806079736
1995,264,2,10.5,5.0,7.75,7.879679736
1995,265,0,9.5,0.5,5.0,12.34206675
1995,266,0,12.0,-2.0,5.0,16.3189544
1995,267,0,14.5,-0.5,7.0,16.45940818
1995,268,4,16.0,5.0,10.5,10.06608416
1995,269,0,20.5,7.0,13.75,14.70652337
1995,270,0,24.5,5.0,14.75,16.86527969
1995,271,0,25.5,8.5,17.0,15.52269421
1995,272,0,24.0,9.5,16.75,14.05071412
1995,273,8,23.5,13.5,18.5,7.829913729
1995,274,9,22.0,11.5,16.75,8.1594772
1995,275,0,20.0,6.0,13.0,13.55526118
1995,276,5,19.5,7.5,13.5,9.134899375
1995,277,0,19.0,3.0,11.0,14.35484187
1995,278,0,18.0,5.5,11.75,12.29230056
1995,279,39,14.5,9.0,11.75,4.658134825
1995,280,0,12.5,5.0,8.75,8.338637124
1995,281,0,14.5,3.5,9.0,11.28923204
1995,282,2,18.5,5.5,12.0,12.20935728
1995,283,0,20.0,3.5,11.75,13.60834536
1995,284,0,23.5,5.0,14.25,13.7421609
1995,285,0,27.0,10.0,18.5,12.85963701
1995,286,0,26.5,13.0,19.75,10.99726894
1995,287,0,20.5,6.0,13.25,11.99702088
1995,288,0,11.0,1.0,6.0,9.661317161
1995,289,0,13.5,-0.5,6.5,11.89085207
1995,290,0,20.0,3.0,11.5,12.52122652
1995,291,0,22.0,4.0,13.0,12.52122652
1995,292,9,19.5,4.0,11.75,8.637235082
1995,293,5,16.0,4.0,10.0,7.299072
1995,294,2,5.5,1.0,3.25,4.219084625
1995,295,0,8.0,0.0,4.0,7.112171342
1995,296,0,15.5,1.5,8.5,10.39122431
1995,297,11,16.0,2.0,9.0,7.644119315
1995,298,0,13.0,-2.5,5.25,10.65000938
1995,299,0,15.0,1.0,8.0,9.940008299
1995,300,21,13.0,5.5,9.25,4.571873588
1995,301,9,10.0,5.0,7.5,3.282370644
1995,302,0,8.5,0.5,4.5,6.799196673
1995,303,0,6.5,-1.5,2.5,6.735053021
1995,304,6,5.5,0.0,2.75,3.599769489
1995,305,22,9.0,0.5,4.75,5.175705375
1995,306,21,10.0,0.0,5.0,5.865799314
1995,307,0,1.5,-4.5,-1.5,5.239848964
1995,308,0,0.5,-7.5,-3.5,6.720676098
1995,309,0,1.5,-6.5,-2.5,6.54262279
1995,310,0,6.5,-2.5,2.0,6.99383771
1995,311,0,8.0,-2.5,2.75,7.670661165
1995,312,0,-0.5,-8.5,-4.5,6.366781512
1995,313,3,1.5,-10.0,-4.25,6.813573316
1995,314,6,8.5,-4.0,2.25,6.856703789
1995,315,3,3.0,-8.0,-2.5,6.524928107
1995,316,0,-3.5,-10.5,-7.0,6.414336211
1995,317,0,-1.5,-10.0,-5.75,7.335566817
1995,318,0,0.0,-10.5,-5.25,8.320941595
1995,319,0,0.5,-11.0,-5.25,8.670413
1995,320,0,2.0,-6.0,-2.0,6.827950444
1995,321,0,2.0,-4.5,-1.25,5.85252888
1995,322,0,2.0,-1.5,0.25,3.43277565
1995,323,0,5.0,-3.0,1.0,6.865551304
1995,324,0,7.0,-2.0,2.5,6.543728384
1995,325,0,4.0,-5.5,-0.75,6.688604677
1995,326,0,0.0,-10.0,-5.0,6.900941124
1995,327,0,-1.0,-9.5,-5.25,6.263931277
1995,328,0,-1.5,-13.0,-7.25,7.431782749
1995,329,0,3.5,-8.0,-2.25,7.249305702
1995,330,0,4.5,-3.0,0.75,5.5683074
1995,331,15,2.0,-5.0,-1.5,3.887308849
1995,332,12,-3.5,-14.0,-8.75,5.613650088
1995,333,0,-5.0,-18.5,-11.75,8.212562119
1995,334,0,0.5,-13.0,-6.25,8.108605736
1995,335,0,5.0,-5.0,0.0,6.861127662
1995,336,0,4.0,-7.0,-1.5,7.172997307
1995,337,0,6.5,-2.5,2.0,6.17103375
1995,338,0,5.5,-6.5,-0.5,7.199539375
1995,339,0,3.0,-6.0,-1.5,6.17103375
1995,340,0,0.5,-7.5,-3.5,5.656780937
1995,341,0,-3.0,-12.5,-7.75,6.376734679
1995,342,5,-3.5,-15.5,-9.5,5.392465982
1995,343,3,-7.0,-22.5,-14.75,5.799444144
1995,344,0,-15.0,-21.5,-18.25,4.781997769
1995,345,0,-14.5,-21.0,-17.75,4.883742794
1995,346,2,-14.0,-19.5,-16.75,4.171530039
1995,347,4,-3.0,-15.0,-9.0,5.290720956
1995,348,5,0.5,-7.5,-3.5,4.171530039
1995,349,0,0.0,-9.0,-4.5,6.10467825
1995,350,0,-2.0,-13.5,-7.75,6.918635544
1995,351,0,-1.5,-12.0,-6.75,6.511656899
1995,352,0,0.0,-7.0,-3.5,4.883742794
1995,353,0,-0.5,-7.0,-3.75,4.578508688
1995,354,0,-3.5,-11.5,-7.5,5.494210524
1995,355,0,-4.0,-11.5,-7.75,5.290720956
1995,356,0,-4.5,-9.5,-7.0,3.764551635
1995,357,0,-3.5,-7.0,-5.25,2.747105261
1995,358,0,-2.5,-7.5,-5.0,3.866296177
1995,359,0,-3.5,-10.5,-7.0,5.290720956
1995,360,0,-5.5,-13.5,-9.5,5.799444144
1995,361,0,-5.0,-16.0,-10.5,7.020380086
1995,362,0,-5.0,-17.5,-11.25,7.325613706
1995,363,0,-3.5,-15.0,-9.25,7.122124625
1995,364,0,-0.5,-9.5,-5.0,6.308167331
1995,365,4,0.0,-3.5,-1.75,2.136637291
1996,1,1,0.5,-3.0,-1.25,2.340126614
1996,2,0,-1.5,-12.0,-6.75,6.10467825
1996,3,0,-7.5,-18.0,-12.75,6.273884213
1996,4,0,-7.5,-17.5,-12.5,6.068183287
1996,5,0,-9.0,-21.5,-15.25,6.993838446
1996,6,0,-11.5,-21.5,-16.5,6.17103375
1996,7,0,-10.5,-20.5,-15.5,6.17103375
1996,8,0,-7.5,-20.0,-13.75,7.096688912
1996,9,0,-3.0,-12.0,-7.5,5.821562849
1996,10,0,-3.5,-17.5,-10.5,7.692779713
1996,11,8,-3.0,-12.5,-7.75,4.678041656
1996,12,0,-1.0,-6.0,-3.5,3.638476844
1996,13,0,4.0,-6.5,-1.25,6.723993702
1996,14,0,6.5,-7.0,-0.25,7.774617702
1996,15,0,-1.0,-15.0,-8.0,8.0898046
1996,16,0,0.5,-11.0,-5.25,7.354368
1996,17,0,4.0,-6.0,-1.0,6.794772902
1996,18,15,10.5,-6.5,2.0,6.688604677
1996,19,9,1.0,-20.0,-9.5,7.219446302
1996,20,0,-11.5,-20.0,-15.75,6.543728384
1996,21,0,-4.5,-16.0,-10.25,8.045567813
1996,22,0,0.5,-7.0,-3.25,5.900083063
1996,23,10,-0.5,-10.5,-5.5,5.744148819
1996,24,6,-7.5,-17.5,-12.5,5.85252888
1996,25,3,-9.0,-24.0,-16.5,7.369851256
1996,26,9,-5.5,-15.5,-10.5,6.131220094
1996,27,11,-4.0,-12.5,-8.25,5.47430375
1996,28,0,-6.0,-22.5,-14.25,10.72963556
1996,29,3,-3.0,-18.5,-10.75,8.073216211
1996,30,0,-15.0,-24.5,-19.75,8.404991893
1996,31,0,-18.0,-30.5,-24.25,10.05281325
1996,32,0,-19.0,-29.0,-24.0,8.935833999
1996,33,0,-21.5,-34.0,-27.75,10.27620889
1996,34,0,-23.5,-35.5,-29.5,10.26514964
1996,35,0,-20.5,-32.5,-26.5,10.37795284
1996,36,0,-13.0,-27.0,-20.0,11.39097625
1996,37,0,-6.0,-24.0,-15.0,12.41616368
1996,38,0,4.0,-12.5,-4.25,12.19166199
1996,39,0,6.5,0.5,3.5,5.980814881
1996,40,0,6.5,-3.5,1.5,9.431285131
1996,41,0,7.5,-1.5,3.0,8.825241488
1996,42,0,5.5,-2.5,1.5,8.128512
1996,43,0,-1.0,-8.5,-4.75,7.971471923
1996,44,0,-1.0,-8.5,-4.75,8.205926749
1996,45,0,0.0,-6.0,-3.0,6.981672927
1996,46,1,-2.5,-10.5,-6.5,9.230008351
1996,47,0,-4.0,-15.0,-9.5,11.82449643
1996,48,0,-4.5,-12.0,-8.25,9.196830685
1996,49,0,-4.0,-17.0,-10.5,13.74216089
1996,50,0,2.0,-11.0,-4.5,13.62161631
1996,51,0,7.0,-3.0,2.0,11.80016617
1996,52,0,4.5,-6.0,-0.75,12.28677166
1996,53,0,0.5,-4.5,-2.0,6.997155891
1996,54,3,3.0,-1.0,1.0,4.296499375
1996,55,0,8.5,0.0,4.25,11.39539921
1996,56,0,11.5,-2.5,4.5,15.23515385
1996,57,3,7.5,-2.5,2.5,9.747579313
1996,58,6,1.0,-3.5,-1.25,5.248696187
1996,59,0,-1.5,-13.0,-7.25,15.25506036
1996,60,0,-1.5,-13.0,-7.25,15.25506036
1996,61,0,-7.0,-15.5,-11.25,12.85963701
1996,62,0,-3.0,-13.0,-8.0,14.625792
1996,63,0,-2.0,-15.0,-8.5,16.78786536
1996,64,0,-6.0,-19.5,-12.75,17.44699509
1996,65,0,-3.5,-15.5,-9.5,16.67727425
1996,66,0,-2.0,-8.5,-5.25,11.25715922
1996,67,3,-3.5,-13.0,-8.25,11.51594424
1996,68,0,-9.5,-21.5,-15.5,17.87830281
1996,69,0,-9.0,-20.0,-14.5,17.48680688
1996,70,0,-4.5,-18.0,-11.25,19.21425385
1996,71,0,1.0,-13.5,-6.25,19.60906627
1996,72,0,7.0,-4.5,1.25,17.78319309
1996,73,0,11.0,0.0,5.5,17.252352
1996,74,0,14.5,-0.5,7.0,19.80481635
1996,75,0,13.5,-0.5,6.5,19.26955029
1996,76,0,9.5,-4.5,2.5,19.69864719
1996,77,0,8.0,-4.0,2.0,18.34942481
1996,78,1,5.0,-4.0,0.5,15.64323869
1996,79,0,5.0,-6.0,-0.5,17.95571719
1996,80,0,4.0,-3.5,0.25,13.98767539
1996,81,0,3.0,-4.5,-0.75,14.26194328
1996,82,0,2.5,-9.0,-3.25,19.49184053
1996,83,0,5.5,-7.5,-1.0,20.90188875
1996,84,0,9.0,-8.0,0.5,22.85273117
1996,85,8,10.5,-2.0,4.25,15.02834635
1996,86,5,11.5,-5.5,3.0,17.13512391
1996,87,0,-4.5,-15.0,-9.75,18.96873963
1996,88,0,-2.0,-14.5,-8.25,20.95054912
1996,89,0,5.5,-7.0,-0.75,20.8288971
1996,90,0,9.0,-4.5,2.25,21.68487833
1996,91,0,11.0,-1.5,4.75,20.70282185
1996,92,2,9.5,-0.5,4.5,17.9712
1996,93,0,8.0,-5.5,1.25,22.1659556
1996,94,0,11.0,-1.0,5.0,20.71720035
1996,95,0,12.0,-0.5,5.75,21.45927103
1996,96,6,4.0,-3.0,0.5,10.51066322
1996,97,0,3.5,-7.0,-1.75,19.85679394
1996,98,0,5.0,-6.5,-0.75,21.18057964
1996,99,0,4.0,-6.5,-1.25,20.15428597
1996,100,0,5.0,-7.0,-1.0,22.08079741
1996,101,0,8.0,-5.5,1.25,23.887872
1996,102,0,14.0,-4.0,5.0,26.57525646
1996,103,0,21.0,2.5,11.75,26.62170827
1996,104,0,20.5,3.5,12.0,25.86968265
1996,105,0,7.5,-0.5,3.5,16.51470251
1996,106,0,5.5,-1.0,2.25,14.09052678
1996,107,7,4.5,-1.0,1.75,9.309634564
1996,108,0,6.5,-1.0,2.75,16.48263224
1996,109,0,12.5,-4.0,4.25,27.20895005
1996,110,0,20.0,4.0,12.0,26.44033567
1996,111,12,22.0,8.5,15.25,17.96014139
1996,112,12,18.0,6.0,12.0,16.7215107
1996,113,0,16.5,1.5,9.0,25.88516494
1996,114,0,16.5,3.5,10.0,24.01394705
1996,115,0,13.5,-1.5,6.0,23.71313686
1996,116,0,16.5,2.0,9.25,23.39905439
1996,117,0,19.0,7.5,13.25,20.40090596
1996,118,2,16.0,1.0,8.5,24.19642436
1996,119,0,11.0,-2.5,4.25,23.25086196
1996,120,0,14.0,0.0,7.0,23.72861817
1996,121,13,12.0,0.5,6.25,15.87548099
1996,122,11,6.5,0.0,3.25,10.10257951
1996,123,0,11.0,0.0,5.5,21.15182719
1996,124,0,15.0,0.5,7.75,24.70404203
1996,125,0,16.0,4.5,10.25,21.47475553
1996,126,0,15.0,4.0,9.5,20.97156002
1996,127,0,14.0,4.5,9.25,18.85814817
1996,128,0,10.5,2.5,6.5,16.69496826
1996,129,0,13.5,5.0,9.25,17.51334908
1996,130,4,15.0,6.0,10.5,13.84169367
1996,131,12,13.0,8.0,10.5,8.403885666
1996,132,27,14.5,7.0,10.75,12.35865563
1996,133,0,11.5,1.0,6.25,22.39488
1996,134,0,12.5,0.0,6.25,25.04908863
1996,135,0,14.5,-0.5,7.0,27.2200085
1996,136,3,14.5,3.5,9.0,17.03338003
1996,137,10,12.0,6.0,9.0,10.52061759
1996,138,2,14.5,8.5,11.5,13.95228683
1996,139,0,22.0,10.5,16.25,23.1977779
1996,140,0,30.0,16.0,23.0,24.87877627
1996,141,3,29.5,18.0,23.75,16.41295864
1996,142,9,27.0,13.5,20.25,18.61263387
1996,143,0,22.5,10.0,16.25,24.70404197
1996,144,0,25.0,8.5,16.75,28.10142638
1996,145,6,23.0,9.5,16.25,19.2452196
1996,146,0,15.0,7.0,11.0,18.90459658
1996,147,2,14.5,6.5,10.5,19.37018913
1996,148,2,14.0,8.0,11.0,15.427584
1996,149,1,15.5,7.5,11.5,19.88444225
1996,150,2,17.5,8.5,13.0,21.77003487
1996,151,0,19.0,5.5,12.25,27.77628818
1996,152,0,20.5,1.0,10.75,30.88171032
1996,153,0,22.5,4.5,13.5,30.01909269
1996,154,16,23.0,11.0,17.0,18.63254103
1996,155,21,24.0,12.5,18.25,18.05746084
1996,156,3,23.0,12.5,17.75,17.18931365
1996,157,3,16.0,10.0,13.0,11.45954271
1996,158,0,19.0,6.5,12.75,26.21804573
1996,159,18,22.5,10.5,16.5,18.75197958
1996,160,25,21.0,11.0,16.0,16.66842666
1996,161,2,16.0,10.0,13.0,15.02724184
1996,162,0,18.0,12.0,15.0,14.85250581
1996,163,2,20.0,14.0,17.0,14.85250581
1996,164,3,22.5,13.0,17.75,16.25038905
1996,165,0,25.5,12.0,18.75,26.55977477
1996,166,0,29.0,16.0,22.5,25.16189153
1996,167,0,29.5,15.5,22.5,25.86083398
1996,168,0,29.0,13.5,21.25,27.25871722
1996,169,18,28.5,15.5,22.0,18.52194909
1996,170,80,26.0,14.5,20.25,17.64827228
1996,171,24,23.5,16.0,19.75,12.93041699
1996,172,0,20.0,15.5,17.75,11.18306337
1996,173,0,24.0,17.0,20.5,16.59985944
1996,174,3,27.5,18.5,23.0,15.02724184
1996,175,6,27.5,15.5,21.5,18.52194909
1996,176,4,23.5,12.5,18.0,18.17247703
1996,177,0,22.0,13.5,17.75,20.26930272
1996,178,0,23.5,10.0,16.75,26.90924516
1996,179,0,26.5,13.5,20.0,25.68609795
1996,180,0,29.5,15.5,22.5,25.86083398
1996,181,0,31.5,17.0,24.25,25.68609795
1996,182,0,32.5,21.5,27.0,21.49244992
1996,183,10,32.5,20.0,26.25,17.82300664
1996,184,0,29.5,15.5,22.5,26.03556835
1996,185,8,28.5,16.5,22.5,17.99774267
1996,186,0,25.5,13.5,19.5,24.63768678
1996,187,0,26.5,12.0,19.25,26.73893271
1996,188,0,28.0,13.0,20.5,26.73893271
1996,189,0,28.5,14.0,21.25,26.21804573
1996,190,7,28.0,17.5,22.75,15.97390792
1996,191,0,26.5,15.5,21.0,22.22456833
1996,192,2,23.0,10.0,16.5,25.18843531
1996,193,0,22.5,9.0,15.75,25.53348203
1996,194,0,25.0,11.5,18.25,24.84338694
1996,195,9,25.5,15.5,20.5,15.18207053
1996,196,6,25.0,14.0,19.5,16.38973487
1996,197,0,24.5,13.0,18.75,22.62712287
1996,198,0,25.0,13.0,19.0,23.31279425
1996,199,0,28.5,15.0,21.75,24.34129887
1996,200,9,28.5,18.5,23.5,14.6468047
1996,201,38,28.0,20.0,24.0,12.09212876
1996,202,0,29.5,18.5,24.0,20.437401
1996,203,0,23.5,10.5,17.0,24.01394683
1996,204,0,23.5,11.0,17.25,23.18118914
1996,205,0,25.0,13.5,19.25,21.65833792
1996,206,0,25.0,13.0,19.0,22.16595553
1996,207,3,25.5,14.5,20.0,15.46518473
1996,208,0,25.0,12.5,18.75,22.52537758
1996,209,0,25.0,11.5,18.25,23.70207773
1996,210,0,25.0,12.5,18.75,22.37718531
1996,211,6,25.5,13.5,19.5,16.36540497
1996,212,5,24.0,14.5,19.25,13.76870432
1996,213,0,24.0,13.0,18.5,20.57011137
1996,214,0,21.5,11.0,16.25,20.40422432
1996,215,0,23.5,13.5,18.5,19.27950246
1996,216,0,27.0,13.0,20.0,23.39905434
1996,217,0,27.5,12.5,20.0,23.89672035
1996,218,0,28.5,15.5,22.0,21.76892992
1996,219,21,29.0,20.0,24.5,12.43938819
1996,220,23,31.0,20.0,25.5,14.14361035
1996,221,4,31.0,20.0,25.5,13.98104105
1996,222,0,28.5,15.0,21.75,21.95914881
1996,223,0,26.0,12.0,19.0,22.92793384
1996,224,0,24.5,11.5,18.0,21.96910049
1996,225,0,25.0,13.0,19.0,20.68623299
1996,226,0,27.0,13.0,20.0,22.13609342
1996,227,0,28.0,15.0,21.5,20.86207483
1996,228,0,27.0,17.0,22.0,17.35851917
1996,229,0,26.5,13.5,20.0,20.87534595
1996,230,0,24.0,10.0,17.0,22.14051875
1996,231,0,25.5,10.0,17.75,22.6138512
1996,232,0,26.5,13.0,19.75,20.72936385
1996,233,5,26.0,16.5,21.25,12.00697353
1996,234,11,27.0,18.5,22.75,10.75949618
1996,235,0,29.5,16.0,22.75,19.8180867
1996,236,0,28.0,18.0,23.0,16.10219461
1996,237,0,25.5,12.5,19.0,19.67652829
1996,238,0,27.0,11.0,19.0,21.67492596
1996,239,0,27.0,13.0,20.0,19.99282267
1996,240,0,26.0,15.0,20.5,17.09309951
1996,241,0,23.5,11.5,17.5,18.33283612
1996,242,0,24.5,10.5,17.5,19.84794649
1996,243,0,26.0,9.5,17.75,21.0567175
1996,244,0,26.5,11.0,18.75,20.15428618
1996,245,0,27.5,12.5,20.0,19.25959623
1996,246,0,28.0,13.5,20.75,18.6624
1996,247,0,28.0,14.0,21.0,18.07957927
1996,248,0,29.0,14.0,21.5,18.52415938
1996,249,0,30.0,14.0,22.0,18.68009476
1996,250,0,30.0,15.0,22.5,17.79757142
1996,251,0,29.5,14.0,21.75,17.95571709
1996,252,0,29.0,15.5,22.25,16.34992072
1996,253,3,28.5,15.0,21.75,12.16954355
1996,254,2,25.5,15.0,20.25,13.76317487
1996,255,0,27.0,10.5,18.75,18.25873893
1996,256,0,26.5,12.5,19.5,16.40632263
1996,257,0,21.0,8.0,14.5,16.12099555
1996,258,0,16.5,4.5,10.5,15.28823862
1996,259,0,16.5,5.5,11.0,14.29733455
1996,260,0,19.0,7.0,13.0,14.88789531
1996,261,0,19.0,8.5,13.75,13.48337694
1996,262,0,17.5,9.0,13.25,11.28702046
1996,263,0,20.5,5.0,12.75,17.00020258
1996,264,0,23.0,3.5,13.25,18.24767974
1996,265,3,22.0,7.0,14.5,12.02687974
1996,266,0,21.0,11.5,16.25,11.24499389
1996,267,0,21.5,11.0,16.25,12.20493215
1996,268,0,20.0,7.5,13.75,13.87487232
1996,269,4,18.0,8.5,13.25,8.569774497
1996,270,0,19.0,4.5,11.75,15.11129034
1996,271,11,17.0,7.5,12.25,8.365178468
1996,272,5,16.5,10.0,13.25,5.887918429
1996,273,0,15.5,8.5,12.0,8.564244929
1996,274,0,16.5,6.5,11.5,11.67851545
1996,275,0,21.0,5.0,13.0,15.13451463
1996,276,0,25.0,9.5,17.25,14.34488727
1996,277,0,22.0,8.5,15.25,13.31085313
1996,278,0,14.0,-2.0,6.0,15.00733469
1996,279,0,13.0,-1.0,6.0,13.84501197
1996,280,0,17.0,3.5,10.25,13.19804878
1996,281,0,22.5,7.0,14.75,13.59839334
1996,282,11,21.5,6.5,14.0,10.00636479
1996,283,0,11.0,0.0,5.5,11.31909072
1996,284,0,13.0,0.5,6.75,12.20935728
1996,285,2,12.0,1.5,6.75,10.71636438
1996,286,0,11.5,-2.0,4.75,12.6074875
1996,287,0,16.5,3.0,9.75,12.12198912
1996,288,0,22.5,5.5,14.0,12.99677162
1996,289,0,23.0,4.0,13.5,13.12948245
1996,290,0,19.5,5.5,12.5,11.39539921
1996,291,0,23.0,9.5,16.25,10.67986964
1996,292,11,22.0,10.5,16.25,7.119913484
1996,293,0,17.5,5.0,11.25,10.21870034
1996,294,0,13.0,-3.5,4.75,12.04346834
1996,295,0,14.0,-2.5,5.75,11.81343718
1996,296,0,16.0,2.5,9.25,10.36689411
1996,297,6,15.5,8.0,11.75,4.7775745
1996,298,14,13.0,2.5,7.75,6.44972569
1996,299,2,8.5,2.5,5.5,5.325004688
1996,300,0,14.0,1.5,7.75,9.466675
1996,301,0,18.0,6.0,12.0,8.792064374
1996,302,0,17.5,9.0,13.25,6.564741286
1996,303,0,13.0,0.0,6.5,9.143747173
1996,304,29,12.0,0.5,6.25,6.270566512
1996,305,19,12.5,2.0,7.25,5.80608
1996,306,0,5.5,-5.0,0.25,7.82106612
1996,307,0,1.5,-6.0,-2.25,5.980814881
1996,308,0,3.0,-6.0,-1.5,6.948495402
1996,309,0,6.0,-6.0,0.0,8.429322535
1996,310,0,9.5,-2.5,3.5,8.234680353
1996,311,0,8.0,1.0,4.5,5.414584415
1996,312,3,11.5,4.5,8.0,4.060938041
1996,313,0,13.0,1.0,7.0,7.930552566
1996,314,0,5.5,-3.0,1.25,6.366781512
1996,315,0,3.0,-3.5,-0.25,4.97664
1996,316,0,1.5,-6.5,-2.5,6.08256
1996,317,0,-1.0,-7.0,-4.0,4.755456211
1996,318,0,-2.0,-11.5,-6.75,6.897622934
1996,319,0,-2.5,-11.5,-7.0,6.788136442
1996,320,0,-2.0,-13.0,-7.5,7.586611375
1996,321,2,1.0,-9.0,-4.0,7.803371493
1996,322,0,9.0,-1.0,4.0,6.827950444
1996,323,4,12.5,0.0,6.25,5.578260146
1996,324,0,7.0,-6.5,0.25,7.831019542
1996,325,0,-1.0,-7.5,-4.25,5.041888958
1996,326,0,-2.0,-9.5,-5.75,5.626921427
1996,327,5,-1.0,-5.0,-3.0,2.441871424
1996,328,0,0.0,-4.5,-2.25,3.609723153
1996,329,5,0.5,-3.5,-1.5,2.441871424
1996,330,0,-0.5,-6.0,-3.25,4.307558298
1996,331,0,-3.5,-11.5,-7.5,5.883494298
1996,332,0,-5.5,-17.0,-11.25,7.1442434
1996,333,0,-7.0,-18.5,-12.75,7.069040923
1996,334,2,-2.5,-13.0,-7.75,7.380910068
1996,335,0,2.0,-6.5,-2.25,6.445301639
1996,336,8,3.0,-1.5,0.75,2.910781425
1996,337,0,2.0,-5.0,-1.5,5.093867682
1996,338,0,-3.5,-10.5,-7.0,5.039677662
1996,339,2,-2.0,-8.5,-5.25,5.348229054
1996,340,0,-0.5,-7.5,-4.0,5.656780937
1996,341,5,0.0,-5.5,-2.75,3.496919225
1996,342,0,0.5,-3.0,-1.25,3.085516875
1996,343,0,1.0,-9.0,-4.0,6.918635544
1996,344,0,0.0,-6.5,-3.25,5.290720956
1996,345,0,-2.0,-5.5,-3.75,3.154083666
1996,346,0,-0.5,-5.0,-2.75,3.561062313
1996,347,2,1.5,-3.0,-0.75,3.561062313
1996,348,0,1.5,-1.0,0.25,2.136637291
1996,349,0,2.5,-4.0,-0.75,4.883742794
1996,350,0,3.0,-3.5,-0.25,4.883742794
1996,351,12,4.0,-3.0,0.5,3.866296177
1996,352,0,0.5,-9.0,-4.25,6.206422789
1996,353,0,-3.5,-9.0,-6.25,4.476764149
1996,354,0,-7.0,-15.0,-11.0,5.901189169
1996,355,0,-9.0,-17.0,-13.0,5.901189169
1996,356,0,-9.0,-19.5,-14.25,6.511656899
1996,357,0,-2.5,-17.0,-9.75,6.918635544
1996,358,0,1.0,-5.5,-2.25,4.883742794
1996,359,3,0.5,-4.0,-1.75,2.747105261
1996,360,4,-1.0,-14.0,-7.5,5.697699602
1996,361,0,-11.0,-22.0,-16.5,7.325613706
1996,362,3,-15.5,-22.0,-18.75,4.171530039
1996,363,0,-8.5,-22.0,-15.25,7.732592352
1996,364,0,0.0,-10.0,-5.0,7.020380086
1996,365,0,0.5,-10.5,-5.0,7.223869164
1996,366,0,-4.5,-10.0,-7.25,4.781997769
1997,1,0,0.0,-6.0,-3.0,4.273274581
1997,2,0,4.0,-1.5,1.25,3.459317774
1997,3,0,4.0,-1.0,1.5,3.291218048
1997,4,10,3.0,0.5,1.75,1.337057263
1997,5,7,2.5,-7.5,-2.5,4.833976241
1997,6,0,-4.0,-15.0,-9.5,6.993838446
1997,7,0,-8.5,-17.5,-13.0,6.273884213
1997,8,0,-5.5,-16.0,-10.75,6.890987491
1997,9,3,-2.5,-11.0,-6.75,4.574085276
1997,10,3,-4.0,-8.0,-6.0,2.390999019
1997,11,0,-6.5,-18.5,-12.5,7.692779713
1997,12,0,-13.5,-21.5,-17.5,6.133432494
1997,13,0,-12.0,-20.5,-16.25,6.5138686
1997,14,0,-9.0,-19.0,-14.0,7.249305702
1997,15,2,-7.5,-16.5,-12.0,6.829056
1997,16,2,-7.5,-20.5,-14.0,8.404992
1997,17,0,-15.5,-25.5,-20.5,7.537950972
1997,18,0,-14.0,-24.0,-19.0,7.644119197
1997,19,0,-8.0,-21.5,-14.75,8.811971177
1997,20,0,-0.5,-13.0,-6.75,8.689213647
1997,21,0,4.0,-8.0,-2.0,8.474664867
1997,22,2,6.0,-6.0,0.0,8.581939
1997,23,2,0.5,-12.0,-5.75,8.995553694
1997,24,7,-2.0,-11.5,-6.75,5.960908937
1997,25,0,-4.0,-16.0,-10.0,9.103933236
1997,26,2,-10.0,-22.0,-16.0,9.415802868
1997,27,4,-9.0,-21.5,-15.25,7.226080844
1997,28,0,-11.0,-24.0,-17.5,9.963233243
1997,29,0,-11.0,-22.5,-16.75,9.621503789
1997,30,0,-7.0,-17.5,-12.25,9.289727578
1997,31,0,0.5,-11.5,-5.5,9.941114898
1997,32,0,4.5,-5.0,-0.25,8.600740011
1997,33,0,2.0,-5.0,-1.5,6.925271137
1997,34,0,2.0,-9.0,-3.5,9.701130455
1997,35,10,0.0,-6.0,-3.0,4.73776096
1997,36,0,-1.5,-5.5,-3.5,4.5563905
1997,37,0,-2.5,-8.5,-5.5,6.720676098
1997,38,0,-3.0,-11.0,-7.0,8.741191189
1997,39,0,-2.0,-10.5,-6.25,9.201254001
1997,40,0,-2.0,-13.5,-7.75,11.04150524
1997,41,0,-2.5,-11.0,-6.75,9.405850043
1997,42,5,-3.5,-9.0,-6.25,4.993229021
1997,43,3,-5.0,-16.5,-10.75,8.909291786
1997,44,0,-4.5,-20.5,-12.5,13.59839335
1997,45,2,-1.5,-16.5,-9.0,13.49001142
1997,46,0,-3.5,-15.5,-9.5,12.42501094
1997,47,2,-5.5,-14.5,-10.0,10.74954262
1997,48,0,-0.5,-13.0,-6.75,13.01889006
1997,49,0,8.5,-4.0,2.25,13.01888993
1997,50,0,8.0,-2.0,3.0,11.57234686
1997,51,18,3.5,-5.0,-0.75,8.150630168
1997,52,19,2.5,-3.5,-0.5,6.204211082
1997,53,9,0.0,-10.5,-5.25,9.943327592
1997,54,0,-1.5,-11.5,-6.5,13.01225572
1997,55,0,-5.0,-14.5,-9.75,12.88175543
1997,56,0,-2.5,-15.0,-8.75,15.11129034
1997,57,0,3.0,-7.5,-2.25,13.99652356
1997,58,7,2.5,-3.0,-0.25,6.623355251
1997,59,0,2.0,-2.5,-0.25,7.5644925
1997,60,3,5.0,-2.0,1.5,8.447016385
1997,61,0,4.5,-4.0,0.25,13.353984
1997,62,0,2.5,-6.0,-1.75,13.60834536
1997,63,0,1.5,-3.0,-0.75,8.210350524
1997,64,0,1.0,-4.5,-1.75,10.1346514
1997,65,0,-0.5,-9.5,-5.0,15.00954644
1997,66,0,-0.5,-12.0,-6.25,17.0798279
1997,67,0,3.0,-8.0,-2.5,16.83431406
1997,68,14,5.0,-3.5,0.75,10.83138094
1997,69,0,8.5,-2.0,3.25,16.45055938
1997,70,0,9.0,-1.5,3.75,16.58216435
1997,71,0,4.5,-4.5,0.0,15.52711655
1997,72,9,1.0,-5.5,-2.25,9.289728
1997,73,8,-2.5,-9.0,-5.75,9.634775144
1997,74,0,-5.5,-17.0,-11.25,19.13573473
1997,75,0,-3.5,-17.0,-10.25,20.6431026
1997,76,0,6.0,-9.0,-1.5,21.18279103
1997,77,0,6.0,-5.0,0.5,19.04394275
1997,78,0,4.5,-7.5,-1.5,20.13216831
1997,79,0,9.0,-4.0,2.5,20.84437914
1997,80,0,13.5,1.0,7.25,20.15870876
1997,81,0,12.0,-1.0,5.5,20.87424053
1997,82,0,4.5,-4.0,0.25,17.00020258
1997,83,14,1.5,-6.5,-2.5,12.54113325
1997,84,10,3.0,-2.5,0.25,9.410272845
1997,85,0,9.0,-1.0,4.0,19.52280488
1997,86,0,18.5,1.0,9.75,23.78170302
1997,87,3,19.0,6.0,12.5,16.13758438
1997,88,3,12.0,3.0,7.5,13.55304913
1997,89,5,7.5,-0.5,3.5,12.69706653
1997,90,0,10.0,-2.5,3.75,22.284288
1997,91,0,14.0,-1.5,6.25,23.86575415
1997,92,0,18.5,2.5,10.5,23.90446162
1997,93,0,18.5,6.0,12.25,21.2967019
1997,94,0,20.5,7.5,14.0,21.45927103
1997,95,3,20.0,9.5,14.75,14.16019916
1997,96,3,14.0,2.0,8.0,16.03252195
1997,97,0,5.5,-8.0,-1.25,23.38689008
1997,98,0,0.5,-9.0,-4.25,19.26512575
1997,99,0,2.0,-9.0,-3.5,21.33983104
1997,100,0,4.0,-6.0,-1.0,20.155392
1997,101,2,4.0,-3.0,0.5,15.37781788
1997,102,7,2.0,-3.5,-0.75,9.475523161
1997,103,0,3.5,-7.0,-1.75,21.35752746
1997,104,0,9.0,-4.5,2.25,24.54478923
1997,105,0,14.0,-1.0,6.5,25.45385315
1997,106,0,11.5,-1.5,5.0,24.26609646
1997,107,0,8.0,-2.5,2.75,21.51899229
1997,108,0,12.5,-1.5,5.5,25.36427438
1997,109,5,9.0,1.5,5.25,12.60527546
1997,110,3,11.0,2.0,6.5,14.86356539
1997,111,0,13.5,1.5,7.5,21.52120261
1997,112,0,13.5,-1.0,6.25,23.7020779
1997,113,1,13.0,1.0,7.0,21.51899235
1997,114,2,11.0,0.5,5.75,19.94416066
1997,115,0,14.5,0.0,7.25,23.71313686
1997,116,0,17.5,1.5,9.5,24.82901001
1997,117,0,17.5,4.0,10.75,22.93125156
1997,118,0,18.0,2.5,10.25,24.68413363
1997,119,0,21.0,7.0,14.0,22.93235579
1997,120,31,20.5,6.5,13.5,17.31870751
1997,121,25,14.0,1.0,7.5,17.31870751
1997,122,11,13.0,3.5,8.25,14.20886091
1997,123,7,12.5,4.0,8.25,13.24007434
1997,124,0,16.5,1.0,8.75,25.51136366
1997,125,2,20.0,6.5,13.25,23.57268444
1997,126,0,20.5,4.0,12.25,25.84866714
1997,127,0,17.0,4.5,10.75,23.07833954
1997,128,10,17.5,7.0,12.25,15.22188342
1997,129,0,18.0,4.0,11.0,24.55252855
1997,130,0,16.5,1.0,8.75,25.87078546
1997,131,0,20.5,6.0,13.25,24.38774742
1997,132,0,18.5,2.5,10.5,25.87852863
1997,133,0,14.5,-0.5,7.0,25.38086432
1997,134,3,12.0,2.5,7.25,14.19448362
1997,135,3,10.0,1.0,5.5,13.86049609
1997,136,0,14.5,-1.0,6.75,26.38504047
1997,137,0,19.0,2.5,10.75,26.72787352
1997,138,3,17.5,5.0,11.25,17.31428358
1997,139,4,16.0,6.0,11.0,14.62468554
1997,140,0,15.0,3.0,9.0,22.67357153
1997,141,0,15.5,0.5,8.0,25.88848198
1997,142,0,19.0,2.5,10.75,26.7345108
1997,143,0,21.5,6.5,14.0,25.37643893
1997,144,2,21.0,9.5,15.25,21.11864705
1997,145,0,18.0,8.0,13.0,19.58584263
1997,146,0,16.5,4.5,10.5,22.96995775
1997,147,0,18.0,4.0,11.0,25.19838687
1997,148,0,19.0,9.5,14.25,19.02735425
1997,149,14,18.0,11.5,14.75,10.45647343
1997,150,3,18.0,10.0,14.0,12.76674102
1997,151,0,21.5,7.5,14.5,25.53348203
1997,152,0,24.5,8.5,16.5,26.91367056
1997,153,0,25.5,10.0,17.75,26.22357547
1997,154,0,23.5,10.5,17.0,23.96086271
1997,155,0,24.5,9.0,16.75,26.56530427
1997,156,6,23.5,12.0,17.75,16.49479656
1997,157,6,21.5,12.0,16.75,14.58487209
1997,158,8,19.5,11.0,15.25,13.36946636
1997,159,0,20.5,9.0,14.75,22.74545697
1997,160,0,24.5,10.0,17.25,26.21030437
1997,161,0,28.0,10.5,19.25,28.13239403
1997,162,0,26.5,12.5,19.5,25.16189153
1997,163,0,26.5,13.5,20.0,24.11348036
1997,164,0,28.0,12.5,20.25,26.55977477
1997,165,0,25.5,9.0,17.25,27.60818761
1997,166,39,26.5,10.5,18.5,20.09456669
1997,167,32,25.0,13.0,19.0,16.94932983
1997,168,0,22.5,10.0,16.25,23.76400997
1997,169,0,25.0,12.0,18.5,23.93874433
1997,170,1,26.5,13.5,20.0,23.58927394
1997,171,15,28.0,17.5,22.75,14.85250581
1997,172,32,29.0,18.5,23.75,14.85250581
1997,173,17,29.0,18.0,23.5,15.5514466
1997,174,0,31.5,20.5,26.0,20.09456669
1997,175,9,31.5,20.5,26.0,15.02724184
1997,176,7,29.5,17.5,23.5,16.59985944
1997,177,0,27.0,14.5,20.75,23.41453791
1997,178,0,28.0,14.5,21.25,24.28821472
1997,179,0,29.5,16.5,23.0,23.06506752
1997,180,0,30.0,17.5,23.75,22.1913907
1997,181,19,28.0,19.0,23.5,13.10515219
1997,182,6,29.5,18.0,23.75,15.90091865
1997,183,11,28.0,18.0,23.0,14.50303542
1997,184,0,22.0,14.0,18.0,17.12406586
1997,185,2,20.5,11.0,15.75,20.26930272
1997,186,10,22.0,10.0,16.0,17.88383239
1997,187,16,23.0,10.5,16.75,18.05746084
1997,188,0,22.5,8.5,15.5,25.69715708
1997,189,36,23.0,13.0,18.0,15.27939083
1997,190,0,22.5,11.0,16.75,22.74545697
1997,191,0,24.0,10.0,17.0,25.53348203
1997,192,0,26.0,13.0,19.5,24.1532935
1997,193,0,28.5,16.0,22.25,22.94562915
1997,194,0,30.5,19.5,25.0,20.53029882
1997,195,8,30.0,17.5,23.75,17.07982832
1997,196,0,30.0,17.5,23.75,22.79854113
1997,197,0,31.5,19.0,25.25,22.284288
1997,198,17,30.5,18.0,24.25,16.97034175
1997,199,8,30.0,19.0,24.5,15.49836308
1997,200,8,28.5,17.0,22.75,16.34992145
1997,201,5,26.0,17.0,21.5,13.79524632
1997,202,25,26.5,16.5,21.5,14.98742773
1997,203,0,24.5,15.5,20.0,18.61263387
1997,204,8,24.0,15.0,19.5,14.04407861
1997,205,0,26.0,14.0,20.0,22.84277794
1997,206,22,28.5,17.5,23.0,15.63328521
1997,207,16,31.5,20.5,26.0,14.9608849
1997,208,12,29.5,19.5,24.5,14.45658667
1997,209,0,27.0,16.5,21.75,20.54025309
1997,210,0,25.0,11.5,18.25,24.38111369
1997,211,0,24.5,10.5,17.5,24.71731137
1997,212,0,25.5,11.5,18.5,24.38553568
1997,213,0,25.0,14.5,19.75,20.23833568
1997,214,0,27.0,17.5,22.25,18.12602825
1997,215,4,29.5,17.0,23.25,16.14864366
1997,216,9,27.0,14.5,20.75,16.36761625
1997,217,0,23.5,10.0,16.75,23.56936678
1997,218,0,23.0,12.0,17.5,20.78687232
1997,219,0,24.5,12.5,18.5,21.45927104
1997,220,0,26.0,13.5,19.75,21.78441121
1997,221,0,25.5,14.5,20.0,19.86011228
1997,222,0,24.5,16.0,20.25,16.46936084
1997,223,8,21.5,13.5,17.5,12.02688
1997,224,17,19.0,14.5,16.75,7.376486245
1997,225,0,21.0,13.0,17.0,16.24375215
1997,226,0,23.0,10.0,16.5,22.61385115
1997,227,7,24.5,15.0,19.75,13.69571346
1997,228,0,27.5,17.5,22.5,18.18685469
1997,229,14,24.0,15.0,19.5,13.12616499
1997,230,0,19.0,11.5,15.25,15.54702251
1997,231,4,18.5,10.5,14.5,12.40621051
1997,232,4,19.5,12.5,16.0,10.91543075
1997,233,0,20.5,11.0,15.75,18.40029785
1997,234,0,21.5,9.5,15.5,21.05671739
1997,235,0,23.0,9.5,16.25,21.9856893
1997,236,0,23.0,12.0,17.5,19.36908284
1997,237,0,23.0,11.0,17.0,20.29141921
1997,238,0,25.0,13.0,19.0,19.68758758
1997,239,0,27.5,14.0,20.75,20.45067239
1997,240,0,26.5,12.0,19.25,21.06003364
1997,241,0,23.5,11.0,17.25,19.99945666
1997,242,6,22.0,13.5,17.75,11.58119434
1997,243,0,24.0,15.0,19.5,15.79253812
1997,244,0,27.5,15.0,21.25,18.81169977
1997,245,0,24.5,13.0,18.75,18.36380188
1997,246,0,20.0,6.5,13.25,20.45067223
1997,247,0,20.5,5.0,12.75,21.48802488
1997,248,1,22.0,7.5,14.75,20.2980563
1997,249,0,23.0,12.5,17.75,16.76795876
1997,250,0,24.5,13.0,18.75,17.37179051
1997,251,2,20.5,13.5,17.0,12.26244019
1997,252,3,21.5,12.0,16.75,11.590042
1997,253,0,21.5,10.0,15.75,17.385063
1997,254,0,20.5,7.5,14.0,18.25873893
1997,255,0,22.0,6.5,14.25,19.25959613
1997,256,1,22.5,9.5,16.0,17.5476323
1997,257,0,23.5,11.5,17.5,16.27914269
1997,258,0,25.0,11.5,18.25,16.9869315
1997,259,11,26.5,13.0,19.75,12.35976197
1997,260,16,25.5,12.5,19.0,12.07885856
1997,261,0,26.5,11.5,19.0,16.86085746
1997,262,9,26.0,15.0,20.5,10.31159858
1997,263,0,22.0,9.5,15.75,15.2064
1997,264,0,17.5,4.5,11.0,15.8976
1997,265,0,17.0,6.5,11.75,13.5762729
1997,266,4,16.0,6.5,11.25,9.462251308
1997,267,0,18.0,3.0,10.5,16.45940818
1997,268,0,21.5,6.0,13.75,16.3233795
1997,269,0,23.0,7.0,15.0,16.05574575
1997,270,0,22.0,8.0,15.0,14.97636888
1997,271,3,22.0,11.0,16.5,9.367142749
1997,272,0,21.0,11.0,16.0,11.64202002
1997,273,0,19.0,8.5,13.75,11.943936
1997,274,0,17.0,3.0,10.0,14.47649225
1997,275,0,20.5,5.5,13.0,14.47649225
1997,276,0,27.5,9.5,18.5,14.87683563
1997,277,0,27.5,10.5,19.0,14.35484187
1997,278,0,27.0,8.5,17.75,14.62136828
1997,279,0,28.5,9.0,18.75,14.62136828
1997,280,0,29.0,12.5,20.75,13.0852457
1997,281,0,28.0,17.0,22.5,9.749790975
1997,282,2,24.0,12.0,18.0,10.68318672
1997,283,0,20.5,3.5,12.0,13.48116528
1997,284,0,20.0,6.5,13.25,11.47281411
1997,285,7,22.0,13.5,17.75,5.799444128
1997,286,15,20.5,8.0,14.25,7.998013721
1997,287,0,11.5,-1.0,5.25,10.99726894
1997,288,0,10.5,-1.5,4.5,10.6522217
1997,289,0,14.5,0.5,7.5,11.39539921
1997,290,0,14.5,-1.0,6.75,11.90744089
1997,291,0,15.0,0.5,7.75,11.29365527
1997,292,0,13.5,1.5,7.5,9.853747664
1997,293,0,11.5,-1.0,5.25,10.09704983
1997,294,0,8.0,-1.5,3.25,8.19707893
1997,295,0,6.0,-2.5,1.75,7.473806821
1997,296,4,5.5,-1.0,2.25,4.299816934
1997,297,4,7.0,1.5,4.25,3.702620124
1997,298,0,8.5,0.0,4.25,7.218339573
1997,299,8,6.0,-2.0,2.0,5.206671365
1997,300,8,3.0,-3.5,-0.25,4.33741848
1997,301,0,5.5,-3.0,1.25,7.268106326
1997,302,0,10.0,-1.5,4.25,8.909291786
1997,303,0,13.0,2.5,7.75,8.128512
1997,304,0,15.5,7.0,11.25,6.735053021
1997,305,6,16.0,5.0,10.5,6.095830995
1997,306,0,9.0,0.0,4.5,7.245987745
1997,307,3,4.5,-0.5,2.0,3.303383221
1997,308,2,5.0,0.0,2.5,4.5563905
1997,309,6,4.5,1.0,2.75,2.481684479
1997,310,6,5.0,2.0,3.5,2.25607675
1997,311,0,7.0,3.0,5.0,3.835330584
1997,312,0,7.5,3.5,5.5,3.797729558
1997,313,0,5.5,1.0,3.25,4.356219183
1997,314,1,3.5,-3.5,0.0,6.524928107
1997,315,0,1.5,-7.0,-2.75,7.409663789
1997,316,0,0.0,-9.0,-4.5,7.630848107
1997,317,0,0.5,-7.5,-3.5,7.007108907
1997,318,0,3.0,-3.5,-0.25,6.021734125
1997,319,4,1.0,-5.0,-2.0,4.226826442
1997,320,0,-1.0,-8.5,-4.75,6.827950444
1997,321,0,2.0,-9.0,-3.5,8.236892245
1997,322,0,3.5,-6.0,-1.25,7.509196625
1997,323,0,2.0,-5.5,-1.75,6.651002521
1997,324,0,1.5,-6.5,-2.5,6.865551304
1997,325,0,2.0,-7.5,-2.75,7.325614527
1997,326,0,2.0,-8.5,-3.25,7.537950972
1997,327,0,0.0,-10.5,-5.25,7.431782749
1997,328,0,0.0,-13.5,-6.75,7.962624374
1997,329,0,4.5,-8.0,-1.75,7.5644926
1997,330,0,9.0,-1.0,4.0,6.723993702
1997,331,0,7.5,-2.5,2.5,6.723993702
1997,332,0,6.5,-1.0,2.75,5.613650088
1997,333,4,6.0,0.0,3.0,3.534520463
1997,334,0,5.5,-0.5,2.5,4.781998037
1997,335,0,4.0,-0.5,1.75,3.742433224
1997,336,0,2.0,-0.5,0.75,2.287042637
1997,337,7,2.0,-1.5,0.25,2.262712424
1997,338,7,0.0,-3.5,-1.75,2.262712424
1997,339,0,-1.0,-6.5,-3.75,4.525424849
1997,340,0,-1.5,-5.5,-3.5,3.394068514
1997,341,0,-0.5,-6.0,-3.25,4.422574383
1997,342,0,-0.5,-7.0,-3.75,4.883742794
1997,343,2,-0.5,-4.0,-2.25,2.848849801
1997,344,5,1.0,-1.5,-0.25,1.627914224
1997,345,0,0.5,-2.5,-1.0,2.543615938
1997,346,0,0.0,-4.5,-2.25,3.764551635
1997,347,0,1.5,-7.5,-3.0,6.002933711
1997,348,0,2.5,-9.0,-3.25,6.613401438
1997,349,0,5.0,-5.0,0.0,6.206422789
1997,350,0,7.0,-3.0,2.0,6.10467825
1997,351,0,6.5,-7.0,-0.25,6.715145977
1997,352,0,5.5,-4.5,0.5,6.10467825
1997,353,0,4.5,-4.0,0.25,5.595955063
1997,354,0,3.0,-4.0,-0.5,4.985487336
1997,355,0,0.5,-11.0,-5.25,6.511656899
1997,356,2,0.0,-6.0,-3.0,4.985487336
1997,357,0,-1.0,-5.0,-3.0,3.662806852
1997,358,0,-0.5,-5.5,-3.0,4.476764149
1997,359,4,-1.5,-5.5,-3.5,2.848849801
1997,360,0,-0.5,-8.0,-4.25,6.206422789
1997,361,0,0.0,-13.0,-6.5,7.630847813
1997,362,0,-1.5,-12.0,-6.75,7.223869164
1997,363,0,-1.5,-8.5,-5.0,5.901189169
1997,364,0,-3.0,-12.5,-7.75,7.020380086
1997,365,0,-4.0,-14.5,-9.25,7.325613706
1998,1,0,0.5,-11.5,-5.5,7.529103274
1998,2,0,6.5,-5.0,0.75,7.325613706
1998,3,0,9.5,0.0,4.75,6.788137025
1998,4,6,7.5,-4.0,1.75,5.553930474
1998,5,9,3.0,-2.0,0.5,3.085516875
1998,6,4,2.0,-0.5,0.75,1.645609024
1998,7,0,1.0,-2.0,-0.5,2.571264062
1998,8,0,-0.5,-3.5,-2.0,2.674114527
1998,9,7,-0.5,-8.0,-4.25,4.88595442
1998,10,0,-4.0,-19.0,-11.5,8.628388142
1998,11,0,-10.0,-20.0,-15.0,7.796736094
1998,12,0,-8.5,-19.5,-14.0,8.108605736
1998,13,0,-10.0,-23.0,-16.5,8.7201794
1998,14,0,-10.5,-20.5,-15.5,8.0898046
1998,15,6,-5.0,-13.5,-9.25,5.673369702
1998,16,0,-2.5,-9.5,-6.0,6.723993702
1998,17,0,-3.0,-8.5,-5.75,5.626921427
1998,18,0,-4.0,-13.5,-8.75,8.174960822
1998,19,0,-3.5,-10.0,-6.75,6.582435947
1998,20,0,-3.0,-8.5,-5.75,5.900083063
1998,21,5,-2.0,-6.5,-4.25,3.754598313
1998,22,2,-1.5,-4.5,-3.0,3.540049787
1998,23,4,-1.5,-6.5,-4.0,4.226826442
1998,24,0,-1.5,-9.0,-5.25,7.803371493
1998,25,0,-2.5,-11.5,-7.0,8.778793575
1998,26,2,-1.0,-6.0,-3.5,5.912248156
1998,27,0,1.5,-5.5,-2.0,7.77351122
1998,28,0,1.0,-5.0,-2.0,7.007108907
1998,29,0,0.5,-3.0,-1.25,4.42368
1998,30,0,0.0,-4.5,-2.25,5.640191893
1998,31,0,1.0,-5.0,-2.0,7.483760762
1998,32,0,2.5,-3.0,-0.25,7.148667308
1998,33,0,3.0,-3.0,0.0,7.707156933
1998,34,0,0.5,-5.5,-2.5,8.009072354
1998,35,0,-3.0,-9.0,-6.0,8.234680353
1998,36,0,-3.0,-8.5,-5.75,7.745864067
1998,37,0,0.5,-10.0,-4.75,11.27706605
1998,38,0,2.5,-10.0,-3.75,12.07664588
1998,39,0,1.0,-8.5,-3.75,11.04150524
1998,40,0,-0.5,-7.5,-4.0,9.546301245
1998,41,0,0.5,-5.0,-2.25,8.128512
1998,42,5,2.0,-3.0,-0.5,5.80608
1998,43,0,2.0,-3.5,-0.75,8.674836963
1998,44,0,2.0,-4.0,-1.0,9.495429971
1998,45,0,2.5,-3.0,-0.25,9.111674462
1998,46,0,7.0,-1.5,2.75,11.95167764
1998,47,7,8.0,0.5,4.25,8.480194622
1998,48,7,5.0,1.0,3.0,5.374771312
1998,49,0,3.0,0.5,1.75,4.821811
1998,50,0,3.5,0.5,2.0,5.183447055
1998,51,0,4.5,0.0,2.25,7.664025832
1998,52,0,5.0,-1.0,2.0,9.610444918
1998,53,0,8.0,-1.0,3.5,12.2757125
1998,54,0,8.0,-2.0,3.0,12.88949812
1998,55,4,9.0,-0.5,4.25,9.537453652
1998,56,0,10.5,-1.5,4.5,13.87265996
1998,57,5,12.0,2.5,7.25,9.622609874
1998,58,12,11.0,3.0,7.0,8.872796216
1998,59,0,7.5,-1.0,3.25,12.6074875
1998,60,0,5.0,-1.5,1.75,10.84243973
1998,61,3,2.5,-2.0,0.25,6.231859323
1998,62,2,1.5,-3.0,-0.75,8.393932677
1998,63,0,0.0,-3.0,-1.5,6.02947583
1998,64,0,1.5,-2.5,-0.5,7.953776705
1998,65,5,3.0,-3.5,-0.25,8.928092113
1998,66,0,3.5,-6.0,-1.25,14.88015331
1998,67,11,3.0,-4.5,-0.75,10.04838906
1998,68,20,-0.5,-7.0,-3.75,10.70088188
1998,69,0,-4.5,-15.0,-9.75,18.55623148
1998,70,0,-7.0,-16.5,-11.75,18.02981283
1998,71,0,-5.5,-15.5,-10.5,18.579456
1998,72,0,-1.0,-12.5,-6.75,19.37571891
1998,73,0,0.0,-10.5,-5.25,19.00191789
1998,74,0,-2.0,-11.5,-6.75,18.33283627
1998,75,0,0.0,-12.0,-6.0,20.23833563
1998,76,8,1.0,-8.5,-3.75,14.03191219
1998,77,13,1.5,-1.5,0.0,5.713182566
1998,78,7,1.0,-2.0,-0.5,5.849211247
1998,79,0,2.0,-4.0,-1.0,14.39907788
1998,80,0,4.0,-5.5,-0.75,19.1987705
1998,81,0,6.0,-6.0,0.0,21.15072026
1998,82,0,6.5,-3.5,1.5,19.78712108
1998,83,0,8.0,-4.0,2.0,21.31992679
1998,84,0,12.0,0.5,6.25,20.92732325
1998,85,0,18.5,8.5,13.5,19.10145044
1998,86,0,21.0,12.0,16.5,17.83627861
1998,87,0,19.5,8.0,13.75,18.54406743
1998,88,0,20.5,5.5,13.0,20.4009058
1998,89,36,22.5,8.5,15.5,14.83702166
1998,90,49,15.5,3.0,9.25,14.80826907
1998,91,11,9.5,2.5,6.0,10.78272
1998,92,2,7.0,2.5,4.75,9.996411365
1998,93,0,7.5,2.0,4.75,11.87979277
1998,94,0,9.0,-0.5,4.25,18.10169769
1998,95,0,13.0,-2.0,5.5,21.89721563
1998,96,0,15.0,0.5,7.75,21.76892993
1998,97,10,17.0,3.5,10.25,15.73834751
1998,98,12,13.0,3.5,8.25,13.33739475
1998,99,7,8.0,1.5,4.75,10.22533612
1998,100,0,12.0,-0.5,5.75,21.20048612
1998,101,0,16.5,0.0,8.25,23.141376
1998,102,0,20.5,6.0,13.25,21.95914882
1998,103,13,18.5,9.5,14.0,12.78443562
1998,104,10,17.5,7.5,12.5,13.93901516
1998,105,18,14.5,4.0,9.25,14.69657035
1998,106,18,7.0,-0.5,3.25,12.05674019
1998,107,0,8.0,-1.0,3.5,18.3140355
1998,108,0,14.5,1.0,7.75,22.75098579
1998,109,0,16.5,1.5,9.0,23.36587671
1998,110,8,17.0,3.5,10.25,16.87633861
1998,111,7,15.5,4.5,10.0,15.1732227
1998,112,0,17.0,3.0,10.0,23.0783396
1998,113,0,20.0,4.0,12.0,24.16988237
1998,114,0,23.0,6.0,14.5,24.49834005
1998,115,0,21.5,5.0,13.25,24.34129881
1998,116,9,16.5,4.5,10.5,15.97280342
1998,117,0,12.5,-1.0,5.75,23.24754439
1998,118,0,15.0,0.0,7.5,24.52488054
1998,119,0,17.0,3.0,10.0,23.5693666
1998,120,0,18.0,6.5,12.25,21.00695101
1998,121,5,18.5,9.5,14.0,12.98903101
1998,122,15,17.0,9.5,13.25,11.30250275
1998,123,10,13.5,8.5,11.0,7.911752081
1998,124,0,17.5,8.0,12.75,18.40693243
1998,125,0,22.5,9.5,16.0,22.59726239
1998,126,3,21.5,8.0,14.75,17.55758596
1998,127,14,19.0,11.0,15.0,12.27571219
1998,128,0,18.0,10.5,14.25,15.71291222
1998,129,0,21.5,8.0,14.75,23.89340088
1998,130,0,21.5,6.0,13.75,25.54122163
1998,131,0,22.5,6.0,14.25,26.2003493
1998,132,0,24.5,9.0,16.75,25.38086432
1998,133,0,24.5,10.0,17.25,24.38553568
1998,134,0,26.0,11.5,18.75,24.21411912
1998,135,0,28.5,15.5,22.0,22.04319778
1998,136,0,27.0,14.0,20.5,22.21019234
1998,137,0,27.5,10.0,18.75,26.22357529
1998,138,0,30.5,15.5,23.0,23.53397725
1998,139,3,29.5,15.5,22.5,17.1461831
1998,140,0,27.0,12.5,19.75,24.02721795
1998,141,0,22.5,8.0,15.25,24.70404197
1998,142,0,20.5,7.0,13.75,24.02721795
1998,143,4,19.0,9.0,14.0,14.8171154
1998,144,9,18.0,8.5,13.25,14.47649238
1998,145,0,19.0,7.5,13.25,22.48114078
1998,146,0,24.5,9.0,16.75,26.22689313
1998,147,0,26.0,11.5,18.75,25.02697025
1998,148,15,28.5,16.0,22.25,16.79892513
1998,149,12,28.5,15.0,21.75,17.65601313
1998,150,0,27.5,10.5,19.0,27.08619309
1998,151,11,24.5,10.5,17.5,18.63254103
1998,152,1,21.0,7.5,14.25,24.6708644
1998,153,0,19.0,9.5,14.25,18.97758775
1998,154,0,17.0,7.0,12.0,20.14101541
1998,155,0,17.0,4.5,10.75,23.96086271
1998,156,0,16.5,6.5,11.5,20.48827396
1998,157,0,15.5,5.5,10.5,20.48827396
1998,158,0,18.0,5.0,11.5,24.30812125
1998,159,0,20.0,6.0,13.0,25.34989854
1998,160,6,19.5,10.0,14.75,14.50303542
1998,161,10,18.0,12.5,15.25,9.086238517
1998,162,19,21.5,13.5,17.5,12.7556818
1998,163,17,23.5,14.0,18.75,14.67776978
1998,164,6,25.0,13.0,19.0,17.47353625
1998,165,0,23.5,13.0,18.25,21.49244992
1998,166,0,25.5,13.0,19.25,23.93874433
1998,167,0,26.5,14.0,20.25,23.93874433
1998,168,0,27.5,14.5,21.0,24.28821472
1998,169,0,28.0,16.5,22.25,22.36612673
1998,170,0,29.0,16.0,22.5,24.11348036
1998,171,0,28.0,17.0,22.5,21.84192031
1998,172,4,29.5,17.0,23.25,17.64827228
1998,173,0,28.0,16.0,22.0,23.23980355
1998,174,0,29.5,16.5,23.0,23.93874433
1998,175,8,31.0,19.0,25.0,16.77459547
1998,176,0,31.5,19.0,25.25,22.89033315
1998,177,0,31.0,18.5,24.75,23.06506752
1998,178,32,31.0,18.5,24.75,17.29880022
1998,179,36,30.0,17.5,23.75,17.47353625
1998,180,0,29.5,16.5,23.0,24.28821472
1998,181,3,28.0,15.5,21.75,17.99774267
1998,182,0,26.5,15.0,20.75,23.23980355
1998,183,0,28.0,17.0,22.5,22.01665634
1998,184,11,27.5,17.5,22.5,15.37671223
1998,185,0,25.0,15.0,20.0,21.14297953
1998,186,0,25.0,12.5,18.75,24.48175135
1998,187,0,27.0,17.0,22.0,20.48827396
1998,188,8,26.5,17.5,22.0,14.23761354
1998,189,3,26.5,18.0,22.25,13.71672573
1998,190,0,28.5,17.0,22.75,22.74545697
1998,191,0,27.5,15.0,21.25,23.80824678
1998,192,0,26.5,11.0,18.75,26.91367056
1998,193,0,28.0,13.0,20.5,25.87852875
1998,194,0,29.5,16.5,23.0,23.46320006
1998,195,0,31.0,19.5,25.25,21.04786972
1998,196,0,30.5,19.0,24.75,21.08436513
1998,197,0,29.5,16.5,23.0,23.141376
1998,198,0,29.0,15.5,22.25,23.82704575
1998,199,0,29.5,15.5,22.5,24.01394683
1998,200,10,30.0,17.5,23.75,16.69054448
1998,201,25,31.5,17.5,24.5,17.54210285
1998,202,14,30.0,19.0,24.5,14.98742773
1998,203,0,28.0,16.5,22.25,21.15072031
1998,204,0,25.5,14.0,19.75,21.65833792
1998,205,0,25.0,12.5,18.75,23.01198434
1998,206,0,25.5,13.0,19.25,22.69347806
1998,207,0,26.5,13.0,19.75,23.53397725
1998,208,0,27.5,15.0,21.25,22.18917823
1998,209,0,29.0,14.5,21.75,23.88013159
1998,210,0,28.5,14.0,21.25,23.88013159
1998,211,0,26.5,14.5,20.5,21.39955137
1998,212,0,26.5,11.5,19.0,24.38553568
1998,213,0,27.0,10.5,18.75,25.38086432
1998,214,0,28.0,14.0,21.0,22.57514396
1998,215,19,27.0,17.0,22.0,13.3473487
1998,216,39,25.0,17.5,21.25,10.47527456
1998,217,22,23.0,19.0,21.0,5.892341691
1998,218,10,23.5,19.0,21.25,6.710722504
1998,219,9,26.0,19.0,22.5,9.91678433
1998,220,0,27.0,18.5,22.75,15.60674342
1998,221,0,28.5,17.5,23.0,18.89132572
1998,222,0,28.5,17.0,22.75,19.69864734
1998,223,0,26.5,14.5,20.5,20.52587551
1998,224,0,25.5,12.5,19.0,21.80874301
1998,225,0,26.0,14.5,20.25,19.74730629
1998,226,0,28.0,15.5,21.75,20.54356867
1998,227,0,27.5,14.5,21.0,21.0213264
1998,228,0,27.0,12.5,19.75,22.29866591
1998,229,8,28.0,15.5,21.75,15.1820706
1998,230,0,26.0,14.5,20.25,19.31599871
1998,231,0,25.5,13.0,19.25,20.41528288
1998,232,0,27.5,16.5,22.0,18.24436253
1998,233,2,29.0,19.0,24.0,16.52908144
1998,234,3,29.5,19.0,24.25,12.6959613
1998,235,6,30.5,20.5,25.5,12.0766467
1998,236,7,29.0,19.0,24.0,12.29783
1998,237,0,27.0,17.0,22.0,16.75579279
1998,238,0,28.0,14.0,21.0,20.45067239
1998,239,3,27.5,15.5,21.5,14.04076026
1998,240,5,26.5,17.5,22.0,11.36332781
1998,241,0,28.0,15.0,21.5,19.39341309
1998,242,0,27.5,11.5,19.5,21.35752746
1998,243,0,26.0,10.5,18.25,21.2071232
1998,244,0,26.0,11.0,18.5,20.60328988
1998,245,0,24.5,10.0,17.25,20.30469177
1998,246,0,24.5,10.0,17.25,20.00609213
1998,247,0,27.0,10.5,18.75,20.45067223
1998,248,0,29.0,11.5,20.25,20.2980563
1998,249,0,30.0,15.0,22.5,18.23883239
1998,250,0,27.5,12.5,20.0,18.39366168
1998,251,0,22.5,7.5,15.0,18.83160488
1998,252,0,22.0,6.5,14.25,18.83381825
1998,253,0,24.5,8.5,16.5,18.68894217
1998,254,0,27.5,12.5,20.0,17.39612215
1998,255,0,30.5,13.5,22.0,17.83295938
1998,256,0,30.5,15.0,22.75,16.6916497
1998,257,31,29.5,16.0,22.75,11.324621
1998,258,32,22.5,15.5,19.0,6.936330499
1998,259,0,24.0,11.0,17.5,15.30924975
1998,260,0,26.0,11.0,18.5,16.43286472
1998,261,0,26.5,12.0,19.25,15.74608979
1998,262,0,28.0,14.0,21.0,14.91001371
1998,263,0,27.5,14.0,20.75,14.37695947
1998,264,0,23.5,9.5,16.5,15.06815947
1998,265,0,17.5,7.0,12.25,12.47920135
1998,266,0,18.5,4.5,11.5,15.08474825
1998,267,4,19.0,7.0,13.0,9.930056122
1998,268,1,20.5,10.5,15.5,11.29033775
1998,269,0,27.0,15.5,21.25,11.73823441
1998,270,0,27.0,14.0,20.5,12.81761256
1998,271,0,23.5,8.0,15.75,14.58597891
1998,272,2,24.5,9.5,17.0,14.05071412
1998,273,0,23.0,9.0,16.0,13.40375091
1998,274,0,17.5,3.0,10.25,13.95007485
1998,275,0,13.0,2.0,7.5,11.58119405
1998,276,5,12.5,5.0,8.75,6.263931249
1998,277,10,14.0,8.5,11.25,4.697948123
1998,278,20,17.0,10.0,13.5,5.822668688
1998,279,8,18.5,11.0,14.75,6.210846847
1998,280,4,15.0,7.0,11.0,6.670909455
1998,281,0,14.0,4.5,9.25,10.39122521
1998,282,0,16.5,2.5,9.5,13.09962264
1998,283,0,18.5,3.0,10.75,13.60834536
1998,284,0,19.5,4.0,11.75,13.23786188
1998,285,0,17.5,4.0,10.75,12.35533799
1998,286,0,13.5,1.0,7.25,11.87205144
1998,287,0,11.5,0.0,5.75,11.24720662
1998,288,0,15.5,3.5,9.5,11.02380987
1998,289,0,21.0,10.0,15.5,10.03290651
1998,290,12,22.0,11.0,16.5,7.3654275
1998,291,16,17.0,5.5,11.25,7.856456118
1998,292,0,14.0,2.5,8.25,10.46200366
1998,293,0,14.0,2.0,8.0,10.58365417
1998,294,0,12.0,1.0,6.5,10.00525806
1998,295,0,12.5,-3.0,4.75,11.81343718
1998,296,0,16.5,0.0,8.25,11.70505775
1998,297,0,19.0,4.0,11.5,10.86898244
1998,298,0,19.0,6.0,12.5,9.821675538
1998,299,0,20.5,6.5,13.5,10.05834219
1998,300,5,20.0,9.0,14.5,6.330286463
1998,301,0,16.5,6.0,11.25,8.323154161
1998,302,0,16.0,4.5,10.25,8.909291786
1998,303,1,13.5,8.5,11.0,4.412620746
1998,304,0,14.0,8.0,11.0,5.341593488
1998,305,0,11.0,6.5,8.75,4.140564189
1998,306,0,10.0,2.5,6.25,6.440877689
1998,307,0,7.0,0.0,3.5,6.037217629
1998,308,0,5.0,-3.0,1.0,6.720676098
1998,309,0,3.0,-4.0,-0.5,5.978603603
1998,310,0,2.5,-2.5,0.0,4.399349772
1998,311,0,4.0,-4.5,-0.25,6.881033978
1998,312,3,5.0,-3.0,1.0,4.803010988
1998,313,0,4.0,-0.5,1.75,3.909427375
1998,314,41,14.5,1.0,7.75,6.414336211
1998,315,3,12.0,-0.5,5.75,6.193151893
1998,316,0,6.0,-2.5,1.75,6.63552
1998,317,0,6.5,-6.0,0.25,8.211455626
1998,318,0,11.0,-2.0,4.5,8.211455626
1998,319,0,10.0,-1.0,4.5,7.369851256
1998,320,3,5.0,0.0,2.5,3.034644498
1998,321,0,6.0,-2.0,2.0,5.960908937
1998,322,0,8.5,-1.0,3.75,6.651002521
1998,323,3,11.0,0.0,5.5,5.363711875
1998,324,0,1.0,-3.5,-1.25,3.647324179
1998,325,0,1.5,-5.5,-2.0,5.414584472
1998,326,0,8.5,-1.5,3.5,6.794772902
1998,327,0,12.5,4.5,8.5,5.733089652
1998,328,0,12.5,-2.5,5.0,7.750287927
1998,329,0,13.0,0.0,6.5,7.249305702
1998,330,0,14.5,2.0,8.25,7.0391806
1998,331,0,16.5,-2.0,7.25,7.6695554
1998,332,0,17.5,0.0,8.75,7.484866452
1998,333,0,17.5,6.5,12.0,6.133432494
1998,334,2,17.5,8.5,13.0,5.301780443
1998,335,0,14.5,0.0,7.25,6.861127662
1998,336,0,15.0,3.0,9.0,6.237388875
1998,337,0,16.0,8.0,12.0,4.628275312
1998,338,0,15.5,7.0,11.25,4.833976241
1998,339,0,14.5,7.0,10.75,4.319723429
1998,340,2,13.0,1.5,7.25,5.862481866
1998,341,0,4.0,-6.0,-1.0,5.553930474
1998,342,0,4.5,-7.0,-1.25,5.901189169
1998,343,0,6.0,-5.0,0.5,5.595955063
1998,344,0,5.0,-4.0,0.5,4.985487336
1998,345,0,6.0,-3.5,1.25,5.087231875
1998,346,0,8.5,-2.0,3.25,5.392465982
1998,347,0,8.0,-5.0,1.5,6.10467825
1998,348,0,10.0,-4.5,2.75,6.308167331
1998,349,0,9.5,-2.5,3.5,5.799444144
1998,350,0,6.5,-4.0,1.25,5.290720956
1998,351,0,2.5,-5.5,-1.5,4.375019607
1998,352,0,3.5,-4.0,-0.25,4.171530039
1998,353,0,4.5,-4.0,0.25,4.578508688
1998,354,2,-1.5,-7.0,-4.25,3.561062313
1998,355,3,-4.5,-14.0,-9.25,4.273274581
1998,356,0,-10.5,-19.0,-14.75,5.290720956
1998,357,0,-9.0,-17.0,-13.0,5.087231875
1998,358,0,-5.5,-13.5,-9.5,5.087231875
1998,359,0,-4.0,-13.5,-8.75,5.799444144
1998,360,0,-1.5,-12.0,-6.75,6.206422789
1998,361,0,1.5,-11.0,-4.75,6.816890519
1998,362,0,3.0,-12.5,-4.75,7.427358732
1998,363,0,1.5,-15.0,-6.75,7.630847813
1998,364,0,-5.0,-22.5,-13.75,7.732592352
1998,365,0,-12.5,-20.5,-16.5,5.290720956
1999,1,0,-10.0,-19.5,-14.75,6.409912357
1999,2,7,-7.5,-16.0,-11.75,4.476764149
1999,3,10,-8.5,-14.5,-11.5,3.496919225
1999,4,0,-11.5,-22.5,-17.0,7.199539375
1999,5,0,-14.0,-29.5,-21.75,8.125194537
1999,6,1,-12.0,-27.0,-19.5,8.125194537
1999,7,0,-13.0,-26.5,-19.75,7.919493116
1999,8,2,-13.0,-24.5,-18.75,7.508091258
1999,9,2,-13.0,-23.5,-18.25,7.380910068
1999,10,0,-15.0,-23.0,-19.0,6.341345255
1999,11,1,-14.5,-23.5,-19.0,6.861127662
1999,12,2,-13.5,-19.5,-16.5,5.093867682
1999,13,5,-12.0,-18.0,-15.0,3.887308849
1999,14,1,-9.5,-15.5,-12.5,5.25312
1999,15,0,-5.5,-12.5,-9.0,5.9885566
1999,16,0,2.5,-10.0,-3.75,8.404992
1999,17,12,4.5,-10.0,-2.75,6.794772902
1999,18,8,2.5,-9.5,-3.5,6.476267722
1999,19,0,0.0,-10.5,-5.25,8.174960822
1999,20,0,1.0,-11.0,-5.0,8.903761917
1999,21,0,1.0,-7.0,-3.0,7.080099571
1999,22,13,1.5,-2.0,-0.25,2.574581802
1999,23,11,1.0,-2.5,-0.75,2.709504062
1999,24,7,-0.5,-5.0,-2.75,3.468165251
1999,25,7,-2.0,-8.5,-5.25,4.768727255
1999,26,0,-1.5,-13.0,-7.25,9.525288317
1999,27,0,4.0,-7.5,-1.75,9.525288317
1999,28,0,3.0,-3.0,0.0,6.131220094
1999,29,0,1.0,-7.0,-3.0,7.962623789
1999,30,0,1.0,-9.5,-4.25,9.510912422
1999,31,0,3.0,-7.0,-2.0,9.382625273
1999,32,3,2.5,-2.0,0.25,3.797729558
1999,33,3,3.0,0.0,1.5,2.680750306
1999,34,0,5.0,-2.0,1.5,7.783464897
1999,35,0,2.5,-8.5,-3.0,10.71636456
1999,36,0,0.0,-9.5,-4.75,10.25187862
1999,37,0,2.5,-4.5,-1.0,8.543232187
1999,38,0,2.5,-4.5,-1.0,8.856206756
1999,39,0,3.5,-3.0,0.25,8.511160062
1999,40,0,7.0,-0.5,3.25,9.431285131
1999,41,0,10.5,-1.5,4.5,12.07664596
1999,42,0,13.0,-1.5,5.75,12.773376
1999,43,16,9.0,-9.0,0.0,10.31602242
1999,44,0,-2.0,-11.0,-6.5,11.0193869
1999,45,0,4.0,-8.5,-2.25,13.13501201
1999,46,0,9.5,-2.5,3.5,12.78001148
1999,47,0,8.0,-2.0,3.0,12.06337607
1999,48,0,1.0,-7.0,-3.0,10.86898244
1999,49,0,-1.0,-9.0,-5.0,11.21071081
1999,50,0,-1.0,-9.5,-5.25,11.93398177
1999,51,0,-1.5,-10.0,-5.75,12.16512
1999,52,0,-1.5,-11.0,-6.25,13.01667817
1999,53,0,0.5,-10.5,-5.0,14.11706937
1999,54,0,0.5,-9.0,-4.25,13.01225572
1999,55,0,0.5,-8.0,-3.75,12.26244024
1999,56,10,0.5,-5.5,-2.5,7.184056411
1999,57,0,4.0,-2.5,0.75,10.49739237
1999,58,11,6.0,-1.0,2.5,8.372920249
1999,59,2,5.0,-1.0,2.0,10.08599
1999,60,0,4.5,-2.0,1.25,10.96851389
1999,61,0,5.0,-3.0,1.0,13.09962264
1999,62,0,3.0,-7.0,-2.0,15.13451472
1999,63,0,0.5,-9.0,-4.25,14.88126059
1999,64,4,-0.5,-9.0,-4.75,10.5195112
1999,65,4,-2.5,-11.0,-6.75,10.86898106
1999,66,0,-2.0,-13.5,-7.75,17.20922103
1999,67,0,-1.5,-10.5,-6.0,15.26833156
1999,68,10,-1.0,-7.0,-4.0,8.612904998
1999,69,0,0.0,-10.5,-5.25,17.10858175
1999,70,0,1.5,-9.0,-3.75,17.10858175
1999,71,0,3.5,-10.0,-3.25,19.50842855
1999,72,0,5.0,-9.0,-2.0,19.77384909
1999,73,0,5.5,-7.0,-0.75,19.40336712
1999,74,0,7.0,-6.0,0.5,19.67099952
1999,75,0,10.5,-1.5,4.5,19.15895747
1999,76,0,13.5,1.0,7.25,19.42880169
1999,77,0,11.0,-2.5,4.25,20.40422437
1999,78,0,7.0,-5.0,1.0,19.72408356
1999,79,0,10.5,-3.5,3.5,20.98151374
1999,80,0,10.0,-3.0,3.5,20.43297665
1999,81,0,7.5,-4.5,1.5,20.0448
1999,82,0,9.5,-5.5,2.0,22.15600154
1999,83,0,9.5,-4.5,2.5,21.59861837
1999,84,0,5.5,-5.5,0.0,19.66325725
1999,85,0,5.5,-6.5,-0.5,20.64641985
1999,86,0,12.5,-4.0,4.25,23.21547251
1999,87,0,12.5,0.5,6.5,20.101202
1999,88,0,13.5,1.0,7.25,20.68623288
1999,89,0,18.0,2.5,10.25,22.3981967
1999,90,0,22.5,7.0,14.75,21.99674907
1999,91,0,21.0,10.0,15.5,17.9712
1999,92,0,20.5,10.0,15.25,17.52993908
1999,93,21,21.5,9.0,15.25,14.63242858
1999,94,31,15.0,6.0,10.5,12.11645959
1999,95,10,13.0,3.0,8.0,13.28431137
1999,96,6,12.0,3.5,7.75,11.91407692
1999,97,0,15.0,2.5,8.75,20.73931867
1999,98,0,19.5,3.0,11.25,21.19163861
1999,99,29,14.0,2.0,8.0,13.63378102
1999,100,4,10.5,1.0,5.75,11.79463694
1999,101,4,9.0,2.0,5.5,9.256550115
1999,102,0,8.5,-0.5,4.0,15.79253812
1999,103,0,13.5,-0.5,6.5,21.0567175
1999,104,0,17.0,1.5,9.25,21.96910044
1999,105,0,16.5,4.0,10.25,19.69643488
1999,106,0,14.0,5.0,9.5,15.87216352
1999,107,0,13.0,3.0,8.0,17.55095069
1999,108,2,10.0,2.0,6.0,15.21856404
1999,109,0,11.5,0.5,6.0,19.52280483
1999,110,0,11.5,1.0,6.25,19.19877061
1999,111,12,12.5,3.0,7.75,13.31527739
1999,112,31,11.5,4.5,8.0,10.75949618
1999,113,48,8.5,1.5,5.0,11.07136532
1999,114,0,13.5,0.0,6.75,23.24201465
1999,115,0,16.5,0.5,8.5,24.81242102
1999,116,0,19.5,2.5,11.0,25.30345
1999,117,0,18.0,5.5,11.75,22.14051875
1999,118,0,15.5,4.5,10.0,20.86207483
1999,119,0,18.5,3.0,10.75,24.84338671
1999,120,0,20.0,3.0,11.5,25.81770301
1999,121,0,22.5,4.0,13.25,26.29877699
1999,122,0,23.5,5.0,14.25,26.31868374
1999,123,0,24.5,7.5,16.0,25.18843531
1999,124,0,26.0,12.0,19.0,22.6050055
1999,125,3,25.0,12.0,18.5,16.41959461
1999,126,17,21.5,10.0,15.75,15.44417256
1999,127,10,14.0,7.5,10.75,10.14792176
1999,128,0,14.0,7.0,10.5,14.89453141
1999,129,0,16.5,4.0,10.25,23.39905434
1999,130,0,21.0,5.5,13.25,25.54122163
1999,131,0,24.0,9.5,16.75,24.05818358
1999,132,4,21.0,9.0,15.0,16.42291137
1999,133,0,16.0,6.0,11.0,19.90656
1999,134,0,19.0,4.0,11.5,25.71706381
1999,135,0,20.0,8.5,14.25,21.87620481
1999,136,22,22.0,12.0,17.0,14.52847116
1999,137,29,23.0,12.5,17.75,15.12898538
1999,138,4,20.5,10.5,15.5,14.79278602
1999,139,3,21.0,7.0,14.0,18.49098213
1999,140,0,23.0,10.5,16.75,22.84277794
1999,141,6,21.5,13.0,17.25,12.85963779
1999,142,5,21.5,12.0,16.75,14.04407861
1999,143,8,20.5,9.5,15.0,15.8389861
1999,144,4,16.5,5.5,11.0,16.34992145
1999,145,0,15.0,4.5,9.75,21.4592717
1999,146,0,20.0,7.5,13.75,23.998464
1999,147,0,24.5,8.0,16.25,27.08398113
1999,148,0,28.0,12.0,20.0,26.05547487
1999,149,0,29.0,14.5,21.75,24.34129887
1999,150,0,28.0,13.0,20.5,25.36095784
1999,151,4,27.5,15.0,21.25,17.07982832
1999,152,11,24.0,13.5,18.75,15.87216397
1999,153,19,20.5,11.0,15.75,15.18207053
1999,154,0,21.5,9.0,15.25,24.82900989
1999,155,10,22.0,9.0,15.5,18.92560803
1999,156,9,25.5,14.5,20.0,16.49479656
1999,157,0,30.5,19.0,24.75,21.53004959
1999,158,12,29.5,18.0,23.75,16.14753802
1999,159,0,30.5,16.0,23.25,24.82900989
1999,160,12,31.0,17.0,24.0,18.34721306
1999,161,10,30.5,18.0,24.25,17.12406586
1999,162,5,30.0,18.5,24.25,16.25038905
1999,163,5,28.0,17.0,22.5,16.07565302
1999,164,14,24.5,15.0,19.75,14.85250581
1999,165,5,22.0,11.0,16.5,17.12406586
1999,166,0,19.0,6.0,12.5,25.86083398
1999,167,0,18.0,7.5,12.75,22.5408611
1999,168,0,19.5,6.5,13.0,25.68609795
1999,169,0,21.5,8.0,14.75,26.03556835
1999,170,0,24.0,12.5,18.25,23.06506752
1999,171,0,25.5,13.0,19.25,23.93874433
1999,172,0,26.5,13.0,19.75,24.81242114
1999,173,0,28.5,17.0,22.75,21.84192031
1999,174,6,27.0,18.0,22.5,13.62935861
1999,175,8,27.5,16.0,21.75,16.59985944
1999,176,0,30.5,15.0,22.75,25.86083398
1999,177,0,30.0,16.5,23.25,24.11348036
1999,178,0,30.5,17.5,24.0,23.41453791
1999,179,13,28.5,15.5,22.0,17.99774267
1999,180,11,24.0,11.0,17.5,18.69668345
1999,181,0,23.5,13.5,18.5,20.79350747
1999,182,17,23.5,15.5,19.5,12.93041699
1999,183,0,25.0,15.0,20.0,20.61877311
1999,184,8,28.0,19.5,23.75,13.10515219
1999,185,0,31.5,22.5,27.0,17.64827228
1999,186,0,33.0,22.5,27.75,19.62012677
1999,187,8,30.5,17.0,23.75,18.23109094
1999,188,0,28.0,14.5,21.25,24.82900989
1999,189,0,28.0,16.5,22.25,22.39819678
1999,190,12,27.5,18.5,23.0,14.0639851
1999,191,0,26.0,12.0,19.0,25.70600457
1999,192,0,26.0,12.5,19.25,25.18843531
1999,193,0,26.5,13.5,20.0,24.32581768
1999,194,0,27.0,14.0,20.5,24.1532935
1999,195,5,28.0,17.0,22.5,15.87216397
1999,196,0,31.0,19.0,25.0,21.77003487
1999,197,0,32.0,20.0,26.0,21.4272
1999,198,32,30.5,18.0,24.25,16.79892513
1999,199,14,26.5,16.5,21.5,14.8171154
1999,200,16,25.0,18.5,21.75,10.38901201
1999,201,14,25.5,17.0,21.25,13.28431098
1999,202,24,27.5,19.0,23.25,13.11399865
1999,203,0,30.5,20.0,25.25,19.9662803
1999,204,0,32.5,21.5,27.0,19.9662803
1999,205,0,33.0,20.5,26.75,21.82754272
1999,206,0,33.0,20.0,26.5,22.18917823
1999,207,15,32.0,19.0,25.5,16.80998375
1999,208,0,29.5,18.5,24.0,20.67628033
1999,209,0,30.5,20.0,25.25,19.70528347
1999,210,0,32.5,19.5,26.0,22.21019234
1999,211,0,35.5,22.5,29.0,21.06777568
1999,212,17,34.5,19.0,26.75,17.75001568
1999,213,0,27.0,14.0,20.5,22.89254432
1999,214,0,25.0,14.0,19.5,20.59775938
1999,215,0,26.0,14.5,20.25,20.92732321
1999,216,4,26.5,14.5,20.5,15.87658745
1999,217,0,25.5,13.5,19.5,21.44157791
1999,218,0,27.0,15.0,21.0,21.11422434
1999,219,12,25.5,15.0,20.25,14.46875052
1999,220,0,22.5,12.5,17.5,19.18328834
1999,221,8,21.0,11.5,16.25,13.88593256
1999,222,8,23.5,14.0,18.75,13.72446762
1999,223,0,27.0,15.0,21.0,20.846592
1999,224,3,26.5,16.0,21.25,14.27189699
1999,225,0,24.0,15.0,19.5,17.1992676
1999,226,0,23.0,10.0,16.5,22.2953465
1999,227,0,24.5,11.5,18.0,21.97684185
1999,228,0,26.0,14.5,20.25,19.92646748
1999,229,0,27.0,15.5,21.25,19.61017315
1999,230,0,25.0,14.5,19.75,18.53079552
1999,231,10,22.0,13.5,17.75,11.9350883
1999,232,0,24.5,12.0,18.25,20.42744957
1999,233,0,25.5,13.0,19.25,20.11557893
1999,234,0,24.5,14.5,19.5,17.18599739
1999,235,16,22.5,16.0,19.25,9.13489935
1999,236,17,23.0,15.5,19.25,10.29943233
1999,237,0,25.0,15.5,20.25,16.60207079
1999,238,0,28.0,15.0,21.5,19.68758758
1999,239,0,29.5,16.0,22.75,19.68758758
1999,240,0,29.0,15.5,22.25,19.54492326
1999,241,0,27.5,11.5,19.5,21.51456704
1999,242,0,23.5,9.0,16.25,20.9063118
1999,243,0,23.5,9.5,16.5,20.45509757
1999,244,0,26.5,10.5,18.5,20.901888
1999,245,0,29.5,13.0,21.25,20.60328988
1999,246,0,31.5,15.5,23.5,19.56151202
1999,247,0,31.0,17.5,24.25,17.783193
1999,248,0,29.5,15.0,22.25,18.53300824
1999,249,0,25.5,10.0,17.75,19.56261949
1999,250,0,25.5,10.0,17.75,19.26954947
1999,251,1,26.0,11.0,18.5,18.68562428
1999,252,0,22.0,9.5,15.75,16.80556145
1999,253,0,18.5,9.0,13.75,14.05292565
1999,254,0,23.0,7.0,15.0,18.97758693
1999,255,0,22.5,9.5,16.0,16.54898684
1999,256,0,19.5,7.5,13.5,15.83566847
1999,257,0,19.0,6.5,12.75,16.13758438
1999,258,0,19.0,5.5,12.25,16.8453732
1999,259,0,19.5,4.5,12.0,17.55647969
1999,260,0,21.0,4.5,12.75,17.97783547
1999,261,0,23.0,5.5,14.25,17.97562379
1999,262,0,24.5,7.5,16.0,17.27889417
1999,263,3,21.0,4.5,12.75,12.71807974
1999,264,0,15.0,2.0,8.5,15.06815947
1999,265,0,18.5,3.0,10.75,16.04468651
1999,266,0,24.5,5.5,15.0,17.00462478
1999,267,0,23.0,5.0,14.0,16.3233795
1999,268,0,21.5,4.5,13.0,15.77926737
1999,269,0,27.0,8.0,17.5,15.92082428
1999,270,15,22.5,11.0,16.75,8.635023331
1999,271,13,13.0,9.0,11.0,3.479224322
1999,272,9,14.0,5.5,9.75,7.09226548
1999,273,0,17.5,4.5,11.0,13.00561945
1999,274,0,17.5,3.0,10.25,13.6868649
1999,275,9,12.0,0.5,6.25,8.949104551
1999,276,7,8.0,-0.5,3.75,7.046922501
1999,277,8,9.5,-1.0,4.25,8.351908126
1999,278,0,14.5,1.0,7.75,12.93926375
1999,279,0,15.5,1.5,8.5,13.06865688
1999,280,0,17.0,3.0,10.0,12.70038529
1999,281,0,20.5,7.0,13.75,12.18723887
1999,282,0,21.0,6.0,13.5,12.59089872
1999,283,0,22.5,6.5,14.5,12.84526128
1999,284,0,20.5,4.5,12.5,12.73356286
1999,285,0,21.0,6.0,13.5,12.10318848
1999,286,4,21.0,5.0,13.0,9.1227345
1999,287,0,14.0,-0.5,6.75,11.747082
1999,288,0,19.5,3.0,11.25,12.13857791
1999,289,9,21.5,4.0,12.75,9.165864895
1999,290,0,12.5,0.0,6.25,10.18884161
1999,291,0,10.0,-1.5,4.25,9.697812993
1999,292,0,10.5,0.0,5.25,8.880537832
1999,293,0,10.5,0.5,5.5,8.515584
1999,294,0,13.5,1.5,7.5,9.523076842
1999,295,0,16.5,3.5,10.0,9.884712321
1999,296,0,8.0,0.0,4.0,7.046922503
1999,297,0,9.0,-5.0,2.0,10.51066413
1999,298,0,14.0,-1.5,6.25,10.76834326
1999,299,0,16.5,1.5,9.0,10.41334273
1999,300,0,15.0,1.0,8.0,9.847111652
1999,301,0,16.0,3.0,9.5,9.143747173
1999,302,0,18.5,4.5,11.5,9.260974588
1999,303,0,21.5,5.5,13.5,9.638093021
1999,304,0,20.5,3.0,11.75,9.986458043
1999,305,0,20.0,2.5,11.25,9.776332376
1999,306,0,14.0,-1.0,6.5,9.086238437
1999,307,0,7.0,-4.5,1.25,7.63195387
1999,308,0,11.0,-4.0,3.5,8.884961692
1999,309,0,15.5,-1.5,7.0,9.137111268
1999,310,0,14.0,-3.0,5.5,9.024307
1999,311,0,14.0,-3.0,5.5,8.911503272
1999,312,0,18.5,1.0,9.75,8.712438362
1999,313,0,23.0,7.5,15.25,7.818854749
1999,314,0,20.0,6.0,13.0,7.299071893
1999,315,0,12.0,2.0,7.0,5.861376211
1999,316,0,9.5,1.0,5.25,5.197823789
1999,317,0,17.5,0.0,8.75,8.211455626
1999,318,0,16.5,0.5,8.5,7.77351122
1999,319,0,9.5,-4.0,2.75,7.044710562
1999,320,0,7.0,-4.0,1.5,6.177669056
1999,321,0,8.5,-4.0,2.25,6.611189807
1999,322,0,13.5,-1.5,6.0,7.080099571
1999,323,0,17.0,3.0,10.0,6.651002521
1999,324,0,11.0,0.5,5.75,5.470986009
1999,325,0,9.0,-1.0,4.0,5.202248027
1999,326,0,12.5,2.0,7.25,5.30841625
1999,327,16,14.5,2.0,8.25,4.459069447
1999,328,6,12.5,-0.5,6.0,4.565238177
1999,329,0,8.5,-4.0,2.25,5.9885566
1999,330,0,7.0,-2.5,2.25,4.832870298
1999,331,0,7.0,-2.5,2.25,4.832870298
1999,332,0,6.0,-5.5,0.25,5.509693704
1999,333,0,4.5,-7.0,-1.25,5.613650088
1999,334,0,3.0,-9.5,-3.25,5.925519233
1999,335,0,4.5,-7.0,-1.25,5.613650088
1999,336,0,8.5,0.0,4.25,4.366172014
1999,337,9,12.5,5.5,9.0,2.674114527
1999,338,7,10.5,3.5,7.0,2.776965237
1999,339,4,5.5,-2.5,1.5,3.188367339
1999,340,0,2.0,-6.0,-2.0,4.319723429
1999,341,0,3.5,-4.5,-0.5,4.422574383
1999,342,0,7.0,-2.0,2.5,4.781997769
1999,343,5,7.0,-2.5,2.25,3.764551635
1999,344,0,2.5,-6.0,-1.75,4.680253227
1999,345,0,2.5,-8.5,-3.0,5.595955063
1999,346,0,4.0,-6.5,-1.25,5.392465982
1999,347,0,3.0,-6.5,-1.75,5.087231875
1999,348,0,1.5,-4.5,-1.5,3.561062313
1999,349,4,1.5,-3.5,-1.0,2.340126614
1999,350,2,-1.0,-11.0,-6.0,6.10467825
1999,351,0,-6.5,-14.0,-10.25,5.087231875
1999,352,0,-5.5,-16.0,-10.75,6.409912357
1999,353,0,-1.5,-13.5,-7.5,6.816890519
1999,354,2,-2.0,-16.0,-9.0,7.223869164
1999,355,0,-12.0,-22.0,-17.0,6.308167331
1999,356,0,-12.0,-21.0,-16.5,5.901189169
1999,357,0,-10.5,-21.0,-15.75,6.511656899
1999,358,0,-10.0,-20.5,-15.25,6.511656899
1999,359,0,-4.0,-16.5,-10.25,7.020380086
1999,360,0,1.0,-9.5,-4.25,6.409912357
1999,361,1,-3.5,-12.0,-7.75,5.697699602
1999,362,0,-3.5,-11.5,-7.5,5.494210524
1999,363,0,3.0,-6.0,-1.5,5.901189169
1999,364,0,6.5,-3.0,1.75,6.10467825
1999,365,0,4.0,-4.0,0.0,5.494210524
2000,1,0,5.0,-3.5,0.75,5.697699602
2000,2,0,6.0,-1.5,2.25,5.188976414
2000,3,0,4.5,-4.0,0.25,5.862481866
2000,4,6,-2.0,-7.5,-4.75,3.188367339
2000,5,0,-3.0,-14.5,-8.75,7.302389838
2000,6,0,-0.5,-12.5,-6.5,7.508091258
2000,7,0,0.5,-14.0,-6.75,8.125194537
2000,8,0,2.0,-11.5,-4.75,7.919493116
2000,9,0,4.0,-2.5,0.75,4.989911298
2000,10,5,4.0,-4.5,-0.25,4.678041656
2000,11,0,3.0,-4.0,-0.5,5.405736827
2000,12,0,-2.5,-9.5,-6.0,5.509693704
2000,13,2,-5.5,-12.5,-9.0,5.673369702
2000,14,0,-4.0,-14.5,-9.25,7.5644926
2000,15,0,-0.5,-10.5,-5.5,7.354368
2000,16,0,1.0,-9.0,-4.0,7.459430298
2000,17,0,-4.0,-9.5,-6.75,4.777574625
2000,18,0,-2.0,-8.5,-5.25,5.520752697
2000,19,0,-1.5,-13.5,-7.5,8.599634729
2000,20,5,-8.0,-19.5,-13.75,6.543728384
2000,21,0,-12.0,-23.0,-17.5,8.581939
2000,22,0,-9.5,-19.5,-14.5,8.152841946
2000,23,0,-8.0,-17.0,-12.5,7.803371493
2000,24,0,-9.0,-21.5,-15.25,9.537454506
2000,25,0,-7.5,-19.0,-13.25,9.212313812
2000,26,0,-7.0,-18.5,-12.75,9.415802868
2000,27,0,-6.0,-19.5,-12.75,10.18220518
2000,28,0,-3.0,-18.5,-10.75,10.72963556
2000,29,0,-2.0,-15.5,-8.75,10.39564758
2000,30,4,-1.5,-10.5,-6.0,6.414336211
2000,31,0,-2.0,-11.5,-6.75,8.935833999
2000,32,0,-2.5,-11.5,-7.0,8.712438362
2000,33,0,-1.5,-14.5,-8.0,10.83469851
2000,34,0,-0.5,-9.5,-5.0,8.79869954
2000,35,0,-0.5,-8.0,-4.25,7.896268625
2000,36,0,0.5,-10.5,-5.0,10.47969793
2000,37,0,0.5,-10.5,-5.0,10.59360813
2000,38,0,-0.5,-10.5,-5.5,10.35141075
2000,39,0,0.5,-14.0,-6.75,12.30667701
2000,40,0,2.5,-8.5,-3.0,10.92648913
2000,41,0,3.0,-6.5,-1.75,10.10257898
2000,42,0,-2.0,-13.0,-7.5,11.26379498
2000,43,0,-3.5,-17.0,-10.25,12.66057292
2000,44,7,-3.0,-10.5,-6.75,6.681968701
2000,45,3,-2.0,-9.5,-5.75,6.863339601
2000,46,0,1.5,-7.5,-3.0,10.53167549
2000,47,0,1.5,-9.0,-3.75,11.82449643
2000,48,0,-1.0,-13.0,-7.0,12.89945138
2000,49,7,-1.5,-10.0,-5.75,7.955988034
2000,50,0,-1.5,-8.5,-5.0,9.281985946
2000,51,0,0.5,-7.5,-3.5,10.58365417
2000,52,0,4.0,-7.0,-1.5,13.13832983
2000,53,0,8.5,-2.0,3.25,12.76674053
2000,54,0,12.0,3.5,7.75,11.04814125
2000,55,6,12.0,4.5,8.25,7.679508089
2000,56,8,11.5,3.5,7.5,8.174960355
2000,57,18,15.5,4.0,9.75,10.49739237
2000,58,0,13.5,1.0,7.25,14.9962755
2000,59,0,11.5,-3.5,4.0,16.51580911
2000,60,0,11.5,-3.5,4.0,16.51580911
2000,61,0,13.5,-0.5,6.5,16.01150889
2000,62,0,14.0,-1.0,6.5,16.66068528
2000,63,0,6.0,-4.5,0.75,14.49861072
2000,64,0,7.5,-6.0,0.75,16.67727425
2000,65,0,12.5,-3.0,4.75,17.44699509
2000,66,0,18.0,-1.0,8.5,18.37375428
2000,67,0,20.5,-1.5,9.5,18.89132557
2000,68,0,22.5,4.5,13.5,18.00880187
2000,69,0,24.0,7.5,15.75,17.35630906
2000,70,5,17.0,0.0,8.5,13.6868649
2000,71,1,3.5,-7.0,-1.75,14.73970095
2000,72,0,1.5,-8.0,-3.25,14.06730291
2000,73,0,6.0,-6.0,0.0,16.45608909
2000,74,4,6.0,-3.0,1.5,10.30385677
2000,75,0,8.5,-3.0,2.75,16.32559139
2000,76,3,10.5,-2.5,4.0,13.22237953
2000,77,0,7.5,-6.5,0.5,18.48434628
2000,78,0,3.5,-7.0,-1.75,15.91529475
2000,79,0,1.5,-5.0,-1.75,10.882253
2000,80,7,2.0,-2.0,0.0,5.348229058
2000,81,7,3.5,-0.5,1.5,5.348229058
2000,82,0,8.0,2.0,5.0,10.50623987
2000,83,0,12.5,4.0,8.25,14.21328408
2000,84,0,14.5,4.0,9.25,16.721511
2000,85,4,16.0,5.5,10.75,12.500213
2000,86,3,14.0,2.0,8.0,13.76428034
2000,87,0,15.0,-1.0,7.0,21.51677963
2000,88,3,14.5,0.5,7.5,15.14668032
2000,89,0,9.5,-1.0,4.25,17.26230522
2000,90,0,9.0,-2.0,3.5,18.11828645
2000,91,0,12.5,-3.0,4.75,22.14051785
2000,92,0,16.0,-0.5,7.75,22.71559707
2000,93,0,16.5,2.0,9.25,19.2684451
2000,94,0,14.0,1.0,7.5,18.3991914
2000,95,0,15.0,2.0,8.5,18.68562428
2000,96,0,11.0,-2.5,4.25,19.56151207
2000,97,0,12.0,-4.0,4.0,21.62184201
2000,98,0,16.5,-0.5,8.0,22.06310437
2000,99,6,11.0,-2.0,4.5,14.96752134
2000,100,14,3.5,-5.5,-1.0,12.15184827
2000,101,0,9.5,-3.0,3.25,20.155392
2000,102,2,9.0,-2.5,3.25,19.25959623
2000,103,2,5.0,-3.5,0.75,15.94294382
2000,104,0,7.0,-3.0,2.0,18.048615
2000,105,0,11.5,0.0,5.75,19.69643488
2000,106,0,18.5,3.5,11.0,22.42363384
2000,107,0,21.0,4.5,12.75,23.35039555
2000,108,0,10.0,1.0,5.5,16.94048342
2000,109,3,4.0,1.0,2.5,4.919132072
2000,110,0,7.5,2.0,4.75,11.3754929
2000,111,19,11.5,4.5,8.0,10.3735293
2000,112,32,9.0,3.5,6.25,8.515584
2000,113,13,11.0,2.0,6.5,13.0985163
2000,114,0,17.5,-0.5,8.5,25.10549132
2000,115,17,18.0,3.5,10.75,17.27447013
2000,116,0,17.5,2.0,9.75,23.8701766
2000,117,0,19.0,1.5,10.25,25.14530283
2000,118,0,21.0,2.5,11.75,25.46159716
2000,119,0,23.0,4.5,13.75,25.480396
2000,120,0,21.5,4.5,13.0,24.68413363
2000,121,0,17.5,3.5,10.5,22.93125151
2000,122,0,18.0,2.0,10.0,24.69519299
2000,123,5,22.0,5.5,13.75,18.56839737
2000,124,0,22.5,5.5,14.0,25.02697037
2000,125,0,24.0,8.5,16.25,23.73525547
2000,126,0,26.5,13.0,19.75,21.6218419
2000,127,0,28.0,14.5,21.25,21.45927104
2000,128,0,27.5,15.5,21.5,20.1321683
2000,129,0,28.0,17.5,22.75,18.16805466
2000,130,0,27.5,16.0,21.75,19.6090663
2000,131,5,23.5,10.5,17.0,16.6429902
2000,132,0,17.5,5.0,11.25,22.57514396
2000,133,13,19.0,9.5,14.25,13.76870432
2000,134,7,20.0,12.5,16.25,11.11449568
2000,135,0,16.5,4.5,10.5,22.37718531
2000,136,0,13.5,2.5,8.0,21.54221569
2000,137,0,18.0,2.0,10.0,26.55203344
2000,138,3,20.5,7.5,14.0,17.65048294
2000,139,41,19.0,9.0,14.0,14.45658667
2000,140,55,16.0,7.5,11.75,12.77558749
2000,141,24,13.5,2.0,7.75,16.58216505
2000,142,0,16.5,2.5,9.5,24.53483556
2000,143,0,20.0,6.5,13.25,23.51960034
2000,144,3,23.0,10.5,16.75,16.69054448
2000,145,0,25.5,13.0,19.25,21.79989473
2000,146,0,25.0,11.5,18.25,23.33269915
2000,147,0,23.5,9.0,16.25,24.855552
2000,148,0,22.0,9.0,15.5,23.65562913
2000,149,9,18.5,9.5,14.0,13.88482625
2000,150,7,15.0,8.0,11.5,11.65639713
2000,151,0,18.0,6.5,12.25,23.11815169
2000,152,24,21.5,10.5,16.0,16.56225906
2000,153,45,21.5,14.0,17.75,12.24917011
2000,154,62,22.5,13.5,18.0,14.49197544
2000,155,45,24.0,10.5,17.25,19.27286822
2000,156,0,20.0,8.5,14.25,24.13449115
2000,157,11,17.0,9.5,13.25,13.36946636
2000,158,21,16.0,7.5,11.75,15.10576073
2000,159,0,21.0,7.0,14.0,27.08619291
2000,160,0,23.0,10.5,16.75,25.17626844
2000,161,0,26.5,15.0,20.75,23.41453791
2000,162,0,30.0,19.0,24.5,21.84192031
2000,163,0,29.0,21.0,25.0,17.12406586
2000,164,0,28.5,18.0,23.25,21.49244992
2000,165,0,24.0,11.5,17.75,25.16189153
2000,166,27,19.0,12.5,15.75,11.88200498
2000,167,29,22.0,14.5,18.25,13.27988738
2000,168,5,23.0,14.5,18.75,14.85250581
2000,169,2,23.0,12.5,17.75,23.23980355
2000,170,0,21.0,8.0,14.5,26.73451079
2000,171,0,22.5,10.5,16.5,25.33662756
2000,172,0,25.0,14.5,19.75,22.89033315
2000,173,16,27.0,16.0,21.5,17.47353625
2000,174,0,25.5,17.0,21.25,19.57036027
2000,175,0,24.0,15.5,19.75,19.91983066
2000,176,0,24.5,13.5,19.0,24.11348036
2000,177,17,24.5,16.0,20.25,15.2019762
2000,178,6,25.5,17.0,21.25,15.2019762
2000,179,4,26.5,16.0,21.25,17.47353625
2000,180,0,23.5,13.0,18.25,23.76400997
2000,181,7,22.5,11.5,17.0,18.52194909
2000,182,8,22.0,11.0,16.5,18.69668345
2000,183,0,24.5,12.0,18.25,26.03556835
2000,184,0,27.0,15.0,21.0,24.81242114
2000,185,0,26.5,15.5,21.0,23.58927394
2000,186,24,25.0,15.0,20.0,16.94932983
2000,187,0,25.5,15.5,20.5,22.22456833
2000,188,0,27.5,16.0,21.75,23.78723261
2000,189,0,27.5,15.5,21.5,24.48175135
2000,190,0,26.0,14.0,20.0,24.82900989
2000,191,0,26.5,17.0,21.75,21.18279104
2000,192,22,28.5,19.0,23.75,15.35459307
2000,193,27,28.5,17.5,23.0,17.07982832
2000,194,0,27.5,15.5,21.5,24.1532935
2000,195,0,26.5,16.5,21.5,21.73796481
2000,196,0,28.0,17.0,22.5,22.77310497
2000,197,0,29.5,19.5,24.5,20.570112
2000,198,0,27.5,15.0,21.25,24.34129887
2000,199,0,28.0,15.0,21.5,24.68413375
2000,200,0,27.0,16.0,21.5,22.31083008
2000,201,0,24.5,11.5,18.0,25.20612823
2000,202,0,21.0,12.0,16.5,20.26708868
2000,203,0,22.0,11.0,16.5,23.33269915
2000,204,0,23.0,10.5,16.75,24.70404197
2000,205,0,22.5,10.5,16.5,24.02721795
2000,206,0,24.0,10.0,17.0,25.71927558
2000,207,0,26.5,11.0,18.75,26.22357529
2000,208,0,26.5,14.0,20.25,23.02967742
2000,209,3,26.5,17.0,21.75,14.28848619
2000,210,3,27.5,17.0,22.25,15.02945325
2000,211,4,26.5,17.0,21.75,14.02748906
2000,212,4,26.0,17.0,21.5,13.43692863
2000,213,2,26.5,17.5,22.0,18.08179137
2000,214,0,27.5,16.5,22.0,20.736
2000,215,5,28.5,16.5,22.5,16.14864366
2000,216,0,27.5,15.5,21.5,21.75123359
2000,217,0,26.0,12.5,19.25,23.40569155
2000,218,0,25.5,13.5,19.5,21.76892992
2000,219,0,25.5,14.5,20.0,20.45952031
2000,220,0,25.5,17.0,21.25,16.74473477
2000,221,0,30.0,17.5,23.75,21.13413088
2000,222,0,29.0,19.5,24.25,17.27668247
2000,223,0,29.0,18.5,23.75,18.72986231
2000,224,0,28.5,15.0,21.75,21.96910049
2000,225,0,28.0,14.0,21.0,22.450176
2000,226,0,28.0,14.0,21.0,22.13609342
2000,227,7,28.0,17.5,22.75,13.69571346
2000,228,0,28.5,18.0,23.25,18.15478154
2000,229,0,29.5,17.0,23.25,20.08461314
2000,230,16,27.0,11.5,19.25,17.23797471
2000,231,24,22.5,12.0,17.25,13.97661614
2000,232,0,21.0,12.5,16.75,16.01814473
2000,233,0,23.5,11.5,17.5,20.11557893
2000,234,0,23.5,11.5,17.5,19.9596451
2000,235,0,24.0,12.5,18.25,19.19877061
2000,236,0,25.5,15.0,20.25,17.805312
2000,237,0,26.5,15.5,21.0,18.13929954
2000,238,0,27.5,14.5,21.0,19.98397375
2000,239,0,28.5,15.5,22.0,19.38235395
2000,240,16,27.0,16.0,21.5,13.12505936
2000,241,0,26.5,16.5,21.5,16.21168072
2000,242,0,27.0,16.5,21.75,16.66621413
2000,243,0,26.5,17.0,21.75,15.1909182
2000,244,0,25.5,14.5,20.0,17.14618368
2000,245,0,28.5,18.0,23.25,15.82571577
2000,246,0,32.5,19.5,26.0,17.46800612
2000,247,0,31.0,18.5,24.75,17.19042047
2000,248,8,28.0,17.0,22.5,12.15184827
2000,249,0,25.0,11.0,18.0,19.12135712
2000,250,0,20.5,7.5,14.0,18.68009476
2000,251,0,21.5,7.0,14.25,19.41553147
2000,252,0,25.0,11.0,18.0,18.39366168
2000,253,0,26.5,13.0,19.75,17.52993908
2000,254,0,26.5,16.0,21.25,14.63242858
2000,255,4,28.5,19.5,24.0,9.345024
2000,256,25,27.5,17.0,22.25,10.69977563
2000,257,30,22.0,10.0,16.0,12.26907659
2000,258,0,23.0,8.5,15.75,17.83627861
2000,259,11,24.5,10.0,17.25,13.16487218
2000,260,0,20.0,6.0,13.0,17.41602732
2000,261,0,18.5,3.5,11.0,17.97783547
2000,262,0,23.0,8.5,15.75,16.86085746
2000,263,0,27.5,11.0,19.25,17.27889417
2000,264,9,26.5,14.0,20.25,10.92096013
2000,265,7,19.5,10.5,15.0,8.9856
2000,266,0,16.5,5.5,11.0,13.98767539
2000,267,0,15.0,6.5,10.75,11.51926178
2000,268,17,13.5,7.5,10.5,6.393323378
2000,269,0,12.5,4.0,8.25,11.69842249
2000,270,0,14.0,2.5,8.25,14.30175769
2000,271,0,18.5,3.5,11.0,16.05574575
2000,272,0,19.5,4.5,12.0,15.65650977
2000,273,0,18.5,3.5,11.0,15.52269421
2000,274,0,20.5,7.0,13.75,14.20001255
2000,275,0,23.5,11.0,17.25,12.8972388
2000,276,0,23.5,14.0,18.75,10.528358
2000,277,0,23.0,11.0,17.0,12.39736344
2000,278,0,19.0,5.5,12.25,13.57185
2000,279,5,17.0,5.5,11.25,9.186877137
2000,280,0,13.5,4.5,9.0,10.22201849
2000,281,6,9.0,-1.0,4.0,8.466923725
2000,282,0,7.0,-2.0,2.5,10.5195112
2000,283,0,7.5,-2.5,2.5,11.19191064
2000,284,0,10.0,-2.5,3.75,12.71808
2000,285,0,15.5,-2.0,6.75,14.24646112
2000,286,0,18.5,-0.5,9.0,14.24646112
2000,287,0,21.5,2.0,11.75,13.87155531
2000,288,0,24.0,7.5,15.75,12.62186569
2000,289,0,24.0,13.5,18.75,9.289727813
2000,290,0,22.0,6.0,14.0,12.26244024
2000,291,0,14.5,3.5,9.0,9.943327592
2000,292,0,15.0,2.0,8.5,11.04814125
2000,293,0,19.0,4.0,11.5,11.556864
2000,294,0,24.0,4.0,14.0,12.53007383
2000,295,0,24.5,4.5,14.5,12.17507324
2000,296,0,22.0,4.0,13.0,11.57234686
2000,297,0,21.0,5.0,13.0,10.74954262
2000,298,5,19.5,9.5,14.5,5.733089627
2000,299,9,19.0,13.0,16.0,3.550003125
2000,300,0,20.0,13.5,16.75,5.088338038
2000,301,0,20.5,13.0,16.75,5.744148838
2000,302,0,20.0,8.5,14.25,8.205926749
2000,303,0,13.5,3.0,8.25,7.971471923
2000,304,0,13.5,0.0,6.75,9.289728
2000,305,0,15.5,3.0,9.25,8.70912
2000,306,0,19.0,6.5,12.75,8.281128381
2000,307,0,21.5,8.5,15.0,8.281128381
2000,308,0,20.5,8.5,14.5,7.745864067
2000,309,0,15.0,2.5,8.75,8.087593027
2000,310,0,13.0,0.0,6.5,8.234680353
2000,311,0,15.5,0.0,7.75,8.79869954
2000,312,19,14.0,3.5,8.75,5.076172688
2000,313,15,11.5,3.5,7.5,4.021125192
2000,314,3,6.0,-0.5,2.75,3.35093775
2000,315,4,3.5,-1.0,1.25,2.433024053
2000,316,0,3.5,-2.0,0.75,3.981311893
2000,317,0,6.0,-3.0,1.5,6.193151893
2000,318,0,6.0,0.0,3.0,4.379443
2000,319,4,4.0,-2.0,1.0,3.28458225
2000,320,2,1.0,-4.5,-1.75,4.118446124
2000,321,0,2.0,-7.0,-2.5,6.286049631
2000,322,5,3.0,-5.5,-1.25,4.443586557
2000,323,0,-0.5,-6.0,-3.25,4.183695367
2000,324,0,-2.0,-7.5,-4.75,4.2909695
2000,325,0,-0.5,-6.5,-3.5,4.720066554
2000,326,2,-0.5,-8.0,-4.25,6.3700995
2000,327,0,-5.0,-13.5,-9.25,7.113277572
2000,328,0,-5.0,-12.5,-8.75,6.476267722
2000,329,0,-2.0,-10.5,-6.25,6.900941124
2000,330,0,3.0,-7.0,-2.0,7.354368
2000,331,0,5.5,-6.0,-0.25,7.774617702
2000,332,0,3.0,-3.0,0.0,5.0429954
2000,333,0,2.5,-4.0,-0.75,4.781998037
2000,334,2,1.5,-2.5,-0.5,3.22265082
2000,335,4,2.0,-1.0,0.5,1.871216613
2000,336,0,2.5,-1.0,0.75,2.910781425
2000,337,4,1.0,-3.5,-1.25,2.806825043
2000,338,0,-0.5,-9.5,-5.0,6.273884213
2000,339,0,0.0,-11.0,-5.5,6.788137025
2000,340,0,1.0,-10.5,-4.75,6.890987491
2000,341,0,-2.5,-16.5,-9.5,7.199539375
2000,342,0,-9.5,-16.0,-12.75,5.142528125
2000,343,3,-6.5,-13.0,-9.75,4.273274581
2000,344,0,-6.0,-15.0,-10.5,6.816890519
2000,345,0,-5.5,-17.5,-11.5,7.529103274
2000,346,5,-2.5,-14.5,-8.5,5.595955063
2000,347,5,-6.5,-19.0,-12.75,5.697699602
2000,348,9,-11.5,-22.0,-16.75,5.392465982
2000,349,0,-12.5,-23.0,-17.75,7.122124625
2000,350,2,-9.0,-19.0,-14.0,6.816890519
2000,351,0,-4.5,-13.5,-9.0,6.409912357
2000,352,4,-1.0,-11.5,-6.25,5.188976414
2000,353,0,-4.5,-16.5,-10.5,7.325613706
2000,354,6,-10.0,-19.5,-14.75,4.883742794
2000,355,7,-8.5,-19.0,-13.75,5.188976414
2000,356,0,-8.5,-20.5,-14.5,7.325613706
2000,357,5,-12.5,-20.0,-16.25,4.171530039
2000,358,0,-13.5,-23.0,-18.25,6.511656899
2000,359,3,-11.5,-22.0,-16.75,5.188976414
2000,360,0,-11.5,-23.0,-17.25,7.223869164
2000,361,0,-12.0,-29.5,-20.75,8.139571
2000,362,0,-10.0,-22.5,-16.25,7.325613706
2000,363,0,-9.5,-19.0,-14.25,6.409912357
2000,364,5,-9.5,-26.0,-17.75,6.002933711
2000,365,5,-7.5,-19.5,-13.5,5.290720956
2000,366,0,-3.5,-10.0,-6.75,4.578508688
2001,1,0,-7.0,-18.5,-12.75,7.020380086
2001,2,0,-6.5,-21.0,-13.75,7.732592352
2001,3,0,-4.0,-18.5,-11.25,7.81664265
2001,4,0,-0.5,-11.0,-5.75,6.788137025
2001,5,0,1.5,-9.5,-4.0,6.993838446
2001,6,0,1.5,-9.0,-3.75,6.890987491
2001,7,0,0.5,-8.5,-4.0,6.273884213
2001,8,0,-3.5,-13.5,-8.5,6.890987491
2001,9,0,-5.0,-17.5,-11.25,7.796736094
2001,10,0,-1.5,-14.0,-7.75,7.796736094
2001,11,0,3.0,-6.5,-1.75,6.757171281
2001,12,0,3.0,-4.5,-0.75,5.821562849
2001,13,0,1.5,-1.5,0.0,2.62656
2001,14,7,1.0,-0.5,0.25,1.155686425
2001,15,0,1.0,-1.5,-0.25,2.31137285
2001,16,0,0.0,-4.5,-2.25,3.467059151
2001,17,0,-3.0,-9.0,-6.0,4.671406402
2001,18,0,-3.5,-10.5,-7.0,5.414584472
2001,19,0,-3.5,-13.0,-8.25,6.688604677
2001,20,0,-7.0,-20.5,-13.75,8.152841946
2001,21,0,-6.5,-19.0,-12.75,7.938293679
2001,22,0,-5.0,-17.0,-11.0,7.938293679
2001,23,0,-2.0,-13.0,-7.5,7.694991432
2001,24,0,-2.0,-11.5,-6.75,7.15309062
2001,25,0,-3.5,-15.0,-9.25,8.02013213
2001,26,0,-3.5,-13.5,-8.5,7.664025251
2001,27,0,-4.5,-13.5,-9.0,7.226080844
2001,28,0,-3.5,-13.5,-8.5,7.77351122
2001,29,14,0.0,-9.5,-4.75,6.524928107
2001,30,23,2.5,-2.0,0.25,3.538944052
2001,31,0,1.5,-4.5,-1.5,6.366781512
2001,32,0,-1.0,-13.5,-7.25,10.38790724
2001,33,0,-7.5,-20.5,-14.0,10.83469851
2001,34,3,-8.0,-18.5,-13.25,7.557856898
2001,35,3,-2.5,-9.0,-5.75,5.527388147
2001,36,0,-2.0,-5.5,-3.75,4.442480848
2001,37,0,-2.0,-7.5,-4.75,6.83458575
2001,38,0,-0.5,-12.5,-6.5,11.5015675
2001,39,10,0.5,-7.0,-3.25,6.785924937
2001,40,21,1.5,-3.5,-1.0,5.060689812
2001,41,0,-3.5,-17.0,-10.25,12.773376
2001,42,0,-7.5,-18.5,-13.0,11.96052502
2001,43,0,-2.5,-12.5,-7.5,11.48829767
2001,44,0,-1.0,-5.0,-3.0,5.626921423
2001,45,2,-0.5,-5.5,-3.0,6.981672927
2001,46,0,-3.0,-10.5,-6.75,9.821675538
2001,47,0,-4.5,-12.5,-8.5,10.51066413
2001,48,0,-7.0,-19.5,-13.25,13.49664819
2001,49,0,-6.5,-18.5,-12.5,13.50107057
2001,50,0,1.0,-13.0,-6.0,14.34488727
2001,51,0,1.0,-11.0,-5.0,13.74658583
2001,52,0,-5.5,-18.0,-11.75,14.23319017
2001,53,4,-7.5,-16.5,-12.0,9.32954138
2001,54,0,-5.0,-14.0,-9.5,12.52122652
2001,55,5,2.0,-9.0,-3.5,10.6522217
2001,56,7,6.0,-5.0,0.5,10.6522217
2001,57,0,-1.0,-10.0,-5.5,13.12174106
2001,58,0,-5.0,-14.0,-9.5,13.37167875
2001,59,0,-6.0,-17.0,-11.5,15.128985
2001,60,0,-2.5,-13.0,-7.75,14.75076014
2001,61,0,3.5,-6.5,-1.5,14.37143064
2001,62,0,5.5,-7.5,-1.0,16.40632272
2001,63,0,4.0,-8.5,-2.25,16.54898703
2001,64,0,-1.5,-10.5,-6.0,14.11153975
2001,65,0,-1.0,-9.0,-5.0,13.19804878
2001,66,0,1.0,-7.5,-3.25,13.71562007
2001,67,0,0.5,-5.0,-2.25,9.787392187
2001,68,0,0.5,-5.0,-2.25,10.04838906
2001,69,0,2.5,-7.5,-2.5,16.0557457
2001,70,0,2.5,-5.5,-1.5,13.81846988
2001,71,4,3.0,-5.0,-1.0,10.616832
2001,72,4,3.0,-3.5,-0.25,9.157017729
2001,73,0,3.5,-3.0,0.25,12.57873404
2001,74,0,3.0,-2.5,0.25,10.97293839
2001,75,0,1.5,-3.0,-0.75,9.309634518
2001,76,0,2.0,-5.0,-1.5,13.76206797
2001,77,0,5.5,-7.0,-0.75,19.72408356
2001,78,0,7.0,-5.5,0.75,19.86011224
2001,79,0,8.0,-5.0,1.5,20.43297665
2001,80,0,9.0,-3.5,2.75,20.15870876
2001,81,0,9.5,-4.0,2.75,21.01247974
2001,82,0,9.0,-5.0,2.0,21.59861837
2001,83,0,4.0,-9.5,-2.75,21.59861837
2001,84,0,-5.0,-10.5,-7.75,12.35976197
2001,85,0,-2.0,-10.0,-6.0,16.8542205
2001,86,0,3.5,-6.5,-1.5,19.67652845
2001,87,0,8.0,-4.0,2.0,21.51677963
2001,88,3,7.5,0.0,3.75,12.12641238
2001,89,0,8.0,0.0,4.0,17.26230522
2001,90,0,10.5,-1.0,4.75,21.70921015
2001,91,6,10.0,-3.0,3.5,17.10858185
2001,92,0,9.5,-2.5,3.5,22.45570637
2001,93,0,8.5,-1.0,3.75,19.99282273
2001,94,0,10.5,-1.5,4.5,22.77310481
2001,95,8,11.5,1.5,6.5,15.32805094
2001,96,6,12.0,5.5,8.75,11.32572663
2001,97,10,19.0,4.5,11.75,16.03252195
2001,98,0,21.5,4.0,12.75,22.82176379
2001,99,23,15.5,3.5,9.5,15.11571377
2001,100,4,12.0,4.5,8.25,11.19744
2001,101,8,18.0,5.5,11.75,15.37781788
2001,102,12,16.0,6.0,11.0,13.68686695
2001,103,0,12.0,2.0,7.0,18.65023493
2001,104,1,16.5,4.5,10.5,20.45399006
2001,105,0,15.5,3.0,9.25,20.90852346
2001,106,2,9.5,-3.0,3.25,21.36637475
2001,107,0,5.0,-2.5,1.25,15.26169625
2001,108,0,11.5,-1.5,5.0,22.13609342
2001,109,0,15.5,2.0,8.75,22.28981688
2001,110,15,20.0,7.5,13.75,15.9473667
2001,111,7,22.5,10.0,16.25,15.7925373
2001,112,2,21.5,9.5,15.5,20.89525255
2001,113,1,21.5,6.5,14.0,23.54614407
2001,114,0,19.0,2.5,10.75,24.81242102
2001,115,0,17.0,5.5,11.25,20.72936385
2001,116,0,21.0,6.5,13.75,23.24754439
2001,117,0,22.5,6.0,14.25,24.51271719
2001,118,0,21.5,6.5,14.0,23.5693666
2001,119,0,23.5,9.5,16.5,22.45459958
2001,120,0,27.0,13.5,20.25,21.48802499
2001,121,4,27.0,14.5,20.75,15.39440701
2001,122,5,26.5,15.0,20.75,14.69325419
2001,123,12,23.0,14.0,18.5,12.43275272
2001,124,16,18.5,8.0,13.25,14.69325419
2001,125,3,16.0,8.5,12.25,11.37991663
2001,126,3,17.0,9.5,13.25,11.37991663
2001,127,7,19.5,10.0,14.75,13.91247381
2001,128,8,21.0,7.5,14.25,17.84070109
2001,129,0,24.5,9.0,16.75,25.21165779
2001,130,12,25.5,12.0,18.75,17.30211788
2001,131,16,21.5,10.0,15.75,15.98386096
2001,132,0,16.5,5.0,10.75,22.06310432
2001,133,0,19.0,6.0,12.5,23.55609568
2001,134,0,20.5,8.0,14.25,23.04516197
2001,135,0,25.0,13.5,19.25,21.04123519
2001,136,0,29.0,16.0,22.5,22.21019234
2001,137,0,29.5,13.5,21.5,25.04687515
2001,138,0,26.5,10.5,18.5,25.55117498
2001,139,0,25.0,8.5,16.75,26.22357529
2001,140,0,25.0,12.5,18.75,22.33516033
2001,141,19,23.0,11.5,17.25,16.07454744
2001,142,10,16.5,6.5,11.5,15.05931222
2001,143,7,13.0,4.5,8.75,13.79524632
2001,144,5,13.0,4.5,8.75,13.96555703
2001,145,4,15.0,5.0,10.0,15.8389861
2001,146,2,16.0,5.5,10.75,22.11286975
2001,147,0,17.5,7.0,12.25,22.11286975
2001,148,0,20.5,8.5,14.5,23.998464
2001,149,0,20.0,7.5,13.75,24.68413375
2001,150,0,19.0,5.0,12.0,26.74114637
2001,151,10,17.5,6.0,11.75,17.94244594
2001,152,12,17.5,7.0,12.25,16.90730578
2001,153,8,15.5,6.5,11.0,15.18207053
2001,154,0,13.0,6.0,9.5,16.84205511
2001,155,0,13.0,7.5,10.25,13.54309646
2001,156,11,14.0,7.5,10.75,11.80680208
2001,157,4,15.5,9.5,12.5,10.93865489
2001,158,0,18.5,11.0,14.75,17.88383239
2001,159,0,23.0,11.0,17.0,24.82900989
2001,160,0,26.0,13.0,19.5,25.68609795
2001,161,0,27.5,15.0,21.25,24.63768678
2001,162,34,29.0,14.5,21.75,19.7450963
2001,163,47,29.0,16.5,22.75,18.17247703
2001,164,0,29.0,18.5,23.75,21.49244992
2001,165,0,31.0,20.0,25.5,21.84192031
2001,166,14,27.0,16.0,21.5,17.12406586
2001,167,0,25.0,12.5,18.75,25.51136359
2001,168,10,27.5,13.0,20.25,20.26930272
2001,169,18,28.5,16.5,22.5,18.17247703
2001,170,0,25.5,14.5,20.0,23.58927394
2001,171,0,24.0,12.5,18.25,24.63768678
2001,172,5,24.5,13.0,18.75,18.34721306
2001,173,6,21.5,12.0,16.75,16.42512341
2001,174,0,23.0,9.5,16.25,26.90924516
2001,175,0,26.0,12.5,19.25,26.21030437
2001,176,0,28.0,15.5,21.75,24.63768678
2001,177,0,29.5,17.0,23.25,24.11348036
2001,178,0,30.5,16.5,23.5,25.51136359
2001,179,0,29.5,17.0,23.25,24.11348036
2001,180,0,29.5,17.5,23.5,23.41453791
2001,181,0,30.0,18.0,24.0,23.41453791
2001,182,0,26.0,13.0,19.5,25.51136359
2001,183,0,22.0,8.5,15.25,26.55977477
2001,184,4,25.0,14.0,19.5,16.94932983
2001,185,0,27.5,14.5,21.0,24.46295075
2001,186,0,25.5,10.5,18.0,26.56530427
2001,187,0,24.5,10.0,17.25,26.04441563
2001,188,0,27.5,16.5,22.0,21.0091626
2001,189,0,31.5,17.0,24.25,24.30812125
2001,190,0,33.0,18.5,25.75,23.78723261
2001,191,0,32.0,16.0,24.0,25.36095784
2001,192,0,28.5,11.5,20.0,26.91367056
2001,193,0,27.5,13.5,20.5,24.32581768
2001,194,0,28.0,13.0,20.5,25.01591112
2001,195,0,29.0,13.5,21.25,25.18843531
2001,196,0,30.5,15.0,22.75,24.51271713
2001,197,0,30.5,16.0,23.25,23.48421087
2001,198,32,29.5,19.0,24.25,13.88482625
2001,199,15,30.0,19.5,24.75,13.79524632
2001,200,19,30.0,20.0,25.0,13.28431098
2001,201,0,31.0,20.5,25.75,18.2233489
2001,202,0,32.5,22.0,27.25,17.88272588
2001,203,10,32.0,21.5,26.75,13.3672554
2001,204,0,30.5,21.0,25.75,16.75136984
2001,205,3,30.5,19.0,24.75,14.72090101
2001,206,3,28.5,16.0,22.25,15.96948456
2001,207,0,24.5,12.0,18.25,22.02107935
2001,208,0,25.0,12.5,18.75,22.02107935
2001,209,4,26.5,17.0,21.75,13.02552647
2001,210,0,27.5,18.5,23.0,16.53239794
2001,211,0,30.5,18.5,24.5,20.07244863
2001,212,0,34.0,20.5,27.25,20.90188863
2001,213,48,34.0,21.0,27.5,15.26169568
2001,214,84,31.5,19.5,25.5,14.66560405
2001,215,0,29.5,18.0,23.75,19.44428517
2001,216,0,30.5,18.0,24.25,20.29584353
2001,217,0,31.5,20.0,25.75,18.82275869
2001,218,0,32.5,21.5,27.0,17.84070109
2001,219,0,34.0,23.5,28.75,16.74473477
2001,220,0,34.0,23.0,28.5,17.55758596
2001,221,0,32.5,19.5,26.0,20.18304062
2001,222,0,29.0,14.0,21.5,22.92793384
2001,223,0,25.5,13.5,19.5,20.52587551
2001,224,0,27.5,13.0,20.25,22.61053501
2001,225,0,26.0,12.5,19.25,21.81758877
2001,226,0,24.0,11.0,17.5,21.65833721
2001,227,8,23.5,14.0,18.75,13.21795573
2001,228,10,21.5,13.5,17.5,11.54469936
2001,229,0,24.0,13.5,18.75,18.66129468
2001,230,0,23.5,15.5,19.5,14.91886056
2001,231,5,24.0,13.5,18.75,13.8195764
2001,232,0,26.0,11.5,18.75,21.98679682
2001,233,4,25.5,14.0,19.75,14.3459944
2001,234,10,24.5,16.5,20.5,10.68318735
2001,235,0,26.0,18.0,22.0,14.08942139
2001,236,11,26.5,17.0,21.75,12.14410727
2001,237,25,24.5,17.0,20.75,10.1457096
2001,238,19,26.0,17.0,21.5,11.598889
2001,239,5,27.0,15.5,21.25,13.73552662
2001,240,0,26.5,12.5,19.5,20.45399006
2001,241,0,26.5,13.5,20.0,19.39341309
2001,242,0,27.5,14.5,21.0,19.10145059
2001,243,0,25.5,11.5,18.5,20.15428618
2001,244,0,21.5,8.0,14.75,20.00609223
2001,245,0,24.0,9.5,16.75,20.30469177
2001,246,0,27.5,11.5,19.5,20.45067223
2001,247,0,26.5,9.5,18.0,20.89525234
2001,248,0,25.0,10.5,17.75,19.26844505
2001,249,4,27.0,13.0,20.0,13.82621151
2001,250,26,27.5,17.0,22.25,11.09458911
2001,251,18,25.5,16.0,20.75,10.51066322
2001,252,11,20.0,12.0,16.0,9.561784509
2001,253,20,20.0,9.0,14.5,12.16954355
2001,254,0,23.5,9.0,16.25,18.54627785
2001,255,0,26.0,11.5,18.75,17.97562359
2001,256,0,23.0,10.0,16.5,17.119641
2001,257,0,17.5,6.5,12.0,15.71291218
2001,258,0,18.5,8.0,13.25,14.86356506
2001,259,0,20.0,9.0,14.5,15.02834635
2001,260,8,19.0,10.5,14.75,9.269821139
2001,261,7,19.0,12.0,15.5,7.664025875
2001,262,13,18.0,11.5,14.75,7.38533429
2001,263,5,19.5,10.0,14.75,9.953279736
2001,264,5,21.5,10.5,16.0,10.78272026
2001,265,0,21.5,9.5,15.5,14.94761365
2001,266,34,19.0,8.0,13.5,10.55932351
2001,267,0,14.5,2.5,8.5,14.96309787
2001,268,0,14.5,1.0,7.75,15.91529475
2001,269,0,17.5,4.0,10.75,15.38113456
2001,270,0,18.5,3.0,10.75,16.1906685
2001,271,0,15.5,3.5,9.5,14.05071412
2001,272,0,14.5,4.0,9.25,12.84636771
2001,273,0,20.5,5.0,12.75,15.52711655
2001,274,0,23.0,7.5,15.25,15.00290965
2001,275,0,25.5,7.5,16.5,15.5293283
2001,276,0,24.0,9.0,16.5,14.22434281
2001,277,0,18.0,7.5,12.75,11.74487062
2001,278,0,13.0,2.5,7.75,11.9041224
2001,279,0,11.5,-2.5,4.5,14.23319013
2001,280,0,9.0,-5.0,2.0,13.98325254
2001,281,0,13.5,0.0,6.75,13.34181891
2001,282,3,18.5,7.5,13.0,8.393932677
2001,283,6,19.0,9.0,14.0,7.758028677
2001,284,6,18.5,6.0,12.25,8.951316003
2001,285,0,17.5,6.0,11.75,11.2206634
2001,286,7,15.0,6.0,10.5,6.998261779
2001,287,5,14.5,4.5,9.5,7.623106591
2001,288,0,12.5,3.5,8.0,9.289727813
2001,289,0,9.5,1.0,5.25,8.918138464
2001,290,0,10.0,-2.0,4.0,11.17089884
2001,291,0,13.5,0.0,6.75,11.53916928
2001,292,0,15.0,1.5,8.25,11.19191017
2001,293,0,16.0,2.5,9.25,10.948608
2001,294,0,16.5,3.0,9.75,10.72852902
2001,295,27,16.5,1.5,9.0,8.317624092
2001,296,19,16.5,5.5,11.0,6.808043435
2001,297,4,13.5,5.0,9.25,5.61364981
2001,298,0,9.0,1.0,5.0,7.10000625
2001,299,0,4.0,0.0,2.0,3.905003382
2001,300,0,6.0,-0.5,2.75,6.095831076
2001,301,0,10.5,-1.0,4.75,9.260974588
2001,302,0,13.5,2.5,8.0,8.792064374
2001,303,0,11.5,3.0,7.25,7.315661021
2001,304,2,14.5,7.0,10.75,6.502809488
2001,305,0,18.0,9.0,13.5,7.361003312
2001,306,0,17.5,4.0,10.75,9.431285131
2001,307,0,17.5,0.0,8.75,10.25187862
2001,308,0,17.0,0.5,8.75,9.91014912
2001,309,0,15.5,-1.5,7.0,9.813933648
2001,310,0,17.5,1.5,9.5,9.362718728
2001,311,0,18.5,7.0,12.75,7.783464897
2001,312,0,15.0,2.5,8.75,8.153948737
2001,313,0,9.5,-2.0,3.75,7.818854749
2001,314,0,13.0,-1.5,5.75,8.626176211
2001,315,0,11.5,-2.5,4.5,8.404991893
2001,316,0,12.0,-2.0,5.0,8.183808107
2001,317,3,12.0,2.5,7.25,4.707901434
2001,318,2,14.0,8.0,11.0,4.160470799
2001,319,0,18.0,8.5,13.25,5.85252888
2001,320,0,18.0,4.0,11.0,7.478231317
2001,321,0,16.5,2.0,9.25,7.586611375
2001,322,7,17.0,3.5,10.25,5.363711875
2001,323,8,12.5,-0.5,6.0,5.363711875
2001,324,0,5.5,-4.0,0.75,5.900083063
2001,325,0,9.0,-1.5,3.75,6.263931277
2001,326,0,12.5,1.5,7.0,6.263931277
2001,327,0,12.0,3.0,7.5,5.30841625
2001,328,11,13.5,6.5,10.0,3.18504975
2001,329,7,13.0,3.5,8.25,3.992371151
2001,330,5,7.0,1.0,4.0,2.7316223
2001,331,4,7.0,1.0,4.0,2.7316223
2001,332,2,5.0,-0.5,2.25,3.430563832
2001,333,5,3.0,-0.5,1.25,1.767260231
2001,334,5,5.0,0.5,2.75,2.183086007
2001,335,2,5.5,0.5,3.0,3.118694437
2001,336,0,8.0,-1.0,3.5,5.197824062
2001,337,0,11.0,-0.5,5.25,5.965332821
2001,338,0,14.0,3.0,8.5,5.7596314
2001,339,5,16.5,7.5,12.0,3.70262015
2001,340,5,14.5,-1.0,6.75,5.039677662
2001,341,0,7.0,-3.0,2.0,5.656780937
2001,342,0,5.0,-4.0,0.5,5.188976414
2001,343,0,4.0,-7.5,-1.75,6.002933711
2001,344,0,6.5,-4.5,1.0,5.901189169
2001,345,0,8.0,-4.5,1.75,6.206422789
2001,346,0,7.5,-2.0,2.75,5.392465982
2001,347,10,5.5,-2.0,1.75,3.459317774
2001,348,0,1.5,-3.5,-1.0,3.255828448
2001,349,0,2.0,-3.0,-0.5,3.35757299
2001,350,4,5.5,0.5,3.0,2.543615938
2001,351,0,5.0,-0.5,2.25,3.764551635
2001,352,0,5.5,-3.5,1.0,5.494210524
2001,353,0,6.0,-4.0,1.0,5.799444144
2001,354,0,2.5,-6.5,-2.0,5.595955063
2001,355,0,2.5,-7.5,-2.5,5.901189169
2001,356,0,4.5,-6.0,-0.75,6.002933711
2001,357,4,2.0,-8.0,-3.0,4.883742794
2001,358,2,-4.5,-11.0,-7.75,4.985487336
2001,359,0,-7.0,-13.5,-10.25,5.087231875
2001,360,0,-7.0,-13.5,-10.25,5.087231875
2001,361,0,-6.0,-12.0,-9.0,4.781997769
2001,362,1,-6.0,-11.5,-8.75,4.476764149
2001,363,0,-8.5,-16.0,-12.25,5.697699602
2001,364,0,-9.0,-17.0,-13.0,5.901189169
2001,365,0,-8.0,-16.0,-12.0,5.901189169
2002,1,0,-7.0,-15.5,-11.25,5.290720956
2002,2,0,-5.5,-16.0,-10.75,6.10467825
2002,3,0,-3.5,-14.5,-9.0,6.273884213
2002,4,0,-2.0,-11.5,-6.75,5.862481866
2002,5,0,1.0,-6.5,-2.75,4.936827196
2002,6,0,1.0,-7.5,-3.25,5.451080008
2002,7,0,-1.5,-13.5,-7.5,6.685286562
2002,8,0,1.0,-11.5,-5.25,6.788137025
2002,9,0,9.0,-3.0,3.0,6.653214901
2002,10,0,8.5,-2.0,3.25,6.341345255
2002,11,0,6.5,-3.0,1.75,6.029476111
2002,12,0,5.5,-4.0,0.75,6.133432494
2002,13,0,3.5,-5.0,-0.75,5.778432
2002,14,4,2.0,-3.5,-0.75,3.151872
2002,15,3,0.0,-4.5,-2.25,2.62656
2002,16,3,-2.0,-8.0,-5.0,3.887308849
2002,17,4,-4.0,-15.0,-9.5,6.051594322
2002,18,0,-6.0,-17.0,-11.5,8.174960822
2002,19,0,-6.0,-17.0,-11.5,8.174960822
2002,20,0,-1.5,-11.5,-6.5,7.938293679
2002,21,0,0.5,-7.0,-3.25,6.543728384
2002,22,0,4.5,-4.5,0.0,7.401922492
2002,23,0,7.0,-3.5,1.75,8.236892245
2002,24,0,4.0,-3.5,0.25,6.719569868
2002,25,0,6.5,-3.0,1.75,7.911752069
2002,26,0,11.0,-3.0,4.0,9.634774809
2002,27,0,11.5,-0.5,5.5,8.211455626
2002,28,0,8.0,-3.0,2.5,7.992483684
2002,29,0,-1.0,-5.5,-3.25,4.202495948
2002,30,0,-2.5,-5.5,-4.0,2.985984053
2002,31,5,-2.0,-5.5,-3.75,2.680750306
2002,32,7,-1.0,-7.5,-4.25,5.249802262
2002,33,0,-0.5,-13.5,-7.0,10.72300123
2002,34,0,0.5,-12.0,-5.75,10.71636456
2002,35,0,-0.5,-14.5,-7.5,11.16757948
2002,36,0,-3.0,-12.5,-7.75,9.568419615
2002,37,0,2.5,-10.0,-3.75,11.04924674
2002,38,0,6.5,-6.5,0.0,11.27153637
2002,39,0,9.0,-3.0,3.0,11.04150524
2002,40,0,9.5,-2.0,3.75,10.81147301
2002,41,10,5.0,-3.0,1.0,6.735053021
2002,42,0,2.0,-12.0,-5.0,12.30889004
2002,43,0,2.5,-10.0,-3.75,11.95720733
2002,44,0,2.5,-11.5,-4.5,12.54334495
2002,45,0,5.0,-6.5,-0.75,11.5966771
2002,46,0,7.0,0.0,3.5,8.165007302
2002,47,0,5.0,-1.5,1.75,7.16636175
2002,48,0,3.5,-6.5,-1.5,10.15234581
2002,49,0,6.0,-4.0,1.0,10.24634838
2002,50,13,7.5,1.0,4.25,5.665627696
2002,51,9,5.5,0.5,3.0,4.622745543
2002,52,15,2.5,-4.5,-1.0,6.325862168
2002,53,0,1.0,-9.5,-4.25,11.53916928
2002,54,0,4.5,-7.0,-1.25,12.03019848
2002,55,0,11.5,0.0,5.75,12.0147144
2002,56,1,11.0,-3.0,4.0,13.25334478
2002,57,1,-1.0,-8.5,-4.75,10.8722995
2002,58,1,-3.5,-11.0,-7.25,11.12223719
2002,59,0,-2.0,-10.5,-6.25,12.22926264
2002,60,0,-2.5,-10.5,-6.5,11.72496362
2002,61,7,-5.0,-12.5,-8.75,8.521113358
2002,62,9,-7.0,-18.5,-12.75,11.446272
2002,63,0,-10.5,-23.5,-17.0,16.54898703
2002,64,0,-7.5,-19.5,-13.5,16.03584062
2002,65,0,-2.0,-11.0,-6.5,13.84501197
2002,66,0,1.0,-5.5,-2.25,10.86898106
2002,67,9,9.5,-3.5,3.0,12.78885937
2002,68,9,11.0,-3.0,4.0,13.18035531
2002,69,0,3.5,-14.0,-5.25,19.34585758
2002,70,0,1.5,-9.5,-4.0,16.45055938
2002,71,0,8.0,-6.0,1.0,18.31403545
2002,72,0,11.0,-1.5,4.75,17.38506291
2002,73,0,8.0,0.0,4.0,13.51544933
2002,74,0,3.5,-2.0,0.75,10.30385677
2002,75,0,4.5,-5.5,-0.5,16.73035694
2002,76,0,5.0,-3.0,1.0,14.30175769
2002,77,0,5.0,-1.5,1.75,12.24253462
2002,78,0,4.5,-1.5,1.5,11.69842249
2002,79,14,6.0,-3.0,1.5,12.20493215
2002,80,4,4.5,-11.5,-3.5,16.04468651
2002,81,0,-3.5,-11.5,-7.5,15.34464053
2002,82,0,3.0,-8.0,-2.5,18.81169987
2002,83,0,4.0,-7.0,-1.5,18.95104633
2002,84,0,2.0,-9.5,-3.75,19.80370962
2002,85,0,1.5,-8.0,-3.25,17.8373831
2002,86,0,6.0,-6.5,-0.25,20.95054912
2002,87,4,11.0,-2.0,4.5,15.71291218
2002,88,0,12.5,0.0,6.25,20.68623288
2002,89,0,11.5,-0.5,5.5,20.25824158
2002,90,1,9.0,-3.5,2.75,18.97758693
2002,91,0,6.0,-2.5,1.75,14.95203785
2002,92,5,2.0,-2.5,-0.25,6.664274009
2002,93,2,1.0,-3.5,-1.25,9.27203374
2002,94,0,0.5,-5.0,-2.25,11.3865524
2002,95,0,2.5,-6.0,-1.75,16.49590272
2002,96,0,6.0,-6.5,-0.25,20.59223075
2002,97,8,7.5,-0.5,3.5,11.766989
2002,98,13,8.0,2.0,5.0,9.484369744
2002,99,0,10.5,2.5,6.5,16.44945409
2002,100,0,14.5,3.0,8.75,20.60328988
2002,101,0,19.5,6.0,12.75,21.79768377
2002,102,5,19.5,5.5,12.5,16.69496945
2002,103,0,16.0,2.0,9.0,22.56076875
2002,104,0,21.0,6.0,13.5,22.87816724
2002,105,0,26.0,10.0,18.0,22.72665563
2002,106,0,29.5,15.5,22.5,21.06114112
2002,107,0,28.0,15.5,21.75,19.99282267
2002,108,11,27.0,11.5,19.25,16.75579279
2002,109,13,23.5,8.5,16.0,16.90951625
2002,110,0,13.0,2.5,7.75,19.8180867
2002,111,4,8.0,-0.5,3.75,13.00561861
2002,112,9,3.5,-1.5,1.0,8.576409875
2002,113,0,8.5,-1.0,3.75,19.3359053
2002,114,0,17.5,1.5,9.5,24.96946076
2002,115,0,16.0,0.0,8.0,24.96946076
2002,116,0,12.0,-0.5,5.75,22.93125156
2002,117,11,9.5,1.0,5.25,13.44245781
2002,118,15,6.5,2.5,4.5,7.166361375
2002,119,0,11.0,2.5,6.75,18.63253927
2002,120,0,16.0,4.5,10.25,22.61053501
2002,121,0,14.0,4.0,9.0,20.846592
2002,122,13,11.0,1.0,6.0,15.82350416
2002,123,0,11.5,-0.5,5.5,23.41232712
2002,124,0,16.0,2.0,9.0,24.70404203
2002,125,0,21.0,3.5,12.25,26.66151833
2002,126,4,23.5,8.0,15.75,18.69557731
2002,127,0,21.5,8.0,14.75,23.56936678
2002,128,13,17.5,7.0,12.25,15.22188342
2002,129,15,17.0,7.0,12.0,14.83038675
2002,130,0,15.0,5.5,10.25,19.27950246
2002,131,13,15.5,6.0,10.75,14.66560405
2002,132,17,11.5,5.0,8.25,11.11449568
2002,133,0,11.5,5.0,8.25,14.92992
2002,134,0,15.5,4.5,10.0,22.87816741
2002,135,0,20.0,5.5,12.75,26.21804591
2002,136,0,21.5,7.5,14.5,25.55007084
2002,137,0,15.0,1.5,8.25,26.05547481
2002,138,0,12.0,0.0,6.0,24.87877627
2002,139,0,12.0,1.5,6.75,23.02967742
2002,140,0,11.5,1.0,6.25,23.35039555
2002,141,0,14.0,1.0,7.5,26.05768678
2002,142,0,18.5,5.0,11.75,25.88848198
2002,143,0,21.5,9.0,15.25,24.35456985
2002,144,0,19.5,6.5,13.0,25.37643893
2002,145,12,12.5,4.0,8.25,14.98742773
2002,146,8,16.5,5.0,10.75,18.34168287
2002,147,0,24.0,10.0,17.0,26.05547487
2002,148,0,26.5,10.5,18.5,27.08398113
2002,149,8,27.0,14.5,20.75,17.48459487
2002,150,0,27.5,16.0,21.75,22.08301153
2002,151,0,28.0,15.5,21.75,23.29067587
2002,152,0,29.5,13.5,21.5,26.39609965
2002,153,0,26.5,10.5,18.5,26.91367056
2002,154,35,20.5,8.0,14.25,18.40472104
2002,155,19,17.0,10.5,13.75,11.28591344
2002,156,6,17.5,10.0,13.75,13.02220781
2002,157,0,20.5,8.0,14.25,25.17626844
2002,158,0,24.5,12.0,18.25,24.48175135
2002,159,0,26.5,14.5,20.5,23.43997406
2002,160,0,29.0,15.5,22.25,24.63768678
2002,161,0,30.0,17.5,23.75,23.06506752
2002,162,13,27.5,18.0,22.75,14.32829939
2002,163,0,25.5,15.5,20.5,20.26930272
2002,164,0,22.5,12.0,17.25,21.66718428
2002,165,4,20.5,11.0,15.75,15.37671223
2002,166,0,21.5,10.0,15.75,23.58927394
2002,167,3,24.0,10.0,17.0,19.7450963
2002,168,4,24.5,11.5,18.0,18.69668345
2002,169,0,25.5,14.0,19.75,22.89033315
2002,170,0,25.5,17.0,21.25,17.99774267
2002,171,3,26.5,18.5,22.5,12.7556818
2002,172,0,29.0,18.0,23.5,21.66718428
2002,173,0,30.0,18.5,24.25,22.1913907
2002,174,0,31.5,18.5,25.0,23.76400997
2002,175,0,31.5,19.0,25.25,22.89033315
2002,176,0,32.0,19.0,25.5,23.41453791
2002,177,11,30.0,17.0,23.5,17.99774267
2002,178,0,27.5,16.0,21.75,22.71559712
2002,179,0,28.0,16.0,22.0,23.41453791
2002,180,0,29.5,18.0,23.75,22.1913907
2002,181,0,31.5,20.5,26.0,21.14297953
2002,182,0,33.0,22.0,27.5,20.79350747
2002,183,0,32.0,20.5,26.25,22.01665634
2002,184,0,31.5,20.5,26.0,21.49244992
2002,185,0,30.5,17.5,24.0,24.11348036
2002,186,0,29.5,13.5,21.5,26.91256281
2002,187,0,28.0,16.0,22.0,23.09271552
2002,188,0,30.5,18.0,24.25,23.09271552
2002,189,0,32.5,21.0,26.75,21.18279104
2002,190,0,31.5,20.0,25.75,21.53004959
2002,191,0,27.0,15.5,21.25,22.60058243
2002,192,0,23.5,13.5,18.5,21.04786972
2002,193,0,26.0,11.0,18.5,26.56862219
2002,194,0,28.0,11.0,19.5,27.43123982
2002,195,0,29.0,13.5,21.25,25.87852875
2002,196,0,30.5,15.5,23.0,24.855552
2002,197,0,31.0,17.0,24.0,23.65562913
2002,198,0,31.5,18.0,24.75,22.96995775
2002,199,0,32.0,18.5,25.25,22.6514531
2002,200,0,30.0,17.5,23.75,21.79989473
2002,201,0,29.5,16.5,23.0,22.31083008
2002,202,10,33.5,19.5,26.5,16.69054448
2002,203,15,32.5,18.0,25.25,17.08978266
2002,204,0,26.5,13.5,20.0,22.50436673
2002,205,0,25.5,13.0,19.25,22.16595553
2002,206,15,27.0,16.0,21.5,14.79278602
2002,207,0,28.0,17.5,22.75,18.82718148
2002,208,4,30.5,19.5,25.0,14.28848619
2002,209,0,29.5,19.5,24.5,17.70135669
2002,210,5,29.5,18.5,24.0,14.36147819
2002,211,0,30.0,17.0,23.5,21.39955137
2002,212,0,33.0,18.5,25.75,22.06310432
2002,213,0,33.0,18.5,25.75,21.89721568
2002,214,0,30.5,13.0,21.75,24.71731125
2002,215,0,28.0,14.0,21.0,22.08079742
2002,216,16,28.5,17.5,23.0,13.74879703
2002,217,0,27.5,16.0,21.75,19.31378749
2002,218,0,25.0,11.0,18.0,22.58731074
2002,219,0,24.5,10.5,17.5,22.27212223
2002,220,0,26.5,12.5,19.5,21.94698206
2002,221,0,28.0,13.5,20.75,21.79768387
2002,222,0,29.5,14.5,22.0,21.79768387
2002,223,0,32.0,17.0,24.5,21.16730849
2002,224,4,31.5,18.5,25.0,14.432256
2002,225,11,27.5,17.0,22.25,12.740198
2002,226,0,26.0,15.0,20.5,17.8362769
2002,227,0,27.0,15.0,21.0,18.95104392
2002,228,0,28.0,16.0,22.0,18.66129468
2002,229,13,27.0,14.5,20.75,14.54948345
2002,230,0,25.5,11.0,18.25,21.3575273
2002,231,5,24.5,10.5,17.5,15.70406375
2002,232,0,25.5,10.5,18.0,21.36305703
2002,233,0,28.0,14.5,21.25,19.64777594
2002,234,22,26.5,18.5,22.5,9.599385305
2002,235,7,23.0,18.0,20.5,6.502809305
2002,236,0,24.5,17.5,21.0,11.68293835
2002,237,0,27.5,15.5,21.5,17.98557608
2002,238,0,28.0,14.5,21.25,19.07712031
2002,239,0,28.5,14.5,21.5,19.38235395
2002,240,0,27.0,14.0,20.5,18.33283612
2002,241,0,26.0,11.5,18.75,19.69643488
2002,242,0,27.0,11.5,19.25,20.15428618
2002,243,0,28.0,13.0,20.5,19.40226055
2002,244,0,29.0,15.0,22.0,18.36380188
2002,245,16,28.0,14.5,21.25,13.436928
2002,246,8,26.5,13.0,19.75,13.48558859
2002,247,0,27.5,11.5,19.5,19.56151202
2002,248,0,27.5,12.0,19.75,18.9742692
2002,249,0,28.0,12.5,20.25,18.68009476
2002,250,0,30.0,14.5,22.25,18.10169769
2002,251,0,32.0,15.5,23.75,18.24767969
2002,252,0,32.5,17.0,24.75,17.24018692
2002,253,0,29.5,15.0,22.25,16.95043615
2002,254,4,24.5,9.5,17.0,13.37057307
2002,255,0,25.0,9.5,17.25,17.69029516
2002,256,0,25.5,11.0,18.25,16.83431392
2002,257,0,23.0,11.5,17.25,14.29733455
2002,258,0,21.5,8.5,15.0,15.71291218
2002,259,0,23.0,7.0,15.0,17.41602732
2002,260,0,25.5,8.5,17.0,17.55647969
2002,261,6,25.5,12.0,18.75,11.28702046
2002,262,15,26.0,17.0,21.5,8.082063915
2002,263,8,24.5,16.0,20.25,7.741439866
2002,264,6,21.0,10.5,15.75,9.400320264
2002,265,0,19.0,6.0,12.5,14.53621247
2002,266,0,19.5,2.0,10.75,17.00462478
2002,267,0,17.5,2.0,9.75,15.77926737
2002,268,0,19.0,5.0,12.0,14.55501313
2002,269,0,23.0,9.0,16.0,14.03191219
2002,270,0,21.0,7.0,14.0,14.03191219
2002,271,0,19.5,4.0,11.75,14.85361258
2002,272,12,23.5,9.5,16.5,10.17004057
2002,273,0,27.5,16.5,22.0,10.616832
2002,274,4,27.0,16.0,21.5,7.8962685
2002,275,7,22.0,12.5,17.25,7.369850473
2002,276,8,16.5,8.5,12.5,6.524928125
2002,277,21,19.0,7.5,13.25,8.743403438
2002,278,16,17.5,5.5,11.5,8.928092113
2002,279,3,17.5,3.5,10.5,9.833840325
2002,280,3,15.5,0.5,8.0,10.1346514
2002,281,0,14.0,3.5,8.75,10.77608441
2002,282,0,16.0,5.0,10.5,10.93754928
2002,283,0,17.5,5.0,11.25,11.70063336
2002,284,0,21.0,7.0,14.0,12.22926264
2002,285,0,19.5,5.5,12.5,12.22926264
2002,286,0,14.0,-1.0,6.5,12.74683394
2002,287,0,13.5,0.0,6.75,11.87205144
2002,288,0,12.5,-1.0,5.75,11.64312505
2002,289,0,9.5,-3.0,3.25,11.14767338
2002,290,0,6.0,-2.0,2.0,7.979213124
2002,291,6,8.0,-0.5,3.75,6.260613256
2002,292,0,9.5,1.0,5.25,8.150630168
2002,293,0,7.5,0.0,3.75,7.299072
2002,294,2,9.5,0.0,4.75,8.679259571
2002,295,0,7.5,0.5,4.0,6.750535284
2002,296,0,5.5,0.0,2.75,5.494210559
2002,297,4,5.5,0.0,2.75,4.180377687
2002,298,9,6.0,1.5,3.75,3.550003125
2002,299,5,8.5,2.0,5.25,4.851670823
2002,300,0,7.5,-1.5,3.0,8.440381576
2002,301,3,7.0,-0.5,3.25,5.509693451
2002,302,0,7.0,-1.0,3.0,7.854243951
2002,303,0,7.5,-2.5,2.5,8.941362979
2002,304,0,5.5,-3.5,1.0,8.360754979
2002,305,0,5.0,-5.5,-0.25,9.086238437
2002,306,0,5.5,-5.0,0.25,8.856206756
2002,307,0,7.0,-5.5,0.75,9.568419615
2002,308,0,6.0,-4.5,0.75,8.657141839
2002,309,0,4.0,-2.0,1.0,5.640191875
2002,310,3,5.0,-1.0,2.0,4.286545772
2002,311,0,10.5,-2.5,4.0,9.24991446
2002,312,0,15.0,1.5,8.25,9.04753235
2002,313,0,16.5,6.0,11.25,7.818854749
2002,314,0,16.0,5.0,10.5,7.962623789
2002,315,16,10.5,0.5,5.5,5.750783789
2002,316,0,4.5,-1.5,1.5,5.419008107
2002,317,0,8.5,-2.5,3.0,7.992483684
2002,318,0,8.5,-2.5,3.0,7.992483684
2002,319,0,2.5,-5.0,-1.25,6.394429692
2002,320,0,2.0,-6.0,-2.0,6.611189807
2002,321,0,2.0,-7.5,-2.75,7.261470681
2002,322,0,3.0,-6.5,-1.75,7.080099571
2002,323,5,6.0,-3.5,1.25,5.149163605
2002,324,0,11.0,-2.5,4.25,7.938293679
2002,325,2,7.5,-2.0,2.75,6.582435947
2002,326,0,4.0,-3.0,0.5,5.30841625
2002,327,0,5.0,-3.0,1.0,5.839257875
2002,328,0,4.0,-4.5,-0.25,5.945426097
2002,329,0,-1.5,-9.5,-5.5,5.673369702
2002,330,0,-1.0,-10.5,-5.75,6.303744
2002,331,0,-1.0,-10.5,-5.75,6.198681702
2002,332,0,0.5,-8.5,-4.0,5.925519233
2002,333,0,6.0,-5.0,0.5,6.445301639
2002,334,0,3.5,-8.5,-2.5,6.757171281
2002,335,0,-1.5,-11.5,-6.5,6.133432494
2002,336,1,-1.0,-11.5,-6.25,6.965084045
2002,337,0,-4.0,-14.5,-9.25,6.890987491
2002,338,0,-3.5,-14.5,-9.0,6.993838446
2002,339,0,-5.0,-13.5,-9.25,5.965332821
2002,340,0,-2.5,-14.5,-8.5,7.096688912
2002,341,0,1.5,-11.5,-5.0,7.302389838
2002,342,0,-1.0,-13.0,-7.0,7.020380086
2002,343,0,-1.5,-16.0,-8.75,7.427358732
2002,344,0,3.5,-10.5,-3.5,7.223869164
2002,345,0,7.5,-6.0,0.75,7.020380086
2002,346,0,5.5,-4.0,0.75,5.799444144
2002,347,0,4.0,-2.5,0.75,3.866296177
2002,348,0,3.5,-2.0,0.75,3.35757299
2002,349,0,6.0,-4.0,1.0,5.392465982
2002,350,0,3.0,-7.5,-2.25,5.595955063
2002,351,0,2.5,-4.0,-0.75,3.968040961
2002,352,8,9.0,0.0,4.5,3.662806852
2002,353,10,8.5,1.0,4.75,3.255828448
2002,354,0,3.0,-2.0,0.5,3.154083666
2002,355,0,-1.0,-4.0,-2.5,2.03489275
2002,356,0,-1.5,-5.5,-3.5,2.645360478
2002,357,0,-1.5,-8.5,-5.0,4.476764149
2002,358,0,-3.0,-10.5,-6.75,4.680253227
2002,359,0,-4.0,-9.5,-6.75,3.662806852
2002,360,0,-1.0,-9.5,-5.25,5.188976414
2002,361,0,2.5,-8.0,-2.75,5.901189169
2002,362,0,2.0,-6.0,-2.0,4.985487336
2002,363,0,5.0,-5.0,0.0,5.697699602
2002,364,0,8.5,-2.5,3.0,6.002933711
2002,365,0,7.0,-7.0,0.0,6.613401438
2003,1,0,-1.0,-9.0,-5.0,5.392465982
2003,2,0,-2.5,-9.0,-5.75,4.578508688
2003,3,0,-0.5,-10.5,-5.5,6.376734679
2003,4,0,0.5,-11.0,-5.25,6.890987491
2003,5,2,0.0,-6.0,-3.0,4.319723429
2003,6,0,-0.5,-5.5,-3.0,3.70262015
2003,7,0,4.0,-4.5,-0.25,5.7596314
2003,8,0,9.5,-2.0,3.75,6.890987491
2003,9,0,8.5,-3.5,2.5,7.172997307
2003,10,0,-1.5,-11.0,-6.25,6.549258517
2003,11,0,-6.5,-15.5,-11.0,6.445301639
2003,12,0,-5.0,-14.5,-9.75,6.653214901
2003,13,0,-2.0,-14.5,-8.25,7.87968
2003,14,0,-8.0,-16.5,-12.25,6.408806298
2003,15,0,-6.5,-17.0,-11.75,7.354368
2003,16,0,-4.5,-16.0,-10.25,7.774617702
2003,17,0,-5.5,-16.5,-11.0,7.750287927
2003,18,0,-6.0,-16.5,-11.25,7.644119197
2003,19,0,-5.0,-17.5,-11.25,8.387297777
2003,20,0,-7.0,-18.0,-12.5,8.045567813
2003,21,0,-10.5,-19.0,-14.75,6.972825438
2003,22,0,-11.5,-20.5,-16.0,7.294648355
2003,23,0,-13.5,-22.5,-18.0,7.478231317
2003,24,0,-12.0,-21.0,-16.5,7.586611375
2003,25,0,-6.5,-16.5,-11.5,8.128512187
2003,26,0,-7.5,-20.5,-14.0,9.525288317
2003,27,0,-8.5,-22.0,-15.25,9.744260258
2003,28,2,-4.5,-15.5,-10.0,8.868372493
2003,29,0,-4.0,-14.0,-9.0,8.626176211
2003,30,0,-3.0,-13.5,-8.25,8.957952422
2003,31,6,0.0,-6.5,-3.25,4.803010988
2003,32,0,1.5,-3.0,-0.75,4.691312637
2003,33,0,1.0,-2.0,-0.5,3.35093775
2003,34,2,1.0,-4.0,-1.5,5.527388147
2003,35,3,-2.5,-13.0,-7.75,7.445053166
2003,36,0,-7.0,-18.0,-12.5,10.25187862
2003,37,0,-6.0,-19.0,-12.5,11.16315694
2003,38,0,-7.5,-19.0,-13.25,10.81147301
2003,39,0,-6.0,-19.5,-12.75,11.61658361
2003,40,0,-5.0,-21.5,-13.25,12.42169312
2003,41,1,-7.5,-21.0,-14.25,11.96052502
2003,42,0,-7.0,-20.0,-13.5,11.84440298
2003,43,4,-5.5,-20.5,-13.0,9.495429971
2003,44,0,-6.0,-18.5,-12.25,11.95720733
2003,45,0,-1.5,-16.0,-8.75,12.78001148
2003,46,0,-3.0,-15.5,-9.25,12.18834429
2003,47,0,-5.0,-16.5,-10.75,11.94393625
2003,48,0,-2.5,-15.5,-9.0,12.78001156
2003,49,0,1.5,-10.0,-4.25,12.17507324
2003,50,0,4.0,-9.0,-2.5,13.01888993
2003,51,0,7.0,-6.0,0.5,13.01667817
2003,52,0,10.0,-3.5,3.25,13.25998034
2003,53,0,5.5,-9.0,-1.75,13.99431178
2003,54,0,-5.0,-15.0,-10.0,11.66192687
2003,55,2,-7.5,-17.5,-12.5,12.0147144
2003,56,0,-8.5,-21.0,-14.75,13.87265996
2003,57,0,-5.5,-18.5,-12.0,14.37143069
2003,58,0,0.0,-15.5,-7.75,15.49615087
2003,59,0,3.5,-12.5,-4.5,15.88543473
2003,60,0,4.0,-10.0,-3.0,15.128985
2003,61,0,0.5,-13.5,-6.5,15.261696
2003,62,0,-4.0,-15.5,-9.75,13.73552664
2003,63,4,-3.5,-13.0,-8.25,9.10835735
2003,64,0,-5.5,-15.0,-10.25,12.18723887
2003,65,0,-4.5,-15.5,-10.0,13.71562007
2003,66,0,-0.5,-11.0,-5.75,13.32744191
2003,67,4,-0.5,-13.0,-6.75,11.48387375
2003,68,0,-7.0,-20.5,-13.75,16.31232031
2003,69,0,-8.5,-20.0,-14.25,15.13451463
2003,70,0,-2.5,-16.5,-9.5,17.10858175
2003,71,1,2.5,-7.0,-2.25,13.53646055
2003,72,0,1.0,-7.0,-3.0,11.943936
2003,73,0,5.5,-5.0,0.25,15.12124498
2003,74,0,13.0,-1.5,5.75,18.33283627
2003,75,0,18.0,3.0,10.5,18.61926903
2003,76,0,20.5,3.0,11.75,19.96849141
2003,77,0,15.5,2.0,8.75,17.95571719
2003,78,7,7.0,1.0,4.0,7.209492872
2003,79,6,7.0,1.5,4.25,6.85670375
2003,80,3,7.0,0.0,3.5,8.776580933
2003,81,0,8.0,1.5,4.75,10.09152026
2003,82,0,13.5,-1.0,6.25,18.11497025
2003,83,0,17.5,2.5,10.0,18.39366183
2003,84,0,16.0,1.0,8.5,18.68009466
2003,85,0,12.5,-0.5,6.0,17.55647969
2003,86,6,11.5,2.5,7.0,10.33371693
2003,87,10,8.5,0.5,4.5,9.62592812
2003,88,7,4.5,-5.0,-0.25,11.413094
2003,89,0,5.5,-6.5,-0.5,18.11828645
2003,90,0,9.5,-5.0,2.25,20.127744
2003,91,0,14.5,-0.5,7.0,20.27151415
2003,92,0,16.0,0.5,8.25,20.71720035
2003,93,0,5.5,-0.5,2.5,10.86566437
2003,94,4,0.5,-3.5,-1.5,5.8392575
2003,95,8,0.0,-8.0,-4.0,12.40842219
2003,96,0,1.0,-8.5,-3.75,18.9742692
2003,97,4,1.0,-6.5,-2.75,12.06116344
2003,98,4,1.0,-6.5,-2.75,12.44823454
2003,99,0,6.0,-8.5,-1.25,24.89646907
2003,100,0,12.5,-5.5,3.5,26.72455623
2003,101,0,17.5,-1.5,8.0,26.873856
2003,102,0,17.5,-1.0,8.25,26.7721111
2003,103,0,16.5,-0.5,8.0,26.17049118
2003,104,0,23.5,3.5,13.5,27.12047514
2003,105,0,28.0,7.5,17.75,24.241766
2003,106,0,21.0,3.0,12.0,23.96086282
2003,107,2,8.0,1.0,4.5,13.43029299
2003,108,0,8.0,2.0,5.0,11.83666108
2003,109,7,13.5,3.5,8.5,13.37388983
2003,110,6,17.5,5.5,11.5,15.0183933
2003,111,3,13.0,3.5,8.25,12.8507907
2003,112,0,11.5,0.0,5.75,20.27151425
2003,113,0,16.5,-1.0,7.75,24.949556
2003,114,0,17.0,0.5,8.75,24.49834005
2003,115,0,17.5,1.5,9.5,24.18425758
2003,116,0,18.5,1.0,9.75,25.14530283
2003,117,0,21.0,5.5,13.25,23.56383721
2003,118,0,22.0,6.5,14.25,23.5693666
2003,119,0,19.5,6.0,12.75,21.97684185
2003,120,24,14.0,6.5,10.25,10.58365424
2003,121,24,14.5,5.5,10.0,12.66831376
2003,122,0,15.5,3.0,9.25,21.95914881
2003,123,0,16.0,1.0,8.5,24.21964875
2003,124,10,15.0,3.0,9.0,15.66203922
2003,125,12,14.0,6.5,10.25,10.72963552
2003,126,3,16.5,8.0,12.25,11.86762765
2003,127,6,15.5,8.0,11.75,10.80262657
2003,128,11,13.0,8.0,10.5,7.529103316
2003,129,13,19.5,9.0,14.25,14.50082291
2003,130,18,22.5,8.0,15.25,17.79646441
2003,131,16,18.0,7.5,12.75,14.99516945
2003,132,13,16.0,7.5,11.75,13.10515216
2003,133,0,20.5,8.5,14.5,22.39488
2003,134,6,18.0,9.0,13.5,14.02748906
2003,135,6,16.5,6.5,11.5,15.86442287
2003,136,0,20.0,6.0,13.0,25.71706381
2003,137,0,19.5,8.0,13.75,23.02967742
2003,138,0,21.5,9.0,15.25,23.70207773
2003,139,5,21.0,10.0,15.5,16.4737844
2003,140,6,18.5,7.0,12.75,17.42819386
2003,141,0,16.5,2.5,9.5,26.05768678
2003,142,0,17.0,3.5,10.25,25.55007078
2003,143,0,19.0,5.5,12.25,25.54675125
2003,144,0,20.5,5.5,13.0,26.90924498
2003,145,0,22.5,7.0,14.75,27.07955568
2003,146,0,23.5,7.5,15.5,27.59823425
2003,147,0,24.5,9.0,16.75,26.91256287
2003,148,7,24.0,11.0,17.5,18.51310113
2003,149,0,23.0,10.0,16.5,25.02697025
2003,150,0,23.5,10.0,16.75,25.36095784
2003,151,8,20.5,6.5,13.5,19.66768119
2003,152,0,18.5,3.5,11.0,27.43123982
2003,153,0,20.0,6.0,13.0,26.39609965
2003,154,0,20.0,9.0,14.5,22.74545697
2003,155,0,20.5,10.5,15.5,21.0091626
2003,156,0,23.5,11.0,17.25,24.13449115
2003,157,6,22.0,12.0,17.0,15.45301928
2003,158,5,21.0,12.0,16.5,14.23761354
2003,159,9,20.0,11.0,15.5,14.41124364
2003,160,4,21.5,11.5,16.5,15.72618262
2003,161,6,23.5,13.5,18.5,15.37671223
2003,162,0,21.0,12.5,16.75,18.34721306
2003,163,0,20.5,11.5,16.0,19.57036027
2003,164,0,25.0,13.0,19.0,23.41453791
2003,165,0,26.5,14.0,20.25,23.58927394
2003,166,0,26.5,12.5,19.5,25.33662756
2003,167,0,27.5,11.0,19.25,27.43345158
2003,168,0,28.5,11.5,20.0,27.43345158
2003,169,18,29.5,14.0,21.75,19.3956259
2003,170,0,26.0,10.0,18.0,26.90924516
2003,171,0,24.0,5.5,14.75,29.00607084
2003,172,0,27.0,8.5,17.75,28.48186275
2003,173,0,29.0,11.5,20.25,27.25871722
2003,174,0,30.0,15.0,22.5,24.81242114
2003,175,5,32.0,19.0,25.5,16.42512341
2003,176,7,32.0,18.0,25.0,17.47353625
2003,177,0,27.0,14.0,20.5,23.41453791
2003,178,0,24.5,13.0,18.75,21.84192031
2003,179,15,25.0,14.5,19.75,15.2019762
2003,180,0,25.5,14.0,19.75,21.84192031
2003,181,0,27.5,13.0,20.25,25.16189153
2003,182,0,29.0,14.0,21.5,25.33662756
2003,183,0,30.5,15.5,23.0,24.98715717
2003,184,4,30.5,18.5,24.5,15.90091865
2003,185,7,31.0,18.5,24.75,16.25038905
2003,186,9,29.5,18.0,23.75,15.45301928
2003,187,12,28.5,17.5,23.0,15.10576073
2003,188,5,28.5,16.0,22.25,16.49479656
2003,189,5,27.0,14.5,20.75,16.66842666
2003,190,3,22.5,14.0,18.25,12.67494927
2003,191,15,20.5,14.5,17.5,9.316270517
2003,192,1,22.5,13.5,18.0,17.7699234
2003,193,0,25.5,12.5,19.0,22.94562915
2003,194,0,27.5,14.5,21.0,22.60058243
2003,195,0,27.5,15.5,21.5,21.2203939
2003,196,32,26.5,16.5,21.5,13.88482625
2003,197,0,26.5,14.0,20.25,22.284288
2003,198,0,28.5,15.0,21.75,23.141376
2003,199,0,27.5,12.0,19.75,25.20612823
2003,200,0,27.0,12.0,19.5,24.8655052
2003,201,0,27.5,16.5,22.0,20.09677798
2003,202,7,26.0,16.0,21.0,14.47649238
2003,203,0,24.0,12.5,18.25,21.82754272
2003,204,0,24.5,12.0,18.25,23.01198434
2003,205,0,26.5,12.5,19.5,24.36562915
2003,206,0,28.5,15.5,22.0,22.69347806
2003,207,0,29.5,19.0,24.25,19.16338083
2003,208,0,29.0,19.0,24.0,18.6590826
2003,209,0,28.0,15.5,21.75,22.04319778
2003,210,0,27.5,14.0,20.75,23.21215494
2003,211,0,28.5,16.0,22.25,21.73132863
2003,212,9,29.0,16.5,22.75,16.25702432
2003,213,6,28.5,16.0,22.25,16.25702432
2003,214,9,28.0,15.0,21.5,16.6429902
2003,215,0,26.5,15.0,20.75,20.76254208
2003,216,4,25.0,15.5,20.25,13.5851218
2003,217,0,26.0,15.5,20.75,19.31378749
2003,218,0,29.0,17.0,23.0,20.6231971
2003,219,0,28.5,15.5,22.0,21.6218419
2003,220,0,26.0,15.0,20.5,19.67099936
2003,221,0,26.0,13.5,19.75,21.15182719
2003,222,0,28.5,14.0,21.25,22.44354056
2003,223,0,26.5,16.0,21.25,18.28085699
2003,224,0,24.0,14.5,19.25,17.31870751
2003,225,0,27.0,14.5,20.75,20.3843171
2003,226,0,29.0,16.0,22.5,20.3843171
2003,227,0,31.5,18.5,25.0,19.74730629
2003,228,0,32.5,17.5,25.0,21.19163877
2003,229,0,31.5,14.5,23.0,22.7731044
2003,230,0,30.5,14.5,22.5,22.14273049
2003,231,0,31.0,17.5,24.25,19.78712092
2003,232,0,33.0,19.5,26.25,18.86810232
2003,233,0,33.5,18.0,25.75,20.42744957
2003,234,0,31.0,14.5,22.75,21.3663747
2003,235,0,29.0,14.5,21.75,20.127744
2003,236,0,30.5,16.5,23.5,19.21535938
2003,237,5,32.0,18.5,25.25,13.68133529
2003,238,0,33.0,18.0,25.5,19.07712031
2003,239,0,31.0,14.0,22.5,20.75590748
2003,240,0,30.5,13.0,21.75,20.90852346
2003,241,0,30.0,14.0,22.0,19.84794649
2003,242,0,26.0,12.5,19.25,18.1990207
2003,243,0,22.5,10.5,16.5,16.99577941
2003,244,0,23.0,9.0,16.0,18.6624
2003,245,0,26.0,9.0,17.5,20.30469177
2003,246,0,26.0,11.0,18.5,18.52415938
2003,247,0,24.5,9.5,17.0,18.52415938
2003,248,0,24.0,9.0,16.5,18.23883239
2003,249,0,28.5,12.0,20.25,18.53300824
2003,250,0,31.0,14.0,22.5,18.24767969
2003,251,0,31.5,14.0,22.75,18.24767969
2003,252,0,30.0,15.0,22.5,16.5158093
2003,253,0,29.0,15.5,22.25,15.21193012
2003,254,0,30.0,17.0,23.5,14.37696
2003,255,29,27.0,18.0,22.5,7.989165662
2003,256,38,22.5,16.5,19.5,5.706547
2003,257,51,20.0,12.5,16.25,7.21944575
2003,258,8,21.0,8.0,14.5,11.4661793
2003,259,0,24.0,9.0,16.5,16.29241369
2003,260,0,26.5,12.0,19.25,15.5901545
2003,261,0,26.5,12.5,19.5,14.91001371
2003,262,1,23.0,7.5,15.25,16.30347296
2003,263,0,18.5,4.0,11.25,15.75935947
2003,264,0,22.0,6.0,14.0,16.31232026
2003,265,3,20.0,8.0,14.0,10.14792168
2003,266,2,19.5,7.0,13.25,13.8505421
2003,267,0,20.5,6.5,13.5,14.69104181
2003,268,0,17.5,5.5,11.5,13.33076018
2003,269,1,15.0,6.0,10.5,10.65885689
2003,270,2,14.0,6.5,10.25,9.174712407
2003,271,2,12.0,4.5,8.25,9.233326554
2003,272,2,13.0,1.0,7.0,13.51544933
2003,273,0,13.0,0.0,6.5,13.934592
2003,274,0,10.5,-2.0,4.25,13.55526118
2003,275,0,10.0,-3.5,3.25,14.21328355
2003,276,2,12.0,-1.5,5.25,13.83284812
2003,277,3,13.5,1.5,7.5,9.526395311
2003,278,0,14.5,0.5,7.5,13.71562007
2003,279,0,17.0,1.0,9.0,14.49197515
2003,280,0,22.5,3.0,12.75,15.00954658
2003,281,0,26.5,9.0,17.75,13.85496654
2003,282,0,25.5,9.0,17.25,13.353984
2003,283,0,25.5,8.5,17.0,13.353984
2003,284,0,24.0,7.5,15.75,12.98571237
2003,285,7,21.5,6.0,13.75,9.455615626
2003,286,0,19.0,6.0,12.5,11.12223719
2003,287,12,18.5,5.0,11.75,8.372920249
2003,288,0,15.5,1.0,8.25,11.64312505
2003,289,0,13.5,0.0,6.75,11.14767338
2003,290,0,12.0,-1.5,5.25,11.04814125
2003,291,0,17.0,1.5,9.25,11.53916928
2003,292,0,20.5,4.0,12.25,11.556864
2003,293,0,22.5,6.0,14.25,11.31356183
2003,294,0,22.5,6.5,14.5,10.84907475
2003,295,0,15.0,0.5,7.75,10.4874387
2003,296,0,13.0,0.0,6.5,9.674588818
2003,297,0,12.5,-1.0,5.75,9.794027497
2003,298,12,12.0,0.5,6.25,6.508339063
2003,299,0,10.0,-0.5,4.75,8.046673976
2003,300,0,6.5,-1.0,2.75,5.978603661
2003,301,1,8.5,1.0,4.75,5.86137625
2003,302,1,8.0,3.0,5.5,3.985735963
2003,303,0,12.0,4.0,8.0,6.038322979
2003,304,0,15.5,4.5,10.0,7.664025488
2003,305,0,8.5,2.0,5.25,4.945674245
2003,306,20,8.0,2.5,5.25,3.220438845
2003,307,21,5.5,1.5,3.5,2.392104904
2003,308,61,6.0,1.0,3.5,2.961653716
2003,309,7,7.0,-2.0,2.5,5.076172688
2003,310,0,2.0,-5.0,-1.5,5.640191875
2003,311,0,3.5,-6.5,-1.5,7.445053166
2003,312,0,0.5,-10.5,-5.0,7.930552566
2003,313,0,2.0,-10.0,-4.0,8.265646558
2003,314,0,6.0,-5.5,0.25,7.962623789
2003,315,0,10.0,-0.5,4.75,7.299071893
2003,316,1,12.5,-0.5,6.0,8.183808107
2003,317,1,10.0,-4.0,3.0,8.320941595
2003,318,0,6.5,-2.5,2.0,6.459678532
2003,319,0,8.0,2.5,5.25,4.226826442
2003,320,0,7.5,1.5,4.5,4.660347194
2003,321,12,10.0,1.0,5.5,4.768727255
2003,322,8,12.5,1.5,7.0,5.363711875
2003,323,0,12.0,0.0,6.0,7.401922492
2003,324,0,14.0,0.0,7.0,7.831019542
2003,325,0,14.0,0.5,7.25,7.537950972
2003,326,24,6.5,1.5,4.0,2.972713049
2003,327,46,9.0,-1.5,3.75,5.096079802
2003,328,2,6.0,-8.0,-1.0,8.599634729
2003,329,0,0.0,-7.5,-3.75,6.0936194
2003,330,0,3.5,-5.5,-1.0,6.829056
2003,331,0,6.0,-4.5,0.75,7.249305702
2003,332,0,3.5,-5.5,-1.0,6.549258517
2003,333,0,1.5,-5.5,-2.0,5.405736827
2003,334,0,8.5,-4.5,2.0,7.692779713
2003,335,0,10.0,-6.0,2.0,8.108605736
2003,336,0,4.0,-7.5,-1.75,7.069040923
2003,337,0,2.5,-7.0,-2.25,6.17103375
2003,338,0,3.5,-4.0,-0.25,4.628275312
2003,339,2,5.0,-3.0,1.0,4.833976241
2003,340,0,4.5,-3.0,0.75,4.525424849
2003,341,0,3.0,-2.5,0.25,3.496919225
2003,342,0,5.0,-1.0,2.0,3.764551635
2003,343,0,4.5,-0.5,2.0,3.255828448
2003,344,22,2.5,-4.0,-0.75,3.154083666
2003,345,8,-2.5,-15.0,-8.75,5.392465982
2003,346,0,-7.5,-18.5,-13.0,6.816890519
2003,347,0,-5.5,-16.5,-11.0,6.816890519
2003,348,0,-2.0,-10.0,-6.0,5.494210524
2003,349,0,0.0,-5.5,-2.75,4.0697855
2003,350,4,2.0,-4.5,-1.25,3.459317774
2003,351,0,-0.5,-8.0,-4.25,5.188976414
2003,352,0,-3.0,-9.0,-6.0,4.476764149
2003,353,0,-3.5,-10.0,-6.75,4.781997769
2003,354,0,-1.5,-11.0,-6.25,6.308167331
2003,355,0,3.5,-7.0,-1.75,6.613401438
2003,356,0,6.0,-3.0,1.5,6.002933711
2003,357,0,3.5,-6.0,-1.25,6.206422789
2003,358,0,-0.5,-11.0,-5.75,6.715145977
2003,359,0,0.5,-11.0,-5.25,6.918635544
2003,360,0,4.0,-9.5,-2.75,7.325613706
2003,361,6,8.0,-4.0,2.0,5.188976414
2003,362,6,7.5,-0.5,3.5,4.0697855
2003,363,0,7.0,-4.5,1.25,6.816890519
2003,364,0,3.5,-5.5,-1.0,6.002933711
2003,365,0,3.5,-7.0,-1.75,6.715145977
2004,1,0,2.5,-7.0,-2.25,6.206422789
2004,2,2,5.0,-5.0,0.0,6.409912357
2004,3,0,5.0,-6.0,-0.5,6.890987491
2004,4,0,-3.0,-10.0,-6.5,5.245378588
2004,5,6,-7.0,-14.5,-10.75,4.216872963
2004,6,0,-10.5,-21.0,-15.75,6.993838446
2004,7,0,-9.5,-19.5,-14.5,6.890987491
2004,8,0,-7.0,-16.0,-11.5,6.479585633
2004,9,0,-5.5,-14.0,-9.75,6.341345255
2004,10,0,-4.0,-11.5,-7.75,5.821562849
2004,11,0,-0.5,-7.0,-3.75,5.197824062
2004,12,0,2.5,-4.5,-1.0,5.509693704
2004,13,0,1.5,-6.5,-2.5,6.198681702
2004,14,0,-1.0,-11.0,-6.0,7.354368
2004,15,0,-2.5,-13.5,-8.0,7.774617702
2004,16,0,-3.5,-11.5,-7.5,6.408806298
2004,17,5,-0.5,-7.5,-4.0,4.459069447
2004,18,0,-2.5,-17.0,-9.75,9.024307624
2004,19,0,-11.0,-18.0,-14.5,6.157763052
2004,20,0,-9.0,-17.5,-13.25,7.187373708
2004,21,0,-4.0,-17.5,-10.75,9.118310188
2004,22,0,-5.0,-22.5,-13.75,9.869229646
2004,23,0,-12.0,-21.0,-16.5,7.803371493
2004,24,4,-10.0,-20.0,-15.0,6.286049631
2004,25,0,-8.0,-17.5,-12.75,8.236892245
2004,26,0,-6.5,-12.0,-9.25,5.583789719
2004,27,5,-6.0,-13.5,-9.75,5.47430375
2004,28,0,-8.0,-19.0,-13.5,9.306316376
2004,29,0,-14.0,-24.0,-19.0,9.179136211
2004,30,0,-16.0,-25.5,-20.75,8.957952422
2004,31,0,-13.0,-24.5,-18.75,10.05281325
2004,32,0,-6.0,-18.5,-12.25,10.49960452
2004,33,7,-1.5,-9.0,-5.25,5.919990238
2004,34,6,-2.0,-11.5,-6.75,7.106641978
2004,35,0,-5.5,-22.0,-13.75,11.95720721
2004,36,0,-4.5,-17.0,-10.75,11.16315694
2004,37,10,-2.5,-8.5,-5.5,5.125939312
2004,38,0,-2.5,-11.0,-6.75,9.316270114
2004,39,0,-2.5,-15.5,-9.0,11.84661475
2004,40,0,-1.0,-12.0,-6.5,11.04150524
2004,41,0,-2.5,-11.0,-6.75,9.521970979
2004,42,0,-3.0,-11.5,-7.25,9.638093021
2004,43,0,-1.5,-11.0,-6.25,10.55047725
2004,44,0,-2.5,-14.0,-8.25,11.83998047
2004,45,0,-3.0,-15.5,-9.25,12.66167759
2004,46,0,-3.5,-19.5,-11.5,13.84501196
2004,47,0,-5.5,-19.0,-12.25,13.25776969
2004,48,0,-2.5,-15.0,-8.75,12.89945138
2004,49,0,1.5,-11.0,-4.75,13.01888993
2004,50,0,5.0,-6.0,-0.5,12.17507324
2004,51,7,3.0,-3.0,0.0,5.960908918
2004,52,4,2.0,-4.0,-1.0,6.204211082
2004,53,0,3.0,-6.5,-1.75,12.03019848
2004,54,7,3.0,-4.0,-0.5,7.242670493
2004,55,0,2.5,-3.0,-0.25,8.051097438
2004,56,0,2.5,-6.5,-2.0,12.13857791
2004,57,0,4.0,-6.5,-1.25,13.49664819
2004,58,0,5.0,-4.5,0.25,12.87180338
2004,59,0,8.0,-3.0,2.5,14.12038576
2004,60,0,8.0,-3.0,2.5,14.12038576
2004,61,0,11.5,-1.0,5.25,15.00290965
2004,62,5,12.0,1.5,6.75,10.42882536
2004,63,5,10.5,1.0,5.75,9.920102642
2004,64,0,4.5,1.0,2.75,5.901189225
2004,65,14,3.5,1.0,2.25,3.335454728
2004,66,29,4.5,0.0,2.25,5.9520612
2004,67,1,6.0,0.0,3.0,10.48080413
2004,68,0,4.0,-1.0,1.5,9.134899375
2004,69,0,2.5,-4.0,-0.75,11.74487062
2004,70,0,4.0,-4.5,-0.25,14.73970095
2004,71,0,7.5,-4.0,1.75,17.37179045
2004,72,2,5.0,-7.0,-1.0,18.18132455
2004,73,0,-1.0,-13.0,-7.0,18.44674509
2004,74,0,2.5,-10.0,-3.75,18.86810233
2004,75,4,4.5,-4.0,0.25,11.50820446
2004,76,0,1.5,-5.5,-2.0,13.76206797
2004,77,0,2.5,-4.0,-0.75,13.357301
2004,78,3,3.0,-3.5,-0.25,10.33814022
2004,79,2,2.0,-4.5,-1.25,14.14692838
2004,80,0,6.0,-5.0,0.5,19.74730628
2004,81,0,10.5,-4.0,3.25,21.53004951
2004,82,0,7.5,-7.0,0.25,21.84192026
2004,83,0,2.5,-10.5,-4.0,21.59861837
2004,84,0,8.5,-4.0,2.25,21.04123521
2004,85,7,15.0,2.5,8.75,15.5901545
2004,86,0,15.0,9.0,12.0,12.64066538
2004,87,16,16.5,9.5,13.0,9.767485749
2004,88,0,17.0,5.0,11.0,18.54406743
2004,89,5,17.5,4.5,11.0,14.55169458
2004,90,11,16.5,3.0,9.75,14.83702166
2004,91,0,12.5,1.5,7.0,18.690048
2004,92,2,7.5,-1.0,3.25,16.38973385
2004,93,0,9.5,-3.0,3.25,20.42744958
2004,94,0,11.0,-2.0,4.5,20.57232427
2004,95,0,13.5,-1.5,6.0,21.45927103
2004,96,0,10.0,-4.0,3.0,21.16730844
2004,97,0,12.0,-3.0,4.5,21.62184201
2004,98,1,17.0,0.5,8.75,21.91601645
2004,99,0,20.5,2.5,11.5,22.37718509
2004,100,0,16.0,1.5,8.75,20.89525234
2004,101,0,12.5,-0.5,6.0,20.30469177
2004,102,0,11.5,-1.5,5.0,20.30469177
2004,103,0,7.0,-3.5,1.75,18.34942496
2004,104,0,6.0,-5.5,0.25,19.70307195
2004,105,0,8.5,-4.5,2.0,21.06003364
2004,106,0,15.5,-1.5,7.0,23.3326992
2004,107,0,21.5,3.0,12.25,23.65562919
2004,108,5,24.0,7.0,15.5,16.78786587
2004,109,11,25.5,9.0,17.25,16.29462534
2004,110,13,24.5,10.5,17.5,14.91111858
2004,111,3,23.0,8.0,15.5,15.9473667
2004,112,0,14.5,3.0,8.75,18.8891133
2004,113,15,13.0,3.0,8.0,12.94258247
2004,114,0,12.0,0.5,6.25,19.3359053
2004,115,0,14.0,-0.5,6.75,22.45681146
2004,116,0,15.0,2.0,8.5,20.88640509
2004,117,5,12.5,3.5,8.0,12.0191386
2004,118,0,12.0,2.5,7.25,16.92168189
2004,119,0,10.5,-1.5,4.5,20.54356867
2004,120,0,19.0,3.5,11.25,23.41011352
2004,121,0,26.5,8.5,17.5,24.37447649
2004,122,0,19.5,5.0,12.25,22.450176
2004,123,3,10.5,3.5,7.0,10.01078784
2004,124,0,12.0,0.0,6.0,20.82889731
2004,125,0,12.0,-2.0,5.0,23.08939878
2004,126,0,17.0,2.0,9.5,23.7352553
2004,127,0,21.0,3.0,12.0,25.68609784
2004,128,0,21.5,7.5,14.5,22.58731074
2004,129,0,20.0,6.0,13.0,22.91466275
2004,130,13,17.5,6.0,11.75,15.48951442
2004,131,13,23.0,8.5,15.75,17.46690058
2004,132,8,23.5,11.0,17.25,15.81907983
2004,133,8,22.0,11.5,16.75,14.10048
2004,134,4,24.5,14.0,19.25,13.93459137
2004,135,8,26.0,13.5,19.75,15.86442287
2004,136,12,19.5,6.0,12.75,17.53436212
2004,137,6,13.5,2.5,8.0,15.86442287
2004,138,0,18.5,4.5,11.5,24.54257692
2004,139,0,22.5,10.0,16.25,22.52537758
2004,140,17,21.5,9.0,15.25,17.1461831
2004,141,0,19.0,5.5,12.25,24.53483556
2004,142,20,24.5,8.5,16.5,19.45866269
2004,143,59,25.5,8.0,16.75,20.13548509
2004,144,60,19.5,9.0,14.25,15.32805075
2004,145,30,21.0,10.5,15.75,15.15773843
2004,146,5,18.0,7.5,12.75,15.66867378
2004,147,3,16.0,7.0,11.5,14.05624287
2004,148,0,19.0,7.5,13.25,22.284288
2004,149,0,21.0,8.0,14.5,23.998464
2004,150,0,22.0,8.0,15.0,25.02697025
2004,151,9,18.0,7.0,12.5,16.56225906
2004,152,19,17.5,9.0,13.25,13.62935864
2004,153,14,20.0,12.0,16.0,12.76674102
2004,154,8,19.5,12.5,16.0,11.38655248
2004,155,0,20.5,11.0,15.75,20.14101541
2004,156,0,21.5,8.5,15.0,25.17626844
2004,157,0,23.0,8.0,15.5,27.08619291
2004,158,0,23.0,10.5,16.75,24.48175135
2004,159,2,26.0,16.0,21.0,20.31464386
2004,160,0,29.0,17.0,23.0,22.74545697
2004,161,0,30.5,20.5,25.5,19.57036027
2004,162,10,29.5,17.5,23.5,17.12406586
2004,163,42,24.5,12.5,18.5,17.99774267
2004,164,29,18.0,12.5,15.25,9.785180131
2004,165,8,22.0,13.5,17.75,14.32829939
2004,166,0,27.5,15.0,21.25,24.28821472
2004,167,3,26.5,14.5,20.5,17.82300664
2004,168,0,26.5,14.5,20.5,23.93874433
2004,169,0,28.0,15.0,21.5,24.81242114
2004,170,10,26.5,16.0,21.25,16.42512341
2004,171,0,24.0,13.5,18.75,22.5408611
2004,172,0,22.0,10.0,16.0,25.16189153
2004,173,0,21.0,10.5,15.75,23.41453791
2004,174,0,21.0,12.0,16.5,20.9682435
2004,175,6,21.0,11.5,16.25,16.42512341
2004,176,0,22.5,11.5,17.0,23.93874433
2004,177,8,20.5,8.0,14.25,19.57036027
2004,178,7,18.5,6.5,12.5,19.3956259
2004,179,0,22.0,8.5,15.25,26.90924516
2004,180,0,23.5,9.5,16.5,27.25871722
2004,181,6,23.5,11.0,17.25,19.22088987
2004,182,0,25.0,12.5,18.75,25.16189153
2004,183,0,27.5,14.0,20.75,25.51136359
2004,184,0,28.5,15.0,21.75,25.16189153
2004,185,0,28.0,14.5,21.25,25.16189153
2004,186,0,27.5,16.0,21.75,22.71559712
2004,187,18,26.0,17.0,21.5,14.41124364
2004,188,2,25.0,15.0,20.0,21.18279104
2004,189,4,22.0,14.0,18.0,13.54309646
2004,190,3,19.5,12.5,16.0,12.50131917
2004,191,0,20.0,10.5,15.25,21.53004959
2004,192,0,22.0,11.5,16.75,22.60058243
2004,193,8,24.0,13.5,18.75,16.7347816
2004,194,0,27.5,16.0,21.75,22.77310497
2004,195,0,26.5,17.0,21.75,20.01272956
2004,196,0,28.5,16.5,22.5,23.11815169
2004,197,0,29.0,15.0,22.0,25.02697025
2004,198,0,28.0,14.5,21.25,24.68413375
2004,199,0,27.5,15.0,21.25,23.65562913
2004,200,25,25.5,14.5,20.0,16.52023215
2004,201,0,24.5,13.5,19.0,22.14051775
2004,202,0,26.5,15.5,21.0,21.79989473
2004,203,0,29.0,18.0,23.5,21.11864705
2004,204,0,29.5,20.5,25.0,17.76660506
2004,205,11,27.5,18.5,23.0,13.70566741
2004,206,0,26.5,13.0,19.75,24.53483556
2004,207,0,23.0,11.5,17.25,22.69347806
2004,208,0,23.5,11.0,17.25,23.70207773
2004,209,0,25.5,11.0,18.25,25.3830761
2004,210,0,27.0,12.5,19.75,24.88209419
2004,211,0,27.0,14.0,20.5,23.3791495
2004,212,0,26.5,16.5,21.5,19.40889568
2004,213,16,24.5,17.0,20.75,11.77804784
2004,214,0,25.5,17.0,21.25,17.58412863
2004,215,5,28.0,17.5,22.75,14.99516945
2004,216,0,28.5,18.5,23.5,19.27950246
2004,217,22,29.0,18.0,23.5,15.22188342
2004,218,45,28.0,15.0,21.5,17.02232028
2004,219,0,23.5,11.0,17.25,22.91466275
2004,220,0,24.0,10.0,17.0,23.8978246
2004,221,0,23.5,12.0,17.75,21.13413088
2004,222,0,23.0,15.0,19.0,15.98496756
2004,223,0,26.5,15.5,21.0,19.86011228
2004,224,0,23.5,13.0,18.25,19.56372449
2004,225,0,16.5,9.5,13.0,14.75297249
2004,226,0,17.0,8.0,12.5,18.15478154
2004,227,0,20.0,7.0,13.5,22.77310423
2004,228,0,21.5,7.5,14.5,23.41011352
2004,229,0,23.0,9.0,16.0,22.93125156
2004,230,0,23.5,11.5,17.5,20.87534595
2004,231,5,24.0,12.0,18.0,15.38998277
2004,232,0,25.5,10.0,17.75,23.08497341
2004,233,6,23.0,8.0,15.5,17.15281975
2004,234,0,21.0,7.5,14.25,21.67492618
2004,235,0,21.5,7.5,14.5,21.676032
2004,236,0,24.0,11.0,17.5,20.4374013
2004,237,0,24.5,12.5,18.5,19.06163591
2004,238,13,22.5,15.5,19.0,9.377095227
2004,239,9,24.0,18.0,21.0,8.088699303
2004,240,9,26.0,19.0,22.5,9.309634564
2004,241,18,27.5,17.5,22.5,12.27239462
2004,242,3,25.0,13.5,19.25,13.78750499
2004,243,6,19.0,10.0,14.5,11.88200502
2004,244,0,22.5,11.0,16.75,18.34942496
2004,245,0,25.0,11.5,18.25,19.55819577
2004,246,6,26.5,13.0,19.75,14.33272377
2004,247,0,27.5,16.0,21.75,16.89403279
2004,248,0,28.5,14.5,21.5,18.82054564
2004,249,0,28.5,15.5,22.0,17.79757142
2004,250,0,28.0,17.5,22.75,15.44417306
2004,251,5,26.5,15.5,21.0,11.9704776
2004,252,0,22.5,9.5,16.0,18.24767969
2004,253,0,21.0,9.5,15.25,16.80556145
2004,254,0,21.0,9.5,15.25,16.66068537
2004,255,0,22.5,10.5,16.5,16.67727415
2004,256,0,27.0,13.0,20.0,17.26230522
2004,257,0,28.5,13.5,21.0,17.5476323
2004,258,0,28.5,14.0,21.25,16.9869315
2004,259,0,28.5,16.0,22.25,15.42979557
2004,260,0,26.5,16.0,21.25,13.62382797
2004,261,10,23.0,10.0,16.5,12.2193096
2004,262,0,21.5,7.5,14.5,16.86085746
2004,263,0,23.5,9.0,16.25,16.86085746
2004,264,0,25.5,12.0,18.75,15.75935947
2004,265,0,25.5,12.0,18.75,15.62112026
2004,266,0,26.0,9.0,17.5,17.14175938
2004,267,0,26.5,9.0,17.75,17.14175938
2004,268,0,27.0,10.0,18.5,16.45940818
2004,269,0,25.0,11.0,18.0,14.82706919
2004,270,0,22.0,8.5,15.25,14.43667916
2004,271,0,22.5,6.0,14.25,15.92082428
2004,272,0,24.0,6.0,15.0,16.057959
2004,273,0,22.0,5.0,13.5,15.52269421
2004,274,0,18.5,2.5,10.5,14.99627545
2004,275,0,20.5,3.0,11.75,15.2661196
2004,276,0,21.5,2.0,11.75,15.66093202
2004,277,14,17.5,1.0,9.25,10.83138094
2004,278,0,16.0,1.5,8.75,13.31085313
2004,279,0,17.5,0.5,9.0,14.23319013
2004,280,0,13.5,-2.5,5.5,13.71562007
2004,281,0,18.0,2.0,10.0,13.21353292
2004,282,0,23.0,7.5,15.25,12.44381208
2004,283,15,22.0,9.5,15.75,7.885209358
2004,284,0,21.0,5.5,13.25,12.20935728
2004,285,0,19.5,2.0,10.75,12.85963701
2004,286,0,19.5,1.5,10.5,12.85963701
2004,287,0,17.0,2.5,9.75,11.24720662
2004,288,0,16.0,4.5,10.25,9.372672187
2004,289,0,13.5,6.0,9.75,6.440877714
2004,290,0,9.5,4.5,7.0,4.45906923
2004,291,3,8.0,2.0,5.0,4.050985067
2004,292,0,7.5,1.0,4.25,5.769584641
2004,293,0,11.5,2.5,7.0,7.664025832
2004,294,4,10.5,6.0,8.25,3.04128
2004,295,0,10.5,4.5,7.5,5.303992217
2004,296,0,12.5,3.0,7.75,7.955988034
2004,297,15,15.5,5.5,10.5,6.091407372
2004,298,15,18.0,8.0,13.0,5.971968125
2004,299,0,20.0,6.5,13.25,9.70334165
2004,300,0,17.5,4.5,11.0,9.466675
2004,301,0,15.0,6.0,10.5,7.150878911
2004,302,7,11.0,7.5,9.25,2.3445505
2004,303,0,13.5,8.0,10.75,4.806328411
2004,304,7,19.0,10.0,14.5,5.341593488
2004,305,6,19.0,8.5,13.75,6.038322979
2004,306,0,11.0,4.0,7.5,6.210846562
2004,307,7,9.0,4.0,6.5,3.45047025
2004,308,9,8.0,3.5,5.75,3.189473295
2004,309,0,9.0,3.5,6.25,5.239848964
2004,310,3,10.5,3.0,6.75,5.076172688
2004,311,0,12.0,0.0,6.0,9.024307
2004,312,0,14.5,2.0,8.25,9.024307
2004,313,0,16.0,0.5,8.25,9.494323624
2004,314,0,9.5,-2.0,3.75,8.600740011
2004,315,0,7.5,-1.5,3.0,7.520256211
2004,316,0,13.5,0.0,6.75,8.84736
2004,317,0,12.5,-2.5,5.0,9.068543789
2004,318,0,5.5,-6.5,-0.5,8.430427567
2004,319,0,6.0,-7.0,-0.5,8.539914059
2004,320,0,9.0,-6.0,1.5,8.670413
2004,321,0,8.5,-2.5,3.0,7.478231317
2004,322,3,8.5,4.5,6.5,2.492743686
2004,323,0,13.5,7.5,10.5,4.612792417
2004,324,3,15.5,7.5,11.5,4.2909695
2004,325,5,11.5,6.0,8.75,3.11095299
2004,326,6,9.5,3.5,6.5,3.39738645
2004,327,0,7.0,-2.5,2.25,6.476267722
2004,328,0,6.0,-2.0,2.0,5.733089652
2004,329,0,7.0,-2.0,2.5,6.263931277
2004,330,0,6.0,-4.0,1.0,6.5138686
2004,331,0,1.5,-8.0,-3.25,6.408806298
2004,332,0,4.0,-5.0,-0.5,5.9885566
2004,333,9,5.5,-2.0,1.75,3.846389855
2004,334,10,5.0,-3.0,1.0,4.054302869
2004,335,0,4.5,-4.5,0.0,5.821562849
2004,336,0,2.5,-7.0,-2.25,6.029476111
2004,337,0,3.0,-6.5,-1.75,5.925519233
2004,338,0,4.0,-6.0,-1.0,5.862481866
2004,339,0,3.5,-8.0,-2.25,6.273884213
2004,340,0,4.5,-6.0,-0.75,5.862481866
2004,341,0,6.5,-3.5,1.5,5.656780937
2004,342,8,5.5,-1.5,2.0,3.291218048
2004,343,11,5.5,1.0,3.25,2.238382074
2004,344,6,4.0,1.0,2.5,1.627914224
2004,345,4,5.0,1.5,3.25,1.831403426
2004,346,8,4.5,1.0,2.75,1.933148088
2004,347,7,4.0,-1.0,1.5,2.747105261
2004,348,0,3.5,-4.5,-0.5,5.290720956
2004,349,0,2.0,-9.0,-3.5,6.308167331
2004,350,0,-3.5,-12.5,-8.0,5.799444144
2004,351,0,-1.0,-11.0,-6.0,6.10467825
2004,352,0,3.0,-9.0,-3.0,6.409912357
2004,353,0,1.5,-11.5,-5.0,6.613401438
2004,354,0,0.5,-13.0,-6.25,6.613401438
2004,355,0,-3.0,-18.5,-10.75,6.816890519
2004,356,2,-6.5,-16.5,-11.5,6.511656899
2004,357,2,-2.5,-13.5,-8.0,6.816890519
2004,358,0,-6.0,-20.0,-13.0,7.427358732
2004,359,0,-13.0,-21.0,-17.0,5.595955063
2004,360,0,-12.0,-23.0,-17.5,6.816890519
2004,361,0,-10.0,-20.0,-15.0,6.511656899
2004,362,1,-7.5,-17.5,-12.5,6.511656899
2004,363,0,-5.5,-15.5,-10.5,6.409912357
2004,364,0,-0.5,-10.0,-5.25,6.206422789
2004,365,0,1.5,-7.5,-3.0,6.002933711
2004,366,0,4.0,-6.0,-1.0,6.308167331
2005,1,0,3.5,-7.0,-1.75,6.816890519
2005,2,10,1.5,-6.0,-2.25,4.171530039
2005,3,0,-1.0,-6.0,-3.5,4.1140225
2005,4,1,-3.5,-7.5,-5.5,3.394068514
2005,5,4,-5.0,-10.0,-7.5,3.188367339
2005,6,12,-7.0,-12.5,-9.75,3.496919225
2005,7,0,-6.0,-17.0,-11.5,7.610941724
2005,8,0,-5.5,-13.0,-9.25,6.068183287
2005,9,0,-3.5,-10.5,-7.0,5.821562849
2005,10,0,-2.5,-10.0,-6.25,6.133432494
2005,11,0,-3.0,-8.5,-5.75,4.781998037
2005,12,9,1.5,-4.5,-1.5,3.846389855
2005,13,14,1.0,-7.5,-3.25,5.25312
2005,14,0,-6.0,-22.5,-14.25,9.350553199
2005,15,0,-15.0,-22.0,-18.5,6.303744
2005,16,0,-13.0,-22.0,-17.5,7.5644926
2005,17,0,-13.5,-22.0,-17.75,7.431782749
2005,18,0,-11.0,-21.5,-16.25,8.493465999
2005,19,3,-0.5,-17.0,-8.75,7.431782749
2005,20,1,-3.0,-9.5,-6.25,6.329180117
2005,21,4,-5.5,-9.5,-7.5,3.11095299
2005,22,10,-6.0,-13.0,-9.5,5.149163605
2005,23,0,-6.5,-23.5,-15.0,10.72963567
2005,24,0,-3.5,-17.5,-10.5,10.29611544
2005,25,0,2.0,-6.0,-2.0,7.803371493
2005,26,0,2.0,-9.5,-3.75,9.853746751
2005,27,0,-5.0,-20.0,-12.5,10.9486075
2005,28,0,-5.0,-19.0,-12.0,10.83912101
2005,29,0,-3.0,-12.0,-7.5,9.068543789
2005,30,0,0.0,-5.5,-2.75,6.193151893
2005,31,0,1.0,-2.5,-0.75,4.244521097
2005,32,0,1.5,-2.0,-0.25,4.356219183
2005,33,0,2.0,-3.5,-0.75,6.590177683
2005,34,0,3.0,-6.5,-1.75,10.03954111
2005,35,0,7.0,-6.5,0.25,11.61879548
2005,36,0,8.5,-3.5,2.5,11.27706605
2005,37,0,7.0,-0.5,3.25,8.543232187
2005,38,5,4.0,-2.5,0.75,5.980814881
2005,39,1,-1.0,-6.5,-3.75,7.015956064
2005,40,4,-4.5,-10.5,-7.5,5.865799314
2005,41,0,-3.0,-11.5,-7.25,10.33482196
2005,42,2,0.0,-9.5,-4.75,11.14767404
2005,43,0,5.5,-5.5,0.0,12.0744353
2005,44,0,6.5,-3.5,1.5,11.7227525
2005,45,11,3.0,-1.0,1.0,4.378337243
2005,46,3,1.5,-3.5,-1.0,5.443338011
2005,47,0,-0.5,-9.0,-4.75,11.46617925
2005,48,0,-3.0,-12.5,-7.75,12.54113306
2005,49,0,-5.0,-15.5,-10.25,13.62161631
2005,50,0,-2.0,-12.5,-7.25,13.62161631
2005,51,5,0.5,-4.5,-2.0,5.960908918
2005,52,4,0.5,-4.5,-2.0,6.08256
2005,53,3,0.0,-9.0,-4.5,9.943327592
2005,54,0,-0.5,-13.0,-6.75,15.71291223
2005,55,0,0.5,-11.5,-5.5,15.73060553
2005,56,1,2.0,-9.0,-3.5,15.23515385
2005,57,0,2.0,-10.0,-4.0,16.24596512
2005,58,0,0.5,-7.5,-3.5,13.37167875
2005,59,2,0.0,-7.0,-3.5,12.48141215
2005,60,5,-2.5,-12.5,-7.5,11.85103777
2005,61,0,-3.5,-15.5,-9.5,17.29658928
2005,62,0,-2.0,-16.0,-9.0,18.18685464
2005,63,0,2.0,-12.0,-5.0,18.2167147
2005,64,0,6.5,-3.5,1.5,15.6509802
2005,65,0,8.5,0.5,4.5,13.84501197
2005,66,3,11.5,-1.0,5.25,13.32744191
2005,67,0,2.0,-10.0,-4.0,18.13929969
2005,68,0,-1.5,-10.5,-6.0,15.6598275
2005,69,3,-0.5,-10.0,-5.25,12.37082015
2005,70,6,0.5,-9.0,-4.25,12.37082015
2005,71,3,-1.0,-13.5,-7.25,14.46543309
2005,72,0,-3.0,-15.0,-9.0,19.11029709
2005,73,0,0.0,-10.0,-5.0,17.66375464
2005,74,0,1.5,-8.5,-3.5,17.79757148
2005,75,0,3.5,-7.0,-1.75,18.21450206
2005,76,0,3.0,-6.5,-1.75,17.13512391
2005,77,7,1.0,-4.0,-1.5,7.889633684
2005,78,11,1.0,-4.5,-1.75,8.705802532
2005,79,0,1.5,-6.5,-2.5,16.18182111
2005,80,0,3.5,-7.5,-2.0,20.02157547
2005,81,0,3.5,-6.0,-1.25,18.38592026
2005,82,0,4.0,-4.0,0.0,16.44281941
2005,83,0,6.5,-5.0,0.75,20.76254229
2005,84,0,6.5,-3.0,1.75,18.82054569
2005,85,0,5.5,-4.5,0.5,19.66325725
2005,86,0,9.5,-4.0,2.75,23.07391421
2005,87,0,14.0,-2.0,6.0,24.20637793
2005,88,0,18.5,2.0,10.25,24.25282475
2005,89,0,19.0,5.5,12.25,22.25553385
2005,90,10,17.5,2.5,10.0,17.68366107
2005,91,0,12.0,-0.5,5.75,22.14051785
2005,92,0,12.5,0.0,6.25,22.45570637
2005,93,0,15.0,-0.5,7.25,24.62883925
2005,94,0,19.5,0.5,10.0,25.98469476
2005,95,0,21.0,4.5,12.75,24.67086238
2005,96,0,24.0,7.5,15.75,24.56359066
2005,97,0,21.5,4.5,13.0,25.15193955
2005,98,0,18.0,1.5,9.75,25.19285675
2005,99,0,19.5,3.5,11.5,24.74827806
2005,100,0,22.0,6.0,14.0,24.48506823
2005,101,0,23.5,7.0,15.25,24.634368
2005,102,5,18.0,3.0,10.5,18.048615
2005,103,0,12.0,0.5,6.25,20.9063118
2005,104,0,16.5,0.5,8.5,25.30234442
2005,105,0,19.5,0.5,10.0,26.81745479
2005,106,0,20.5,4.0,12.25,25.18179881
2005,107,4,21.5,7.0,14.25,17.24571705
2005,108,0,24.5,7.5,16.0,24.90310692
2005,109,0,26.0,10.5,18.25,23.21215471
2005,110,3,23.5,9.5,16.5,14.708736
2005,111,0,16.0,2.5,9.25,19.8180867
2005,112,2,14.0,1.0,7.5,19.49184062
2005,113,3,10.5,-1.0,4.75,13.56632078
2005,114,0,10.0,-1.0,4.5,17.5885511
2005,115,0,14.0,1.0,7.5,19.78712092
2005,116,3,14.5,2.0,8.25,14.39133779
2005,117,2,10.0,0.0,5.0,16.60538906
2005,118,0,10.5,-1.5,4.5,19.58805473
2005,119,0,12.0,-1.5,5.25,21.33983104
2005,120,0,11.5,-0.5,5.5,19.88444099
2005,121,0,9.5,-1.0,4.25,18.12049951
2005,122,1,6.5,-1.5,2.5,14.69325419
2005,123,0,7.0,-2.5,2.25,17.27668247
2005,124,0,13.5,-2.0,5.75,24.21964875
2005,125,0,18.5,1.5,10.0,25.36095767
2005,126,9,22.5,6.5,14.5,18.04529698
2005,127,0,21.5,7.0,14.25,23.24201476
2005,128,0,21.0,7.0,14.0,22.91466275
2005,129,4,26.0,13.0,19.5,15.98386096
2005,130,13,24.0,12.0,18.0,15.32473329
2005,131,17,20.0,6.0,13.0,17.46690058
2005,132,5,11.0,2.0,6.5,13.27104
2005,133,13,11.0,4.0,7.5,10.78272
2005,134,2,14.0,5.0,9.5,18.03534422
2005,135,0,13.0,5.5,9.25,15.86442287
2005,136,0,13.5,6.0,9.75,16.19841041
2005,137,0,18.5,7.0,12.75,22.69347806
2005,138,8,22.0,10.0,16.0,17.1461831
2005,139,12,22.0,11.0,16.5,16.30568392
2005,140,0,21.5,8.5,15.0,24.70404197
2005,141,0,22.0,7.5,14.75,26.22689319
2005,142,0,22.5,11.0,16.75,22.84277794
2005,143,0,23.0,10.5,16.75,24.18425753
2005,144,0,21.0,6.5,13.75,26.56862195
2005,145,0,22.0,8.0,15.0,25.88737428
2005,146,0,22.0,9.5,15.75,24.51271713
2005,147,4,20.5,7.0,13.75,19.02735425
2005,148,0,18.5,7.0,12.75,23.48421087
2005,149,1,18.5,8.0,13.25,22.11286975
2005,150,0,22.0,8.5,15.25,25.87852875
2005,151,0,24.5,9.0,16.75,27.43123982
2005,152,0,25.5,9.0,17.25,27.77628818
2005,153,0,27.0,11.5,19.25,26.56862219
2005,154,0,26.5,12.0,19.25,25.87078553
2005,155,0,24.0,14.5,19.25,19.44649667
2005,156,11,28.5,16.5,22.5,16.84205511
2005,157,0,28.5,15.5,22.0,24.30812125
2005,158,0,29.5,17.0,23.25,23.43997406
2005,159,0,31.5,18.0,24.75,24.30812125
2005,160,0,29.0,17.5,23.25,22.36612673
2005,161,4,30.0,17.5,23.75,17.47353625
2005,162,4,31.5,18.5,25.0,17.47353625
2005,163,0,31.0,19.5,25.25,21.66718428
2005,164,0,30.0,18.5,24.25,21.84192031
2005,165,4,29.0,19.0,24.0,14.32829939
2005,166,7,24.0,13.5,18.75,15.72618262
2005,167,0,22.0,9.5,15.75,24.28821472
2005,168,0,24.5,9.0,16.75,27.25871722
2005,169,0,23.0,9.0,16.0,25.86083398
2005,170,0,24.0,9.5,16.75,26.21030437
2005,171,0,28.0,12.0,20.0,27.08398119
2005,172,0,30.5,17.0,23.75,23.93874433
2005,173,0,31.0,15.5,23.25,26.03556835
2005,174,0,30.5,17.0,23.75,23.76400997
2005,175,0,34.0,20.5,27.25,23.06506752
2005,176,8,33.5,19.5,26.5,17.47353625
2005,177,4,28.5,18.0,23.25,14.67776978
2005,178,0,30.0,19.0,24.5,20.26930272
2005,179,0,32.5,18.5,25.5,23.76400997
2005,180,0,30.0,18.5,24.25,20.9682435
2005,181,5,31.0,19.0,25.0,16.07565302
2005,182,0,27.0,13.0,20.0,25.16189153
2005,183,0,23.0,9.0,16.0,25.86083398
2005,184,0,26.0,13.0,19.5,24.28821472
2005,185,13,26.0,16.0,21.0,14.67776978
2005,186,0,25.5,14.5,20.0,21.18279104
2005,187,0,26.0,13.5,19.75,23.26634396
2005,188,0,25.5,12.0,18.75,24.65537979
2005,189,0,28.0,13.5,20.75,25.34989854
2005,190,0,29.5,15.5,22.5,24.30812125
2005,191,0,31.5,16.0,23.75,25.36095784
2005,192,0,31.5,16.0,23.75,25.18843531
2005,193,0,29.5,18.0,23.75,20.702823
2005,194,0,30.0,18.0,24.0,21.2203939
2005,195,0,32.0,17.0,24.5,24.49834022
2005,196,0,32.5,16.0,24.25,25.36980513
2005,197,0,33.5,17.0,25.25,25.02697025
2005,198,0,34.5,19.5,27.0,23.31279425
2005,199,0,33.5,19.5,26.5,22.31083008
2005,200,0,30.5,15.0,22.75,24.52488055
2005,201,0,30.0,17.5,23.75,21.11864705
2005,202,14,28.0,17.0,22.5,14.47649238
2005,203,25,27.5,16.5,22.0,14.55169622
2005,204,0,29.0,18.0,23.5,19.12025148
2005,205,14,30.0,20.5,25.25,12.52122659
2005,206,34,32.5,20.0,26.25,15.12898538
2005,207,39,27.5,16.5,22.0,14.45658667
2005,208,0,22.5,12.0,17.25,19.49958179
2005,209,0,24.0,12.0,18.0,21.37522272
2005,210,0,25.5,13.5,19.5,21.04123519
2005,211,0,27.5,14.5,21.0,21.56544
2005,212,0,29.0,17.5,23.25,19.40889568
2005,213,0,30.5,17.5,24.0,21.06777568
2005,214,0,32.0,18.5,25.25,20.92732321
2005,215,0,31.5,20.5,26.0,17.96124555
2005,216,4,30.5,20.0,25.25,13.094093
2005,217,0,27.5,12.5,20.0,23.07833954
2005,218,0,28.0,12.5,20.25,23.40569155
2005,219,0,29.5,13.5,21.5,23.24754427
2005,220,0,31.0,15.5,23.25,22.43469309
2005,221,0,33.0,18.0,25.5,21.31329059
2005,222,4,32.0,17.5,24.75,15.82350416
2005,223,12,27.5,17.0,22.25,12.828672
2005,224,21,24.5,17.0,20.75,9.942220494
2005,225,0,26.0,14.5,20.25,18.79179235
2005,226,0,24.0,12.0,18.0,19.74730629
2005,227,0,26.5,12.0,19.25,21.97684185
2005,228,0,27.5,13.0,20.25,21.66607876
2005,229,0,28.0,13.0,20.5,21.82422593
2005,230,10,28.0,15.5,21.75,14.44773835
2005,231,32,28.5,19.0,23.75,11.62100733
2005,232,0,28.5,18.0,23.25,16.68501528
2005,233,0,27.5,13.0,20.25,21.05118787
2005,234,0,24.0,9.5,16.75,21.2115453
2005,235,0,21.5,8.5,15.0,19.97291461
2005,236,0,23.0,10.0,16.5,19.52280483
2005,237,0,25.0,13.5,19.25,17.52440716
2005,238,0,26.5,15.0,20.75,17.09309951
2005,239,9,27.0,15.5,21.25,12.66720818
2005,240,0,28.0,13.0,20.5,19.84794649
2005,241,0,27.0,13.0,20.0,19.0903913
2005,242,0,27.0,12.5,19.75,19.25185629
2005,243,0,25.5,12.0,18.75,18.49983066
2005,244,0,27.0,13.0,20.0,18.51310023
2005,245,0,27.0,12.0,19.5,19.11029788
2005,246,0,26.5,10.0,18.25,19.85789829
2005,247,0,27.0,13.5,20.25,17.48680673
2005,248,0,28.5,14.5,21.5,17.35630905
2005,249,0,30.0,15.5,22.75,17.50339558
2005,250,0,30.0,15.0,22.5,17.66375449
2005,251,0,28.5,13.5,21.0,17.8097351
2005,252,0,25.5,12.5,19.0,16.5158093
2005,253,0,30.5,15.0,22.75,17.385063
2005,254,0,32.5,18.0,25.25,15.95842615
2005,255,0,32.5,17.5,25.0,16.12099555
2005,256,10,31.0,17.0,24.0,11.55575822
2005,257,4,28.0,11.0,19.5,13.30642913
2005,258,0,21.5,7.0,14.25,16.70381624
2005,259,0,22.5,7.5,15.0,16.71376813
2005,260,0,25.5,8.0,16.75,17.69693206
2005,261,0,27.0,12.0,19.5,15.60674333
2005,262,12,26.5,13.0,19.75,10.86898242
2005,263,0,27.5,11.0,19.25,16.03584053
2005,264,0,29.0,13.0,21.0,15.48287974
2005,265,12,27.5,13.5,20.5,10.55932351
2005,266,6,22.0,7.5,14.75,11.1078606
2005,267,0,20.0,10.0,15.0,11.15430907
2005,268,20,21.0,14.5,17.75,5.577154531
2005,269,15,21.0,12.0,16.5,7.420723063
2005,270,0,21.0,6.5,13.75,14.43667916
2005,271,0,21.5,5.0,13.25,15.25506054
2005,272,9,17.0,2.5,9.75,10.705306
2005,273,0,18.0,5.0,11.5,13.00561945
2005,274,0,23.5,9.5,16.5,13.02884252
2005,275,0,26.0,11.0,18.5,13.29205248
2005,276,0,27.5,16.0,21.75,10.57038406
2005,277,0,30.0,19.5,24.75,9.395896251
2005,278,6,29.0,15.5,22.25,8.669306466
2005,279,5,23.0,3.5,13.25,11.12776732
2005,280,0,10.0,2.5,6.25,7.953776705
2005,281,0,11.0,1.5,6.25,9.749790975
2005,282,0,13.5,2.0,7.75,11.06472936
2005,283,0,15.0,3.0,9.0,11.31909072
2005,284,0,15.5,3.0,9.25,11.34673875
2005,285,0,17.5,6.5,12.0,10.21206536
2005,286,0,18.0,7.5,12.75,9.747579313
2005,287,0,20.0,5.5,12.75,11.87205144
2005,288,0,21.0,4.0,12.5,12.63402959
2005,289,0,17.5,1.5,9.5,12.26244024
2005,290,2,19.0,3.0,11.0,12.03019848
2005,291,0,22.5,4.5,13.5,12.2757125
2005,292,0,20.5,3.0,11.75,12.04346834
2005,293,0,14.0,0.5,7.25,10.70530583
2005,294,0,14.0,0.5,7.25,10.4874387
2005,295,1,11.5,0.0,5.75,9.40253168
2005,296,2,7.5,1.0,4.25,5.852528878
2005,297,3,8.0,1.0,4.5,4.658135253
2005,298,0,9.5,0.0,4.75,7.928340087
2005,299,0,10.0,-1.0,4.5,8.75667449
2005,300,0,10.5,-3.0,3.75,9.847111652
2005,301,0,12.5,-4.0,4.25,10.66770522
2005,302,0,15.5,-2.5,6.5,10.78493208
2005,303,0,16.5,3.0,9.75,9.173606512
2005,304,0,14.5,4.5,9.5,7.431782512
2005,305,0,13.0,0.0,6.5,8.856206756
2005,306,0,13.0,-0.5,6.25,8.97122287
2005,307,0,18.0,1.5,9.75,9.454510504
2005,308,0,17.0,4.0,10.5,8.201502683
2005,309,0,13.5,1.5,7.5,7.896268625
2005,310,32,11.5,3.0,7.25,4.5121535
2005,311,0,12.5,2.0,7.25,6.99383771
2005,312,0,16.0,1.0,8.5,8.489042191
2005,313,0,14.5,-0.5,7.0,8.377344374
2005,314,0,8.5,-3.5,2.5,7.299071893
2005,315,0,11.0,-1.5,4.75,7.409663789
2005,316,0,16.0,3.5,9.75,7.077888107
2005,317,4,14.5,3.0,8.75,5.036359344
2005,318,2,6.5,-2.5,2.0,5.693275692
2005,319,10,5.0,-2.5,1.25,3.68492563
2005,320,16,3.0,-6.0,-1.5,4.877107312
2005,321,0,-3.5,-12.5,-8.0,6.611189807
2005,322,0,-1.0,-9.5,-5.25,6.329180117
2005,323,0,5.0,-5.0,0.0,6.972825438
2005,324,0,6.0,0.0,3.0,4.505517771
2005,325,0,5.5,-1.5,2.0,5.202248027
2005,326,0,5.5,-5.0,0.25,7.007109347
2005,327,3,3.5,-6.0,-1.25,4.883742847
2005,328,0,1.0,-11.5,-5.25,7.750287927
2005,329,0,-5.5,-12.0,-8.75,4.727808
2005,330,6,-2.5,-11.0,-6.75,4.4126206
2005,331,8,6.5,-5.0,0.75,5.358182298
2005,332,13,12.5,0.0,6.25,5.405736827
2005,333,2,9.5,-5.0,2.25,7.796736094
2005,334,3,-2.0,-8.0,-5.0,3.326607449
2005,335,5,-5.0,-10.0,-7.5,2.806825043
2005,336,0,-6.0,-14.5,-10.25,6.029476111
2005,337,0,-7.0,-14.0,-10.5,5.142528125
2005,338,7,-7.0,-15.5,-11.25,4.525424849
2005,339,0,-8.0,-20.5,-14.25,7.508091258
2005,340,0,-11.5,-22.0,-16.75,6.890987491
2005,341,0,-10.5,-22.5,-16.5,7.302389838
2005,342,0,-7.0,-19.5,-13.25,7.325613706
2005,343,5,-7.0,-16.5,-11.75,4.781997769
2005,344,0,-5.0,-14.0,-9.5,6.10467825
2005,345,3,-2.5,-11.0,-6.75,4.476764149
2005,346,0,-4.0,-16.5,-10.25,7.325613706
2005,347,0,-4.0,-14.0,-9.0,6.613401438
2005,348,6,-1.0,-6.0,-3.5,2.848849801
2005,349,4,0.5,-5.5,-2.5,3.35757299
2005,350,2,-2.0,-10.5,-6.25,6.002933711
2005,351,0,-6.5,-15.5,-11.0,6.206422789
2005,352,0,-9.5,-20.5,-15.0,6.918635544
2005,353,0,-11.0,-22.5,-16.75,7.122124625
2005,354,0,-9.5,-20.0,-14.75,6.715145977
2005,355,0,-6.5,-16.0,-11.25,6.308167331
2005,356,0,-4.0,-13.0,-8.5,6.10467825
2005,357,0,3.5,-7.0,-1.75,6.613401438
2005,358,0,4.0,-2.0,1.0,4.375019607
2005,359,0,2.5,-1.5,0.5,3.052339125
2005,360,0,2.5,-1.5,0.5,3.154083666
2005,361,0,2.5,-1.5,0.5,3.154083666
2005,362,0,1.0,-2.0,-0.5,2.543615938
2005,363,0,0.5,-2.0,-0.75,2.238382074
2005,364,0,1.0,-2.5,-0.75,3.052339125
2005,365,0,1.0,-2.5,-0.75,3.052339125
2006,1,0,2.0,-3.0,-0.5,3.561062313
2006,2,8,3.0,-0.5,1.25,1.933148088
2006,3,14,3.0,0.0,1.5,1.748459612
2006,4,2,3.0,0.0,1.5,2.262712424
2006,5,0,2.0,-2.5,-0.25,3.394068514
2006,6,0,2.0,-4.5,-1.25,4.628275312
2006,7,0,0.5,-4.5,-2.0,3.805470861
2006,8,0,2.5,-3.5,-0.5,4.422574383
2006,9,0,2.5,-4.5,-1.0,5.093867682
2006,10,0,1.5,-11.0,-4.75,7.172997307
2006,11,0,2.5,-7.0,-2.25,6.341345255
2006,12,0,6.5,-2.0,2.25,5.925519233
2006,13,0,7.0,-3.0,2.0,6.6189314
2006,14,0,2.5,-5.5,-1.5,5.883494298
2006,15,0,3.0,-4.0,-0.5,5.358182298
2006,16,0,5.5,-2.5,1.5,5.9885566
2006,17,0,4.5,-4.0,0.25,6.3700995
2006,18,0,0.0,-11.0,-5.5,7.431782749
2006,19,0,1.5,-7.0,-2.75,6.476267722
2006,20,0,4.5,-6.0,-0.75,7.401922492
2006,21,7,1.5,-11.0,-4.75,6.758277167
2006,22,0,0.5,-11.0,-5.25,8.903761917
2006,23,0,1.0,-11.5,-5.25,9.320694388
2006,24,0,3.0,-10.0,-3.5,9.537454506
2006,25,0,3.0,-6.5,-1.75,8.345272306
2006,26,0,3.5,-9.0,-2.75,9.634774809
2006,27,0,8.5,-5.5,1.5,9.963233243
2006,28,16,8.5,-2.5,3.0,6.897622934
2006,29,21,6.0,-1.0,2.5,5.419008107
2006,30,4,2.5,-4.0,-0.75,5.197823789
2006,31,0,0.5,-8.0,-3.75,8.600740011
2006,32,0,3.5,-5.5,-1.0,8.824136183
2006,33,0,4.5,-4.0,0.25,8.489042191
2006,34,3,5.0,-4.5,0.25,6.881033978
2006,35,2,1.5,-7.0,-2.75,8.685895273
2006,36,0,-2.5,-9.5,-6.0,7.745864067
2006,37,0,-0.5,-11.0,-5.75,10.13796843
2006,38,0,-0.5,-11.0,-5.75,10.23639464
2006,39,0,-2.0,-11.5,-6.75,9.776332376
2006,40,0,-1.5,-12.0,-6.75,10.46642686
2006,41,2,0.0,-9.5,-4.75,10.10257898
2006,42,0,0.5,-7.5,-3.5,9.057485021
2006,43,0,-1.0,-8.5,-4.75,8.909291786
2006,44,0,-1.5,-12.0,-6.75,11.13661487
2006,45,0,4.0,-9.0,-2.5,12.42501094
2006,46,0,6.5,-6.0,0.25,12.18834429
2006,47,6,-2.0,-9.5,-5.75,6.927483252
2006,48,14,-6.5,-16.0,-11.25,8.480194622
2006,49,0,-12.0,-26.5,-19.25,14.10379695
2006,50,0,-13.5,-24.0,-18.75,12.41616356
2006,51,0,-6.5,-19.0,-12.75,13.74658583
2006,52,0,-1.5,-14.0,-7.75,13.74658583
2006,53,0,0.5,-11.5,-5.5,13.74879777
2006,54,0,2.5,-10.5,-4.0,14.36258339
2006,55,0,1.5,-13.0,-5.75,15.23515385
2006,56,0,4.0,-12.0,-4.0,15.73060553
2006,57,0,-1.0,-16.0,-8.5,15.871058
2006,58,0,-2.0,-12.5,-7.25,13.49664819
2006,59,0,-0.5,-10.0,-5.25,12.85963701
2006,60,0,2.0,-6.5,-2.25,11.85103777
2006,61,0,2.0,-5.0,-1.5,10.42882536
2006,62,0,0.5,-10.0,-4.75,14.11706928
2006,63,0,1.0,-11.5,-5.25,15.77926742
2006,64,0,1.5,-8.0,-3.25,13.47010612
2006,65,7,0.5,-5.5,-2.5,7.116595063
2006,66,0,2.5,-9.5,-3.5,15.91529466
2006,67,8,5.5,-5.5,0.0,11.48387375
2006,68,9,7.0,-0.5,3.25,8.743403438
2006,69,0,7.5,-0.5,3.5,12.50242513
2006,70,0,14.0,-0.5,6.75,17.76660413
2006,71,19,14.5,-1.0,6.75,13.80188109
2006,72,17,9.0,-2.0,3.5,11.81122509
2006,73,0,6.0,-7.0,-0.5,17.66375464
2006,74,0,3.5,-7.0,-1.75,15.7903266
2006,75,0,2.5,-7.0,-2.25,15.11129034
2006,76,0,1.5,-9.0,-3.75,16.32559125
2006,77,0,3.5,-8.0,-2.25,17.41160506
2006,78,0,5.5,-7.0,-0.75,18.22777326
2006,79,0,6.0,-5.0,0.5,17.27889397
2006,80,0,3.0,-5.5,-1.25,14.67334576
2006,81,0,4.5,-4.5,0.0,15.62112026
2006,82,0,7.0,-2.5,2.25,16.44281941
2006,83,0,4.0,-2.0,1.0,11.56571204
2006,84,0,5.5,-2.5,1.5,15.02834635
2006,85,0,7.5,-5.0,1.25,20.36551644
2006,86,0,9.5,-4.0,2.75,21.23366437
2006,87,2,10.5,-0.5,5.0,19.25185624
2006,88,0,10.5,-2.0,4.25,20.8288971
2006,89,0,12.0,2.0,7.0,16.54898684
2006,90,4,16.0,4.0,10.0,13.658112
2006,91,3,11.0,2.5,6.75,11.21402907
2006,92,0,7.5,2.0,4.75,10.72078899
2006,93,25,8.5,1.5,5.0,10.14128675
2006,94,0,11.5,-1.0,5.25,19.85347606
2006,95,0,13.5,-2.5,5.5,21.75123363
2006,96,0,15.0,0.5,7.75,21.18057964
2006,97,27,13.5,1.5,7.5,14.56164833
2006,98,10,8.5,-3.5,2.5,14.96752134
2006,99,0,11.5,-2.5,4.5,21.33983104
2006,100,0,17.0,1.5,9.25,22.09628188
2006,101,0,22.0,7.0,14.5,21.34978588
2006,102,8,22.0,9.0,15.5,15.0405125
2006,103,0,22.5,8.0,15.25,21.2071232
2006,104,2,25.0,7.5,16.25,22.72665563
2006,105,0,25.5,4.5,15.0,23.93874421
2006,106,7,19.5,5.0,12.25,16.17739861
2006,107,13,16.5,1.5,9.0,16.78786587
2006,108,0,18.0,2.0,10.0,23.05843125
2006,109,4,19.0,5.0,12.0,16.14090188
2006,110,0,21.0,4.0,12.5,23.37914939
2006,111,0,20.0,5.0,12.5,22.1405187
2006,112,4,17.5,5.0,11.25,15.12566803
2006,113,0,17.0,4.5,10.75,20.11557893
2006,114,0,19.5,3.0,11.25,23.39905439
2006,115,5,19.5,0.5,10.0,18.68783526
2006,116,0,14.0,0.0,7.0,21.98237158
2006,117,0,20.0,3.0,11.5,23.72198437
2006,118,0,21.0,1.5,11.25,25.32114292
2006,119,0,18.0,5.5,11.75,19.90655938
2006,120,32,13.5,9.0,11.25,6.253977755
2006,121,6,15.0,9.5,12.25,7.536844494
2006,122,9,18.0,9.0,13.5,11.78689603
2006,123,0,21.5,8.0,14.75,21.15182719
2006,124,0,20.0,6.0,13.0,21.79768387
2006,125,0,16.0,4.5,10.25,19.67099936
2006,126,0,13.5,1.0,7.25,21.29670173
2006,127,0,19.0,4.5,11.75,23.07833954
2006,128,0,21.5,7.0,14.25,22.75098596
2006,129,8,19.0,11.5,15.25,10.21648834
2006,130,15,18.5,10.5,14.5,11.20518141
2006,131,15,18.0,6.0,12.0,15.81907983
2006,132,18,9.0,0.5,4.75,12.60748784
2006,133,5,9.0,3.5,6.25,8.626175684
2006,134,4,11.5,5.5,8.5,9.685647968
2006,135,4,13.5,7.5,10.5,9.852641736
2006,136,8,17.5,8.0,12.75,14.69546572
2006,137,6,20.5,7.0,13.75,18.49098213
2006,138,8,18.5,6.0,12.25,17.98668229
2006,139,0,17.5,2.5,10.0,26.55977465
2006,140,0,21.0,2.0,11.5,28.93418603
2006,141,0,22.5,3.0,12.75,28.93418603
2006,142,0,18.0,3.0,10.5,26.56530439
2006,143,0,21.5,6.0,13.75,26.73893265
2006,144,16,25.5,11.0,18.25,18.90459658
2006,145,16,25.5,15.5,20.5,14.8171154
2006,146,10,25.0,14.0,19.5,16.284672
2006,147,0,28.0,16.5,22.25,21.94145313
2006,148,0,29.5,19.0,24.25,20.39869375
2006,149,0,32.0,20.0,26.0,21.94145313
2006,150,9,30.0,18.5,24.25,16.21721069
2006,151,0,26.0,15.5,20.75,21.04786972
2006,152,0,27.0,12.5,19.75,25.70600457
2006,153,0,27.0,12.0,19.5,26.05105293
2006,154,0,26.0,10.5,18.25,26.91256281
2006,155,0,25.5,9.5,17.5,27.25982136
2006,156,0,26.5,11.0,18.75,26.56530427
2006,157,3,26.0,13.5,19.75,17.71020229
2006,158,4,25.0,14.0,19.5,16.32116646
2006,159,0,29.0,13.0,21.0,26.56530427
2006,160,0,26.0,11.5,18.75,25.68609795
2006,161,9,19.5,8.0,13.75,17.29880022
2006,162,0,19.5,6.5,13.0,24.98715717
2006,163,0,20.5,6.5,13.5,25.68609795
2006,164,0,24.5,9.0,16.75,26.3850404
2006,165,0,25.0,12.0,18.5,23.23980355
2006,166,5,24.5,13.0,18.75,15.90091865
2006,167,0,28.5,17.5,23.0,19.7450963
2006,168,0,31.5,20.5,26.0,19.04615385
2006,169,4,30.0,19.0,24.5,14.67776978
2006,170,4,26.5,15.0,20.75,16.07565302
2006,171,0,24.5,14.0,19.25,20.61877311
2006,172,4,25.5,15.5,20.5,14.85250581
2006,173,5,27.0,13.5,20.25,18.34721306
2006,174,0,26.0,10.5,18.25,26.73451079
2006,175,0,25.0,11.5,18.25,24.63768678
2006,176,27,24.5,12.5,18.5,17.12406586
2006,177,39,23.0,12.5,17.75,15.72618262
2006,178,2,23.5,11.5,17.5,23.06506752
2006,179,0,24.5,11.0,17.75,24.63768678
2006,180,0,24.5,11.0,17.75,24.63768678
2006,181,0,27.5,13.0,20.25,24.98715717
2006,182,0,29.5,17.0,23.25,22.1913907
2006,183,6,29.5,18.0,23.75,15.72618262
2006,184,0,29.0,16.5,22.75,22.5408611
2006,185,0,27.5,15.5,21.5,22.36612673
2006,186,0,26.0,11.5,18.75,25.52352698
2006,187,0,26.5,12.5,19.5,24.82900989
2006,188,0,28.0,11.5,19.75,26.73893271
2006,189,0,28.5,14.0,21.25,24.82900989
2006,190,0,30.0,15.5,22.75,24.48175135
2006,191,0,29.5,13.5,21.5,25.70600457
2006,192,0,23.5,14.5,19.0,17.94244594
2006,193,42,24.0,15.0,19.5,13.45683528
2006,194,0,29.5,16.5,23.0,22.77310497
2006,195,0,30.5,18.5,24.5,21.39291644
2006,196,0,32.5,20.5,26.5,20.570112
2006,197,0,33.5,21.0,27.25,20.91294687
2006,198,0,33.5,21.5,27.5,20.22727713
2006,199,0,32.0,15.5,23.75,25.20612823
2006,200,0,28.0,14.0,21.0,23.67332218
2006,201,33,28.0,16.0,22.0,15.8389861
2006,202,0,26.5,15.5,21.0,19.92646565
2006,203,4,23.5,13.0,18.25,14.72090101
2006,204,3,27.5,14.0,20.75,17.25898745
2006,205,0,28.5,16.5,22.5,20.9815139
2006,206,8,31.0,19.5,25.25,14.62468554
2006,207,6,30.5,20.0,25.25,13.61608748
2006,208,0,30.0,19.0,24.5,19.16338083
2006,209,0,30.5,18.5,24.5,20.20626556
2006,210,0,32.5,21.0,26.75,19.03730681
2006,211,0,31.5,21.0,26.25,17.91590432
2006,212,0,33.0,21.5,27.25,18.91123137
2006,213,0,34.5,23.0,28.75,18.41356863
2006,214,3,33.5,21.5,27.5,14.33604021
2006,215,4,30.5,17.0,23.75,16.3134248
2006,216,0,30.0,15.0,22.5,23.07833954
2006,217,0,29.5,16.0,22.75,21.60525314
2006,218,13,28.0,16.5,22.25,14.73085462
2006,219,12,26.5,16.0,21.25,13.98104105
2006,220,0,27.0,13.5,20.25,22.10955292
2006,221,0,27.0,13.0,20.0,22.44354056
2006,222,0,27.0,15.5,21.25,19.53718394
2006,223,0,25.5,15.5,20.5,17.639424
2006,224,0,25.0,12.0,18.5,21.48802499
2006,225,0,27.0,13.5,20.25,21.33983104
2006,226,2,26.0,15.0,20.5,18.63253927
2006,227,0,26.5,12.5,19.5,21.81758877
2006,228,0,27.5,12.0,19.75,22.61495874
2006,229,0,27.0,13.5,20.25,20.87534595
2006,230,6,23.0,15.5,19.25,10.20764144
2006,231,13,26.0,15.5,20.75,13.19141295
2006,232,0,25.5,12.0,18.75,20.73931872
2006,233,0,26.5,12.5,19.5,20.89525255
2006,234,0,27.5,13.5,20.5,20.5922307
2006,235,0,28.0,14.0,21.0,20.28257339
2006,236,51,26.0,15.0,20.5,13.06644438
2006,237,23,24.0,17.5,20.75,8.301035399
2006,238,12,24.5,17.5,21.0,8.851784116
2006,239,0,25.0,16.5,20.75,14.1933778
2006,240,0,24.0,14.5,19.25,15.60563715
2006,241,3,22.5,13.5,18.0,11.36332781
2006,242,0,25.0,13.0,19.0,18.1990207
2006,243,0,24.5,10.5,17.5,19.85347621
2006,244,0,24.5,10.5,17.5,19.55819577
2006,245,0,24.5,10.0,17.25,19.85679388
2006,246,0,25.0,9.0,17.0,20.59886466
2006,247,9,23.0,12.5,17.75,12.00365584
2006,248,0,22.0,12.5,17.25,14.85582417
2006,249,0,26.5,11.5,19.0,19.26844505
2006,250,0,27.0,12.5,19.75,18.53964228
2006,251,5,27.0,11.5,19.25,14.30618115
2006,252,0,23.5,9.5,16.5,18.2543167
2006,253,0,15.5,9.5,12.5,9.851535976
2006,254,21,15.0,10.5,12.75,5.607014539
2006,255,33,15.5,11.5,13.5,5.135892162
2006,256,22,16.5,10.5,13.5,7.418510828
2006,257,0,19.0,8.0,13.5,15.99602743
2006,258,0,23.5,9.0,16.25,18.11939387
2006,259,0,25.5,12.0,18.75,16.99467287
2006,260,3,26.5,13.0,19.75,12.35976197
2006,261,6,24.5,7.5,16.0,13.79524604
2006,262,0,15.5,6.0,10.75,13.79524604
2006,263,0,13.5,2.5,8.0,15.34464053
2006,264,0,16.5,2.5,9.5,17.14175947
2006,265,6,19.5,5.5,12.5,12.47920135
2006,266,5,19.5,9.5,14.5,10.14792168
2006,267,8,18.0,8.0,13.0,9.930056122
2006,268,0,19.0,4.5,11.75,16.3233795
2006,269,0,20.5,4.0,12.25,16.73035694
2006,270,4,18.5,3.5,11.0,12.00807862
2006,271,0,14.5,2.5,8.5,14.05071412
2006,272,0,14.5,3.5,9.0,13.1140001
2006,273,0,15.5,4.0,9.75,13.40375091
2006,274,0,20.0,3.5,11.75,15.66093202
2006,275,2,25.0,8.5,16.75,15.00290965
2006,276,17,26.5,10.5,18.5,10.83138094
2006,277,14,23.0,8.5,15.75,10.30938656
2006,278,0,16.0,2.0,9.0,13.71562007
2006,279,0,16.0,1.0,8.5,14.10379699
2006,280,0,18.5,3.0,10.75,13.98325254
2006,281,0,21.5,7.5,14.5,12.95695971
2006,282,0,21.0,7.5,14.25,12.46371864
2006,283,0,15.0,5.0,10.0,10.30164528
2006,284,7,10.5,3.0,6.75,6.051594241
2006,285,3,6.0,-4.0,1.0,7.690567253
2006,286,0,4.0,-4.0,0.0,8.372920249
2006,287,0,7.0,-2.0,2.5,9.1227345
2006,288,0,9.5,-3.5,3.0,11.51926272
2006,289,9,13.0,0.0,6.5,8.422686786
2006,290,15,13.0,6.5,9.75,4.787527994
2006,291,0,11.5,4.5,8.0,6.997155891
2006,292,0,6.5,0.5,3.5,6.204211082
2006,293,0,7.0,-2.0,2.5,8.637235082
2006,294,12,7.5,-2.0,2.75,6.750535284
2006,295,16,4.5,-1.5,1.5,4.580720394
2006,296,0,3.5,-2.5,0.5,6.091407372
2006,297,0,5.0,-5.0,0.0,9.196830685
2006,298,0,8.0,-4.5,1.75,10.29500884
2006,299,0,10.0,-4.0,3.0,10.76834326
2006,300,0,9.0,1.5,5.25,7.0336515
2006,301,0,9.5,-0.5,4.5,8.674836963
2006,302,0,11.0,-1.0,5.0,9.612656826
2006,303,0,15.5,-1.0,7.25,10.68318698
2006,304,0,15.5,-2.5,6.5,10.91542996
2006,305,0,5.5,-6.5,-0.5,9.316270114
2006,306,0,3.0,-6.0,-1.5,7.706050006
2006,307,0,2.0,-9.5,-3.75,8.998871348
2006,308,0,5.5,-5.5,0.0,8.657141839
2006,309,0,11.5,-2.5,4.5,9.362718728
2006,310,0,13.0,1.0,7.0,8.573091541
2006,311,0,13.0,3.0,8.0,7.670661165
2006,312,0,17.0,5.0,11.0,8.265646558
2006,313,0,19.0,4.0,11.5,8.935833999
2006,314,0,12.5,-1.0,5.75,8.515583789
2006,315,17,3.0,-3.5,-0.25,3.981311893
2006,316,0,4.0,-5.0,-0.5,6.746111893
2006,317,3,5.0,-1.0,2.0,3.503554452
2006,318,0,3.5,-0.5,1.5,3.28458225
2006,319,0,4.5,-1.5,1.5,4.768727255
2006,320,0,5.0,-1.5,1.75,5.093867431
2006,321,0,4.5,-2.5,1.0,5.310628067
2006,322,0,3.5,-2.0,0.75,4.2909695
2006,323,0,5.5,-2.5,1.5,5.792808929
2006,324,0,6.0,-5.0,0.5,7.080099571
2006,325,0,8.0,-3.5,2.25,7.007109347
2006,326,0,12.0,-1.5,5.25,7.325614527
2006,327,0,13.0,-2.0,5.5,7.537950972
2006,328,0,13.5,0.0,6.75,7.113277572
2006,329,0,11.5,1.5,6.5,5.9885566
2006,330,0,11.0,2.5,6.75,5.25312
2006,331,13,12.5,5.0,8.75,3.467059151
2006,332,20,13.0,5.0,9.0,3.638476844
2006,333,4,12.5,2.5,7.5,4.366172014
2006,334,4,4.5,-9.5,-2.5,5.925519233
2006,335,0,-4.0,-10.0,-7.0,4.678041656
2006,336,0,-2.0,-11.0,-6.5,6.341345255
2006,337,0,-2.5,-12.5,-7.5,6.685286562
2006,338,0,-5.0,-13.5,-9.25,5.965332821
2006,339,0,-1.0,-15.0,-8.0,7.713792187
2006,340,0,0.0,-15.0,-7.5,7.81664265
2006,341,0,-3.0,-16.5,-9.75,7.508091258
2006,342,0,-6.0,-15.0,-10.5,6.002933711
2006,343,0,-1.0,-11.5,-6.25,6.511656899
2006,344,0,4.5,-5.5,-0.5,6.308167331
2006,345,0,6.0,-3.0,1.5,5.799444144
2006,346,3,7.0,-1.0,3.0,3.968040961
2006,347,0,6.5,-1.5,2.5,4.781997769
2006,348,0,7.5,-0.5,3.5,4.680253227
2006,349,0,9.0,0.0,4.5,4.985487336
2006,350,0,6.0,-1.5,2.25,4.375019607
2006,351,0,7.0,-3.0,2.0,5.392465982
2006,352,0,4.0,-6.0,-1.0,5.392465982
2006,353,0,1.0,-7.5,-3.25,4.883742794
2006,354,0,5.5,-6.5,-0.5,5.901189169
2006,355,8,4.0,-2.0,1.0,2.747105261
2006,356,10,4.5,0.0,2.25,2.136637291
2006,357,9,4.0,-1.0,1.5,2.441871397
2006,358,0,4.0,-5.0,-0.5,5.290720956
2006,359,0,4.0,-5.0,-0.5,5.290720956
2006,360,0,1.5,-5.5,-2.0,4.476764149
2006,361,0,1.5,-4.5,-1.5,3.968040961
2006,362,0,4.0,-2.0,1.0,3.968040961
2006,363,0,4.5,-1.0,1.75,3.764551635
2006,364,0,5.5,0.0,2.75,3.764551635
2006,365,0,7.0,0.0,3.5,4.578508688
2007,1,7,6.5,-1.0,2.75,4.0697855
2007,2,0,4.5,-5.5,-0.5,6.613401438
2007,3,0,6.5,-3.0,1.75,6.479585633
2007,4,0,9.0,-0.5,4.25,6.479585633
2007,5,0,8.5,0.5,4.5,5.7596314
2007,6,0,6.5,-2.0,2.25,6.068183287
2007,7,0,4.5,-5.0,-0.25,6.685286562
2007,8,0,5.0,-6.5,-0.75,7.508091258
2007,9,0,1.5,-9.0,-3.75,7.276953687
2007,10,0,-1.0,-12.0,-6.5,7.588823329
2007,11,0,3.5,-6.5,-1.5,7.172997307
2007,12,0,5.5,-2.0,1.75,5.821562849
2007,13,0,-0.5,-9.0,-4.75,6.723993702
2007,14,3,-3.5,-8.5,-6.0,3.2569343
2007,15,6,-4.0,-10.5,-7.25,4.202496
2007,16,3,-6.5,-17.5,-12.0,6.0936194
2007,17,0,-6.5,-18.5,-12.5,8.705802447
2007,18,0,-3.5,-15.0,-9.25,8.599634729
2007,19,0,-3.0,-13.5,-8.25,8.281129552
2007,20,0,-5.0,-18.0,-11.5,9.332858458
2007,21,3,-5.0,-16.5,-10.75,6.651002521
2007,22,6,-2.5,-10.0,-6.25,5.149163605
2007,23,0,-3.0,-10.0,-6.5,6.611189807
2007,24,0,-4.0,-10.0,-7.0,5.960908937
2007,25,0,-4.5,-15.0,-9.75,8.995553694
2007,26,0,-2.0,-12.0,-7.0,8.868372493
2007,27,0,3.0,-9.5,-3.25,9.963233243
2007,28,0,-3.5,-15.5,-9.5,9.963233243
2007,29,0,-5.5,-16.5,-11.0,9.842687578
2007,30,0,-6.5,-16.5,-11.5,9.40032
2007,31,0,-7.0,-20.5,-13.75,11.05809415
2007,32,0,-7.0,-20.0,-13.5,10.94639686
2007,33,0,-9.0,-18.5,-13.75,9.382625273
2007,34,0,-15.0,-22.0,-18.5,7.783464897
2007,35,0,-17.0,-26.0,-21.5,9.47552192
2007,36,0,-17.5,-28.0,-22.75,10.59360813
2007,37,0,-16.0,-26.0,-21.0,10.36578882
2007,38,2,-13.0,-22.5,-17.75,10.35141075
2007,39,0,-9.5,-22.5,-16.0,12.19166199
2007,40,0,-9.0,-23.0,-16.0,12.65172425
2007,41,0,-10.0,-21.0,-15.5,11.61216
2007,42,0,-9.5,-19.5,-14.5,11.031552
2007,43,3,-6.0,-13.0,-9.5,6.564741286
2007,44,0,-6.0,-13.5,-9.75,9.260974588
2007,45,0,-8.0,-20.0,-14.0,12.78001148
2007,46,0,-8.5,-21.0,-14.75,13.13501201
2007,47,0,-7.5,-21.0,-14.25,13.8549665
2007,48,0,-6.0,-18.0,-12.0,13.25776969
2007,49,0,-3.5,-13.5,-8.5,12.0545275
2007,50,0,-2.0,-11.0,-6.5,11.45180113
2007,51,0,6.0,-7.5,-0.75,14.47649234
2007,52,0,7.0,-7.0,0.0,14.71979566
2007,53,0,7.0,-6.0,0.5,14.36258339
2007,54,0,0.5,-9.0,-4.25,12.15295491
2007,55,16,-0.5,-7.0,-3.75,7.060192902
2007,56,15,0.5,-4.5,-2.0,5.573836688
2007,57,7,0.5,-3.5,-1.5,4.748820516
2007,58,0,1.5,-4.0,-1.25,8.747827375
2007,59,0,1.0,-4.5,-1.75,9.07739076
2007,60,6,2.5,-3.0,-0.25,6.934118125
2007,61,6,1.0,-5.5,-2.25,8.266752
2007,62,3,-2.5,-10.0,-6.25,9.665740677
2007,63,0,-2.5,-13.5,-8.0,16.67727425
2007,64,0,-1.5,-13.5,-7.5,17.31870787
2007,65,0,-4.5,-16.0,-10.25,17.33861293
2007,66,0,-4.5,-14.0,-9.25,15.78590153
2007,67,0,-2.0,-14.5,-8.25,18.40029781
2007,68,0,3.5,-9.0,-2.75,18.40029781
2007,69,5,7.5,-4.0,1.75,13.29205248
2007,70,0,9.5,-6.0,1.75,20.13548493
2007,71,0,11.0,-2.5,4.25,19.37571891
2007,72,0,15.0,2.5,8.75,18.44674509
2007,73,0,17.0,0.5,8.75,20.60771354
2007,74,0,10.5,-5.0,2.75,20.60771354
2007,75,0,0.5,-7.5,-3.5,14.70652337
2007,76,0,3.0,-7.5,-2.25,17.94465785
2007,77,0,6.0,-6.5,-0.25,19.99613963
2007,78,0,9.0,-6.0,1.5,21.49244993
2007,79,0,10.5,-6.5,2.0,22.48998778
2007,80,11,9.0,-3.0,3.0,14.67334576
2007,81,23,14.5,1.5,8.0,15.34464053
2007,82,0,13.5,0.5,7.0,20.76254229
2007,83,2,16.0,3.5,9.75,20.34450558
2007,84,9,21.0,9.5,15.25,14.18563612
2007,85,0,25.5,12.5,19.0,19.66325725
2007,86,0,23.5,10.0,16.75,20.38431726
2007,87,0,14.0,5.0,9.5,16.13758438
2007,88,0,9.5,4.0,6.75,10.84243916
2007,89,0,11.0,4.5,7.75,12.55440367
2007,90,19,11.0,4.0,7.5,10.20764146
2007,91,26,12.0,4.5,8.25,10.78272
2007,92,12,13.0,4.0,8.5,12.6041704
2007,93,25,13.0,2.5,7.75,14.19780173
2007,94,2,8.5,-4.5,2.0,22.04319762
2007,95,0,1.5,-6.5,-2.5,16.20394012
2007,96,0,1.5,-7.5,-3.0,18.09174587
2007,97,0,0.0,-7.5,-3.75,15.88543543
2007,98,0,0.0,-6.5,-3.25,14.52294123
2007,99,0,3.0,-5.0,-1.0,17.33861289
2007,100,0,7.5,-5.5,1.0,24.03717177
2007,101,8,7.0,-4.0,1.5,16.57221177
2007,102,8,3.0,-2.5,0.25,9.926738104
2007,103,0,6.0,-2.5,1.75,19.40226055
2007,104,0,11.0,-2.0,4.5,25.1508328
2007,105,0,13.0,-2.0,5.5,26.36291995
2007,106,0,16.0,-1.5,7.25,27.47105325
2007,107,0,17.5,1.0,9.25,26.86058598
2007,108,0,14.5,2.5,8.5,23.82704563
2007,109,0,13.0,3.0,8.0,21.67492596
2007,110,0,17.5,1.5,9.5,27.24986939
2007,111,0,21.5,4.5,13.0,27.24986939
2007,112,0,25.0,10.0,17.5,23.0783396
2007,113,12,25.5,10.0,17.75,17.4646889
2007,114,12,20.0,6.5,13.25,17.11742889
2007,115,11,16.0,5.5,10.75,15.0759018
2007,116,9,12.0,4.5,8.25,12.17728501
2007,117,7,11.5,5.0,8.25,10.91211297
2007,118,0,17.0,4.5,10.75,22.93235579
2007,119,0,24.5,5.0,14.75,26.27665838
2007,120,7,26.0,8.0,17.0,19.08264899
2007,121,0,21.0,7.0,14.0,23.251968
2007,122,0,21.5,5.5,13.5,24.86550543
2007,123,0,19.0,5.0,12.0,23.57379206
2007,124,0,19.0,8.5,13.75,19.53718394
2007,125,3,19.5,8.0,13.75,15.76931273
2007,126,0,17.5,6.5,12.0,20.48385055
2007,127,0,20.0,10.0,15.0,18.82275869
2007,128,0,26.5,11.0,18.75,24.06039557
2007,129,0,26.0,11.5,18.75,23.2342732
2007,130,0,27.0,11.5,19.25,23.89340088
2007,131,0,26.5,10.0,18.25,24.71731125
2007,132,0,21.5,5.0,13.25,25.38086432
2007,133,8,20.0,6.5,13.25,16.92057568
2007,134,0,22.0,8.0,15.0,23.04516197
2007,135,8,27.5,11.5,19.5,18.20233719
2007,136,8,19.0,4.0,11.5,18.53632631
2007,137,6,18.0,3.0,10.5,18.6590826
2007,138,0,19.5,5.0,12.25,24.20637596
2007,139,0,23.0,7.5,15.25,24.71067579
2007,140,0,23.0,5.5,14.25,26.56530439
2007,141,0,20.5,6.5,13.5,23.68880675
2007,142,0,28.0,10.5,19.25,25.71927558
2007,143,0,29.5,16.5,23.0,21.11864705
2007,144,0,29.5,14.0,21.75,24.01394683
2007,145,11,26.5,7.5,17.0,20.437401
2007,146,0,20.0,9.0,14.5,19.88444225
2007,147,0,20.5,8.0,14.25,21.77003487
2007,148,0,23.0,8.5,15.75,23.82704575
2007,149,0,26.5,14.0,20.25,20.91294687
2007,150,0,29.5,15.5,22.5,22.42805825
2007,151,0,27.5,17.0,22.25,18.28749431
2007,152,0,26.5,14.0,20.25,21.56544062
2007,153,10,25.5,15.0,20.25,14.14692872
2007,154,24,23.0,14.0,18.5,12.84857854
2007,155,18,22.0,13.5,17.75,12.32768989
2007,156,4,20.0,10.5,15.25,13.890355
2007,157,0,19.5,9.5,14.5,19.44649667
2007,158,4,25.0,12.5,18.75,16.84205511
2007,159,0,26.5,11.0,18.75,25.52352698
2007,160,0,23.0,7.5,15.25,26.21030437
2007,161,0,26.0,11.5,18.75,24.81242114
2007,162,0,28.0,12.5,20.25,25.51136359
2007,163,0,30.0,12.5,21.25,26.73451079
2007,164,0,30.0,13.0,21.5,26.21030437
2007,165,0,31.0,14.0,22.5,26.03556835
2007,166,0,32.5,14.0,23.25,26.90924516
2007,167,0,31.5,17.0,24.25,23.41453791
2007,168,0,30.5,18.5,24.5,20.44403708
2007,169,0,30.0,17.5,23.75,21.31771389
2007,170,14,27.5,14.5,21.0,17.12406586
2007,171,0,26.5,12.0,19.25,24.81242114
2007,172,0,28.0,14.0,21.0,23.93874433
2007,173,11,25.5,11.0,18.25,18.69668345
2007,174,0,24.0,12.0,18.0,22.1913907
2007,175,0,26.5,12.5,19.5,24.46295075
2007,176,0,28.5,15.0,21.75,23.41453791
2007,177,0,30.5,17.5,24.0,22.36612673
2007,178,0,31.5,18.0,24.75,22.71559712
2007,179,0,27.5,12.0,19.75,25.68609795
2007,180,0,24.0,9.0,16.5,25.86083398
2007,181,0,25.5,8.5,17.0,27.25871722
2007,182,0,26.5,10.0,18.25,26.55977477
2007,183,0,26.0,11.0,18.5,24.98715717
2007,184,28,27.5,14.0,20.75,17.12406586
2007,185,38,28.5,16.5,22.5,15.37671223
2007,186,0,29.5,15.5,22.5,22.57182688
2007,187,0,29.5,14.0,21.75,24.13449115
2007,188,0,31.0,16.0,23.5,23.26634396
2007,189,0,32.5,20.5,26.5,19.09923813
2007,190,0,32.0,20.0,26.0,19.44649667
2007,191,5,30.0,17.0,23.5,15.87216397
2007,192,0,28.0,12.0,20.0,24.84338694
2007,193,0,25.0,11.5,18.25,22.77310497
2007,194,0,25.0,10.0,17.5,24.49834022
2007,195,0,25.0,12.5,18.75,21.73796481
2007,196,0,27.0,10.5,18.75,25.54122175
2007,197,0,27.0,13.5,20.25,22.45570625
2007,198,0,27.5,16.5,22.0,19.02735425
2007,199,0,29.0,18.0,23.5,18.73428425
2007,200,0,28.5,15.5,22.0,21.4592717
2007,201,0,26.5,8.5,17.5,26.56862195
2007,202,0,25.5,10.0,17.75,24.52488055
2007,203,0,27.0,11.0,19.0,24.53483556
2007,204,0,28.0,13.5,20.75,22.84277794
2007,205,0,30.0,16.0,23.0,21.82754272
2007,206,0,31.0,17.5,24.25,20.84437921
2007,207,0,30.5,18.5,24.5,18.99528196
2007,208,11,30.0,17.5,23.75,14.79278602
2007,209,0,28.5,14.5,21.5,21.87620481
2007,210,0,29.5,14.0,21.75,23.21215494
2007,211,0,31.0,15.0,23.0,23.22432
2007,212,0,32.5,16.5,24.5,22.89254432
2007,213,0,33.0,17.5,25.25,22.22899137
2007,214,0,32.5,17.0,24.75,22.08079742
2007,215,0,31.0,14.5,22.75,23.2342732
2007,216,0,29.0,12.0,20.5,23.73304356
2007,217,48,25.0,14.5,19.75,12.930417
2007,218,10,26.5,17.5,22.0,11.12997936
2007,219,22,29.0,18.5,23.75,12.35533789
2007,220,9,29.5,19.0,24.25,12.35533789
2007,221,9,29.0,16.5,22.75,14.20886091
2007,222,0,29.5,17.5,23.5,18.24546903
2007,223,0,30.5,17.0,23.75,19.72408351
2007,224,12,30.0,16.5,23.25,14.75297249
2007,225,0,29.5,15.0,22.25,20.54356867
2007,226,21,28.0,16.0,22.0,13.69571346
2007,227,4,26.5,16.5,21.5,11.94393563
2007,228,10,25.0,15.0,20.0,12.0191386
2007,229,0,24.5,12.5,18.5,18.66129468
2007,230,0,21.5,11.5,16.5,16.48926694
2007,231,87,18.5,13.0,15.75,7.380909663
2007,232,28,19.5,15.5,17.5,5.457715375
2007,233,9,22.5,16.0,19.25,8.732344448
2007,234,22,28.5,17.5,23.0,12.8507907
2007,235,13,28.0,18.5,23.25,11.61216
2007,236,13,26.0,18.0,22.0,10.1457096
2007,237,5,24.5,14.0,19.25,12.91272091
2007,238,0,25.0,11.5,18.25,20.14543876
2007,239,11,25.5,13.5,19.5,14.04076026
2007,240,15,28.0,16.5,22.25,13.18145997
2007,241,9,29.5,17.0,23.25,13.78750499
2007,242,0,24.0,12.0,18.0,18.65023493
2007,243,0,25.0,11.0,18.0,20.15428618
2007,244,0,26.5,12.0,19.25,20.155392
2007,245,0,27.5,13.5,20.5,19.55819577
2007,246,0,29.0,14.0,21.5,19.70970586
2007,247,0,30.5,15.5,23.0,19.26512575
2007,248,0,31.0,17.0,24.0,18.09174587
2007,249,0,31.0,18.5,24.75,16.76795876
2007,250,12,26.5,17.5,22.0,10.21870063
2007,251,0,26.5,11.0,18.75,19.41553147
2007,252,0,24.0,11.0,17.5,17.81968985
2007,253,15,20.0,9.5,14.75,11.87979277
2007,254,23,15.5,5.5,10.5,11.64533815
2007,255,0,18.5,3.0,10.75,19.5449232
2007,256,0,20.5,5.5,13.0,18.83160483
2007,257,0,21.5,5.0,13.25,19.11029794
2007,258,0,14.0,0.5,7.25,17.83627861
2007,259,0,17.0,3.5,10.25,17.41602732
2007,260,0,21.5,8.5,15.0,16.43286472
2007,261,0,27.5,14.0,20.75,15.60674333
2007,262,0,27.0,15.0,21.0,14.21328408
2007,263,0,25.0,10.5,17.75,15.8976
2007,264,0,27.0,10.0,18.5,16.86527974
2007,265,9,27.0,7.5,17.25,13.16487172
2007,266,0,25.0,8.5,16.75,16.18182111
2007,267,0,28.5,12.5,20.5,15.23515394
2007,268,7,28.0,13.5,20.75,10.61019693
2007,269,6,21.0,8.0,14.5,10.25408992
2007,270,0,18.5,7.0,12.75,12.54776835
2007,271,0,22.0,5.5,13.75,15.25506054
2007,272,0,22.5,8.0,15.25,13.91689729
2007,273,0,25.0,11.0,18.0,13.13832909
2007,274,18,25.0,12.5,18.75,8.949104551
2007,275,11,22.0,11.0,16.5,8.291082176
2007,276,24,22.0,10.0,16.0,8.743403438
2007,277,0,23.5,9.5,16.5,12.78885937
2007,278,0,27.0,11.5,19.25,13.06865688
2007,279,0,29.5,16.5,23.0,11.12776732
2007,280,0,30.0,17.5,23.75,10.5195112
2007,281,0,28.5,15.0,21.75,11.28923204
2007,282,0,24.0,7.5,15.75,12.97244136
2007,283,0,18.0,4.5,11.25,11.70063336
2007,284,0,11.5,5.0,8.25,6.429818503
2007,285,0,10.0,3.0,6.5,7.060192878
2007,286,0,12.0,4.0,8.0,7.873044875
2007,287,5,15.0,5.0,10.0,6.998261779
2007,288,11,14.0,9.5,11.75,3.344302072
2007,289,14,16.5,10.0,13.25,4.706795367
2007,290,10,19.0,8.0,13.5,7.242670493
2007,291,17,21.0,10.0,15.5,7.119913484
2007,292,1,18.5,8.5,13.5,8.758886168
2007,293,0,16.0,7.0,11.5,8.150630168
2007,294,0,23.0,8.0,15.5,10.96962049
2007,295,0,20.5,6.5,13.5,10.72852902
2007,296,0,12.5,1.0,6.75,9.794027497
2007,297,0,13.0,0.5,6.75,10.27178563
2007,298,0,12.0,-0.5,5.75,10.05834219
2007,299,1,13.0,3.0,8.0,8.638341163
2007,300,0,12.5,3.5,8.0,7.854243951
2007,301,0,13.0,-2.5,5.25,10.78493208
2007,302,0,14.5,0.5,7.5,10.19879445
2007,303,0,18.5,3.5,11.0,10.10257898
2007,304,0,18.0,4.0,11.0,9.638093021
2007,305,0,13.0,-1.0,6.0,9.661316262
2007,306,0,12.5,-2.0,5.25,9.661316262
2007,307,0,12.0,-2.5,4.75,9.454510504
2007,308,0,11.5,1.0,6.25,7.859773723
2007,309,0,11.0,-0.5,5.25,8.234680353
2007,310,0,7.5,-1.0,3.25,6.655426522
2007,311,0,5.0,-5.5,-0.25,7.783464897
2007,312,0,6.0,-4.5,0.75,7.707156933
2007,313,0,7.5,-3.0,2.25,7.595459112
2007,314,0,7.5,-4.5,1.5,7.962623789
2007,315,0,9.5,-1.0,4.25,7.18848
2007,316,0,12.5,2.5,7.5,6.746111893
2007,317,0,13.5,-3.5,5.0,8.758886001
2007,318,0,11.5,-3.0,4.25,8.101969657
2007,319,0,7.5,-3.0,2.25,6.50280975
2007,320,0,4.0,-5.5,-0.75,6.069288995
2007,321,0,3.5,-5.0,-0.75,5.527388182
2007,322,3,4.5,-5.0,-0.25,4.505517771
2007,323,0,6.0,-2.0,2.0,5.149163605
2007,324,0,8.0,-1.0,3.5,5.578260146
2007,325,5,5.0,-2.0,1.5,3.39738645
2007,326,4,1.5,-6.0,-2.25,4.140564778
2007,327,0,0.5,-9.5,-4.5,6.794772902
2007,328,0,0.5,-5.5,-2.5,4.459069447
2007,329,0,3.5,-3.5,0.0,5.0429954
2007,330,0,3.0,-4.5,-0.75,5.358182298
2007,331,0,1.0,-8.0,-3.5,6.198681702
2007,332,0,-0.5,-9.5,-5.0,6.237388875
2007,333,0,2.5,-11.0,-4.25,7.692779713
2007,334,0,-4.0,-11.5,-7.75,5.405736827
2007,335,0,-4.5,-13.0,-8.75,6.029476111
2007,336,29,1.5,-9.5,-4.0,5.405736827
2007,337,0,0.0,-11.5,-5.75,7.302389838
2007,338,0,-5.0,-11.0,-8.0,4.628275312
2007,339,8,-5.5,-14.5,-10.0,4.833976241
2007,340,0,-5.5,-22.0,-13.75,8.228045
2007,341,3,-3.5,-20.0,-11.75,6.068183287
2007,342,0,-5.5,-18.0,-11.75,7.325613706
2007,343,2,-8.5,-15.5,-12.0,4.985487336
2007,344,0,-6.0,-10.5,-8.25,3.459317774
2007,345,5,-3.0,-9.5,-6.25,3.561062313
2007,346,0,-3.5,-12.0,-7.75,5.901189169
2007,347,0,-2.0,-11.5,-6.75,6.409912357
2007,348,0,-3.5,-15.5,-9.5,7.325613706
2007,349,1,-5.5,-14.5,-10.0,6.308167331
2007,350,0,-5.5,-12.5,-9.0,5.290720956
2007,351,0,-5.5,-11.5,-8.5,4.680253227
2007,352,0,-3.5,-10.5,-7.0,5.290720956
2007,353,0,-1.0,-10.0,-5.5,6.308167331
2007,354,0,0.5,-8.5,-4.0,6.206422789
2007,355,0,2.0,-5.0,-1.5,5.188976414
2007,356,18,3.0,-2.5,0.25,3.154083666
2007,357,13,1.0,-13.0,-6.0,5.799444144
2007,358,0,-5.0,-12.5,-8.75,5.595955063
2007,359,0,-2.5,-11.0,-6.75,6.10467825
2007,360,0,3.5,-8.0,-2.25,7.122124625
2007,361,2,2.0,-8.5,-3.25,6.816890519
2007,362,0,-0.5,-9.5,-5.0,6.206422789
2007,363,11,-2.5,-9.5,-6.0,4.0697855
2007,364,0,-3.5,-14.5,-9.0,7.223869164
2007,365,0,-2.5,-12.0,-7.25,6.613401438
2008,1,0,-5.0,-11.5,-8.25,4.781997769
2008,2,0,-8.0,-18.5,-13.25,6.816890519
2008,3,0,-7.5,-21.0,-14.25,7.81664265
2008,4,0,-3.5,-15.5,-9.5,7.405240304
2008,5,0,3.5,-5.0,-0.75,5.965332821
2008,6,0,6.0,0.5,3.25,4.1140225
2008,7,17,7.5,0.5,4.0,3.805470861
2008,8,0,5.0,-1.0,2.0,4.525424849
2008,9,0,2.0,-3.5,-0.75,4.26221563
2008,10,3,2.5,-3.0,-0.25,3.22265082
2008,11,4,2.5,-3.0,-0.25,3.22265082
2008,12,3,-0.5,-5.5,-3.0,3.014738055
2008,13,3,-1.0,-5.5,-3.25,2.83668485
2008,14,0,-3.0,-10.5,-6.75,5.9885566
2008,15,0,-5.0,-14.5,-9.75,7.1442434
2008,16,0,-2.5,-11.0,-6.75,6.6189314
2008,17,6,1.0,-9.5,-4.25,5.839257875
2008,18,0,-4.0,-21.0,-12.5,9.555149249
2008,19,0,-13.0,-26.0,-19.5,9.024307624
2008,20,0,-16.5,-26.5,-21.5,8.045567813
2008,21,6,-13.5,-22.5,-18.0,5.685534792
2008,22,7,-11.5,-19.5,-15.5,5.256437742
2008,23,0,-11.5,-23.5,-17.5,9.320694388
2008,24,0,-13.5,-25.5,-19.5,9.429073931
2008,25,3,-12.0,-24.0,-18.0,7.15309062
2008,26,4,-6.0,-20.5,-13.25,7.77351122
2008,27,0,-1.5,-15.5,-8.5,10.29169063
2008,28,0,5.0,-10.0,-2.5,10.51066362
2008,29,1,5.5,-5.5,0.0,9.40032
2008,30,0,-2.5,-24.0,-13.25,11.72275242
2008,31,2,-12.5,-21.5,-17.0,8.824136183
2008,32,2,-5.5,-14.0,-9.75,8.489042191
2008,33,3,-1.5,-8.0,-4.75,5.249802262
2008,34,2,-1.0,-5.0,-3.0,4.73776096
2008,35,0,0.0,-4.5,-2.25,5.414584415
2008,36,6,1.0,-2.0,-0.5,2.847744062
2008,37,9,0.5,-5.5,-2.5,5.467668817
2008,38,14,-4.5,-16.0,-10.25,8.741191189
2008,39,0,-2.5,-14.0,-8.25,11.73159863
2008,40,0,-0.5,-9.5,-5.0,10.12137962
2008,41,0,-4.0,-23.0,-13.5,13.934592
2008,42,0,-17.5,-24.0,-20.75,8.012390512
2008,43,3,-12.5,-20.5,-16.5,7.268106326
2008,44,0,-7.5,-20.5,-14.0,13.01225572
2008,45,0,-4.5,-18.0,-11.25,13.37167866
2008,46,5,-3.5,-18.5,-11.0,10.53167549
2008,47,0,-8.5,-19.0,-13.75,12.06337607
2008,48,21,0.0,-13.5,-6.75,10.51066413
2008,49,9,0.0,-11.0,-5.5,9.764167735
2008,50,0,-7.5,-21.5,-14.5,14.94761364
2008,51,0,-11.5,-24.0,-17.75,14.47649234
2008,52,0,-10.5,-26.0,-18.25,15.814656
2008,53,0,-7.5,-22.0,-14.75,15.71291223
2008,54,0,-3.5,-21.0,-12.25,16.69496947
2008,55,0,-1.5,-19.0,-10.25,16.9692359
2008,56,0,2.0,-10.5,-4.25,14.8635645
2008,57,2,2.0,-7.0,-2.5,12.24695856
2008,58,0,-3.5,-15.5,-9.5,15.24621319
2008,59,0,-5.0,-19.5,-12.25,17.02010813
2008,60,0,-5.0,-19.5,-12.25,17.02010813
2008,61,2,-2.0,-15.5,-8.75,16.76795862
2008,62,0,2.0,-13.0,-5.5,17.67813072
2008,63,0,2.5,-9.0,-3.25,15.51605736
2008,64,21,8.5,-5.0,1.75,12.70038529
2008,65,0,-2.5,-14.5,-8.5,16.16412784
2008,66,0,-3.0,-13.0,-8.0,14.36258326
2008,67,0,-1.0,-13.0,-7.0,16.17407969
2008,68,0,-4.5,-18.0,-11.25,17.48680688
2008,69,0,-8.0,-20.5,-14.25,16.96481312
2008,70,0,-5.0,-15.0,-10.0,14.87130593
2008,71,0,-1.5,-11.5,-6.5,14.87130593
2008,72,0,1.0,-10.5,-4.75,16.85422055
2008,73,0,4.5,-8.0,-1.75,17.65048345
2008,74,0,5.0,-6.0,-0.5,16.32559139
2008,75,3,9.5,-3.0,3.25,13.24781566
2008,76,0,6.5,-6.0,0.25,18.21450206
2008,77,0,3.5,-8.5,-2.5,18.07957931
2008,78,0,1.5,-6.0,-2.25,12.92267544
2008,79,4,3.0,-3.5,-0.25,8.705802532
2008,80,0,5.0,-1.0,2.0,10.970726
2008,81,0,7.0,-5.0,1.0,19.1987705
2008,82,7,5.5,-4.5,0.5,12.99455947
2008,83,11,-1.0,-8.5,-4.75,11.00832821
2008,84,2,3.0,-8.5,-2.75,20.20515912
2008,85,0,3.5,-7.5,-2.0,20.08461303
2008,86,0,4.0,-5.0,-0.5,17.8373831
2008,87,0,9.0,-5.0,2.0,23.35703081
2008,88,0,8.5,-3.5,2.5,21.65833793
2008,89,0,5.0,-6.5,-0.75,21.68487833
2008,90,0,5.0,-7.0,-1.0,22.3981967
2008,91,0,7.0,-3.0,2.0,20.27151415
2008,92,0,7.5,0.0,3.75,16.533504
2008,93,13,4.5,-1.0,1.75,9.851535976
2008,94,0,6.5,-6.0,0.25,24.19421378
2008,95,0,10.0,-4.0,3.0,25.54675156
2008,96,0,9.5,-1.0,4.25,22.04319762
2008,97,0,14.5,1.0,7.75,25.15193955
2008,98,0,17.5,3.5,10.5,25.29902747
2008,99,4,16.5,1.0,8.75,20.00609213
2008,100,0,8.0,0.5,4.25,17.63499916
2008,101,23,5.5,-0.5,2.5,11.19744
2008,102,0,5.0,0.5,2.75,11.79463694
2008,103,40,7.5,1.0,4.25,12.48362566
2008,104,4,9.0,-0.5,4.25,16.84537371
2008,105,1,3.5,-2.5,0.5,16.36319234
2008,106,0,7.5,-4.0,1.75,25.90838799
2008,107,0,11.0,-1.5,4.75,27.01320353
2008,108,0,16.0,1.5,8.75,28.08152052
2008,109,0,22.0,6.5,14.25,27.97756442
2008,110,15,17.0,5.0,11.0,18.90791392
2008,111,12,15.0,5.5,10.25,16.7215107
2008,112,0,20.0,6.0,13.0,27.09504
2008,113,0,23.5,6.0,14.75,29.00385944
2008,114,0,24.0,9.0,16.5,27.13264155
2008,115,0,21.5,3.5,12.5,29.52363865
2008,116,0,23.5,7.0,15.25,28.11027351
2008,117,43,22.5,10.5,16.5,18.02870752
2008,118,20,21.0,2.5,11.75,22.29866591
2008,119,0,9.5,1.0,5.25,20.06581246
2008,120,0,10.5,0.5,5.5,22.77310423
2008,121,3,7.5,0.0,3.75,13.95118049
2008,122,0,9.0,-2.0,3.5,24.69519299
2008,123,0,16.0,1.0,8.5,28.57918675
2008,124,20,20.5,6.5,13.5,20.18304062
2008,125,11,20.5,7.0,13.75,19.69864734
2008,126,0,13.0,0.5,6.75,26.17380886
2008,127,0,18.0,4.5,11.25,26.82408919
2008,128,0,21.5,7.0,14.25,27.49759405
2008,129,8,26.5,9.5,18.0,21.44157791
2008,130,0,19.0,3.0,11.0,29.00164583
2008,131,0,17.5,6.0,11.75,23.89340088
2008,132,0,15.0,2.0,8.5,23.2342732
2008,133,0,15.5,4.5,10.0,20.736
2008,134,2,14.5,1.0,7.75,23.88787137
2008,135,0,17.0,3.5,10.25,23.54614406
2008,136,2,20.5,7.0,13.75,23.21215494
2008,137,0,19.0,3.5,11.25,25.21608331
2008,138,0,19.5,5.5,12.5,23.87017661
2008,139,0,22.5,8.5,15.5,23.70207773
2008,140,0,20.5,4.5,12.5,25.71927546
2008,141,0,15.0,0.5,7.75,25.04245317
2008,142,0,16.0,5.0,10.5,20.6431027
2008,143,0,18.5,1.5,10.0,27.072922
2008,144,0,19.0,2.5,10.75,26.73893265
2008,145,0,19.0,4.5,11.75,25.0358159
2008,146,0,17.5,5.0,11.25,22.99207613
2008,147,0,23.0,7.5,15.25,25.71264
2008,148,6,26.0,12.0,19.0,17.82742975
2008,149,0,27.0,4.5,15.75,29.48382851
2008,150,0,15.0,0.5,7.75,25.19838687
2008,151,0,18.5,5.0,11.75,23.80824678
2008,152,22,17.0,7.5,12.25,13.62935864
2008,153,0,24.5,12.0,18.25,21.73796481
2008,154,0,24.5,9.0,16.75,25.18843531
2008,155,0,27.0,11.5,19.25,25.00263834
2008,156,8,26.0,12.5,19.25,17.18931365
2008,157,0,17.5,11.5,14.5,12.15406063
2008,158,39,21.5,13.0,17.25,12.32768989
2008,159,18,25.5,16.5,21.0,12.67494927
2008,160,34,27.0,16.0,21.5,15.10576073
2008,161,79,28.0,16.0,22.0,16.07565302
2008,162,88,23.0,16.5,19.75,9.959915329
2008,163,0,24.0,15.0,19.5,17.82300664
2008,164,0,24.5,15.0,19.75,18.69668345
2008,165,18,24.5,16.0,20.25,12.93041699
2008,166,57,23.5,16.5,20.0,11.00832817
2008,167,0,25.0,12.5,18.75,23.76400997
2008,168,8,27.0,13.5,20.25,18.34721306
2008,169,0,26.0,12.0,19.0,25.33662756
2008,170,0,21.0,9.5,15.25,23.23980355
2008,171,0,24.0,9.5,16.75,26.3850404
2008,172,0,24.5,9.0,16.75,27.08398119
2008,173,0,27.0,12.0,19.5,26.21030437
2008,174,0,27.5,13.5,20.5,25.16189153
2008,175,0,26.5,12.5,19.5,25.33662756
2008,176,0,24.5,12.0,18.25,23.93874433
2008,177,0,25.0,12.5,18.75,23.93874433
2008,178,0,27.5,15.0,21.25,23.58927394
2008,179,0,28.0,17.5,22.75,20.9682435
2008,180,0,28.5,16.0,22.25,23.76400997
2008,181,22,26.5,16.0,21.25,16.07565302
2008,182,6,23.5,12.0,17.75,17.64827228
2008,183,0,21.5,12.0,16.75,20.79350747
2008,184,0,26.5,11.0,18.75,27.43345158
2008,185,0,28.0,15.0,21.5,24.63768678
2008,186,3,26.5,11.5,19.0,20.26930272
2008,187,0,23.0,9.5,16.25,25.69715708
2008,188,0,25.5,10.5,18.0,26.56530427
2008,189,0,27.0,12.5,19.75,25.69715708
2008,190,12,29.0,18.0,23.5,15.62664938
2008,191,37,29.0,18.5,23.75,15.10576073
2008,192,0,28.0,13.0,20.5,25.53348203
2008,193,0,26.5,14.5,20.5,22.25553407
2008,194,42,28.0,15.5,21.75,16.90730578
2008,195,30,28.0,15.5,21.75,16.7347816
2008,196,0,24.5,14.0,19.25,20.1852521
2008,197,0,25.0,12.0,18.5,23.31279425
2008,198,0,27.0,15.0,21.0,21.59861825
2008,199,0,31.0,18.0,24.5,22.11286975
2008,200,0,32.0,18.5,25.25,22.14051775
2008,201,0,30.0,19.5,24.75,18.73428425
2008,202,0,29.0,19.5,24.25,17.54210285
2008,203,7,28.5,18.5,23.5,13.96555703
2008,204,0,29.5,18.5,24.0,19.9662803
2008,205,0,27.0,14.0,20.5,23.01198434
2008,206,0,25.0,12.0,18.5,23.35039555
2008,207,0,26.0,12.0,19.0,24.03827708
2008,208,0,27.0,15.0,21.0,21.51677952
2008,209,0,26.5,15.0,20.75,20.84437921
2008,210,0,26.5,13.0,19.75,23.21215494
2008,211,0,28.5,14.5,21.5,23.04516197
2008,212,0,29.0,15.0,22.0,22.72665568
2008,213,0,30.0,17.0,23.5,21.23366432
2008,214,0,30.0,15.0,22.5,23.39020863
2008,215,0,29.0,16.0,22.5,21.25688705
2008,216,0,30.0,13.0,21.5,24.71731125
2008,217,0,27.5,13.0,20.25,22.91466275
2008,218,20,27.0,17.5,22.25,12.6030642
2008,219,14,28.0,17.5,22.75,13.74879703
2008,220,0,28.0,14.0,21.0,22.10955292
2008,221,1,26.5,13.5,20.0,21.29670173
2008,222,0,25.5,11.5,18.5,22.28207716
2008,223,0,25.5,12.5,19.0,21.15182719
2008,224,0,26.5,9.0,17.75,24.53483551
2008,225,0,23.0,9.0,16.0,22.12945951
2008,226,0,25.5,12.0,18.75,21.0213264
2008,227,0,25.0,13.5,19.25,18.79179235
2008,228,5,25.5,12.5,19.0,15.28823821
2008,229,0,25.5,11.0,18.25,21.66607876
2008,230,0,26.0,10.5,18.25,22.29866591
2008,231,0,27.0,13.5,20.25,19.94416066
2008,232,0,29.5,15.0,22.25,20.25824164
2008,233,0,29.5,14.5,22.0,20.42744957
2008,234,0,25.5,13.5,19.5,17.93249337
2008,235,0,27.5,15.0,21.25,17.96014139
2008,236,0,26.5,17.5,22.0,13.934592
2008,237,3,27.5,18.5,23.0,10.29943233
2008,238,0,27.5,12.5,20.0,20.13769721
2008,239,0,24.5,9.0,16.75,20.75590748
2008,240,0,23.5,8.5,16.0,20.2980563
2008,241,0,25.0,8.0,16.5,21.36305687
2008,242,3,27.0,10.0,18.5,15.60563715
2008,243,4,27.0,13.0,20.0,13.68686695
2008,244,0,26.5,10.5,18.5,19.85347621
2008,245,0,30.5,12.0,21.25,20.45399012
2008,246,0,30.0,12.5,21.25,19.85679388
2008,247,0,32.0,16.0,24.0,18.22777311
2008,248,0,31.5,14.0,22.75,19.11693191
2008,249,7,22.0,11.5,16.75,10.59028982
2008,250,13,14.5,11.0,12.75,4.11844608
2008,251,1,21.0,11.0,16.0,13.72225457
2008,252,0,20.5,9.0,14.75,15.47403293
2008,253,4,21.0,9.5,15.25,11.44516661
2008,254,3,14.5,5.0,9.75,10.28616213
2008,255,0,19.5,4.0,11.75,18.54627785
2008,256,0,21.5,8.0,14.75,16.54898684
2008,257,5,22.5,13.0,17.75,9.415802412
2008,258,15,22.5,16.0,19.25,6.511656938
2008,259,4,23.5,13.0,18.25,10.050601
2008,260,5,17.0,9.0,13.0,8.42711025
2008,261,0,17.0,5.5,11.25,15.02834635
2008,262,0,24.0,8.5,16.25,17.13954904
2008,263,0,25.0,7.5,16.25,17.83627866
2008,264,0,24.5,9.5,17.0,16.17407974
2008,265,0,26.0,10.5,18.25,16.17407974
2008,266,0,27.0,11.5,19.25,15.77041863
2008,267,0,26.5,13.5,20.0,13.8505421
2008,268,0,26.5,13.0,19.75,14.010901
2008,269,4,26.0,13.5,19.75,9.930056122
2008,270,0,24.5,7.0,15.75,16.1906685
2008,271,0,25.5,8.0,16.75,15.92082428
2008,272,0,27.5,9.0,18.25,15.92414216
2008,273,0,25.0,11.0,18.0,13.78308173
2008,274,0,18.0,9.5,13.75,9.687859453
2008,275,0,16.5,6.5,11.5,11.31798535
2008,276,0,14.0,4.0,9.0,11.44958907
2008,277,0,13.0,1.5,7.25,12.65836031
2008,278,0,16.0,0.0,8.0,15.00733469
2008,279,0,13.5,-2.0,5.75,14.62136828
2008,280,0,16.0,0.5,8.25,14.10379699
2008,281,11,13.5,6.0,9.75,6.157763044
2008,282,0,20.5,11.0,15.75,9.621504374
2008,283,22,16.5,9.5,13.0,5.595955323
2008,284,0,18.0,5.5,11.75,11.82781464
2008,285,0,19.0,2.5,10.75,13.49001139
2008,286,0,22.5,4.0,13.25,13.7421609
2008,287,0,26.0,9.5,17.75,12.37192681
2008,288,0,26.5,13.0,19.75,10.74733125
2008,289,0,22.5,4.5,13.5,12.63402959
2008,290,5,16.0,4.5,10.25,7.307919333
2008,291,4,12.5,0.5,6.5,7.610941515
2008,292,0,13.0,-0.5,6.25,10.80262723
2008,293,0,11.5,0.0,5.75,9.610444918
2008,294,0,15.0,1.5,8.25,10.46200366
2008,295,0,16.5,6.5,11.5,8.317624092
2008,296,0,14.5,-2.0,6.25,11.45180113
2008,297,0,11.5,-1.5,5.0,9.913467315
2008,298,0,11.0,1.5,6.25,7.882997809
2008,299,10,13.0,4.0,8.5,5.561671337
2008,300,4,11.5,3.5,7.5,5.088338038
2008,301,0,10.5,4.0,7.25,5.626921423
2008,302,0,9.5,0.5,5.0,7.619789124
2008,303,0,5.0,-4.0,0.5,7.737016536
2008,304,0,7.5,-4.0,1.75,8.941362979
2008,305,0,11.0,-3.0,4.0,9.754213957
2008,306,0,18.0,0.0,9.0,10.35141075
2008,307,0,20.0,1.5,10.75,10.12137962
2008,308,0,15.0,1.5,8.25,8.771051495
2008,309,0,18.0,7.0,12.5,7.518044214
2008,310,0,22.5,10.0,16.25,7.783464897
2008,311,0,22.5,8.5,15.5,8.234680353
2008,312,0,20.5,10.0,15.25,6.76823025
2008,313,7,13.5,2.0,7.75,5.473198433
2008,314,5,7.0,-0.5,3.25,4.021125192
2008,315,0,3.5,-2.5,0.5,4.42368
2008,316,0,-0.5,-6.5,-3.5,4.534271893
2008,317,0,1.0,-9.0,-4.0,6.967296211
2008,318,7,3.5,-5.5,-1.0,4.707901434
2008,319,3,7.0,1.5,4.25,3.065610048
2008,320,10,10.0,3.0,6.5,3.793305687
2008,321,0,6.0,0.0,3.0,4.443586557
2008,322,0,2.0,-3.5,-0.75,4.226826442
2008,323,0,0.5,-5.0,-2.25,4.2909695
2008,324,0,0.5,-10.0,-4.75,6.972825438
2008,325,0,0.5,-8.5,-4.0,6.329180117
2008,326,0,4.5,-4.5,0.0,6.157763052
2008,327,0,-1.0,-12.0,-6.5,7.113277572
2008,328,0,-3.5,-12.0,-7.75,6.051594322
2008,329,0,0.5,-7.5,-3.5,5.626921427
2008,330,4,3.5,-4.5,-0.5,4.097433702
2008,331,0,1.5,-6.5,-2.5,5.4632446
2008,332,0,2.0,-11.5,-4.75,7.249305702
2008,333,0,4.5,-10.0,-2.75,7.276953687
2008,334,0,4.0,-7.5,-1.75,6.549258517
2008,335,0,4.5,-10.0,-2.75,7.172997307
2008,336,0,4.0,-6.0,-1.0,6.029476111
2008,337,5,0.5,-6.0,-2.75,3.742433224
2008,338,0,-3.0,-14.0,-8.5,7.199539375
2008,339,0,0.0,-11.5,-5.75,7.199539375
2008,340,0,-1.0,-16.0,-8.5,7.919493116
2008,341,0,-7.0,-17.5,-12.25,6.890987491
2008,342,3,-2.5,-16.5,-9.5,5.7596314
2008,343,0,-5.0,-20.5,-12.75,7.834336894
2008,344,0,-7.0,-16.5,-11.75,6.206422789
2008,345,12,-3.0,-9.0,-6.0,3.255828448
2008,346,0,-2.5,-18.5,-10.5,7.732592352
2008,347,0,-5.5,-17.0,-11.25,6.816890519
2008,348,0,-3.5,-18.5,-11.0,7.529103274
2008,349,0,-1.0,-18.0,-9.5,7.732592352
2008,350,0,4.5,-2.5,1.0,4.476764149
2008,351,9,4.5,-20.0,-7.75,6.002933711
2008,352,0,-13.0,-21.0,-17.0,4.985487336
2008,353,4,-12.5,-21.0,-16.75,3.866296177
2008,354,0,-10.5,-21.0,-15.75,6.10467825
2008,355,13,-4.5,-19.0,-11.75,5.392465982
2008,356,1,-4.0,-13.5,-8.75,5.595955063
2008,357,3,-5.5,-24.5,-15.0,5.901189169
2008,358,0,-18.0,-24.5,-21.25,4.171530039
2008,359,4,-9.0,-23.0,-16.0,5.290720956
2008,360,4,-2.0,-12.5,-7.25,4.476764149
2008,361,0,-2.5,-21.5,-12.0,7.834336894
2008,362,0,-0.5,-20.5,-10.5,7.936081919
2008,363,5,8.5,-3.0,2.75,4.476764149
2008,364,8,6.5,-8.5,-1.0,5.290720956
2008,365,0,0.0,-10.0,-5.0,5.595955063
2008,366,0,3.0,-8.5,-2.75,6.206422789
2009,1,0,-6.0,-18.5,-12.25,6.918635544
2009,2,0,-3.0,-13.5,-8.25,6.206422789
2009,3,0,-5.0,-16.5,-10.75,6.788137025
2009,4,3,0.5,-9.5,-4.5,4.628275312
2009,5,0,-2.5,-17.5,-10.0,7.81664265
2009,6,0,-3.0,-16.5,-9.75,7.508091258
2009,7,0,-1.5,-10.0,-5.75,5.553930474
2009,8,0,-4.5,-13.5,-9.0,5.862481866
2009,9,3,-8.0,-16.0,-12.0,4.15825925
2009,10,4,-8.5,-13.0,-10.75,2.494955649
2009,11,0,-7.5,-18.0,-12.75,6.861127662
2009,12,0,-7.0,-19.0,-13.0,7.484866452
2009,13,3,-8.0,-20.5,-14.25,5.883494298
2009,14,1,-15.0,-24.5,-19.75,6.723993702
2009,15,0,-14.0,-27.5,-20.75,8.299929702
2009,16,0,-17.5,-30.5,-24.0,8.1948674
2009,17,0,-11.0,-29.0,-20.0,9.44898052
2009,18,2,-6.5,-18.0,-12.25,7.856456152
2009,19,0,-9.0,-19.0,-14.0,7.325614527
2009,20,0,-7.0,-18.5,-12.75,8.152841946
2009,21,0,-6.5,-17.0,-11.75,7.723744896
2009,22,0,-4.5,-13.0,-8.75,6.651002521
2009,23,0,-2.5,-14.0,-8.25,8.345272306
2009,24,0,-3.5,-22.0,-12.75,10.29611544
2009,25,0,-13.0,-22.0,-17.5,7.369851256
2009,26,0,-11.5,-21.0,-16.25,7.77351122
2009,27,0,-11.5,-22.5,-17.0,8.649400032
2009,28,0,-10.5,-22.5,-16.5,9.196829883
2009,29,0,-6.5,-21.0,-13.75,10.28505621
2009,30,0,-6.0,-20.0,-13.0,10.28505621
2009,31,0,-6.0,-19.0,-12.5,10.05281325
2009,32,0,3.5,-8.0,-2.25,9.382625273
2009,33,0,2.5,-11.0,-4.25,10.38790724
2009,34,0,-3.5,-18.5,-11.0,11.05477629
2009,35,0,-10.5,-21.0,-15.75,9.362718728
2009,36,0,-9.0,-20.5,-14.75,10.13796843
2009,37,0,-2.0,-16.0,-9.0,11.27706605
2009,38,0,6.0,-12.5,-3.25,12.42169312
2009,39,0,7.0,-5.0,1.0,10.23639464
2009,40,0,5.5,-4.5,0.5,9.086238437
2009,41,3,8.5,-2.5,3.0,7.431782512
2009,42,0,10.5,-1.0,4.75,10.21870102
2009,43,0,3.0,-1.5,0.75,4.806328411
2009,44,0,2.0,-5.0,-1.5,7.385334298
2009,45,2,-1.5,-7.5,-4.5,6.745005712
2009,46,0,-1.0,-11.5,-6.25,10.88667602
2009,47,0,-3.0,-15.0,-9.0,12.30225456
2009,48,0,0.5,-12.0,-5.75,12.54113306
2009,49,3,3.5,-5.0,-0.75,7.353261659
2009,50,0,-0.5,-15.5,-8.0,14.10379695
2009,51,0,-6.5,-16.0,-11.25,11.19191017
2009,52,8,-2.5,-14.5,-8.5,9.853747664
2009,53,5,-5.0,-14.0,-9.5,8.347484733
2009,54,0,-6.0,-20.0,-13.0,14.85361259
2009,55,0,-3.0,-17.5,-10.25,15.23515385
2009,56,0,3.5,-8.0,-2.25,13.50107062
2009,57,0,7.5,-4.0,1.75,13.62161644
2009,58,26,3.0,-11.0,-4.0,11.747082
2009,59,0,-6.5,-14.5,-10.5,11.34673875
2009,60,0,-5.0,-14.5,-9.75,13.11178652
2009,61,0,-7.5,-17.0,-12.25,13.60834536
2009,62,0,-6.0,-16.0,-11.0,14.24424936
2009,63,0,-1.5,-12.5,-7.0,15.394407
2009,64,0,6.5,-3.5,1.5,14.36811295
2009,65,0,14.0,0.0,7.0,17.20922103
2009,66,18,10.5,-2.0,4.25,12.42169369
2009,67,12,4.5,-2.0,1.25,8.090910626
2009,68,22,1.5,-7.5,-3.0,11.09237781
2009,69,9,5.5,-8.0,-1.25,14.21328355
2009,70,3,6.5,-14.5,-4.0,16.18735068
2009,71,0,-5.0,-16.0,-10.5,17.65048345
2009,72,0,-3.5,-15.5,-9.5,18.579456
2009,73,0,4.0,-9.0,-2.5,19.26955029
2009,74,0,10.0,-4.5,2.75,19.93863191
2009,75,0,14.0,-2.5,5.75,20.91294681
2009,76,0,18.0,0.5,9.25,21.18279103
2009,77,0,21.0,1.0,11.0,22.03656336
2009,78,0,13.0,-3.5,4.75,21.22039387
2009,79,0,4.5,-8.0,-1.75,19.0616359
2009,80,0,5.5,-6.5,-0.5,18.65023472
2009,81,0,16.0,-1.5,7.25,22.1184
2009,82,6,13.5,0.0,6.75,14.91001371
2009,83,24,7.5,1.0,4.25,8.639447084
2009,84,40,11.0,1.0,6.0,12.64066538
2009,85,0,5.0,-1.5,1.75,12.2193096
2009,86,0,10.0,-4.5,2.75,22.08301149
2009,87,0,3.0,-5.5,-1.25,15.85446913
2009,88,4,1.0,-4.5,-1.75,8.417156964
2009,89,0,6.0,-6.0,0.0,20.8288971
2009,90,4,8.0,-4.0,2.0,15.67088585
2009,91,9,9.0,-0.5,4.25,13.22680293
2009,92,0,8.0,-2.5,2.75,19.4133198
2009,93,0,7.0,-2.0,2.5,17.385063
2009,94,0,7.0,-3.0,2.0,19.12356887
2009,95,0,8.5,-2.5,3.0,20.58338324
2009,96,0,5.5,-2.5,1.5,16.62087224
2009,97,0,7.0,-3.5,1.75,20.2980563
2009,98,0,9.0,-4.5,2.25,23.85911784
2009,99,0,12.0,-3.0,4.5,25.04466291
2009,100,0,12.5,-2.5,5.0,25.380864
2009,101,0,10.0,-4.0,3.0,24.78366777
2009,102,0,11.0,-4.5,3.25,26.17049118
2009,103,0,12.5,-1.5,5.5,24.81684562
2009,104,0,8.0,0.5,4.25,16.36319234
2009,105,0,15.5,-1.0,7.25,27.12047514
2009,106,0,18.0,-2.0,8.0,28.99722287
2009,107,0,20.5,-0.5,10.0,29.14984042
2009,108,0,22.0,1.5,11.75,29.05362279
2009,109,5,22.0,4.0,13.0,20.75258813
2009,110,21,9.0,1.5,5.25,12.386304
2009,111,9,9.0,-0.5,4.25,15.32805061
2009,112,4,8.5,-1.5,3.5,16.37314612
2009,113,0,15.0,0.5,7.75,26.50890325
2009,114,0,19.5,2.5,11.0,28.11027351
2009,115,22,27.5,6.0,16.75,21.82864801
2009,116,39,11.5,4.0,7.75,12.33543218
2009,117,1,19.5,6.0,12.75,24.67086435
2009,118,0,18.5,4.0,11.25,25.79890217
2009,119,0,14.5,4.5,9.5,20.3843171
2009,120,6,14.0,6.5,10.25,12.02688
2009,121,3,21.5,7.5,14.5,18.76193249
2009,122,0,15.0,3.5,9.25,22.76647044
2009,123,0,17.5,4.0,10.75,25.02697037
2009,124,0,20.5,3.0,11.75,28.09479193
2009,125,0,21.5,7.5,14.5,24.71067579
2009,126,3,21.0,10.5,15.75,13.49333002
2009,127,13,23.0,10.0,16.5,15.87658745
2009,128,0,23.5,8.0,15.75,23.56936678
2009,129,23,23.5,7.0,15.25,18.45559209
2009,130,0,12.0,3.0,7.5,16.97255404
2009,131,0,14.5,7.0,10.75,14.50082291
2009,132,0,18.0,5.0,11.5,22.56076863
2009,133,5,21.0,8.5,14.75,16.25702432
2009,134,39,18.0,8.0,13.0,14.02748906
2009,135,0,18.0,8.5,13.25,18.20233719
2009,136,0,16.0,6.0,11.0,19.53828891
2009,137,0,14.5,0.5,7.5,25.21497563
2009,138,0,17.5,3.0,10.25,25.55117498
2009,139,0,18.0,7.5,12.75,21.01247969
2009,140,0,27.5,11.5,19.5,25.71927558
2009,141,0,28.5,14.0,21.25,24.02721795
2009,142,2,26.5,12.5,19.5,23.68880675
2009,143,0,23.0,11.0,17.0,22.31083008
2009,144,0,23.0,11.0,17.0,22.48114078
2009,145,0,22.0,8.5,15.25,24.69519288
2009,146,0,20.5,9.0,14.75,22.45570625
2009,147,4,19.0,9.5,14.25,14.74191425
2009,148,8,12.5,9.5,11.0,5.65678072
2009,149,0,20.0,9.5,14.75,21.77003487
2009,150,1,22.5,9.0,15.75,25.18843531
2009,151,0,23.0,4.5,13.75,29.15647507
2009,152,0,22.5,10.0,16.25,23.80824678
2009,153,0,24.5,6.0,15.25,28.81142999
2009,154,0,19.0,7.0,13.0,23.96086271
2009,155,0,19.5,5.0,12.25,26.73893271
2009,156,0,22.5,7.0,14.75,27.08619291
2009,157,0,24.0,9.0,16.5,26.39167417
2009,158,1,13.0,8.0,10.5,11.80680208
2009,159,49,16.5,9.5,13.0,12.15406063
2009,160,4,18.5,10.5,14.5,13.62935861
2009,161,0,19.5,10.5,15.0,19.7450963
2009,162,0,22.0,11.0,16.5,22.89033315
2009,163,0,22.0,10.0,16.0,24.28821472
2009,164,6,23.0,11.5,17.25,17.47353625
2009,165,0,23.0,11.5,17.25,23.23980355
2009,166,0,26.0,11.5,18.75,26.21030437
2009,167,0,26.0,13.5,19.75,23.93874433
2009,168,8,23.5,14.5,19.0,14.50303542
2009,169,11,24.5,15.0,19.75,15.02724184
2009,170,17,27.0,17.0,22.0,15.37671223
2009,171,11,29.0,17.0,23.0,17.29880022
2009,172,0,28.5,17.5,23.0,22.01665634
2009,173,5,27.5,17.0,22.25,16.07565302
2009,174,0,31.5,18.0,24.75,24.46295075
2009,175,0,33.5,18.5,26.0,25.33662756
2009,176,0,32.5,20.0,26.25,22.89033315
2009,177,0,30.5,16.0,23.25,25.51136359
2009,178,0,29.0,14.5,21.75,25.51136359
2009,179,0,28.0,16.0,22.0,22.71559712
2009,180,0,25.0,14.5,19.75,21.31771389
2009,181,0,21.5,13.5,17.5,17.82300664
2009,182,1,17.5,10.5,14.0,16.59985944
2009,183,0,17.5,10.5,14.0,16.94932983
2009,184,0,21.0,13.5,17.25,17.82300664
2009,185,0,24.0,15.0,19.5,20.44403708
2009,186,0,25.0,14.0,19.5,23.43997406
2009,187,0,27.5,13.0,20.25,26.91256281
2009,188,0,27.5,10.0,18.75,28.82248729
2009,189,0,26.0,12.0,19.0,26.21804573
2009,190,2,21.0,8.0,14.5,25.87078553
2009,191,4,26.5,14.5,20.5,17.42487668
2009,192,6,26.5,14.5,20.5,17.42487668
2009,193,0,25.0,9.5,17.25,27.08619309
2009,194,0,25.0,11.5,18.25,25.18843531
2009,195,0,25.5,11.5,18.5,25.53348203
2009,196,4,23.5,15.0,19.25,13.54199057
2009,197,0,26.0,12.0,19.0,25.36980513
2009,198,0,23.5,11.5,17.5,23.31279425
2009,199,1,18.5,9.5,14.0,19.4155303
2009,200,0,19.0,11.5,15.25,16.52023215
2009,201,0,22.5,7.0,14.75,26.90924498
2009,202,0,25.0,10.0,17.5,25.88737428
2009,203,20,23.5,13.0,18.25,15.56692983
2009,204,4,23.5,12.5,18.0,16.07454744
2009,205,0,25.5,12.5,19.0,23.68880675
2009,206,3,22.5,12.5,17.5,15.12898538
2009,207,0,24.0,13.5,18.75,20.67628033
2009,208,7,26.0,13.5,19.75,17.31428358
2009,209,1,27.5,15.0,21.25,22.54417987
2009,210,0,25.0,10.0,17.5,25.38307628
2009,211,0,24.0,12.5,18.25,21.56544
2009,212,8,23.0,10.0,16.5,17.41824
2009,213,0,25.5,13.0,19.25,22.06310432
2009,214,0,23.0,10.0,16.5,22.73992667
2009,215,4,26.0,14.0,20.0,15.65429713
2009,216,0,28.5,13.5,21.0,23.24201476
2009,217,0,25.5,9.5,17.5,24.55142437
2009,218,0,25.5,10.5,18.0,23.73304356
2009,219,0,25.5,13.5,19.5,20.48385055
2009,220,27,23.0,16.0,19.5,10.07935442
2009,221,8,30.5,19.0,24.75,14.04739597
2009,222,2,29.5,18.0,23.75,18.89132572
2009,223,1,28.0,15.5,21.75,20.36551649
2009,224,0,27.0,12.5,19.75,22.450176
2009,225,0,28.5,13.0,20.75,22.77310423
2009,226,0,28.5,15.5,22.0,20.3843171
2009,227,0,30.5,15.0,22.75,22.13609342
2009,228,0,29.0,18.0,23.5,17.55426904
2009,229,1,27.5,17.5,22.5,16.4472419
2009,230,7,26.0,15.0,20.5,13.34845419
2009,231,0,24.5,11.0,17.75,20.88640509
2009,232,7,24.5,13.0,18.75,13.87818993
2009,233,5,22.5,14.0,18.25,11.07136532
2009,234,4,20.5,9.0,14.75,14.2442493
2009,235,0,21.0,7.5,14.25,20.901888
2009,236,0,23.5,9.5,16.5,20.59886467
2009,237,0,25.0,12.5,18.75,18.90791392
2009,238,5,25.0,15.0,20.0,11.90412337
2009,239,1,22.0,13.0,17.5,14.80384507
2009,240,2,18.5,12.0,15.25,11.5148387
2009,241,4,21.0,10.5,15.75,12.72692657
2009,242,0,15.5,7.0,11.25,14.8901068
2009,243,0,18.0,3.5,10.75,20.9063118
2009,244,0,20.5,4.5,12.5,21.34978588
2009,245,0,22.0,4.5,13.25,21.79768377
2009,246,0,22.5,5.5,14.0,21.19163861
2009,247,0,23.5,6.5,15.0,21.04344477
2009,248,0,24.5,7.5,16.0,20.59223075
2009,249,0,25.0,7.5,16.25,20.59223075
2009,250,0,25.5,8.5,17.0,19.85347606
2009,251,0,25.5,7.5,16.5,20.14543865
2009,252,0,26.0,9.5,17.75,18.83381825
2009,253,0,26.0,11.0,18.5,17.67481377
2009,254,0,27.5,10.5,19.0,18.54627785
2009,255,0,27.5,9.5,18.5,18.68894197
2009,256,0,27.0,8.0,17.5,19.11693191
2009,257,0,29.0,11.0,20.0,17.97783557
2009,258,0,29.0,12.5,20.75,16.9869315
2009,259,0,27.0,10.5,18.75,16.8542205
2009,260,0,22.5,5.5,14.0,17.41602732
2009,261,0,23.0,8.5,15.75,15.60674333
2009,262,0,25.5,8.0,16.75,17.00020258
2009,263,0,24.0,7.5,15.75,16.17407974
2009,264,10,24.0,10.5,17.25,10.50623987
2009,265,23,22.5,12.5,17.5,8.2280445
2009,266,48,21.0,14.5,17.75,5.485363
2009,267,0,25.0,13.0,19.0,12.37856331
2009,268,0,23.5,14.0,18.75,10.20211219
2009,269,5,22.0,13.0,17.5,7.285800956
2009,270,0,21.0,9.5,15.25,11.87315716
2009,271,5,21.0,7.0,14.0,10.03622437
2009,272,1,15.5,5.0,10.25,10.97293839
2009,273,0,14.5,0.0,7.25,13.80188109
2009,274,0,15.0,0.5,7.75,13.55526118
2009,275,12,13.5,3.0,8.25,8.027872848
2009,276,1,12.0,5.5,8.75,7.046922501
2009,277,1,12.0,6.0,9.0,6.655426561
2009,278,0,13.0,5.5,9.25,8.151736409
2009,279,5,15.0,5.5,10.25,7.504773222
2009,280,6,14.0,4.5,9.25,7.440630294
2009,281,0,14.0,4.5,9.25,10.00636479
2009,282,1,10.0,2.5,6.25,8.393932677
2009,283,0,8.5,-4.0,2.25,12.46371864
2009,284,0,5.5,-5.5,0.0,11.47281411
2009,285,0,7.0,-4.0,1.5,11.34673875
2009,286,1,6.0,-3.0,1.5,9.872548158
2009,287,2,7.0,-2.0,2.5,9.872548158
2009,288,2,7.5,1.5,4.5,7.060192902
2009,289,5,4.5,-2.0,1.25,5.821562527
2009,290,0,7.0,-3.0,2.0,10.67986964
2009,291,0,8.5,-3.5,2.5,11.78468447
2009,292,0,14.0,1.0,7.5,11.92181783
2009,293,0,17.5,4.5,11.0,11.556864
2009,294,2,12.5,6.5,9.5,6.871080446
2009,295,8,19.0,4.0,11.5,8.920350467
2009,296,21,7.5,3.0,5.25,3.822059656
2009,297,13,8.0,1.0,4.5,5.733089627
2009,298,0,11.0,2.0,6.5,8.993341136
2009,299,3,14.0,5.0,9.5,6.626672386
2009,300,6,8.5,-1.5,3.5,7.150878911
2009,301,0,11.0,-1.0,5.0,10.31602242
2009,302,0,12.0,3.5,7.75,8.205926749
2009,303,25,16.0,8.5,12.25,5.457714979
2009,304,1,16.0,2.5,9.25,10.33482196
2009,305,0,6.0,-2.0,2.0,7.82106612
2009,306,0,11.0,0.0,5.5,9.316270114
2009,307,0,10.5,-4.0,3.25,10.13796843
2009,308,0,8.5,-2.5,3.0,8.884961692
2009,309,0,7.5,-2.5,2.5,8.234680353
2009,310,0,11.5,-1.5,5.0,9.24991446
2009,311,0,16.5,5.0,10.75,8.347484085
2009,312,0,20.5,1.5,11.0,9.606021975
2009,313,0,20.0,3.5,11.75,9.159229636
2009,314,0,14.5,0.5,7.5,8.626176211
2009,315,0,13.5,-3.5,5.0,9.179136211
2009,316,0,11.5,-3.5,4.0,8.626176211
2009,317,0,11.0,-1.0,5.0,7.664025251
2009,318,0,12.5,3.5,8.0,6.131220094
2009,319,0,11.5,-1.5,5.0,7.586611375
2009,320,0,7.0,-3.0,2.0,6.50280975
2009,321,0,7.0,-2.0,2.5,5.960908937
2009,322,2,8.0,-1.0,3.5,5.900083063
2009,323,4,6.5,1.0,3.75,2.896404464
2009,324,3,7.0,3.0,5.0,2.14548475
2009,325,0,10.5,-1.5,4.5,6.900941124
2009,326,0,11.0,-0.5,5.25,6.582435947
2009,327,0,13.0,0.5,6.75,6.794772902
2009,328,0,8.5,3.5,6.0,3.291217974
2009,329,11,7.5,4.5,6.0,1.575936
2009,330,12,6.5,-0.5,3.0,3.361996849
2009,331,0,2.0,-4.5,-1.25,4.307558298
2009,332,0,4.0,-4.5,-0.25,5.197824062
2009,333,0,9.0,-3.5,2.75,6.549258517
2009,334,0,3.0,-2.5,0.25,3.638476844
2009,335,0,5.0,-3.5,0.75,5.093867682
2009,336,0,8.5,-2.5,3.0,6.029476111
2009,337,0,2.0,-3.0,-0.5,3.291218048
2009,338,0,-2.0,-7.5,-4.75,3.599769687
2009,339,0,-4.5,-8.5,-6.5,2.776965237
2009,340,0,-0.5,-7.5,-4.0,4.525424849
2009,341,5,0.0,-8.0,-4.0,4.216872963
2009,342,0,-3.0,-10.5,-6.75,5.494210524
2009,343,23,-1.0,-8.5,-4.75,4.171530039
2009,344,5,-3.5,-20.0,-11.75,6.002933711
2009,345,0,-13.0,-21.0,-17.0,6.10467825
2009,346,0,-6.0,-19.5,-12.75,7.732592352
2009,347,1,-0.5,-10.0,-5.25,6.613401438
2009,348,0,-1.0,-4.0,-2.5,2.645360478
2009,349,2,-2.5,-17.0,-9.75,7.834336894
2009,350,0,-11.0,-19.0,-15.0,6.10467825
2009,351,0,-9.0,-19.5,-14.25,7.020380086
2009,352,0,-3.0,-12.5,-7.75,6.613401438
2009,353,0,-1.5,-6.0,-3.75,3.764551635
2009,354,0,-2.5,-8.5,-5.5,4.781997769
2009,355,0,-3.5,-7.5,-5.5,3.459317774
2009,356,3,-4.0,-7.0,-5.5,2.03489275
2009,357,3,-2.0,-6.5,-4.25,3.052339125
2009,358,8,-0.5,-4.0,-2.25,2.441871397
2009,359,23,2.0,-2.0,0.0,2.645360478
2009,360,4,2.5,-12.5,-5.0,5.901189169
2009,361,4,-5.5,-14.0,-9.75,4.883742794
2009,362,0,-4.5,-12.0,-8.25,6.002933711
2009,363,0,-3.5,-18.0,-10.75,8.037826461
2009,364,0,-6.0,-17.0,-11.5,7.427358732
2009,365,2,-2.5,-11.5,-7.0,6.715145977
2010,1,0,-5.0,-17.5,-11.25,7.529103274
2010,2,0,-10.0,-22.0,-16.0,7.529103274
2010,3,0,-13.5,-23.0,-18.25,6.788137025
2010,4,0,-11.0,-18.5,-14.75,5.862481866
2010,5,0,-8.0,-15.5,-11.75,5.862481866
2010,6,0,-7.5,-16.5,-12.0,6.685286562
2010,7,4,-7.0,-13.5,-10.25,4.011172037
2010,8,5,-4.5,-13.0,-8.75,4.936827196
2010,9,0,-6.5,-21.5,-14.0,8.628388142
2010,10,0,-9.5,-20.5,-15.0,7.796736094
2010,11,0,-8.0,-17.0,-12.5,7.069040923
2010,12,0,-4.0,-17.0,-10.5,8.420475377
2010,13,0,-3.0,-15.5,-9.25,8.404992
2010,14,0,1.0,-9.0,-4.0,7.6695554
2010,15,0,3.0,-6.5,-1.75,7.459430298
2010,16,0,-2.0,-7.0,-4.5,4.622745702
2010,17,0,-3.5,-8.0,-5.75,4.246733
2010,18,0,-1.5,-10.0,-5.75,7.219446302
2010,19,0,0.0,-14.0,-7.0,9.342812802
2010,20,0,-1.5,-13.5,-7.5,9.011035541
2010,21,0,-1.5,-6.0,-3.75,4.505517771
2010,22,0,-0.5,-5.5,-3.0,4.934614821
2010,23,0,1.5,-4.0,-1.25,5.419008125
2010,24,16,3.0,-1.0,1.0,3.034644498
2010,25,14,2.5,-3.5,-0.5,4.443586557
2010,26,0,-1.0,-9.5,-5.25,8.101969657
2010,27,0,-6.0,-17.5,-11.75,9.744260258
2010,28,0,-7.0,-18.0,-12.5,9.634774809
2010,29,0,-13.5,-21.5,-17.5,8.183808107
2010,30,0,-10.5,-21.0,-15.75,9.732096211
2010,31,0,-5.5,-17.0,-11.25,10.38790724
2010,32,0,-6.0,-16.5,-11.25,10.05281325
2010,33,3,-3.5,-12.5,-8.0,7.036969487
2010,34,2,-0.5,-8.5,-4.5,8.79869954
2010,35,0,-1.5,-13.5,-7.5,11.05477629
2010,36,0,0.0,-7.5,-3.75,8.543232187
2010,37,0,-0.5,-8.0,-4.25,8.657141839
2010,38,0,-4.0,-11.5,-7.75,8.856206756
2010,39,1,-2.0,-10.0,-6.0,9.546301245
2010,40,4,-2.5,-9.5,-6.0,6.67090937
2010,41,5,-3.5,-10.0,-6.75,6.502809488
2010,42,0,-3.0,-18.5,-10.75,13.58622698
2010,43,0,-2.5,-19.0,-10.75,13.95007503
2010,44,0,-3.0,-17.5,-10.25,13.7156202
2010,45,0,-1.5,-17.0,-9.25,14.08167861
2010,46,0,-3.0,-14.5,-8.75,12.89834424
2010,47,2,-2.5,-10.0,-6.25,10.03290599
2010,48,0,0.0,-6.0,-3.0,8.360755375
2010,49,0,1.5,-10.5,-4.5,13.74216089
2010,50,0,2.5,-14.0,-5.75,15.3092497
2010,51,3,3.5,-11.5,-4.0,11.31356183
2010,52,9,1.0,-5.0,-2.0,6.447513832
2010,53,4,1.5,-4.0,-1.25,6.13785625
2010,54,3,1.0,-5.5,-2.25,7.119913484
2010,55,0,0.5,-9.5,-4.5,13.25334478
2010,56,0,-3.5,-15.5,-9.5,14.8635645
2010,57,0,-2.5,-14.5,-8.5,15.12124494
2010,58,0,0.5,-11.5,-5.5,15.12124494
2010,59,0,3.0,-4.5,-0.75,11.2206634
2010,60,0,2.5,-5.0,-1.25,11.47281411
2010,61,0,2.5,-11.0,-4.25,16.66068528
2010,62,0,1.5,-13.0,-5.75,17.29658928
2010,63,0,3.5,-11.5,-4.0,17.57528108
2010,64,0,5.5,-12.0,-3.25,18.47328791
2010,65,0,5.0,-11.5,-3.25,18.37375428
2010,66,0,6.0,-8.0,-1.0,17.33861293
2010,67,0,7.5,-6.5,0.5,17.48680688
2010,68,1,7.0,-4.5,1.25,15.79032656
2010,69,7,6.0,0.5,3.25,6.58022375
2010,70,3,8.5,1.0,4.75,8.685895223
2010,71,7,9.0,2.0,5.5,8.360755453
2010,72,1,9.5,1.5,5.5,12.74019891
2010,73,1,7.5,2.5,5.0,8.83187732
2010,74,0,14.5,0.0,7.25,19.13573473
2010,75,0,14.5,-1.5,6.5,20.10341287
2010,76,0,17.0,-2.5,7.25,21.18279103
2010,77,0,18.0,-1.0,8.5,21.22039387
2010,78,0,17.5,2.5,10.0,19.4520275
2010,79,4,10.0,-3.5,3.25,14.26194328
2010,80,0,4.5,-5.0,-0.25,15.77041863
2010,81,0,10.0,-5.0,2.5,20.736
2010,82,0,12.5,-5.5,3.5,22.15600154
2010,83,0,15.0,-4.0,5.5,22.295348
2010,84,0,13.0,-2.5,5.25,20.92732325
2010,85,0,6.0,-8.5,-1.25,20.50596881
2010,86,0,7.5,-7.0,0.25,20.66743386
2010,87,0,9.5,-3.5,3.0,19.39341319
2010,88,0,11.5,-6.0,2.75,22.68352378
2010,89,0,13.0,-4.5,4.25,22.68352378
2010,90,0,20.0,0.5,10.25,23.2906763
2010,91,0,24.0,7.0,15.5,21.70921015
2010,92,0,27.0,8.5,17.75,22.45570637
2010,93,3,23.5,8.5,16.0,15.06705405
2010,94,0,16.0,4.5,10.25,17.66375449
2010,95,0,20.0,2.5,11.25,22.77310481
2010,96,24,19.5,4.5,12.0,14.12038736
2010,97,25,12.5,4.0,8.25,9.560678562
2010,98,15,8.5,-1.5,3.5,11.41088189
2010,99,0,5.0,-5.5,-0.25,15.85668014
2010,100,0,14.0,-2.5,5.75,20.901888
2010,101,2,17.5,3.5,10.5,18.6624
2010,102,0,18.5,3.0,10.75,19.85347621
2010,103,1,16.0,5.5,10.75,15.0405125
2010,104,0,17.5,5.5,11.5,16.81772574
2010,105,0,26.0,7.0,16.5,21.81758882
2010,106,1,25.0,8.0,16.5,20.90852357
2010,107,0,16.0,2.5,9.25,19.07712031
2010,108,0,15.5,-2.5,6.5,22.75098579
2010,109,0,15.0,-1.5,6.75,21.82864796
2010,110,0,16.0,0.0,8.0,21.52120261
2010,111,0,18.5,2.0,10.25,21.83086139
2010,112,0,16.0,-1.0,7.5,22.61053512
2010,113,0,17.0,0.5,8.75,22.29866597
2010,114,8,17.5,4.5,11.0,14.44773835
2010,115,17,10.5,6.5,8.5,5.339381827
2010,116,3,10.5,3.0,6.75,9.805086573
2010,117,0,16.5,2.0,9.25,21.66607876
2010,118,0,14.5,-1.5,6.5,23.41011352
2010,119,0,18.0,2.5,10.25,22.77310423
2010,120,0,24.0,10.0,17.0,21.16730849
2010,121,17,23.5,11.5,17.5,14.27189699
2010,122,0,21.0,11.0,16.0,17.11521906
2010,123,0,21.0,7.5,14.25,21.63621893
2010,124,0,20.0,5.5,12.75,22.76647044
2010,125,3,25.5,8.0,16.75,18.53300646
2010,126,0,19.0,4.5,11.75,23.08497342
2010,127,4,16.0,5.0,10.5,14.56717784
2010,128,11,7.5,1.0,4.25,9.656893746
2010,129,1,9.0,-1.5,3.75,19.6090663
2010,130,0,13.5,-0.5,6.5,23.72861817
2010,131,16,14.0,2.5,8.25,15.65429713
2010,132,6,8.0,4.0,6.0,6.469632161
2010,133,29,9.5,5.5,7.5,6.469632161
2010,134,0,18.0,6.0,12.0,22.04319778
2010,135,0,18.0,4.0,11.0,24.54810666
2010,136,0,18.5,3.5,11.0,25.55007084
2010,137,0,18.5,7.0,12.75,21.85297888
2010,138,0,20.0,5.5,12.75,25.3830761
2010,139,0,22.5,6.0,14.25,26.72787352
2010,140,0,26.0,7.5,16.75,27.7497444
2010,141,6,25.0,9.5,17.25,19.28945628
2010,142,0,20.0,11.0,15.5,18.44342747
2010,143,0,25.0,15.0,20.0,19.75615495
2010,144,0,31.5,19.0,25.25,21.79989473
2010,145,0,32.0,19.0,25.5,22.14051775
2010,146,13,29.0,15.5,22.25,17.48459487
2010,147,0,28.5,15.0,21.75,23.48421087
2010,148,0,26.5,9.5,18.0,27.25539775
2010,149,0,29.0,12.0,20.5,26.74114625
2010,150,0,30.5,16.5,23.5,23.80824678
2010,151,0,31.0,16.0,23.5,24.6708644
2010,152,0,27.0,10.5,18.75,26.74114637
2010,153,4,29.0,15.0,22.0,17.7699234
2010,154,16,24.5,10.5,17.5,18.75197958
2010,155,6,23.0,11.5,17.25,16.66842666
2010,156,0,25.5,12.0,18.75,24.48175135
2010,157,21,26.5,12.0,19.25,18.92560803
2010,158,1,23.0,11.0,17.0,22.74545697
2010,159,11,21.5,10.0,15.75,16.66842666
2010,160,14,19.5,10.5,15.0,13.978829
2010,161,0,25.5,12.0,18.75,24.28821472
2010,162,14,23.0,11.5,17.25,16.42512341
2010,163,0,29.0,14.0,21.5,24.81242114
2010,164,0,22.5,15.5,19.0,14.15356503
2010,165,2,22.5,15.0,18.75,15.2019762
2010,166,6,20.0,14.0,17.0,9.610444937
2010,167,24,22.5,14.5,18.5,12.40621057
2010,168,0,26.5,13.5,20.0,23.76400997
2010,169,4,29.0,16.5,22.75,17.12406586
2010,170,0,28.0,16.0,22.0,22.5408611
2010,171,0,26.5,14.0,20.25,23.58927394
2010,172,0,26.0,15.0,20.5,21.49244992
2010,173,19,27.0,16.5,21.75,15.37671223
2010,174,35,30.5,17.5,24.0,17.47353625
2010,175,0,28.5,15.0,21.75,24.28821472
2010,176,0,27.0,14.0,20.5,24.11348036
2010,177,18,29.0,16.5,22.75,17.29880022
2010,178,14,28.5,18.0,23.25,15.37671223
2010,179,13,27.5,16.0,21.75,16.77459547
2010,180,0,24.5,11.5,18.0,24.98715717
2010,181,0,23.0,9.0,16.0,26.3850404
2010,182,0,24.0,11.0,17.5,25.16189153
2010,183,0,26.5,13.0,19.75,25.33662756
2010,184,0,28.0,14.0,21.0,25.51136359
2010,185,0,30.0,17.5,23.75,23.23980355
2010,186,5,29.5,20.0,24.75,14.23761354
2010,187,10,27.0,20.5,23.75,10.59139552
2010,188,4,29.5,19.5,24.5,15.10576073
2010,189,11,29.0,19.0,24.0,15.27939083
2010,190,0,28.0,16.0,22.0,23.26634396
2010,191,0,29.0,16.5,22.75,23.6357226
2010,192,0,29.5,16.0,22.75,24.49834022
2010,193,1,27.5,16.0,21.75,22.60058243
2010,194,0,26.5,16.0,21.25,21.39291644
2010,195,0,29.0,17.0,23.0,22.60058243
2010,196,83,31.5,18.5,25.0,17.14176
2010,197,0,28.0,17.0,22.5,21.08436513
2010,198,0,30.5,19.0,24.75,21.08436513
2010,199,2,31.0,19.0,25.0,21.4592717
2010,200,0,29.5,17.0,23.25,22.48114078
2010,201,7,29.0,15.0,22.0,18.2233489
2010,202,0,29.0,17.5,23.25,21.28895938
2010,203,27,29.0,17.0,23.0,16.24375384
2010,204,76,26.5,17.5,22.0,13.3672554
2010,205,16,29.0,19.0,24.0,14.2132834
2010,206,0,28.0,17.0,22.5,20.67628033
2010,207,0,28.0,14.0,21.0,24.20637596
2010,208,0,29.0,16.5,22.75,22.18917823
2010,209,10,31.0,19.0,25.0,15.69742831
2010,210,0,27.5,14.5,21.0,22.87816741
2010,211,0,27.0,14.5,20.75,22.22899137
2010,212,2,24.5,17.0,20.75,15.26169568
2010,213,0,27.0,15.5,21.25,21.23366432
2010,214,0,30.0,18.0,24.0,21.09210592
2010,215,0,29.0,19.0,24.0,18.62037479
2010,216,0,31.5,19.5,25.5,20.45952031
2010,217,0,29.0,17.5,23.25,20.29584353
2010,218,0,26.0,14.0,20.0,21.44157791
2010,219,0,27.0,13.5,20.25,22.43469309
2010,220,27,28.5,17.0,22.75,14.95646154
2010,221,29,29.5,18.5,24.0,14.20886091
2010,222,0,31.0,19.5,25.25,19.21425406
2010,223,0,31.0,20.5,25.75,17.79978301
2010,224,0,30.0,19.0,24.5,18.60157501
2010,225,0,32.5,20.5,26.5,18.95104392
2010,226,27,26.0,18.0,22.0,11.14767325
2010,227,0,29.0,17.0,23.0,19.90655938
2010,228,0,25.5,13.0,19.25,20.87534595
2010,229,0,25.0,13.0,19.0,20.40090596
2010,230,0,22.0,13.0,17.5,16.80334791
2010,231,0,27.5,15.0,21.25,20.25824164
2010,232,0,30.5,18.0,24.25,19.3359053
2010,233,33,31.0,18.5,24.75,14.3459944
2010,234,0,27.5,16.5,22.0,17.96014139
2010,235,0,29.0,14.0,21.5,21.3663747
2010,236,0,28.0,14.0,21.0,20.44514267
2010,237,0,24.5,10.5,17.5,21.06003358
2010,238,0,24.0,8.0,16.0,22.12945956
2010,239,0,25.0,10.5,17.75,20.90852357
2010,240,0,29.0,14.0,21.5,20.30247845
2010,241,0,28.5,13.5,21.0,20.15096828
2010,242,0,32.0,16.5,24.25,19.55266625
2010,243,0,29.0,20.5,24.75,12.78443562
2010,244,43,27.0,18.0,22.5,10.30164494
2010,245,4,26.5,16.5,21.5,11.19744
2010,246,9,26.0,12.0,19.0,14.07836113
2010,247,27,17.0,7.0,12.0,11.855462
2010,248,0,19.5,6.0,12.75,18.9742692
2010,249,4,23.0,10.0,16.5,13.53203707
2010,250,0,24.0,11.5,17.75,17.2258099
2010,251,0,18.0,7.0,12.5,16.34992072
2010,252,0,19.0,7.0,13.0,16.95043615
2010,253,0,18.5,8.0,13.25,15.3568062
2010,254,0,22.5,10.0,16.25,16.67727415
2010,255,3,23.0,9.0,16.0,13.12505783
2010,256,0,26.5,9.5,18.0,18.68894197
2010,257,0,23.0,7.0,15.0,18.26095082
2010,258,0,23.0,8.0,15.5,17.41160506
2010,259,0,23.5,9.5,16.5,16.43286472
2010,260,0,19.0,7.5,13.25,14.60699056
2010,261,8,23.0,9.0,16.0,11.98375008
2010,262,2,16.5,7.0,11.75,12.54113325
2010,263,0,16.5,8.5,12.5,10.78272026
2010,264,0,22.5,12.0,17.25,12.85632026
2010,265,0,25.0,12.0,18.5,14.53621247
2010,266,0,25.0,12.5,18.75,14.12480999
2010,267,5,28.0,12.0,20.0,11.83444988
2010,268,0,17.5,7.0,12.25,12.92267544
2010,269,0,15.0,3.5,9.25,13.76206797
2010,270,0,16.5,1.0,8.75,16.1906685
2010,271,0,19.0,2.0,10.5,16.45940823
2010,272,0,21.0,5.5,13.25,15.38887737
2010,273,0,23.5,7.5,15.5,15.12898509
2010,274,0,21.0,4.0,12.5,15.39772333
2010,275,0,21.0,3.0,12.0,15.5293283
2010,276,0,13.5,-0.5,6.5,13.83284812
2010,277,0,14.5,-2.0,6.25,14.87683563
2010,278,0,17.5,-1.5,8.0,15.26833147
2010,279,0,20.5,0.0,10.25,15.26833147
2010,280,0,24.0,3.5,13.75,14.75297337
2010,281,0,24.0,4.5,14.25,14.23982696
2010,282,0,27.0,6.5,16.75,13.989888
2010,283,0,28.5,8.0,18.25,13.60834536
2010,284,0,28.0,8.5,18.25,12.98571237
2010,285,0,25.0,6.5,15.75,12.73356286
2010,286,0,24.5,6.0,15.25,12.49689625
2010,287,0,18.5,1.5,10.0,12.12198912
2010,288,0,18.5,2.5,10.5,11.51926272
2010,289,0,17.5,1.0,9.25,11.64312505
2010,290,0,20.5,1.5,11.0,12.03019848
2010,291,0,16.0,3.0,9.5,9.575055983
2010,292,0,15.0,-1.5,6.75,10.948608
2010,293,0,16.0,0.0,8.0,10.58365417
2010,294,0,19.5,0.0,9.75,11.33125539
2010,295,0,12.5,-4.0,4.25,10.36689411
2010,296,7,17.5,-1.5,8.0,8.121876877
2010,297,16,16.5,10.5,13.5,3.105423311
2010,298,3,17.5,11.0,14.25,3.313336194
2010,299,24,19.0,11.0,15.0,3.905003382
2010,300,1,15.5,6.5,11.0,5.978603661
2010,301,0,11.5,3.0,7.25,5.744148838
2010,302,0,7.5,-4.5,1.5,7.854243951
2010,303,0,11.5,-3.5,4.0,8.941362979
2010,304,0,16.0,-3.5,6.25,10.10257898
2010,305,0,10.5,-5.0,2.75,8.856206756
2010,306,0,11.5,-4.5,3.5,8.97122287
2010,307,0,12.5,-3.0,4.75,8.543232187
2010,308,0,13.5,1.0,7.25,7.29022491
2010,309,0,8.0,-4.0,2.0,7.106641978
2010,310,0,5.0,-6.5,-0.75,6.99383771
2010,311,0,9.5,-4.5,2.5,7.896268625
2010,312,0,15.5,-1.0,7.25,8.489042191
2010,313,0,19.5,1.0,10.25,8.712438362
2010,314,0,19.5,2.5,11.0,8.183808107
2010,315,0,18.5,5.0,11.75,7.077888107
2010,316,2,12.5,3.5,8.0,5.308416211
2010,317,6,8.0,3.0,5.5,2.408693703
2010,318,4,8.5,0.5,4.5,3.722526656
2010,319,0,5.5,-3.5,1.0,5.527388182
2010,320,1,10.5,-3.0,3.75,7.261470681
2010,321,2,9.5,-1.0,4.25,6.069288995
2010,322,0,5.0,-2.5,1.25,4.720066554
2010,323,0,3.5,-3.5,0.0,4.398243634
2010,324,0,4.5,-4.5,0.0,5.578260146
2010,325,0,4.5,-4.0,0.25,5.30841625
2010,326,1,13.0,2.0,7.5,6.263931277
2010,327,7,12.5,-8.5,2.0,6.794772902
2010,328,0,-1.0,-9.5,-5.25,5.733089652
2010,329,6,3.0,-7.0,-2.0,4.727808
2010,330,0,0.5,-10.5,-5.0,6.723993702
2010,331,0,-1.0,-10.0,-5.5,5.778432
2010,332,0,2.5,-9.5,-3.5,6.861127662
2010,333,0,8.0,-3.5,2.25,6.549258517
2010,334,3,8.0,-1.5,3.25,4.366172014
2010,335,0,1.0,-8.0,-3.5,5.717606469
2010,336,0,-3.0,-11.0,-7.0,5.301780443
2010,337,0,-1.5,-13.0,-7.25,6.788137025
2010,338,6,-3.5,-11.5,-7.5,4.011172037
2010,339,1,-1.5,-11.0,-6.25,5.965332821
2010,340,0,-6.5,-15.0,-10.75,5.553930474
2010,341,0,-6.5,-15.0,-10.75,5.656780937
2010,342,0,-7.0,-15.5,-11.25,5.595955063
2010,343,0,-5.0,-17.0,-11.0,7.020380086
2010,344,4,-1.0,-11.0,-6.0,4.781997769
2010,345,0,0.5,-7.5,-3.5,5.494210524
2010,346,14,1.5,-10.0,-4.25,5.188976414
2010,347,1,-8.5,-20.0,-14.25,6.918635544
2010,348,0,-12.0,-23.5,-17.75,6.918635544
2010,349,0,-11.0,-24.5,-17.75,7.325613706
2010,350,0,-9.0,-22.0,-15.5,7.223869164
2010,351,0,-6.5,-13.5,-10.0,4.883742794
2010,352,0,-7.0,-15.0,-11.0,5.392465982
2010,353,0,-9.0,-16.0,-12.5,4.883742794
2010,354,0,-6.5,-18.5,-12.5,6.918635544
2010,355,3,-1.0,-12.0,-6.5,4.883742794
2010,356,0,0.0,-8.5,-4.25,5.494210524
2010,357,0,0.0,-10.0,-5.0,6.308167331
2010,358,2,-2.5,-7.5,-5.0,3.662806852
2010,359,3,-2.0,-7.0,-4.5,2.848849801
2010,360,0,-2.0,-11.5,-6.75,6.308167331
2010,361,0,-4.0,-12.5,-8.25,5.901189169
2010,362,0,-4.5,-13.5,-9.0,6.206422789
2010,363,0,-2.0,-13.0,-7.5,6.918635544
2010,364,1,2.5,-9.5,-3.5,7.122124625
2010,365,1,6.5,-0.5,3.0,4.985487336
2011,1,0,7.5,-12.5,-2.5,7.936081919
2011,2,0,-8.0,-15.0,-11.5,4.985487336
2011,3,0,-4.0,-13.5,-8.75,6.273884213
2011,4,0,-1.0,-10.0,-5.5,6.068183287
2011,5,0,-6.5,-17.0,-11.75,6.788137025
2011,6,0,-4.5,-15.0,-9.75,6.788137025
2011,7,0,-6.5,-13.0,-9.75,4.833976241
2011,8,0,-8.5,-14.5,-11.5,4.628275312
2011,9,0,-6.5,-18.5,-12.5,7.484866452
2011,10,0,-3.5,-16.0,-9.75,7.692779713
2011,11,3,-3.0,-12.0,-7.5,4.88595442
2011,12,1,-3.5,-9.5,-6.5,4.781998037
2011,13,0,-3.5,-13.5,-8.5,7.1442434
2011,14,0,-4.5,-13.0,-8.75,6.5138686
2011,15,3,-5.5,-11.5,-8.5,3.677184
2011,16,0,-6.0,-19.0,-12.5,8.404992
2011,17,3,-5.0,-16.0,-10.5,5.945426097
2011,18,6,-1.5,-9.0,-5.25,4.671406402
2011,19,0,-4.5,-15.0,-9.75,7.856456152
2011,20,0,-7.0,-18.5,-12.75,8.474664867
2011,21,0,-10.5,-26.0,-18.25,9.547406729
2011,22,0,-14.0,-25.5,-19.75,8.689213647
2011,23,0,-11.0,-26.0,-18.5,9.754214625
2011,24,0,-8.0,-23.0,-15.5,9.8625952
2011,25,0,-4.0,-10.0,-7.0,5.635768243
2011,26,0,-2.5,-10.5,-6.5,7.226080844
2011,27,3,-5.0,-10.5,-7.75,4.050984827
2011,28,0,-3.0,-9.5,-6.25,6.240706067
2011,29,0,-0.5,-7.0,-3.75,6.414336211
2011,30,0,-0.5,-8.5,-4.5,7.630848107
2011,31,0,-4.0,-12.0,-8.0,8.042250386
2011,32,4,-7.0,-12.0,-9.5,4.132823277
2011,33,9,-7.0,-12.5,-9.75,4.691312637
2011,34,0,-7.5,-23.0,-15.25,11.73159867
2011,35,0,-6.5,-20.0,-13.25,11.39318802
2011,36,0,-2.5,-16.0,-9.25,11.50488645
2011,37,2,-1.5,-11.0,-6.25,9.682329812
2011,38,0,-1.0,-9.0,-5.0,8.741191189
2011,39,1,-4.5,-18.5,-11.5,12.19166199
2011,40,0,-12.0,-21.5,-16.75,10.23639464
2011,41,0,-12.5,-28.0,-20.25,13.00561898
2011,42,0,-9.5,-27.5,-18.5,13.47010604
2011,43,0,-1.5,-20.5,-11.0,13.7156202
2011,44,0,3.0,-8.0,-2.5,11.13661487
2011,45,0,8.0,-2.5,2.75,10.76834326
2011,46,0,5.5,-6.5,-0.5,11.95167764
2011,47,0,4.5,-4.5,0.0,10.15234581
2011,48,1,8.0,-2.5,2.75,11.22729962
2011,49,0,9.5,-2.5,3.5,12.29561782
2011,50,0,3.5,-9.5,-3.0,13.13943452
2011,51,6,0.0,-8.0,-4.0,7.542374168
2011,52,8,0.5,-5.0,-2.25,5.595955082
2011,53,1,-3.0,-12.0,-7.5,11.66192687
2011,54,0,-2.0,-11.0,-6.5,11.90744089
2011,55,0,0.0,-5.0,-2.5,7.43178225
2011,56,0,0.5,-7.5,-3.5,11.27153689
2011,57,0,-2.5,-15.0,-8.75,14.9962755
2011,58,2,-6.5,-15.5,-11.0,12.49689625
2011,59,0,-1.0,-11.0,-6.0,13.49001139
2011,60,0,1.0,-11.0,-5.0,15.00290965
2011,61,0,5.0,-11.5,-3.25,17.169408
2011,62,0,-2.5,-11.5,-7.0,12.71808
2011,63,4,4.0,-6.0,-1.0,10.262938
2011,64,5,4.0,-3.5,0.25,8.466923725
2011,65,0,0.0,-11.5,-5.75,15.65650963
2011,66,0,-1.0,-8.5,-4.75,11.9041224
2011,67,0,1.5,-5.0,-1.75,10.70088188
2011,68,8,3.0,-2.0,0.5,6.394429689
2011,69,0,2.5,-2.5,0.0,8.949104551
2011,70,0,4.0,-8.5,-2.25,17.76660413
2011,71,0,6.0,-6.5,-0.25,18.04861491
2011,72,0,1.5,-6.5,-2.5,14.20001255
2011,73,0,3.5,-8.5,-2.5,18.60046866
2011,74,0,6.0,-8.0,-1.0,19.93863191
2011,75,0,10.0,-6.0,2.0,20.77802406
2011,76,0,14.0,-0.5,6.75,20.10341287
2011,77,0,13.5,0.0,6.75,19.86011224
2011,78,0,10.5,-5.5,2.5,21.22039387
2011,79,15,10.0,-2.5,3.75,14.67334576
2011,80,28,7.0,1.5,4.25,8.2280445
2011,81,9,6.5,-0.5,3.0,10.22976013
2011,82,23,2.5,-2.5,0.0,7.803371665
2011,83,0,0.5,-9.5,-4.5,18.53300829
2011,84,0,0.0,-9.5,-4.75,18.1182865
2011,85,0,0.0,-9.5,-4.75,18.1182865
2011,86,0,-0.5,-10.0,-5.25,18.40250912
2011,87,0,1.5,-10.5,-4.5,21.09210607
2011,88,0,3.5,-9.5,-3.0,22.11286963
2011,89,0,6.5,-7.5,-0.5,22.68352378
2011,90,0,8.0,-7.5,0.25,23.721984
2011,91,0,9.5,-5.5,2.0,23.57821385
2011,92,6,7.0,-2.0,2.5,13.6182988
2011,93,3,9.5,0.0,4.75,14.05292565
2011,94,9,7.5,2.0,4.75,9.196830841
2011,95,0,8.5,-2.5,3.0,21.16730844
2011,96,4,11.5,-1.0,5.25,16.91504669
2011,97,1,14.5,-0.5,7.0,24.12232689
2011,98,0,13.5,1.5,7.5,21.63621872
2011,99,0,14.0,4.5,9.25,18.37596554
2011,100,3,18.0,7.0,12.5,15.07921977
2011,101,2,25.5,7.5,16.5,22.39488
2011,102,0,16.0,-0.5,7.75,22.71117445
2011,103,0,17.5,0.5,9.0,22.86157871
2011,104,1,20.0,1.5,10.75,23.48421081
2011,105,0,6.5,0.0,3.25,12.5754164
2011,106,9,7.0,0.0,3.5,10.37795374
2011,107,3,4.5,-0.5,2.0,7.936081759
2011,108,0,10.0,-1.0,4.5,20.29141921
2011,109,0,7.0,-1.0,3.0,16.44834733
2011,110,20,2.0,-1.5,0.25,6.03832335
2011,111,0,5.5,-3.5,1.0,18.42462661
2011,112,2,10.5,-1.0,4.75,21.36305703
2011,113,8,8.5,3.0,5.75,9.044214347
2011,114,0,14.0,4.5,9.25,19.00191774
2011,115,0,15.0,2.0,8.5,22.92793367
2011,116,16,17.0,3.5,10.25,17.39612187
2011,117,12,12.5,4.5,8.5,12.651725
2011,118,0,8.0,2.0,5.0,13.69571346
2011,119,1,8.0,-1.0,3.5,19.58805473
2011,120,0,17.5,2.5,10.0,25.49698499
2011,121,0,19.5,4.5,12.0,25.33662751
2011,122,0,12.0,0.0,6.0,23.57379206
2011,123,0,10.5,-0.5,5.0,22.6050055
2011,124,0,7.5,-3.5,2.0,22.6050055
2011,125,0,16.5,0.5,8.5,26.49894747
2011,126,1,16.0,2.5,9.25,24.71067579
2011,127,0,19.0,4.5,11.75,25.53348197
2011,128,0,19.0,2.0,10.5,27.1702436
2011,129,0,20.5,5.0,12.75,26.03556817
2011,130,19,20.0,10.0,15.0,15.15995059
2011,131,11,28.5,12.0,20.25,19.11472133
2011,132,14,27.5,13.0,20.25,18.41356863
2011,133,4,27.5,13.0,20.25,18.41356863
2011,134,3,18.0,6.5,12.25,17.53436212
2011,135,2,11.5,6.0,8.75,13.359514
2011,136,0,16.0,1.5,8.75,26.55203344
2011,137,0,16.5,0.0,8.25,27.90457367
2011,138,0,18.0,3.0,10.5,26.55977465
2011,139,2,16.5,7.0,11.75,20.00388002
2011,140,0,22.5,7.5,15.0,25.88848198
2011,141,0,25.0,10.5,17.75,24.87324676
2011,142,0,23.0,13.0,18.0,19.62786909
2011,143,0,28.0,13.5,20.75,24.35456985
2011,144,0,22.5,10.0,16.25,22.99207613
2011,145,7,17.5,7.0,12.25,15.66867378
2011,146,26,11.5,5.0,8.25,10.97072657
2011,147,0,16.0,0.5,8.25,27.25539775
2011,148,2,18.5,4.5,11.5,25.36980513
2011,149,0,21.0,9.0,15.0,22.45570625
2011,150,2,21.5,12.0,16.75,18.97758775
2011,151,0,31.0,16.5,23.75,23.98076932
2011,152,1,27.5,12.0,19.75,25.70600457
2011,153,0,25.0,10.5,17.75,25.01591112
2011,154,0,23.5,11.5,17.5,22.39819678
2011,155,0,32.5,16.5,24.5,25.00263834
2011,156,0,31.0,13.5,22.25,26.56530427
2011,157,7,31.0,14.0,22.5,19.62012677
2011,158,0,34.5,16.0,25.25,26.39167417
2011,159,0,34.5,21.5,28.0,21.0091626
2011,160,5,30.0,13.5,21.75,19.57036027
2011,161,5,16.5,8.0,12.25,13.27988738
2011,162,7,16.5,9.0,12.75,12.05674018
2011,163,0,17.5,6.5,12.0,22.36612673
2011,164,0,20.5,8.5,14.5,23.23980355
2011,165,0,24.0,8.0,16.0,26.90924516
2011,166,6,24.0,10.5,17.25,18.34721306
2011,167,14,19.5,11.0,15.25,13.27988738
2011,168,0,25.5,13.0,19.25,23.23980355
2011,169,0,27.0,13.5,20.25,24.11348036
2011,170,32,27.5,15.0,21.25,17.12406586
2011,171,0,25.0,15.5,20.25,18.87141948
2011,172,0,25.0,15.5,20.25,18.87141948
2011,173,12,28.5,17.0,22.75,16.07565302
2011,174,13,22.5,15.0,18.75,11.88200498
2011,175,3,18.0,12.0,15.0,10.13465136
2011,176,0,22.0,10.0,16.0,23.58927394
2011,177,0,25.5,12.0,18.75,24.81242114
2011,178,0,26.5,15.0,20.75,22.1913907
2011,179,0,27.5,13.0,20.25,25.51136359
2011,180,0,26.0,10.5,18.25,26.55977477
2011,181,0,28.0,13.0,20.5,25.68609795
2011,182,2,31.5,17.5,24.5,23.93874433
2011,183,0,32.5,21.0,26.75,20.44403708
2011,184,0,30.0,15.0,22.5,25.33662756
2011,185,0,28.0,14.0,21.0,24.81242114
2011,186,0,31.0,15.0,23.0,25.87078553
2011,187,13,31.0,16.5,23.75,18.40472104
2011,188,0,29.0,14.0,21.5,25.52352698
2011,189,0,28.0,13.0,20.5,25.69715708
2011,190,0,31.0,15.5,23.25,25.52352698
2011,191,0,31.0,19.0,25.0,21.2203939
2011,192,20,31.0,19.5,25.25,15.35459307
2011,193,4,29.0,16.5,22.75,16.7347816
2011,194,0,26.5,13.0,19.75,23.98076932
2011,195,0,24.0,11.0,17.5,23.98076932
2011,196,0,27.5,14.0,20.75,23.65562913
2011,197,1,28.0,18.5,23.25,17.82742975
2011,198,0,31.0,19.5,25.25,20.22727713
2011,199,1,34.5,22.5,28.5,19.75615495
2011,200,1,33.5,20.5,27.0,21.28895938
2011,201,0,33.5,20.5,27.0,21.28895938
2011,202,0,35.0,23.0,29.0,19.4155303
2011,203,3,30.0,18.0,24.0,15.39772503
2011,204,4,31.0,19.5,25.25,14.72090101
2011,205,1,32.0,19.0,25.5,20.9815139
2011,206,0,29.0,15.5,22.25,22.02107935
2011,207,0,30.5,16.5,23.5,22.18917823
2011,208,12,29.0,15.0,22.0,16.80998375
2011,209,8,24.0,16.0,20.0,11.18859266
2011,210,3,28.5,17.0,22.75,14.69546572
2011,211,0,30.0,16.0,23.0,22.22899137
2011,212,0,32.0,17.5,24.75,22.22899137
2011,213,0,32.5,19.0,25.75,20.90188863
2011,214,0,31.5,22.0,26.75,15.81907983
2011,215,0,33.0,20.0,26.5,20.10341284
2011,216,0,30.5,15.0,22.75,23.07833954
2011,217,0,29.5,15.5,22.5,21.93260515
2011,218,0,29.0,17.5,23.25,19.1501107
2011,219,0,31.0,17.5,24.25,20.97156002
2011,220,4,28.0,14.5,21.25,16.25702375
2011,221,0,25.5,15.5,20.5,17.59961081
2011,222,0,26.0,11.5,18.75,22.6050055
2011,223,0,24.0,9.0,16.5,23.09160899
2011,224,0,28.0,12.0,20.0,23.09160899
2011,225,12,26.0,14.0,20.0,14.6512274
2011,226,8,24.0,12.5,18.25,14.33272275
2011,227,0,26.0,11.0,18.5,22.2953465
2011,228,0,28.0,12.0,20.0,22.45681157
2011,229,2,28.0,14.0,21.0,20.55905312
2011,230,0,28.0,10.0,19.0,23.39905439
2011,231,0,28.5,11.0,19.75,22.77089244
2011,232,4,30.5,14.0,22.25,16.06127697
2011,233,0,26.0,13.0,19.5,19.02403615
2011,234,0,25.0,10.0,17.5,20.74705861
2011,235,0,28.0,12.5,20.25,20.5922307
2011,236,10,26.0,16.0,21.0,11.22177017
2011,237,0,29.5,13.5,21.5,20.44514267
2011,238,0,27.5,13.0,20.25,19.22973786
2011,239,0,28.5,13.0,20.75,19.68758758
2011,240,0,26.5,12.0,19.25,18.93887969
2011,241,0,24.5,8.0,16.25,20.60550168
2011,242,0,26.5,10.5,18.5,19.70307195
2011,243,5,23.0,13.5,18.25,10.22754879
2011,244,0,29.0,14.5,21.75,17.76660423
2011,245,0,33.5,17.0,25.25,18.36380188
2011,246,22,29.0,18.5,23.75,10.07714298
2011,247,4,23.0,10.5,16.75,12.30004211
2011,248,0,20.0,6.0,13.0,17.94465794
2011,249,0,18.0,3.0,10.5,18.68009476
2011,250,0,20.5,4.0,12.25,19.26954947
2011,251,0,22.5,6.0,14.25,18.83160488
2011,252,0,25.5,9.5,17.5,17.81968985
2011,253,0,25.5,10.0,17.75,17.385063
2011,254,0,28.0,9.5,18.75,18.690048
2011,255,0,28.5,12.0,20.25,17.119641
2011,256,0,28.5,11.0,19.75,17.5476323
2011,257,0,20.5,6.0,13.25,16.13758438
2011,258,0,15.0,0.5,7.75,16.42070099
2011,259,0,15.0,1.0,8.0,15.87105791
2011,260,0,15.5,3.0,9.25,14.60699056
2011,261,0,19.5,8.5,14.0,12.81982483
2011,262,12,15.5,11.5,13.5,3.901685833
2011,263,0,21.5,5.5,13.5,16.45055947
2011,264,0,23.5,7.0,15.25,16.45055947
2011,265,0,17.5,8.0,12.75,11.24499389
2011,266,0,15.0,2.5,8.75,13.98767539
2011,267,0,12.5,3.5,8.0,10.882253
2011,268,0,15.5,4.5,10.0,12.65061937
2011,269,39,16.0,8.0,12.0,7.150878845
2011,270,9,17.5,9.0,13.25,7.55564517
2011,271,1,18.0,7.5,12.75,11.90965241
2011,272,0,20.5,7.5,14.0,13.64926489
2011,273,8,19.5,5.5,12.5,10.616832
2011,274,0,15.0,-0.5,7.25,15.00290965
2011,275,0,15.0,-2.0,6.5,15.5293283
2011,276,0,20.5,2.0,11.25,15.39883062
2011,277,0,23.0,3.5,13.25,15.26833156
2011,278,0,25.0,5.0,15.0,15.00954644
2011,279,0,27.0,6.0,16.5,14.88015331
2011,280,0,26.5,8.0,17.25,13.85496654
2011,281,0,27.5,11.0,19.25,12.8286725
2011,282,0,27.0,8.0,17.5,13.60834536
2011,283,0,25.5,7.5,16.5,13.22680272
2011,284,0,24.5,8.5,16.5,12.22926264
2011,285,0,24.0,9.5,16.75,11.47281411
2011,286,22,22.0,10.5,16.25,7.248200063
2011,287,7,16.5,6.0,11.25,6.998261779
2011,288,0,15.0,5.5,10.25,8.546549708
2011,289,0,15.5,6.5,11.0,8.051097438
2011,290,0,14.5,3.0,8.75,9.820569999
2011,291,0,14.0,0.0,7.0,11.04814125
2011,292,0,11.0,0.0,5.5,9.12384
2011,293,0,9.0,1.5,5.25,6.690816
2011,294,0,10.0,-2.5,3.75,10.00525806
2011,295,0,14.0,-2.5,5.75,11.33125539
2011,296,0,17.0,-1.0,8.0,11.46617925
2011,297,5,17.0,0.0,8.5,8.241316128
2011,298,2,16.5,2.5,9.5,9.585008889
2011,299,0,17.0,3.0,10.0,9.348341677
2011,300,0,9.5,1.0,5.25,6.330286463
2011,301,1,11.0,-3.5,3.75,9.495429971
2011,302,0,12.5,-4.0,4.25,9.964339624
2011,303,0,10.5,-2.5,4.0,8.476877021
2011,304,3,9.5,2.5,6.0,3.832012746
2011,305,0,8.5,-1.0,3.75,6.67090937
2011,306,0,17.0,0.5,8.75,9.431285131
2011,307,24,11.0,-0.5,5.25,5.695488125
2011,308,0,9.0,-4.5,2.25,8.543232187
2011,309,0,10.5,-5.0,2.75,9.024307
2011,310,0,13.0,0.0,6.5,8.009072354
2011,311,0,15.0,-0.5,7.25,8.79869954
2011,312,18,14.0,0.0,7.0,6.143385875
2011,313,27,6.0,1.0,3.5,2.792448125
2011,314,11,2.5,-3.0,-0.25,3.096575947
2011,315,0,3.0,-5.0,-1.0,5.750783789
2011,316,0,7.0,-4.0,1.5,7.077888107
2011,317,0,13.5,1.5,7.5,7.226080844
2011,318,0,15.5,1.5,8.5,7.664025251
2011,319,0,12.0,-2.0,5.0,7.586611375
2011,320,0,12.5,-3.5,4.5,8.02013213
2011,321,0,5.0,-7.0,-1.0,6.936330505
2011,322,0,2.0,-7.0,-2.5,5.578260146
2011,323,0,9.0,-2.0,3.5,6.22190598
2011,324,0,7.0,-1.0,3.0,4.827340688
2011,325,0,3.5,-4.0,-0.25,4.671406402
2011,326,0,5.5,-4.0,0.75,5.626921427
2011,327,0,4.5,-5.5,-0.5,5.945426097
2011,328,0,8.5,-3.5,2.5,6.582435947
2011,329,0,9.0,3.5,6.25,3.467059151
2011,330,0,11.5,5.5,8.5,3.677184
2011,331,9,10.5,0.0,5.25,4.4126206
2011,332,0,2.0,-3.0,-0.5,3.326607449
2011,333,0,1.5,-5.5,-2.0,4.574085276
2011,334,0,3.0,-8.5,-2.75,6.341345255
2011,335,0,7.0,-7.5,-0.25,6.965084045
2011,336,0,5.0,-9.0,-2.0,6.861127662
2011,337,11,5.0,-7.5,-1.25,5.348229054
2011,338,19,8.5,0.0,4.25,4.1140225
2011,339,0,1.5,-2.5,-0.5,2.98266641
2011,340,0,0.0,-6.5,-3.25,4.628275312
2011,341,0,-1.5,-8.0,-4.75,4.731125775
2011,342,0,-1.0,-8.5,-4.75,5.290720956
2011,343,0,0.5,-11.5,-5.5,7.020380086
2011,344,0,-4.5,-14.5,-9.5,6.308167331
2011,345,0,0.0,-11.5,-5.75,6.715145977
2011,346,0,6.5,-3.5,1.5,6.10467825
2011,347,0,5.0,-0.5,2.25,3.866296177
2011,348,13,6.5,0.0,3.25,3.35757299
2011,349,4,11.0,0.5,5.75,4.273274581
2011,350,0,4.0,-8.5,-2.25,6.308167331
2011,351,3,-0.5,-9.0,-4.75,4.375019607
2011,352,0,0.5,-10.5,-5.0,6.715145977
2011,353,0,5.5,-5.5,0.0,6.613401438
2011,354,0,4.5,-6.5,-1.0,6.613401438
2011,355,1,2.0,-6.0,-2.0,5.392465982
2011,356,4,4.0,-3.5,0.25,3.866296177
2011,357,0,0.0,-13.5,-6.75,7.223869164
2011,358,0,-2.0,-12.0,-7.0,6.308167331
2011,359,0,4.0,-8.5,-2.25,6.918635544
2011,360,0,4.0,-6.5,-1.25,6.308167331
2011,361,0,6.0,-3.0,1.5,5.799444144
2011,362,0,3.0,-11.0,-4.0,7.223869164
2011,363,0,0.5,-9.5,-4.5,6.10467825
2011,364,0,5.5,-6.0,-0.25,6.613401438
2011,365,4,1.0,-10.0,-4.5,4.985487336
2012,1,3,3.0,-6.0,-1.5,4.273274581
2012,2,0,-1.0,-10.0,-5.5,5.799444144
2012,3,0,-6.5,-15.0,-10.75,5.656780937
2012,4,0,-3.5,-14.0,-8.75,6.582436099
2012,5,0,1.5,-8.0,-3.25,6.068183287
2012,6,0,9.5,-5.5,2.0,7.713792187
2012,7,0,8.0,-3.0,2.5,6.685286562
2012,8,0,4.0,-9.0,-2.5,7.405240304
2012,9,0,4.5,-6.5,-1.0,6.965084045
2012,10,0,7.5,-6.5,0.5,7.796736094
2012,11,0,10.5,-5.5,2.5,8.212562119
2012,12,0,11.0,-7.5,1.75,8.628388142
2012,13,6,-5.0,-11.5,-8.25,3.782246298
2012,14,0,-7.0,-12.5,-9.75,4.307558298
2012,15,0,-6.5,-14.0,-10.25,5.778432
2012,16,0,0.5,-9.0,-4.25,6.829056
2012,17,1,5.5,-5.5,0.0,7.537950972
2012,18,4,-3.5,-20.5,-12.0,7.007109347
2012,19,0,-5.0,-20.5,-12.75,9.236644072
2012,20,0,-15.5,-23.5,-19.5,6.543728384
2012,21,4,-14.0,-22.5,-18.25,5.149163605
2012,22,0,-6.5,-20.5,-13.5,9.225584834
2012,23,5,1.0,-9.0,-4.0,5.85252888
2012,24,0,0.5,-7.0,-3.25,6.394429692
2012,25,0,-1.0,-9.5,-5.25,7.15309062
2012,26,0,0.5,-7.0,-3.25,6.5691645
2012,27,0,2.0,-7.0,-2.5,7.664025251
2012,28,3,3.5,-8.0,-2.25,6.788136442
2012,29,3,-2.0,-10.0,-6.0,5.5296
2012,30,0,-3.0,-13.5,-8.25,8.957952422
2012,31,0,7.0,-5.5,0.75,9.829417612
2012,32,0,9.0,-0.5,4.25,8.377344374
2012,33,0,4.0,-6.0,-1.0,8.824136183
2012,34,0,1.0,-5.0,-2.0,6.091407334
2012,35,0,1.0,-4.0,-1.5,5.301780148
2012,36,0,5.5,-6.0,-0.25,10.36578882
2012,37,0,3.0,-5.0,-1.0,8.315412879
2012,38,0,3.0,-5.5,-1.25,8.97122287
2012,39,0,-1.0,-12.0,-6.5,10.81147301
2012,40,0,0.0,-11.0,-5.5,10.92648913
2012,41,0,1.5,-10.0,-4.25,11.49603796
2012,42,4,-1.0,-16.0,-8.5,9.754213957
2012,43,0,-7.0,-15.5,-11.25,10.0815676
2012,44,0,0.0,-13.0,-6.5,12.66057292
2012,45,3,0.5,-8.5,-4.0,7.810006761
2012,46,0,1.5,-2.5,-0.5,5.325004688
2012,47,0,7.0,-2.0,2.5,10.74954262
2012,48,0,6.0,-6.5,-0.25,13.25776969
2012,49,0,5.5,-6.0,-0.25,13.13943452
2012,50,0,3.5,-9.5,-3.0,13.98325236
2012,51,0,5.5,-8.5,-1.5,14.47649234
2012,52,1,5.0,-6.0,-0.5,13.25998034
2012,53,0,5.5,-5.0,0.25,13.13501214
2012,54,0,5.5,-7.0,-0.75,14.36258339
2012,55,3,3.0,-6.0,-1.5,9.165864895
2012,56,0,0.5,-10.0,-4.75,13.62493413
2012,57,0,0.5,-10.5,-5.0,14.24646125
2012,58,0,7.0,-6.0,0.5,15.37118263
2012,59,0,2.5,-7.5,-2.5,13.61608674
2012,60,0,2.5,-7.5,-2.5,13.61608674
2012,61,13,4.5,-3.0,0.75,8.447016385
2012,62,1,8.0,-1.0,3.5,12.97244136
2012,63,0,2.5,-3.0,-0.25,9.029836677
2012,64,7,1.0,-4.0,-1.5,6.41433625
2012,65,2,-1.0,-7.0,-4.0,10.262938
2012,66,0,-1.5,-13.0,-7.25,16.43286472
2012,67,0,3.0,-11.0,-4.0,17.85618422
2012,68,0,17.0,-0.5,8.25,18.66129469
2012,69,9,15.5,-1.0,7.25,13.83284812
2012,70,0,5.0,-7.0,-1.0,16.97697677
2012,71,0,3.5,-7.5,-2.0,16.3189544
2012,72,0,16.0,-2.0,7.0,19.77384909
2012,73,5,18.5,4.0,11.25,13.53646055
2012,74,1,16.0,3.5,9.75,17.12848985
2012,75,0,20.0,3.0,11.5,19.53718396
2012,76,0,25.5,6.5,16.0,19.83356866
2012,77,0,26.0,4.0,15.0,20.6431026
2012,78,0,26.0,5.5,15.75,20.40422437
2012,79,0,26.5,12.0,19.25,17.27557638
2012,80,0,26.0,13.0,19.5,16.3189544
2012,81,2,23.0,13.5,18.25,11.93066426
2012,82,0,27.0,12.5,19.75,16.03584053
2012,83,0,28.0,13.0,20.5,16.721511
2012,84,9,25.5,13.0,19.25,11.147674
2012,85,1,17.5,10.0,13.75,10.53388781
2012,86,0,16.0,8.0,12.0,11.37659937
2012,87,0,18.0,-1.0,8.5,20.101202
2012,88,1,9.5,-0.5,4.5,14.29733455
2012,89,0,21.5,4.0,12.75,19.68758742
2012,90,0,15.5,-0.5,7.5,19.25959613
2012,91,25,11.5,0.0,5.75,11.93287707
2012,92,2,5.5,0.5,3.0,8.051097461
2012,93,0,7.0,0.5,3.75,10.28616213
2012,94,0,14.5,4.0,9.25,15.06705405
2012,95,0,17.0,4.5,10.75,17.07982791
2012,96,0,17.0,0.0,8.5,20.43740125
2012,97,0,15.5,-1.0,7.25,20.44514283
2012,98,0,11.0,-3.5,3.75,19.41553157
2012,99,0,14.0,-3.0,5.5,21.19163861
2012,100,0,17.5,-0.5,8.5,21.63621872
2012,101,0,16.5,0.0,8.25,20.901888
2012,102,0,13.5,-3.5,5.0,21.49908423
2012,103,0,7.0,-4.0,1.5,16.84537371
2012,104,0,13.5,-2.5,5.5,21.2071232
2012,105,0,16.5,0.0,8.25,21.66607865
2012,106,0,16.0,3.5,9.75,18.48434629
2012,107,19,23.5,10.0,16.75,14.34599389
2012,108,3,22.5,10.0,16.25,13.88814417
2012,109,0,13.0,-2.5,5.25,22.28981688
2012,110,0,15.0,0.0,7.5,21.82864796
2012,111,0,19.5,3.5,11.5,22.450176
2012,112,26,12.0,0.5,6.25,14.08942139
2012,113,0,9.5,-2.5,3.5,19.80370978
2012,114,0,12.0,-1.0,5.5,20.73931872
2012,115,0,12.5,-2.0,5.25,22.14273049
2012,116,0,15.5,0.0,7.75,22.77089244
2012,117,0,18.0,3.0,10.5,22.45681157
2012,118,8,14.0,3.5,8.75,13.28431065
2012,119,0,13.0,-2.5,5.25,23.5693666
2012,120,3,12.0,0.5,6.25,14.81048048
2012,121,4,7.0,-0.5,3.25,10.74401249
2012,122,13,13.0,3.5,8.25,12.828672
2012,123,0,13.0,2.5,7.75,18.56839737
2012,124,12,19.0,5.0,12.0,16.63082578
2012,125,6,26.5,13.5,20.0,15.01618253
2012,126,0,27.0,13.5,20.25,20.97156002
2012,127,3,17.5,9.0,13.25,11.70505679
2012,128,0,17.0,9.5,13.25,14.23982583
2012,129,16,17.5,9.0,13.25,12.11203618
2012,130,0,20.5,8.0,14.25,22.08079742
2012,131,0,19.0,6.5,12.75,22.41036283
2012,132,0,18.0,2.0,10.0,26.03556817
2012,133,0,21.5,5.0,13.25,26.04441568
2012,134,0,25.5,8.0,16.75,26.37619137
2012,135,0,19.5,4.5,12.0,25.38307628
2012,136,0,23.0,5.5,14.25,26.88602256
2012,137,0,26.5,8.0,17.25,26.88602256
2012,138,0,28.5,4.0,16.25,29.41747156
2012,139,0,21.5,4.0,12.75,26.895974
2012,140,0,24.0,7.5,15.75,25.71927546
2012,141,0,30.0,11.0,20.5,26.90371559
2012,142,0,31.5,14.5,23.0,25.04245317
2012,143,0,29.5,7.5,18.5,28.42656681
2012,144,0,23.0,4.5,13.75,27.249868
2012,145,0,23.5,7.5,15.5,25.20612823
2012,146,0,28.0,11.0,19.5,25.37643893
2012,147,3,31.0,11.0,21.0,20.22727713
2012,148,16,24.5,12.0,18.25,15.77041887
2012,149,5,23.5,14.0,18.75,12.68490257
2012,150,0,33.0,17.0,25.0,23.48421087
2012,151,5,29.0,11.5,20.25,19.15011193
2012,152,0,22.5,9.5,16.0,21.73796481
2012,153,7,17.5,6.5,12.0,14.66449962
2012,154,0,14.0,6.5,10.25,14.3194529
2012,155,0,20.5,7.5,14.0,22.39819678
2012,156,0,24.0,8.5,16.25,24.82900989
2012,157,0,27.0,12.0,19.5,23.61360416
2012,158,0,27.0,10.0,18.5,25.52352698
2012,159,0,23.5,6.0,14.75,26.21804573
2012,160,0,26.0,8.5,17.25,25.87078553
2012,161,0,28.0,12.0,20.0,24.11348036
2012,162,0,30.0,14.5,22.25,23.23980355
2012,163,0,31.5,16.5,24.0,22.36612673
2012,164,4,31.5,18.0,24.75,15.37671223
2012,165,2,28.5,11.0,19.75,25.68609795
2012,166,0,21.5,6.5,14.0,24.11348036
2012,167,0,25.0,8.5,16.75,25.33662756
2012,168,0,28.5,11.5,20.0,25.51136359
2012,169,0,32.5,17.5,25.0,22.5408611
2012,170,0,29.5,16.5,23.0,20.79350747
2012,171,3,29.5,17.5,23.5,14.67776978
2012,172,0,34.0,22.5,28.25,17.82300664
2012,173,0,34.0,22.5,28.25,18.17247703
2012,174,2,33.5,16.5,25.0,25.16189153
2012,175,0,28.0,12.5,20.25,24.81242114
2012,176,0,28.5,11.0,19.75,26.73451079
2012,177,0,28.5,13.5,21.0,24.28821472
2012,178,0,30.0,10.0,20.0,28.30713006
2012,179,0,27.0,6.5,16.75,28.83133481
2012,180,0,29.5,11.0,20.25,27.08398119
2012,181,0,34.5,17.5,26.0,24.63768678
2012,182,0,34.5,13.5,24.0,27.957658
2012,183,0,33.5,16.0,24.75,25.16189153
2012,184,0,34.0,15.5,24.75,25.86083398
2012,185,0,34.5,18.5,26.5,23.06506752
2012,186,0,36.5,20.5,28.5,22.5408611
2012,187,7,36.5,22.0,29.25,15.10576073
2012,188,0,39.0,22.0,30.5,22.74545697
2012,189,0,39.0,22.5,30.75,22.22456833
2012,190,0,38.5,22.0,30.25,22.39819678
2012,191,0,30.5,15.5,23.0,22.57182688
2012,192,0,31.5,15.5,23.5,23.29067587
2012,193,0,31.5,14.5,23.0,24.32581768
2012,194,0,29.5,11.5,20.5,25.53348203
2012,195,0,31.0,12.5,21.75,25.53348203
2012,196,0,33.0,15.0,24.0,24.6708644
2012,197,0,33.0,17.5,25.25,21.94145313
2012,198,0,33.0,19.0,26.0,20.39869375
2012,199,0,35.5,19.0,27.25,22.79854113
2012,200,0,37.0,21.0,29.0,21.6295824
2012,201,20,37.5,19.0,28.25,17.54210285
2012,202,49,32.5,18.0,25.25,14.98742773
2012,203,0,23.0,14.5,18.75,13.624934
2012,204,0,28.5,15.5,22.0,19.12025148
2012,205,0,30.0,18.0,24.0,17.59739865
2012,206,0,32.0,20.5,26.25,16.58216505
2012,207,11,35.0,20.0,27.5,14.9608849
2012,208,16,27.0,17.0,22.0,11.59888895
2012,209,17,35.5,18.0,26.75,16.97808423
2012,210,5,30.5,16.5,23.5,15.19644781
2012,211,0,26.0,15.0,20.5,17.36736756
2012,212,0,28.5,16.0,22.25,18.91123137
2012,213,0,27.5,16.5,22.0,17.25235137
2012,214,0,32.5,17.5,25.0,21.23366432
2012,215,0,31.0,15.5,23.25,21.91601629
2012,216,2,32.0,16.5,24.25,21.75123359
2012,217,7,31.0,17.5,24.25,14.56717784
2012,218,0,31.5,18.5,25.0,18.82275869
2012,219,4,30.5,14.5,22.5,16.69496826
2012,220,0,25.5,9.5,17.5,22.92240411
2012,221,0,28.5,12.0,20.25,22.92240411
2012,222,0,31.5,14.0,22.75,22.92793384
2012,223,0,25.0,15.0,20.0,15.82350416
2012,224,7,20.5,12.5,16.5,10.26293776
2012,225,0,23.0,8.5,15.75,21.80874301
2012,226,0,25.5,9.5,17.5,22.61385115
2012,227,4,24.5,12.5,18.5,14.0142181
2012,228,0,25.0,11.5,18.25,20.22506402
2012,229,0,27.0,13.0,20.0,20.40090596
2012,230,27,29.5,15.5,22.5,14.86577627
2012,231,9,23.5,9.5,16.5,15.54702251
2012,232,0,23.0,7.0,15.0,22.45681146
2012,233,0,23.5,8.5,16.0,21.20712319
2012,234,4,24.5,8.5,16.5,16.2172108
2012,235,0,24.0,7.0,15.5,22.1405187
2012,236,0,27.0,8.5,17.75,22.450176
2012,237,0,29.5,11.0,20.25,21.82864796
2012,238,0,31.0,17.5,24.25,17.37068517
2012,239,0,32.5,15.0,23.75,20.2980563
2012,240,9,31.5,17.5,24.5,13.12505936
2012,241,0,25.0,15.0,20.0,13.93901516
2012,242,0,29.0,12.5,20.75,19.69643488
2012,243,0,28.5,13.5,21.0,18.1990207
2012,244,0,30.5,15.5,23.0,17.8982093
2012,245,0,33.0,17.5,25.25,17.61730588
2012,246,0,30.5,16.0,23.25,17.169408
2012,247,0,26.5,15.0,20.75,14.67113366
2012,248,0,30.0,15.0,22.5,17.33861289
2012,249,0,32.0,16.0,24.0,17.50339558
2012,250,6,32.5,14.5,23.5,13.97329944
2012,251,2,28.0,12.5,20.25,17.5177725
2012,252,0,26.0,12.0,19.0,16.49590272
2012,253,3,20.5,8.5,14.5,11.30029123
2012,254,10,22.0,8.5,15.25,12.02466885
2012,255,0,21.5,6.0,13.75,17.53989093
2012,256,0,25.0,8.0,16.5,17.83295938
2012,257,0,29.5,13.0,21.25,16.6916497
2012,258,0,28.0,9.5,18.75,17.83627861
2012,259,1,16.5,4.5,10.5,14.15577625
2012,260,0,24.0,3.5,13.75,18.68009466
2012,261,0,26.0,7.0,16.5,17.69693206
2012,262,0,24.5,10.0,17.25,14.91001371
2012,263,0,19.5,3.5,11.5,16.16412783
2012,264,0,16.0,0.5,8.25,15.8976
2012,265,2,23.5,4.0,13.75,17.28
2012,266,0,19.5,3.5,11.5,15.63328403
2012,267,5,16.5,1.5,9.0,11.38212849
2012,268,0,14.0,0.0,7.0,14.28295706
2012,269,0,15.0,-1.5,6.75,15.77926737
2012,270,0,22.5,1.5,12.0,16.86527969
2012,271,0,25.0,3.5,14.25,16.59543547
2012,272,0,18.0,0.0,9.0,15.38887737
2012,273,0,18.0,-0.5,8.75,15.52269421
2012,274,0,22.0,2.0,12.0,15.52711655
2012,275,0,24.5,3.0,13.75,15.5293283
2012,276,0,20.5,2.0,11.25,14.47649225
2012,277,0,19.5,2.5,11.0,13.57185
2012,278,0,21.5,3.0,12.25,13.96334594
2012,279,0,22.0,4.5,13.25,13.19804878
2012,280,0,18.0,0.5,9.25,13.32744191
2012,281,0,10.0,0.5,5.25,8.466923725
2012,282,0,7.0,0.5,3.75,6.02947583
2012,283,0,11.0,-2.5,4.25,11.06472936
2012,284,0,16.5,1.0,8.75,11.82781464
2012,285,4,15.0,-1.0,7.0,8.951316003
2012,286,0,11.0,-1.0,5.0,9.833840491
2012,287,0,14.5,-5.0,4.75,12.99677162
2012,288,15,12.0,-3.5,4.25,8.622858533
2012,289,19,17.0,5.5,11.25,6.564741224
2012,290,36,15.0,2.0,8.5,7.307919333
2012,291,0,15.0,1.5,8.25,9.943327592
2012,292,3,19.5,5.5,12.5,7.3654275
2012,293,13,18.5,6.5,12.5,6.447513832
2012,294,5,8.0,4.0,6.0,2.554675084
2012,295,2,10.0,1.0,5.5,7.112171342
2012,296,0,14.0,-0.5,6.75,10.12580264
2012,297,0,18.5,2.0,10.25,10.51066413
2012,298,3,16.0,9.5,12.75,3.702620124
2012,299,5,17.5,11.0,14.25,3.66833645
2012,300,0,23.5,13.0,18.25,7.218339573
2012,301,13,19.0,-0.5,9.25,8.205926749
2012,302,0,8.5,-5.0,1.75,9.378201999
2012,303,0,6.5,-5.5,0.5,8.674836963
2012,304,0,9.0,-5.5,1.75,9.521970979
2012,305,0,10.0,-4.5,2.75,9.521970979
2012,306,0,8.5,-3.0,2.75,8.166112814
2012,307,0,9.0,-3.5,2.75,8.626175626
2012,308,0,11.0,-4.0,3.5,9.340600308
2012,309,0,7.5,-4.5,1.5,8.201502683
2012,310,0,7.5,-4.0,1.75,7.896268625
2012,311,0,8.0,-7.5,0.25,9.24991446
2012,312,0,5.5,-5.5,0.0,7.445053166
2012,313,4,3.0,-1.0,1.0,2.345656318
2012,314,0,5.5,-0.5,2.5,4.467917
2012,315,0,10.0,-1.0,4.5,7.18848
2012,316,0,10.5,1.0,5.75,6.414336211
2012,317,0,19.0,6.0,12.5,7.630848107
2012,318,23,15.0,-5.5,4.75,6.788136442
2012,319,0,-1.0,-8.0,-4.5,5.036359344
2012,320,0,5.5,-7.0,-0.75,7.478231317
2012,321,0,9.0,-2.0,3.5,6.827950444
2012,322,0,11.5,-4.0,3.75,8.02013213
2012,323,0,9.0,-3.5,2.75,7.080099571
2012,324,0,12.0,-2.5,4.75,7.509196625
2012,325,0,13.0,-0.5,6.25,7.080099571
2012,326,2,11.0,2.5,6.75,5.096079802
2012,327,0,14.0,-1.5,6.25,7.325614527
2012,328,0,13.5,-0.5,6.5,6.900941124
2012,329,0,15.5,-4.0,5.75,7.750287927
2012,330,0,0.0,-7.0,-3.5,4.097433702
2012,331,0,1.0,-7.5,-3.25,4.9379326
2012,332,0,3.0,-8.0,-2.5,5.883494298
2012,333,0,-1.0,-13.0,-7.0,6.237388875
2012,334,0,0.5,-11.5,-5.5,6.133432494
2012,335,0,5.0,-7.5,-1.25,6.237388875
2012,336,0,9.5,-3.0,3.25,6.133432494
2012,337,0,6.0,-0.5,2.75,3.742433224
2012,338,0,12.0,2.5,7.25,4.936827196
2012,339,2,12.0,1.5,6.75,5.348229054
2012,340,2,16.5,1.5,9.0,6.376734679
2012,341,0,10.5,-8.5,1.0,6.993838446
2012,342,0,2.5,-7.5,-2.5,5.142528125
2012,343,0,6.5,-1.5,2.5,4.171530039
2012,344,0,5.0,-4.0,0.5,4.578508688
2012,345,6,3.0,-3.0,0.0,2.441871397
2012,346,5,0.5,-3.5,-1.5,1.729658886
2012,347,0,-0.5,-9.0,-4.75,4.578508688
2012,348,0,-0.5,-8.5,-4.5,4.375019607
2012,349,0,5.5,-6.0,-0.25,5.595955063
2012,350,0,6.0,-7.5,-0.75,6.10467825
2012,351,5,6.5,-6.0,0.25,4.883742794
2012,352,4,6.5,1.5,4.0,2.340126614
2012,353,0,4.0,-3.5,0.25,4.680253227
2012,354,0,-1.0,-5.0,-3.0,2.747105261
2012,355,4,-0.5,-6.5,-3.5,3.052339125
2012,356,18,1.0,-3.5,-1.25,2.340126614
2012,357,23,0.0,-10.0,-5.0,4.680253227
2012,358,0,-5.0,-17.0,-11.0,6.918635544
2012,359,0,-3.5,-15.5,-9.5,7.020380086
2012,360,0,-4.5,-13.5,-9.0,6.002933711
2012,361,0,-4.5,-15.0,-9.75,6.613401438
2012,362,0,-6.0,-14.0,-10.0,5.595955063
2012,363,0,-3.5,-10.0,-6.75,4.781997769
2012,364,0,-3.0,-8.0,-5.5,3.866296177
2012,365,4,-2.5,-8.0,-5.25,3.255828448
2012,366,0,-4.5,-15.5,-10.0,7.122124625
2013,1,0,-6.0,-22.0,-14.0,7.630847813
2013,2,0,-9.0,-19.5,-14.25,6.206422789
2013,3,0,-4.5,-12.0,-8.25,4.833976241
2013,4,0,-3.5,-14.5,-9.0,6.479585633
2013,5,0,-2.0,-14.5,-8.25,6.993838446
2013,6,0,1.5,-10.5,-4.5,6.890987491
2013,7,0,-2.0,-13.5,-7.75,6.788137025
2013,8,0,2.0,-11.0,-4.5,7.199539375
2013,9,0,3.0,-9.5,-3.25,7.172997307
2013,10,0,4.0,-10.0,-3.0,7.692779713
2013,11,7,3.5,-9.0,-2.75,5.509693704
2013,12,0,8.0,-1.0,3.5,5.821562849
2013,13,0,0.5,-11.0,-5.25,7.249305702
2013,14,0,-7.0,-15.5,-11.25,5.9885566
2013,15,0,-4.5,-15.0,-9.75,7.0391806
2013,16,0,-1.0,-13.5,-7.25,7.774617702
2013,17,0,0.5,-12.5,-6.0,8.068792597
2013,18,0,-3.5,-13.0,-8.25,6.794772902
2013,19,0,5.0,-8.5,-1.75,8.281129552
2013,20,0,5.5,-16.0,-5.25,9.761956022
2013,21,0,-10.5,-19.0,-14.75,6.543728384
2013,22,0,-16.0,-23.0,-19.5,5.685534792
2013,23,0,-12.0,-22.0,-17.0,7.586611375
2013,24,2,-8.0,-20.5,-14.25,8.778793575
2013,25,1,-7.5,-19.0,-13.25,8.453652881
2013,26,2,-4.5,-16.0,-10.25,8.649400032
2013,27,0,-3.0,-14.0,-8.5,8.430427567
2013,28,3,1.5,-5.0,-1.75,4.160470799
2013,29,22,5.5,-1.5,2.0,4.534271893
2013,30,16,10.0,-2.5,3.75,6.856703789
2013,31,6,-1.5,-14.5,-8.0,7.372062941
2013,32,0,-12.0,-23.0,-17.5,9.270927987
2013,33,5,-14.0,-22.0,-18.0,5.58489625
2013,34,0,-10.5,-18.5,-14.5,7.670661165
2013,35,2,-8.0,-14.5,-11.25,6.54262279
2013,36,0,-6.5,-16.5,-11.5,9.454510504
2013,37,2,-2.0,-19.5,-10.75,12.18834437
2013,38,0,0.5,-17.5,-8.5,12.53670814
2013,39,10,0.5,-9.5,-4.5,7.245987745
2013,40,0,-3.0,-17.5,-10.25,12.07664588
2013,41,0,0.5,-9.5,-4.5,9.986458043
2013,42,13,5.0,-3.0,1.0,6.386688
2013,43,0,1.0,-8.0,-3.5,9.612656826
2013,44,0,-0.5,-10.5,-5.5,10.55047725
2013,45,0,3.5,-8.5,-2.5,11.83334375
2013,46,0,1.0,-13.0,-6.0,13.01667813
2013,47,0,-4.5,-14.5,-9.5,11.10786094
2013,48,0,-8.0,-18.5,-13.25,11.70505775
2013,49,0,-1.0,-15.5,-8.25,13.98325236
2013,50,3,5.5,-13.0,-3.75,11.33125539
2013,51,2,-7.0,-16.5,-11.75,11.556864
2013,52,0,-5.5,-16.0,-10.75,12.28677166
2013,53,4,-3.5,-12.0,-7.75,8.101970131
2013,54,1,-0.5,-7.0,-3.75,8.838512765
2013,55,0,-0.5,-13.0,-6.75,14.49197515
2013,56,0,2.5,-11.5,-4.5,15.23515385
2013,57,0,3.0,-8.5,-2.75,13.99652356
2013,58,5,0.5,-4.5,-2.0,5.498634471
2013,59,5,0.5,-3.5,-1.5,4.538695378
2013,60,0,0.0,-8.0,-4.0,11.59888826
2013,61,0,-2.0,-16.5,-9.25,16.91504664
2013,62,0,-3.0,-19.0,-11.0,17.55095064
2013,63,0,-2.0,-16.0,-9.0,16.93384745
2013,64,0,-1.0,-10.0,-5.5,13.0852457
2013,65,12,-2.0,-7.0,-4.5,6.081453716
2013,66,0,0.0,-16.0,-8.0,18.50314741
2013,67,0,1.5,-15.5,-7.0,19.18328844
2013,68,0,3.5,-10.5,-3.5,18.00880187
2013,69,24,4.0,-0.5,1.75,5.790597028
2013,70,13,3.5,-1.5,1.0,6.58022375
2013,71,0,0.5,-5.0,-2.25,9.95328
2013,72,0,-0.5,-9.0,-4.75,14.598144
2013,73,0,-0.5,-11.0,-5.75,16.99467302
2013,74,0,2.0,-9.0,-3.5,17.52993908
2013,75,0,1.5,-8.0,-3.25,16.32559125
2013,76,0,-1.0,-10.5,-5.75,16.73035694
2013,77,0,-1.0,-10.5,-5.75,17.00352031
2013,78,6,0.5,-13.0,-6.25,15.50721001
2013,79,0,-2.5,-15.5,-9.0,20.84437914
2013,80,0,-6.5,-16.0,-11.25,17.96456435
2013,81,0,-1.5,-15.0,-8.25,21.70367974
2013,82,0,2.5,-12.5,-5.0,22.71338471
2013,83,0,3.0,-9.0,-3.0,20.76254229
2013,84,1,0.5,-6.0,-2.75,13.62382797
2013,85,0,1.0,-5.5,-2.25,13.90473138
2013,86,0,4.0,-3.5,0.25,15.99602743
2013,87,0,5.5,-6.0,-0.25,21.37522268
2013,88,0,8.0,-6.0,1.0,23.39684216
2013,89,0,9.0,-4.0,2.5,22.3981967
2013,90,2,10.5,0.5,5.5,19.408896
2013,91,0,6.0,-5.5,0.25,21.70921015
2013,92,0,2.5,-6.5,-2.0,19.12356902
2013,93,0,4.0,-7.5,-1.75,22.45570637
2013,94,0,7.5,-6.0,0.75,24.23291918
2013,95,0,12.5,-3.5,4.5,25.40076957
2013,96,0,8.5,-2.0,3.25,21.32766756
2013,97,3,15.5,0.0,7.75,19.12135712
2013,98,0,12.5,1.0,6.75,22.67357136
2013,99,18,12.0,1.5,6.75,16.00487398
2013,100,42,5.5,-1.5,2.0,12.09323577
2013,101,9,3.0,-1.0,1.0,7.315660945
2013,102,7,4.0,-0.5,1.75,8.422686854
2013,103,1,4.0,-1.5,1.25,13.68686695
2013,104,2,4.0,-2.5,0.75,16.21168072
2013,105,11,10.5,-0.5,5.0,17.57528093
2013,106,5,15.0,-1.0,7.0,20.60328994
2013,107,0,10.5,0.0,5.25,22.73992683
2013,108,31,7.5,1.5,4.5,11.3754929
2013,109,4,12.5,-0.5,6.0,19.52280483
2013,110,0,4.0,-5.0,-0.5,21.676032
2013,111,0,7.5,-3.5,2.0,24.61777861
2013,112,0,12.0,0.0,6.0,25.88516494
2013,113,0,18.5,2.5,10.5,28.38012114
2013,114,0,8.0,-1.5,3.25,22.77089244
2013,115,3,12.0,-0.5,5.75,19.63007969
2013,116,0,11.5,1.0,6.25,23.88013154
2013,117,0,20.5,4.5,12.5,28.15008692
2013,118,0,19.0,3.0,11.0,28.50619242
2013,119,0,22.0,7.0,14.5,27.39142692
2013,120,4,21.5,11.5,16.5,16.19619901
2013,121,0,30.0,10.0,20.0,25.97806202
2013,122,0,24.5,3.0,13.75,27.28747031
2013,123,12,11.5,0.0,5.75,16.63082578
2013,124,9,10.0,1.5,5.75,13.56300268
2013,125,0,21.0,6.0,13.5,25.03581596
2013,126,0,22.5,5.5,14.0,26.17380886
2013,127,0,23.5,7.5,15.5,25.53348197
2013,128,0,25.5,7.5,16.5,26.35186279
2013,129,0,26.5,9.5,18.0,25.70600433
2013,130,35,18.0,4.0,11.0,18.29081095
2013,131,1,11.5,3.5,7.5,16.6429902
2013,132,0,12.0,0.5,6.25,22.06310432
2013,133,0,13.0,-2.0,5.5,25.54675137
2013,134,0,19.0,2.0,10.5,26.55203344
2013,135,0,30.0,12.0,21.0,25.38307628
2013,136,0,25.5,9.0,17.25,25.04908875
2013,137,4,27.5,9.0,18.25,19.66768067
2013,138,22,16.5,7.5,12.0,12.77558749
2013,139,1,26.0,12.5,19.25,22.02107935
2013,140,14,29.0,15.0,22.0,16.58216505
2013,141,1,26.5,15.0,20.75,19.28945628
2013,142,0,24.5,11.0,17.75,22.33516033
2013,143,18,20.0,7.5,13.75,16.52023215
2013,144,0,16.5,1.0,8.75,25.54675125
2013,145,0,16.5,4.5,10.5,21.6295824
2013,146,0,16.0,4.0,10.0,21.77003487
2013,147,6,18.5,8.5,13.5,14.05624287
2013,148,9,14.0,9.0,11.5,7.713792
2013,149,8,22.0,10.0,16.0,16.284672
2013,150,10,28.0,14.5,21.25,16.90730578
2013,151,6,28.0,16.0,22.0,15.69964143
2013,152,0,24.0,14.0,19.0,19.15011193
2013,153,1,25.0,7.0,16.0,27.77628818
2013,154,0,18.0,4.0,11.0,25.17626844
2013,155,0,21.0,7.5,14.25,24.30812125
2013,156,5,20.0,8.5,14.25,16.49479656
2013,157,10,17.5,9.0,13.25,13.19583708
2013,158,0,16.0,9.5,12.75,14.23761354
2013,159,0,21.5,9.5,15.5,23.43997406
2013,160,0,22.0,11.5,16.75,21.31771389
2013,161,6,26.0,12.5,19.25,18.34721306
2013,162,0,27.0,13.0,20.0,24.81242114
2013,163,0,28.0,15.5,21.75,22.89033315
2013,164,30,25.0,12.5,18.75,17.82300664
2013,165,0,24.5,10.5,17.5,25.68609795
2013,166,13,25.0,12.5,18.75,17.99774267
2013,167,13,28.0,14.5,21.25,18.52194909
2013,168,0,28.0,14.5,21.25,24.63768678
2013,169,2,28.5,11.0,19.75,28.13239403
2013,170,0,22.5,7.5,15.0,27.08398119
2013,171,0,26.0,11.0,18.5,26.3850404
2013,172,5,29.5,15.0,22.25,18.87141948
2013,173,35,25.5,17.0,21.25,13.10515219
2013,174,39,27.5,16.5,22.0,16.07565302
2013,175,2,29.0,18.0,23.5,20.9682435
2013,176,15,27.5,17.0,22.25,15.5514466
2013,177,25,28.5,17.0,22.75,16.42512341
2013,178,9,28.5,18.0,23.25,15.2019762
2013,179,6,29.5,16.0,22.75,17.99774267
2013,180,9,24.0,15.5,19.75,13.27988738
2013,181,2,22.5,12.0,17.25,21.49244992
2013,182,0,24.5,11.5,18.0,24.63768678
2013,183,0,25.5,11.5,18.5,25.68609795
2013,184,0,24.0,11.0,17.5,24.81242114
2013,185,0,22.5,13.5,18.0,19.22088987
2013,186,0,28.0,15.0,21.5,23.96086271
2013,187,0,29.5,16.5,23.0,23.43997406
2013,188,0,30.0,18.0,24.0,21.87730979
2013,189,7,31.5,20.0,25.75,15.62664938
2013,190,0,31.0,19.0,25.0,21.53004959
2013,191,24,29.0,18.5,23.75,14.83702381
2013,192,0,25.5,12.0,18.75,24.49834022
2013,193,0,27.0,11.5,19.25,26.22357547
2013,194,0,28.0,13.0,20.5,25.36095784
2013,195,0,29.0,14.0,21.5,25.18843531
2013,196,0,30.0,16.5,23.25,23.141376
2013,197,0,32.0,20.5,26.25,20.05585887
2013,198,0,33.0,21.5,27.25,19.88444225
2013,199,0,33.5,21.0,27.25,21.11864705
2013,200,0,33.5,22.0,27.75,19.75615495
2013,201,0,32.0,15.5,23.75,25.54675125
2013,202,0,29.0,14.0,21.5,24.8655052
2013,203,31,27.5,15.0,21.25,16.75136984
2013,204,2,29.0,15.5,22.25,23.01198434
2013,205,0,23.0,9.5,16.25,24.02721795
2013,206,0,23.0,11.0,17.0,22.02107935
2013,207,3,26.5,13.5,20.0,16.97808423
2013,208,4,24.0,9.0,16.5,18.6590826
2013,209,1,18.0,9.0,13.5,18.03534422
2013,210,0,19.5,9.5,14.5,19.37129594
2013,211,0,23.0,11.5,17.25,20.736
2013,212,0,23.5,14.0,18.75,17.91590432
2013,213,2,26.5,12.5,19.5,23.22432
2013,214,2,25.0,13.5,19.25,20.43297667
2013,215,0,26.0,10.0,18.0,24.71731125
2013,216,0,24.5,9.0,16.75,24.22407236
2013,217,0,24.0,11.5,17.75,21.27790112
2013,218,2,24.0,14.5,19.25,17.18599706
2013,219,0,28.5,16.5,22.5,19.67099936
2013,220,0,25.0,13.0,19.0,20.32127969
2013,221,0,26.5,13.0,19.75,21.47475553
2013,222,0,26.5,10.0,18.25,23.89672041
2013,223,0,24.0,10.0,17.0,21.96910049
2013,224,13,23.5,14.0,18.75,12.50795551
2013,225,0,25.5,9.0,17.25,23.72861817
2013,226,0,21.5,6.0,13.75,23.41011352
2013,227,0,23.0,9.0,16.0,21.81758877
2013,228,0,25.0,10.0,17.5,21.98237158
2013,229,0,26.5,9.5,18.0,23.24754439
2013,230,0,27.0,9.5,18.25,23.08497341
2013,231,0,27.5,11.0,19.25,22.29977023
2013,232,0,28.0,13.5,20.75,20.27151425
2013,233,0,30.5,17.0,23.75,18.712167
2013,234,0,31.0,17.5,24.25,18.42462661
2013,235,27,27.0,12.0,19.5,15.32805061
2013,236,0,27.5,11.5,19.5,20.90631159
2013,237,0,29.0,14.0,21.5,19.67652829
2013,238,0,32.0,19.5,25.75,16.48263224
2013,239,0,33.0,20.5,26.75,16.17739861
2013,240,0,33.5,20.5,27.0,16.36319234
2013,241,0,29.0,15.0,22.0,18.02981289
2013,242,0,31.0,16.5,23.75,17.74780504
2013,243,0,32.5,16.5,24.5,18.65023493
2013,244,0,28.5,15.0,21.75,17.02010823
2013,245,0,27.5,13.0,20.25,17.915904
2013,246,0,22.0,6.5,14.25,19.26512575
2013,247,0,24.0,7.5,15.75,19.56151202
2013,248,0,28.0,11.0,19.5,18.9742692
2013,249,0,25.0,10.0,17.5,17.79757142
2013,250,1,31.0,13.5,22.25,18.39366168
2013,251,0,31.0,15.0,23.0,17.2258099
2013,252,0,22.5,15.5,19.0,9.127158351
2013,253,0,33.0,17.0,25.0,16.66068537
2013,254,11,34.0,17.5,25.75,12.36418615
2013,255,1,26.5,12.5,19.5,15.55034003
2013,256,0,23.0,5.5,14.25,18.26095067
2013,257,0,19.0,3.5,11.25,17.1284898
2013,258,12,21.5,6.0,13.75,12.59864032
2013,259,6,17.0,3.5,10.25,11.65750278
2013,260,0,18.0,3.0,10.5,16.43286472
2013,261,0,20.5,5.5,13.0,16.02478137
2013,262,12,26.0,14.5,20.25,9.475523165
2013,263,38,29.0,16.5,22.75,9.6768
2013,264,0,20.5,8.0,14.25,13.824
2013,265,0,16.0,3.5,9.75,13.98767539
2013,266,0,18.0,4.0,11.0,14.94761365
2013,267,0,19.5,4.5,12.0,15.23515394
2013,268,0,22.0,4.5,13.25,16.18735082
2013,269,0,21.5,5.0,13.25,15.38113456
2013,270,0,24.5,6.5,15.5,15.65098006
2013,271,0,26.5,8.5,17.5,15.25506054
2013,272,8,26.0,5.0,15.5,12.17728608
2013,273,0,22.0,5.0,13.5,14.598144
2013,274,0,23.0,6.5,14.75,14.08167857
2013,275,0,26.0,5.0,15.5,15.39772333
2013,276,0,24.0,6.0,15.0,14.22434281
2013,277,10,23.0,13.0,18.0,6.785925001
2013,278,5,19.0,13.5,16.25,4.011171639
2013,279,6,21.5,5.0,13.25,10.09262597
2013,280,2,15.5,5.0,10.25,9.87807758
2013,281,0,19.5,2.5,11.0,13.47010612
2013,282,0,23.5,3.5,13.5,13.86270672
2013,283,0,22.5,3.5,13.0,13.48116528
2013,284,0,23.0,4.0,13.5,13.23786188
2013,285,0,23.5,8.5,16.0,11.2206634
2013,286,0,20.5,2.0,11.25,12.74683394
2013,287,0,16.0,-0.5,7.75,12.12198912
2013,288,3,16.5,0.0,8.25,8.794275543
2013,289,6,15.0,7.0,11.0,4.9545215
2013,290,1,12.0,4.5,8.25,6.260613256
2013,291,0,12.5,2.0,7.25,8.470241743
2013,292,0,9.5,-2.0,3.75,9.12384
2013,293,0,10.0,-2.5,3.75,9.610444918
2013,294,3,9.0,-1.0,4.0,5.906718592
2013,295,0,5.0,-5.0,0.0,7.955988034
2013,296,0,7.5,-5.0,1.25,9.196830685
2013,297,0,6.0,-4.5,0.75,8.121876877
2013,298,0,7.0,-4.0,1.5,8.283340625
2013,299,0,11.0,-2.0,4.5,9.230008351
2013,300,0,10.5,-4.0,3.25,9.729884798
2013,301,0,12.0,-2.0,5.0,9.378201999
2013,302,0,7.0,1.0,4.0,4.806328411
2013,303,0,11.5,1.5,6.5,7.431782512
2013,304,11,15.0,5.5,10.25,5.225472
2013,305,8,15.0,2.5,8.75,6.440877689
2013,306,1,8.5,0.0,4.25,6.555893256
2013,307,0,6.5,-5.0,0.75,8.201502683
2013,308,0,10.0,-2.5,3.75,8.315412879
2013,309,0,11.5,4.5,8.0,5.188976416
2013,310,17,12.5,3.0,7.75,4.963368959
2013,311,2,6.5,-3.5,1.5,7.106641978
2013,312,0,5.0,-5.5,-0.25,7.372062941
2013,313,0,9.0,-4.5,2.25,8.489042191
2013,314,0,11.0,1.0,6.0,6.967296211
2013,315,0,8.5,1.0,4.75,5.640191893
2013,316,3,4.0,-10.0,-3.0,7.18848
2013,317,0,-0.5,-9.5,-5.0,7.445053309
2013,318,0,6.0,-7.0,-0.5,9.087344434
2013,319,0,9.0,-3.0,3.0,8.345272306
2013,320,0,13.0,-1.5,5.75,8.02013213
2013,321,10,14.0,4.5,9.25,4.660347194
2013,322,20,12.0,-1.0,5.5,5.578260146
2013,323,0,3.0,-8.5,-2.75,7.080099571
2013,324,0,4.0,-7.5,-1.75,6.972825438
2013,325,1,4.5,-2.0,1.25,4.459069447
2013,326,1,5.5,-3.5,1.0,5.839257875
2013,327,0,0.0,-10.0,-5.0,6.263931277
2013,328,0,-5.5,-13.0,-9.25,5.096079802
2013,329,2,-4.0,-13.0,-8.5,6.408806298
2013,330,0,0.0,-7.5,-3.75,5.5683074
2013,331,0,-0.5,-13.5,-7.0,7.87968
2013,332,0,-3.0,-12.5,-7.75,6.549258517
2013,333,0,-2.0,-13.5,-7.75,7.276953687
2013,334,0,0.5,-11.0,-5.25,7.172997307
2013,335,0,6.0,-6.0,0.0,7.172997307
2013,336,0,4.5,-8.0,-1.75,7.172997307
2013,337,2,4.5,-5.5,-0.5,6.273884213
2013,338,2,4.0,0.0,2.0,2.571264062
2013,339,1,8.0,-9.0,-0.5,7.81664265
2013,340,0,-5.5,-16.5,-11.0,6.582436099
2013,341,0,-10.0,-18.5,-14.25,5.553930474
2013,342,0,-10.0,-17.5,-13.75,4.985487336
2013,343,4,-8.0,-15.5,-11.75,3.764551635
2013,344,0,-9.5,-22.5,-16.0,7.122124625
2013,345,0,-8.5,-17.5,-13.0,5.697699602
2013,346,0,-11.0,-22.5,-16.75,6.715145977
2013,347,0,-8.0,-16.0,-12.0,5.290720956
2013,348,0,-5.5,-11.5,-8.5,4.171530039
2013,349,1,-6.0,-14.5,-10.25,5.595955063
2013,350,0,-10.5,-21.5,-16.0,6.613401438
2013,351,3,-5.5,-18.0,-11.75,5.188976414
2013,352,0,0.5,-15.0,-7.25,7.427358732
2013,353,0,0.5,-12.0,-5.75,6.816890519
2013,354,2,-2.5,-9.0,-5.75,4.476764149
2013,355,1,-4.5,-7.5,-6.0,2.238382074
2013,356,7,-4.5,-7.5,-6.0,1.729658886
2013,357,2,-4.5,-12.5,-8.5,5.494210524
2013,358,0,-9.5,-25.5,-17.5,7.732592352
2013,359,3,-9.5,-24.5,-17.0,5.697699602
2013,360,1,-5.0,-14.5,-9.75,6.002933711
2013,361,0,-3.5,-14.5,-9.0,6.613401438
2013,362,0,3.0,-13.0,-5.0,7.630847813
2013,363,0,5.5,-10.5,-2.5,7.529103274
2013,364,0,-6.5,-27.0,-16.75,8.037826461
2013,365,0,-16.5,-26.0,-21.25,6.002933711
2014,1,1,-14.0,-21.0,-17.5,4.273274581
2014,2,0,-13.5,-20.0,-16.75,4.0697855
2014,3,0,-12.0,-27.0,-19.5,7.405240304
2014,4,0,-4.5,-23.0,-13.75,7.919493116
2014,5,0,-1.0,-18.5,-9.75,7.81664265
2014,6,0,-14.5,-29.0,-21.75,7.405240304
2014,7,0,-24.0,-29.5,-26.75,3.70262015
2014,8,0,-16.5,-27.5,-22.0,6.479585633
2014,9,0,-12.5,-28.0,-20.25,7.796736094
2014,10,0,-3.0,-24.5,-13.75,8.524431264
2014,11,3,1.5,-5.0,-1.75,3.22265082
2014,12,0,0.5,-5.5,-2.5,4.054302869
2014,13,0,4.5,-4.0,0.25,4.9379326
2014,14,0,4.0,-6.5,-1.25,5.883494298
2014,15,5,0.0,-13.0,-6.5,5.673369702
2014,16,0,-4.0,-13.5,-8.75,6.303744
2014,17,1,0.0,-14.5,-7.25,8.174960822
2014,18,1,-6.5,-18.0,-12.25,7.431782749
2014,19,1,-6.0,-17.5,-11.75,7.431782749
2014,20,0,1.5,-10.5,-4.5,7.723744896
2014,21,0,-7.0,-22.0,-14.5,8.796487271
2014,22,0,-15.0,-23.0,-19.0,6.007357196
2014,23,0,-12.5,-22.0,-17.25,7.044710562
2014,24,0,-13.0,-24.0,-18.5,7.803371493
2014,25,0,-0.5,-17.0,-8.75,9.537454506
2014,26,4,-10.0,-17.5,-13.75,4.488928969
2014,27,0,-6.5,-23.5,-15.0,10.07271869
2014,28,0,-20.5,-28.0,-24.25,6.240706067
2014,29,0,-14.5,-27.0,-20.75,9.068543789
2014,30,0,-4.0,-20.0,-12.0,10.28505621
2014,31,3,-1.5,-18.0,-9.75,7.818854749
2014,32,2,-10.5,-19.0,-14.75,7.148667308
2014,33,1,-7.0,-20.0,-13.5,9.717719261
2014,34,0,-9.5,-25.5,-17.5,10.94197202
2014,35,0,-6.5,-24.0,-15.25,11.39318802
2014,36,1,-8.0,-18.0,-13.0,8.771051495
2014,37,0,-8.5,-23.0,-15.75,10.93533763
2014,38,0,-13.5,-22.5,-18.0,8.281128381
2014,39,0,-11.0,-24.5,-17.75,10.92648913
2014,40,2,-10.0,-21.5,-15.75,10.23639464
2014,41,0,-8.5,-24.5,-16.5,12.192768
2014,42,0,-12.5,-26.5,-19.5,11.49603796
2014,43,0,-9.5,-25.5,-17.5,12.4261181
2014,44,2,-6.5,-17.5,-12.0,10.19879445
2014,45,2,-2.0,-15.5,-8.75,11.71500986
2014,46,0,-6.5,-22.5,-14.5,12.89834424
2014,47,1,-6.5,-17.0,-11.75,10.27178563
2014,48,0,-5.5,-13.0,-9.25,8.00243706
2014,49,7,-3.5,-12.5,-8.0,7.2327165
2014,50,0,6.5,-9.5,-1.5,13.62161631
2014,51,4,7.0,-5.0,1.0,8.880537832
2014,52,10,4.5,-9.0,-2.25,9.732096
2014,53,0,-2.5,-12.5,-7.5,10.92538366
2014,54,0,-2.5,-15.0,-8.75,12.88949812
2014,55,0,-4.5,-16.0,-10.25,12.63402959
2014,56,0,-6.5,-16.5,-11.5,11.51926272
2014,57,0,-10.0,-22.5,-16.25,13.74658587
2014,58,0,-10.0,-23.0,-16.5,14.121493
2014,59,0,-13.0,-24.5,-18.75,13.36393723
2014,60,1,-7.0,-21.5,-14.25,15.50720987
2014,61,1,-11.5,-21.0,-16.25,12.20935728
2014,62,0,-14.0,-25.0,-19.5,13.73552664
2014,63,3,-8.0,-23.0,-15.5,12.44381208
2014,64,3,-5.5,-13.5,-9.5,8.338637124
2014,65,0,-6.5,-22.0,-14.25,17.46800606
2014,66,0,-1.5,-16.5,-9.0,17.20922103
2014,67,0,5.0,-7.0,-1.0,15.39883062
2014,68,0,0.5,-11.5,-5.5,15.6598275
2014,69,0,5.0,-6.0,-0.5,14.87130593
2014,70,0,12.5,-1.0,5.75,16.71376808
2014,71,1,5.5,-5.5,0.0,15.39440691
2014,72,0,-2.5,-12.5,-7.5,14.73085491
2014,73,0,5.5,-10.0,-2.25,19.13573473
2014,74,0,8.0,-5.5,1.25,17.93138704
2014,75,0,2.0,-13.5,-5.75,19.69864719
2014,76,0,-4.0,-13.0,-8.5,14.43667916
2014,77,0,2.5,-10.0,-3.75,18.22777326
2014,78,3,7.0,-4.5,1.25,12.78664676
2014,79,1,3.5,-4.0,-0.25,12.61633464
2014,80,0,6.0,-6.5,-0.25,18.65023472
2014,81,0,8.5,-7.0,0.75,21.01247974
2014,82,0,0.5,-12.0,-5.75,19.36908304
2014,83,0,-2.0,-11.5,-6.75,16.30347296
2014,84,1,1.0,-11.5,-5.25,19.80370962
2014,85,0,-3.5,-14.0,-8.75,17.97783547
2014,86,4,4.0,-11.5,-3.75,16.8453732
2014,87,12,6.0,-1.0,2.5,9.767485749
2014,88,0,6.5,-3.0,1.75,17.119641
2014,89,0,8.0,-4.5,1.75,20.68623288
2014,90,0,13.5,-0.5,6.5,21.99674907
2014,91,0,16.5,-4.0,6.25,25.15968
2014,92,0,7.0,-7.0,0.0,22.3108303
2014,93,0,8.5,-4.5,2.0,21.58645267
2014,94,3,4.0,-1.0,1.5,7.591034472
2014,95,0,3.5,-5.5,-1.0,17.37179051
2014,96,0,11.5,-2.5,4.5,23.38689008
2014,97,1,15.5,1.5,8.5,23.09271563
2014,98,2,16.0,1.0,8.5,24.1555027
2014,99,0,14.5,-3.5,5.5,25.93382313
2014,100,0,17.5,-1.0,8.25,26.27665977
2014,101,0,17.5,0.0,8.75,25.67946354
2014,102,0,19.0,1.0,10.0,26.02008548
2014,103,50,13.0,3.5,8.25,13.38605555
2014,104,53,10.5,-1.5,4.5,16.21168072
2014,105,0,0.5,-9.0,-4.25,18.93887969
2014,106,0,2.5,-7.0,-2.25,19.07712031
2014,107,0,11.0,-2.0,4.5,23.19777801
2014,108,0,13.0,-3.5,4.75,26.28661221
2014,109,0,13.5,-1.5,6.0,24.90310692
2014,110,0,19.0,2.5,10.75,25.85641078
2014,111,2,22.5,9.0,15.75,22.60500539
2014,112,3,20.0,2.0,11.0,19.9596451
2014,113,0,14.0,-2.5,5.75,26.19703261
2014,114,7,13.0,-1.0,6.0,16.3322257
2014,115,9,11.5,3.0,7.25,11.3069256
2014,116,0,18.0,1.0,9.5,24.0382772
2014,117,4,11.5,2.5,7.0,12.0191386
2014,118,8,10.5,3.5,7.0,9.714400821
2014,119,27,9.0,3.0,6.0,8.599633805
2014,120,3,9.5,3.5,6.5,8.819712
2014,121,1,10.0,3.0,6.5,14.11153951
2014,122,1,9.0,3.5,6.25,11.62543109
2014,123,1,12.0,4.0,8.0,16.30789744
2014,124,0,16.5,4.5,10.5,21.63621893
2014,125,0,15.5,4.5,10.0,20.64641985
2014,126,0,15.0,2.0,8.5,23.08497342
2014,127,0,16.5,5.0,10.75,21.44157791
2014,128,12,16.0,7.5,11.75,12.930417
2014,129,2,27.0,12.0,19.5,24.22296471
2014,130,0,19.0,3.5,11.25,26.03556817
2014,131,0,23.5,8.5,16.0,25.04687509
2014,132,19,25.5,14.5,20.0,15.59347137
2014,133,17,24.5,10.5,17.5,18.24768
2014,134,0,14.0,3.5,8.75,21.70921025
2014,135,3,14.0,3.0,8.5,16.86638706
2014,136,0,12.5,1.5,7.0,22.54417987
2014,137,0,11.5,1.0,6.25,22.18917823
2014,138,0,16.5,4.0,10.25,24.54257692
2014,139,0,21.5,7.0,14.25,25.88737433
2014,140,1,19.0,9.5,14.25,20.47389791
2014,141,1,29.0,11.5,20.25,27.24212841
2014,142,0,28.0,8.5,18.25,28.42656681
2014,143,0,22.5,6.0,14.25,27.93111405
2014,144,0,22.0,5.5,13.75,27.93111405
2014,145,0,24.5,7.0,15.75,28.10142638
2014,146,0,28.0,14.5,21.25,24.34129887
2014,147,8,29.0,17.0,23.0,16.62750687
2014,148,13,27.5,12.5,20.0,19.19877087
2014,149,0,23.5,9.0,16.25,25.71264
2014,150,0,27.0,8.5,17.75,28.12133326
2014,151,0,28.5,10.0,19.25,27.603764
2014,152,9,31.0,15.0,23.0,18.63254103
2014,153,34,30.5,17.5,24.0,16.21721069
2014,154,15,26.5,13.0,19.75,17.36294375
2014,155,0,24.0,14.0,19.0,18.75197958
2014,156,2,22.5,9.5,16.0,23.26634396
2014,157,0,25.5,13.0,19.25,22.05093823
2014,158,0,27.5,12.0,19.75,25.00263834
2014,159,9,27.0,12.0,19.5,18.40472104
2014,160,0,22.5,8.5,15.5,24.46295075
2014,161,0,24.0,11.0,17.5,23.06506752
2014,162,2,22.0,13.0,17.5,17.29880022
2014,163,0,23.0,10.5,16.75,22.71559712
2014,164,0,23.5,9.5,16.5,24.46295075
2014,165,0,23.5,8.5,16.0,25.33662756
2014,166,0,26.0,13.0,19.5,22.5408611
2014,167,0,28.5,14.0,21.25,23.76400997
2014,168,30,30.0,16.0,23.0,17.12406586
2014,169,12,28.5,17.0,22.75,14.85250581
2014,170,47,25.0,16.0,20.5,12.40621057
2014,171,31,23.0,16.5,19.75,9.435709744
2014,172,0,27.0,15.5,21.25,20.79350747
2014,173,1,26.0,14.5,20.25,21.14297953
2014,174,13,27.0,16.5,21.75,14.67776978
2014,175,0,28.0,16.0,22.0,21.84192031
2014,176,0,28.0,16.5,22.25,21.31771389
2014,177,0,24.0,14.0,19.0,19.7450963
2014,178,0,27.0,15.0,21.0,22.36612673
2014,179,0,30.0,17.0,23.5,23.06506752
2014,180,13,29.0,17.0,23.0,16.59985944
2014,181,21,28.5,17.5,23.0,15.72618262
2014,182,23,29.0,15.5,22.25,18.17247703
2014,183,1,25.0,11.5,18.25,25.16189153
2014,184,1,20.0,9.0,14.5,22.89033315
2014,185,0,23.5,10.0,16.75,25.33662756
2014,186,0,26.0,12.0,19.0,25.34989854
2014,187,0,25.0,15.0,20.0,20.14101541
2014,188,0,26.5,16.5,21.5,19.96738531
2014,189,10,28.5,15.0,21.75,18.40472104
2014,190,0,25.0,12.5,18.75,23.96086271
2014,191,0,24.0,10.0,17.0,25.70600457
2014,192,0,27.0,13.5,20.25,24.49834022
2014,193,0,25.5,16.5,21.0,18.46001685
2014,194,4,25.5,15.5,20.5,15.18207053
2014,195,0,26.5,11.5,19.0,26.22357547
2014,196,3,23.0,10.5,16.75,17.998848
2014,197,4,19.5,8.0,13.75,17.48459487
2014,198,0,22.0,7.5,14.75,26.39830975
2014,199,0,25.0,9.5,17.25,26.56862195
2014,200,0,26.5,12.0,19.25,25.20612823
2014,201,0,26.5,13.0,19.75,23.8436345
2014,202,0,28.0,16.0,22.0,21.6295824
2014,203,0,30.0,18.5,24.25,20.47389791
2014,204,0,32.0,13.0,22.5,26.7345108
2014,205,0,25.5,10.0,17.75,25.38086437
2014,206,0,25.5,13.0,19.25,22.02107935
2014,207,0,21.5,15.0,18.25,13.11178765
2014,208,0,27.0,16.0,21.5,19.83578115
2014,209,4,25.0,10.5,17.75,18.20233719
2014,210,0,22.5,11.5,17.0,20.37325853
2014,211,2,25.5,12.0,18.75,22.72665568
2014,212,0,24.5,13.5,19.0,19.90656
2014,213,0,27.5,13.5,20.5,22.89254432
2014,214,16,28.5,12.5,20.5,18.12602825
2014,215,0,28.0,13.5,20.75,22.9047078
2014,216,0,28.0,16.5,22.25,19.31378749
2014,217,16,27.0,16.5,21.75,13.5851218
2014,218,0,26.0,12.5,19.25,21.93260515
2014,219,0,27.0,12.5,19.75,22.59726239
2014,220,0,27.0,13.0,20.0,21.94698206
2014,221,0,27.5,14.0,20.75,21.15182719
2014,222,0,27.0,13.5,20.25,21.15182719
2014,223,0,27.0,15.0,21.0,19.243008
2014,224,15,27.0,14.0,20.5,15.234048
2014,225,0,24.0,12.5,18.25,18.95104392
2014,226,0,25.5,10.0,17.75,22.61385115
2014,227,0,23.0,7.5,15.25,22.77310423
2014,228,0,27.5,12.0,19.75,21.82422593
2014,229,0,28.0,15.0,21.5,19.45202749
2014,230,0,25.0,14.0,19.5,17.5885511
2014,231,20,28.5,15.0,21.75,14.76181933
2014,232,0,27.0,14.5,20.75,18.712167
2014,233,0,28.5,17.0,22.75,17.15281975
2014,234,10,25.5,19.0,22.25,8.051097305
2014,235,0,31.5,20.0,25.75,16.7215107
2014,236,0,26.5,20.0,23.25,10.76060125
2014,237,8,29.0,19.5,24.25,10.91432398
2014,238,11,26.5,18.0,22.25,10.2253362
2014,239,0,24.5,14.0,19.25,16.63524833
2014,240,0,24.0,12.5,18.25,17.7267911
2014,241,0,24.5,15.0,19.75,15.15110375
2014,242,5,29.0,17.5,23.25,12.48362566
2014,243,4,25.5,15.5,20.5,11.58119434
2014,244,0,29.0,17.5,23.25,16.57221177
2014,245,2,26.0,12.0,19.0,19.408896
2014,246,0,25.5,12.0,18.75,18.67235322
2014,247,19,28.0,14.5,21.25,13.63378102
2014,248,1,28.5,18.0,23.25,15.00291069
2014,249,0,23.0,9.5,16.25,18.68009476
2014,250,0,23.5,9.0,16.25,19.12356887
2014,251,0,26.0,10.5,18.25,19.26954947
2014,252,0,24.0,11.5,17.75,17.09531223
2014,253,7,26.5,12.5,19.5,13.32854802
2014,254,4,22.5,6.5,14.5,14.52073015
2014,255,0,11.5,4.5,8.0,11.27043046
2014,256,5,9.5,2.5,6.0,8.702484037
2014,257,0,15.0,3.0,9.0,16.9869315
2014,258,0,18.5,6.0,12.25,16.9869315
2014,259,6,14.0,2.5,8.25,12.2193096
2014,260,0,18.0,3.0,10.5,18.25873888
2014,261,0,21.0,4.5,12.75,18.53300829
2014,262,0,18.0,8.5,13.25,13.51655446
2014,263,3,23.5,11.5,17.5,11.33567974
2014,264,0,23.5,11.0,17.25,15.2064
2014,265,0,18.0,3.0,10.5,17.00462478
2014,266,0,20.5,4.5,12.5,17.14175938
2014,267,0,23.0,7.0,15.0,16.45940818
2014,268,0,23.0,9.5,16.25,14.82706919
2014,269,0,25.5,8.5,17.0,16.05574575
2014,270,0,26.5,9.0,17.75,16.05574575
2014,271,0,27.5,9.5,18.5,15.7903266
2014,272,0,27.5,9.5,18.5,15.52269421
2014,273,5,25.0,5.5,15.25,11.943936
2014,274,0,12.5,5.0,8.75,8.554290876
2014,275,0,21.0,9.0,15.0,12.10761145
2014,276,15,20.0,9.5,14.75,8.090910626
2014,277,1,14.5,1.5,8.0,12.91935719
2014,278,2,8.5,-0.5,4.0,9.833840325
2014,279,0,11.0,1.0,6.0,10.61019603
2014,280,0,14.0,4.5,9.25,10.00636479
2014,281,0,17.5,2.5,10.0,13.34181891
2014,282,0,17.5,0.5,9.0,13.989888
2014,283,0,14.5,-0.5,7.0,13.09962264
2014,284,0,14.5,-1.5,6.5,13.23786188
2014,285,0,15.5,-1.0,7.25,13.23786188
2014,286,9,16.5,4.0,10.25,8.122982562
2014,287,37,16.0,10.0,13.0,4.248944846
2014,288,4,13.0,8.0,10.5,3.715891125
2014,289,1,12.5,7.5,10.0,4.9545215
2014,290,0,18.5,7.5,13.0,9.575055983
2014,291,1,13.5,5.5,9.5,7.610941515
2014,292,0,11.5,-1.5,5.0,10.82695634
2014,293,0,14.5,1.5,8.0,10.58365417
2014,294,0,14.5,2.5,8.5,9.884712321
2014,295,0,9.5,-2.5,3.5,10.00525806
2014,296,0,14.5,-1.5,6.5,11.34673944
2014,297,5,11.0,3.5,7.25,5.016452997
2014,298,0,16.0,7.5,11.75,7.218339573
2014,299,0,19.0,1.0,10.0,11.36001045
2014,300,0,18.0,3.5,10.75,10.0815676
2014,301,0,23.0,7.0,15.0,10.19879445
2014,302,0,11.0,4.0,7.5,6.095831076
2014,303,0,9.5,-2.0,3.75,9.057485021
2014,304,1,9.5,-1.0,4.25,8.360754979
2014,305,0,4.5,-6.5,-1.0,8.626175626
2014,306,0,7.0,-4.5,1.25,8.741191189
2014,307,0,12.5,0.5,6.5,8.543232187
2014,308,4,14.5,4.0,9.25,5.809397777
2014,309,0,10.5,0.0,5.25,7.670661165
2014,310,2,10.0,0.0,5.0,7.332249438
2014,311,1,4.5,-1.5,1.5,4.963368959
2014,312,0,7.0,-0.5,3.25,5.919990238
2014,313,0,8.0,0.5,4.25,5.919990238
2014,314,2,9.0,0.5,4.75,6.524928107
2014,315,1,12.5,0.0,6.25,8.183808107
2014,316,1,1.5,-8.0,-3.25,7.962623789
2014,317,0,-2.0,-7.5,-4.75,5.036359344
2014,318,0,-2.0,-8.5,-5.25,5.802762184
2014,319,0,-4.0,-12.5,-8.25,7.044710562
2014,320,2,-4.0,-10.0,-7.0,5.310628067
2014,321,0,-3.5,-14.5,-9.0,8.236892245
2014,322,0,-9.5,-14.0,-11.75,4.076420975
2014,323,0,-6.5,-13.5,-10.0,6.007357196
2014,324,0,-3.5,-11.5,-7.5,6.651002521
2014,325,0,-5.5,-17.0,-11.25,8.174960822
2014,326,0,1.5,-14.5,-6.5,9.024307624
2014,327,0,10.0,-0.5,4.75,7.325614527
2014,328,17,9.5,2.0,5.75,3.822059597
2014,329,10,2.5,-7.5,-2.5,5.4632446
2014,330,0,-4.5,-14.0,-9.25,7.1442434
2014,331,0,-5.0,-13.0,-9.0,6.408806298
2014,332,0,-6.5,-15.5,-11.0,6.757171281
2014,333,0,0.5,-9.5,-4.5,7.069040923
2014,334,0,6.5,-2.5,2.0,6.549258517
2014,335,0,-1.5,-13.5,-7.5,7.692779713
2014,336,0,-7.5,-16.0,-11.75,6.445301639
2014,337,0,-0.5,-10.0,-5.25,6.685286562
2014,338,0,-0.5,-10.5,-5.5,6.890987491
2014,339,0,0.0,-7.5,-3.75,5.656780937
2014,340,0,1.5,-5.5,-2.0,5.348229054
2014,341,0,1.0,-10.0,-4.5,7.096688912
2014,342,6,1.5,-3.5,-1.0,2.950594585
2014,343,2,1.0,-2.5,-0.75,2.848849801
2014,344,0,1.0,-5.5,-2.25,4.985487336
2014,345,0,-3.5,-7.0,-5.25,2.950594585
2014,346,0,-1.0,-7.0,-4.0,4.781997769
2014,347,0,2.5,-3.0,-0.25,4.375019607
2014,348,1,6.5,1.0,3.75,4.273274581
2014,349,1,8.0,5.0,6.5,2.238382074
2014,350,7,7.0,2.5,4.75,2.441871397
2014,351,1,4.5,-6.5,-1.0,6.918635544
2014,352,0,-4.0,-9.5,-6.75,4.476764149
2014,353,0,-3.0,-7.0,-5.0,3.35757299
2014,354,0,-2.5,-6.0,-4.25,3.052339125
2014,355,0,0.5,-3.0,-1.25,2.747105261
2014,356,0,2.0,-0.5,0.75,2.136637291
2014,357,11,3.5,0.0,1.75,2.238382074
2014,358,1,5.5,0.0,2.75,4.375019607
2014,359,0,3.0,-1.0,1.0,3.35757299
2014,360,0,4.5,-0.5,2.0,4.171530039
2014,361,1,8.0,-1.0,3.5,6.002933711
2014,362,0,3.5,-9.0,-2.75,6.816890519
2014,363,0,-1.0,-10.5,-5.75,6.409912357
2014,364,0,-5.5,-17.5,-11.5,6.918635544
2014,365,0,-10.0,-19.5,-14.75,6.511656899
2015,1,0,-7.5,-17.0,-12.25,6.816890519
2015,2,0,-2.0,-10.5,-6.25,6.308167331
2015,3,1,-0.5,-10.0,-5.25,6.890987491
2015,4,2,-0.5,-10.0,-5.25,6.890987491
2015,5,0,-9.5,-23.5,-16.5,8.125194537
2015,6,3,-16.0,-24.0,-20.0,4.833976241
2015,7,0,-12.5,-23.0,-17.75,7.508091258
2015,8,0,-18.0,-23.0,-20.5,4.525424849
2015,9,2,-12.5,-21.0,-16.75,6.861127662
2015,10,0,-15.0,-21.5,-18.25,5.821562849
2015,11,0,-5.5,-18.5,-12.0,8.420475377
2015,12,0,-3.5,-16.0,-9.75,8.3165185
2015,13,0,-8.5,-20.5,-14.5,8.404992
2015,14,0,-7.0,-20.5,-13.75,8.825241199
2015,15,0,-5.5,-12.0,-8.75,5.9885566
2015,16,0,2.0,-6.5,-2.25,7.1442434
2015,17,0,3.0,-5.5,-1.25,7.325614527
2015,18,0,5.0,0.0,2.5,4.883742847
2015,19,0,4.0,-5.5,-0.75,7.856456152
2015,20,0,1.0,-3.5,-1.25,4.612792417
2015,21,1,0.0,-4.0,-2.0,4.183695367
2015,22,0,-2.0,-4.5,-3.25,2.789130073
2015,23,0,0.0,-5.0,-2.5,5.310628067
2015,24,0,1.0,-4.5,-1.75,5.744148819
2015,25,1,1.5,-7.0,-2.75,8.02013213
2015,26,0,-4.5,-12.5,-8.5,7.992483684
2015,27,2,-4.5,-9.0,-6.75,5.145845317
2015,28,0,-2.0,-8.0,-5.0,6.5691645
2015,29,0,0.5,-7.0,-3.25,7.962623789
2015,30,0,0.5,-12.5,-6.0,10.50624
2015,31,0,-3.5,-11.5,-7.5,8.600740011
2015,32,8,0.0,-11.0,-5.5,7.707156933
2015,33,7,-8.5,-20.5,-14.5,8.265646558
2015,34,0,-10.5,-19.5,-15.0,9.813933648
2015,35,3,-8.0,-18.0,-13.0,7.896268625
2015,36,0,-8.0,-23.5,-15.75,12.30225457
2015,37,0,-8.5,-22.0,-15.25,12.07443526
2015,38,0,-1.0,-13.5,-7.25,11.84661475
2015,39,0,2.0,-8.5,-3.25,11.04150524
2015,40,0,-2.0,-9.0,-5.5,8.626175626
2015,41,0,-3.0,-16.0,-9.5,12.54113302
2015,42,0,0.0,-13.0,-6.5,12.65725396
2015,43,0,-2.5,-16.5,-9.5,13.24671055
2015,44,0,-10.0,-19.5,-14.75,11.48829767
2015,45,0,-3.5,-16.5,-10.0,13.25334477
2015,46,0,-12.5,-21.5,-17.0,11.36001045
2015,47,0,-11.5,-19.0,-15.25,10.27178563
2015,48,0,-8.5,-15.5,-12.0,9.794027497
2015,49,0,-10.0,-19.0,-14.5,11.93398177
2015,50,0,-16.5,-25.5,-21.0,11.93398177
2015,51,0,-14.0,-24.5,-19.25,13.25998034
2015,52,0,-5.5,-17.0,-11.25,13.74658583
2015,53,0,-2.0,-16.0,-9.0,14.97636902
2015,54,0,-12.0,-24.5,-18.25,14.48534098
2015,55,0,-9.5,-23.0,-16.25,15.11129034
2015,56,0,0.5,-15.5,-7.5,15.85446904
2015,57,1,-8.0,-19.0,-13.5,13.74658587
2015,58,0,-10.0,-22.0,-16.0,14.49640013
2015,59,0,-8.5,-22.5,-15.5,15.75935938
2015,60,0,-7.0,-17.5,-12.25,13.61608674
2015,61,0,-2.5,-14.5,-8.5,14.88015336
2015,62,0,-1.5,-11.0,-6.25,12.97244136
2015,63,0,-1.5,-14.0,-7.75,15.6509802
2015,64,0,-8.0,-20.5,-14.25,15.90755341
2015,65,0,-8.5,-19.5,-14.0,15.00954644
2015,66,0,0.5,-16.0,-7.75,18.11496925
2015,67,0,6.5,-4.0,1.25,14.61583875
2015,68,0,9.0,-3.5,2.75,16.18182125
2015,69,0,11.5,-3.0,4.25,17.63499915
2015,70,0,14.0,-2.0,6.0,18.1614178
2015,71,0,13.5,-2.5,5.5,18.44674509
2015,72,0,14.5,-1.5,6.5,18.579456
2015,73,0,19.5,-0.5,9.5,19.93863191
2015,74,0,14.5,-3.0,5.75,19.53718396
2015,75,0,15.5,-0.5,7.5,19.15895747
2015,76,0,18.5,-1.5,8.5,20.6431026
2015,77,0,7.0,-5.0,1.0,16.45940818
2015,78,0,10.0,-3.5,3.25,17.68366112
2015,79,0,9.5,0.0,4.75,13.8505421
2015,80,0,14.0,0.5,7.25,17.82742975
2015,81,0,9.0,-4.0,2.5,17.69472026
2015,82,3,3.0,-5.0,-1.0,9.336176709
2015,83,0,2.5,-8.5,-3.0,16.44281941
2015,84,7,5.5,-6.5,-0.5,13.34292456
2015,85,0,6.0,-2.0,2.0,13.06202116
2015,86,0,2.0,-10.0,-4.0,18.54406743
2015,87,0,1.5,-10.5,-4.5,18.68562438
2015,88,0,4.5,-5.0,-0.25,15.97833133
2015,89,1,7.0,-1.5,2.75,14.83702166
2015,90,0,13.0,0.5,6.75,19.84020507
2015,91,0,16.0,-1.0,7.5,23.14690615
2015,92,0,23.5,2.0,12.75,24.77371533
2015,93,0,17.5,2.5,10.0,21.73132875
2015,94,0,9.0,-3.5,2.75,19.99945666
2015,95,0,14.0,0.0,7.0,21.31329043
2015,96,0,16.0,-2.5,6.75,24.56359066
2015,97,7,15.0,-1.0,7.0,17.20922113
2015,98,26,8.0,1.5,4.75,7.854243858
2015,99,51,7.0,2.5,4.75,5.779537869
2015,100,31,10.5,1.0,5.75,11.49603812
2015,101,3,11.0,1.0,6.0,12.09323577
2015,102,0,17.5,4.0,10.75,19.70307195
2015,103,5,21.5,8.5,15.0,14.28848687
2015,104,0,18.0,1.0,9.5,22.72665563
2015,105,0,19.5,2.0,10.75,22.87816724
2015,106,0,19.0,1.5,10.25,23.35039555
2015,107,0,22.5,4.0,13.25,23.50301164
2015,108,0,25.0,7.0,16.0,23.21215471
2015,109,0,20.0,8.0,14.0,18.75419046
2015,110,16,21.5,6.5,14.0,16.257024
2015,111,3,7.5,1.0,4.25,9.13489935
2015,112,2,5.5,-1.5,2.0,13.41038694
2015,113,0,7.5,-3.0,2.25,18.712167
2015,114,0,12.0,-4.0,4.0,24.02721784
2015,115,6,12.5,0.0,6.25,15.54702251
2015,116,0,11.0,-1.0,5.0,20.55905312
2015,117,0,16.0,-0.5,7.75,24.19642436
2015,118,0,19.0,-1.0,9.0,25.95815221
2015,119,0,18.5,1.5,10.0,24.2063759
2015,120,0,19.0,0.0,9.5,25.49698499
2015,121,0,16.5,1.5,9.0,22.93125151
2015,122,0,21.0,5.0,13.0,23.73525547
2015,123,0,25.0,11.5,18.25,20.99036225
2015,124,10,25.0,12.5,18.75,14.85471759
2015,125,7,22.5,8.5,15.5,16.58216392
2015,126,4,14.0,8.0,11.0,8.778792983
2015,127,3,24.0,9.5,16.75,17.18599706
2015,128,0,27.0,14.5,20.75,20.1321683
2015,129,0,24.5,11.5,18.0,21.09210592
2015,130,0,20.0,7.5,13.75,21.09210592
2015,131,3,14.5,8.0,11.25,9.392577961
2015,132,6,18.5,5.5,12.0,16.75468863
2015,133,0,12.5,0.0,6.25,22.22899137
2015,134,0,16.5,2.0,9.25,24.38111369
2015,135,5,19.0,6.0,12.5,17.03338003
2015,136,0,23.0,13.0,18.0,18.36933175
2015,137,0,26.5,15.5,21.0,19.49958179
2015,138,11,25.5,13.5,19.5,15.96948456
2015,139,0,17.0,4.5,10.75,23.1977779
2015,140,0,13.0,2.5,7.75,21.15072031
2015,141,0,13.0,4.0,8.5,18.78184028
2015,142,0,22.0,3.0,12.5,28.25736363
2015,143,0,23.0,5.5,14.25,27.249868
2015,144,0,25.5,7.5,16.5,27.249868
2015,145,26,21.0,13.5,17.25,11.07025888
2015,146,5,25.5,17.5,21.5,11.48497887
2015,147,24,24.0,14.0,19.0,14.39907775
2015,148,2,24.0,14.0,19.0,19.54160575
2015,149,12,27.5,16.0,21.75,15.94183713
2015,150,19,25.5,12.5,19.0,17.94244594
2015,151,5,15.0,3.0,9.0,18.28749431
2015,152,0,16.5,3.5,10.0,25.70600457
2015,153,0,19.5,4.0,11.75,27.603764
2015,154,0,23.0,9.5,16.25,25.34989854
2015,155,0,25.0,14.0,19.5,21.87730979
2015,156,0,26.5,14.5,20.5,22.74545697
2015,157,0,20.5,7.5,14.0,25.17626844
2015,158,3,23.5,13.0,18.25,15.97390792
2015,159,2,27.5,14.5,21.0,23.96086271
2015,160,2,27.5,13.0,20.25,25.86083398
2015,161,0,31.0,15.0,23.0,26.21030437
2015,162,0,27.5,13.5,20.5,24.98715717
2015,163,43,19.0,13.0,16.0,10.13465136
2015,164,2,20.0,13.5,16.75,14.67776978
2015,165,3,22.0,15.0,18.5,11.70726895
2015,166,1,27.5,18.0,22.75,19.3956259
2015,167,1,26.0,13.0,19.5,24.81242114
2015,168,0,24.5,11.0,17.75,25.51136359
2015,169,0,26.5,14.5,20.5,23.41453791
2015,170,0,26.0,10.0,18.0,27.60818761
2015,171,0,23.5,10.0,16.75,25.51136359
2015,172,3,23.5,13.5,18.5,15.72618262
2015,173,0,29.0,16.0,22.5,24.11348036
2015,174,21,27.0,13.5,20.25,19.04615385
2015,175,0,25.5,12.5,19.0,24.81242114
2015,176,0,27.0,15.5,21.25,22.5408611
2015,177,3,25.5,14.5,20.0,16.59985944
2015,178,1,23.5,13.0,18.25,21.66718428
2015,179,0,25.5,11.5,18.5,25.68609795
2015,180,2,22.5,15.0,18.75,16.42512341
2015,181,1,25.0,13.0,19.0,23.58927394
2015,182,0,24.0,11.0,17.5,24.98715717
2015,183,0,20.5,7.5,14.0,25.68609795
2015,184,0,22.0,8.5,15.25,26.03556835
2015,185,0,24.5,12.0,18.25,24.28821472
2015,186,0,27.5,14.0,20.75,24.65537979
2015,187,0,28.0,17.0,22.5,21.35642114
2015,188,14,26.0,13.5,19.75,17.88383239
2015,189,0,20.0,9.5,14.75,22.22456833
2015,190,0,21.0,10.5,15.75,22.22456833
2015,191,0,25.5,12.0,18.75,25.18843531
2015,192,0,27.5,14.0,20.75,24.84338694
2015,193,0,25.5,14.5,20.0,21.91048735
2015,194,35,29.0,17.0,23.0,16.7347816
2015,195,12,30.0,17.5,23.75,16.90730578
2015,196,0,26.5,10.0,18.25,26.91256287
2015,197,0,24.0,12.5,18.25,22.11286975
2015,198,16,23.5,16.0,19.75,11.65639713
2015,199,20,31.5,18.5,25.0,16.69054448
2015,200,2,30.0,18.5,24.25,20.94833635
2015,201,0,26.5,16.0,21.25,20.26708868
2015,202,0,27.0,13.5,20.25,24.01394683
2015,203,0,26.0,12.0,19.0,24.53483556
2015,204,0,27.0,13.0,20.0,24.19642436
2015,205,0,29.0,15.0,22.0,23.68880675
2015,206,0,28.0,18.5,23.25,17.98668229
2015,207,0,29.0,15.0,22.0,23.53397725
2015,208,0,27.5,14.0,20.75,23.1977779
2015,209,0,30.0,16.0,23.0,23.04516197
2015,210,0,29.5,20.0,24.75,17.20037459
2015,211,0,28.5,17.5,23.0,19.40889568
2015,212,0,29.0,16.5,22.75,21.23366432
2015,213,0,27.0,13.5,20.25,22.72665568
2015,214,0,29.0,18.0,23.5,19.27950246
2015,215,0,31.5,14.0,22.75,24.88209395
2015,216,0,26.0,11.5,18.75,23.40569155
2015,217,0,26.0,11.5,18.75,23.24201476
2015,218,0,27.5,12.5,20.0,23.40569155
2015,219,2,27.0,16.0,21.5,18.69557731
2015,220,16,25.0,15.5,20.25,12.68047884
2015,221,0,22.0,16.0,19.0,11.46396692
2015,222,0,27.0,16.5,21.75,18.24546903
2015,223,0,27.0,14.0,20.5,21.00695101
2015,224,0,27.0,11.5,19.25,23.09160899
2015,225,0,27.5,15.0,21.25,20.06581246
2015,226,0,29.5,18.5,24.0,17.8362769
2015,227,0,33.0,19.0,26.0,20.22506402
2015,228,0,33.0,19.0,26.0,19.92646748
2015,229,0,31.5,19.0,25.25,18.66129468
2015,230,21,28.5,18.0,23.25,12.563251
2015,231,27,26.0,17.5,21.75,10.83580414
2015,232,1,19.0,12.0,15.5,12.94258247
2015,233,0,21.5,8.5,15.0,20.73931872
2015,234,0,27.5,12.5,20.0,21.3663747
2015,235,3,26.0,16.0,21.0,12.23147535
2015,236,0,21.0,10.5,15.75,17.52440716
2015,237,0,18.0,11.5,14.75,11.99038454
2015,238,0,18.5,11.5,15.0,12.81982427
2015,239,0,22.0,9.5,15.75,19.84020512
2015,240,0,24.5,11.0,17.75,19.99945666
2015,241,36,19.5,13.5,16.5,8.181596172
2015,242,0,20.5,14.0,17.25,11.73160004
2015,243,0,24.0,13.0,18.5,17.59739934
2015,244,0,28.0,16.5,22.25,17.169408
2015,245,0,31.0,18.5,24.75,17.61730588
2015,246,0,30.5,19.0,24.75,16.59764652
2015,247,0,28.5,18.0,23.25,16.00487398
2015,248,0,28.5,17.0,22.75,16.91504669
2015,249,0,30.5,20.0,25.25,15.44417306
2015,250,11,31.5,20.5,26.0,11.5325337
2015,251,2,27.5,20.0,23.75,11.82449699
2015,252,6,25.0,11.5,18.25,13.76317487
2015,253,5,25.5,12.0,18.75,13.6182988
2015,254,0,23.0,10.0,16.5,17.9712
2015,255,0,18.5,6.5,12.5,17.5476323
2015,256,0,18.5,5.5,12.0,18.11828645
2015,257,0,22.0,8.0,15.0,18.11939387
2015,258,0,26.0,11.0,18.5,18.11939387
2015,259,0,28.5,15.0,21.75,16.57331709
2015,260,0,28.5,16.0,22.25,15.5901545
2015,261,56,27.0,16.5,21.75,10.31159858
2015,262,16,22.5,11.0,16.75,11.42636558
2015,263,0,20.0,6.5,13.25,16.72704053
2015,264,0,22.0,8.0,15.0,16.72704053
2015,265,0,24.0,9.5,16.75,16.456089
2015,266,0,26.5,10.0,18.25,16.86749149
2015,267,0,26.5,11.0,18.75,16.05132343
2015,268,0,25.0,11.5,18.25,14.82706919
2015,269,0,25.5,11.5,18.5,14.84144613
2015,270,0,25.0,10.0,17.5,15.2462131
2015,271,0,24.0,12.5,18.25,12.71255087
2015,272,38,26.0,11.5,18.75,10.705306
2015,273,1,17.5,3.0,10.25,14.73085491
2015,274,0,17.0,3.5,10.25,13.95007485
2015,275,0,17.0,4.0,10.5,13.4236562
2015,276,0,16.0,3.5,9.75,12.91935719
2015,277,0,11.5,5.5,8.5,7.177420937
2015,278,0,13.0,8.0,10.5,5.9520612
2015,279,0,16.5,8.0,12.25,9.445662784
2015,280,0,20.0,8.0,14.0,11.93066567
2015,281,0,19.0,7.5,13.25,11.41751804
2015,282,0,22.0,9.0,15.5,11.95499472
2015,283,0,16.5,3.0,9.75,12.59089872
2015,284,0,18.5,5.5,12.0,11.85103777
2015,285,0,25.5,10.5,18.0,12.22926264
2015,286,0,21.0,7.0,14.0,11.87205144
2015,287,0,15.0,1.5,8.25,11.87205144
2015,288,0,17.5,2.0,9.75,12.38630375
2015,289,0,17.0,1.5,9.25,12.26244024
2015,290,0,10.0,-4.0,3.0,11.66192687
2015,291,0,11.5,-3.5,4.0,11.90744089
2015,292,0,16.0,0.5,8.25,11.556864
2015,293,0,22.5,8.0,15.25,10.70530583
2015,294,0,22.5,9.0,15.75,10.00525806
2015,295,0,21.5,4.0,12.75,11.45180113
2015,296,0,17.5,4.0,10.75,10.03290599
2015,297,14,17.5,7.5,12.5,5.971968125
2015,298,1,14.5,1.5,8.0,9.70334165
2015,299,0,15.5,1.5,8.5,9.940008299
2015,300,0,16.5,3.0,9.75,9.495429971
2015,301,27,15.0,4.5,9.75,5.978603661
2015,302,1,10.5,0.5,5.5,7.854243951
2015,303,0,8.0,0.5,4.25,6.154445021
2015,304,8,10.0,3.5,6.75,4.064256
2015,305,5,10.5,5.5,8.0,3.10542328
2015,306,0,16.5,6.5,11.5,7.476018876
2015,307,0,22.0,6.0,14.0,9.340600308
2015,308,0,22.5,8.0,15.25,8.657141839
2015,309,0,21.5,12.0,16.75,6.317014791
2015,310,21,20.0,5.5,12.75,6.317014791
2015,311,0,9.0,-0.5,4.25,6.655426522
2015,312,0,9.0,-2.5,3.25,7.483760762
2015,313,0,12.0,-2.0,5.0,8.265646558
2015,314,0,13.0,-4.0,4.5,8.84736
2015,315,0,12.5,-2.0,5.25,8.183808107
2015,316,14,14.5,2.5,8.5,5.308416211
2015,317,0,8.5,1.0,4.75,5.036359344
2015,318,0,6.5,-4.5,1.0,6.897622934
2015,319,0,12.0,-0.5,5.75,7.15309062
2015,320,0,16.5,5.5,11.0,6.394429692
2015,321,4,14.0,6.5,10.25,3.576545312
2015,322,26,15.5,8.0,11.75,3.540049787
2015,323,4,13.5,1.0,7.25,5.256437742
2015,324,0,4.5,-2.5,1.0,4.720066554
2015,325,6,2.5,-5.0,-1.25,3.822059597
2015,326,0,-2.5,-13.5,-8.0,6.688604677
2015,327,0,-2.0,-9.0,-5.5,4.777574625
2015,328,0,4.0,-6.0,-1.0,6.157763052
2015,329,0,6.0,-2.5,1.75,5.4632446
2015,330,7,9.5,2.5,6.0,3.467059151
2015,331,30,11.0,-1.0,5.0,4.9379326
2015,332,0,2.0,-7.0,-2.5,5.613650088
2015,333,0,2.0,-8.0,-3.0,5.925519233
2015,334,5,3.5,-5.0,-0.75,3.950346239
2015,335,10,5.0,0.0,2.5,2.494955649
2015,336,2,3.5,-2.5,0.5,3.846389855
2015,337,0,1.5,-2.5,-0.5,2.776965237
2015,338,0,4.5,-2.5,1.0,4.525424849
2015,339,0,9.0,-1.5,3.75,5.862481866
2015,340,0,7.0,-1.5,2.75,5.245378588
2015,341,0,3.5,-1.0,1.25,3.085516875
2015,342,0,4.5,0.5,2.5,2.747105261
2015,343,0,6.5,1.0,3.75,3.764551635
2015,344,0,8.5,1.5,5.0,4.680253227
2015,345,0,12.5,0.5,6.5,6.308167331
2015,346,0,7.0,0.5,3.75,4.476764149
2015,347,12,9.5,4.5,7.0,2.645360478
2015,348,32,15.5,6.5,11.0,3.968040961
2015,349,3,11.5,-1.0,5.25,4.781997769
2015,350,0,5.5,-1.0,2.25,4.578508688
2015,351,0,9.0,-4.0,2.5,6.511656899
2015,352,0,0.5,-7.5,-3.5,5.290720956
2015,353,0,-3.5,-13.0,-8.25,5.901189169
2015,354,0,1.5,-10.0,-4.25,6.308167331
2015,355,3,7.0,0.5,3.75,3.35757299
2015,356,1,4.0,-0.5,1.75,3.35757299
2015,357,0,7.5,-0.5,3.5,5.188976414
2015,358,7,11.5,-1.5,5.0,4.781997769
2015,359,0,2.0,-3.0,-0.5,3.662806852
2015,360,0,2.0,-2.5,-0.25,3.35757299
2015,361,3,2.5,-1.0,0.75,2.03489275
2015,362,0,1.5,-5.0,-1.75,4.781997769
2015,363,18,-2.0,-6.5,-4.25,3.052339125
2015,364,0,-2.5,-6.5,-4.5,3.764551635
2015,365,0,-2.0,-7.0,-4.5,4.578508688
2016,1,0,-3.5,-9.5,-6.5,4.883742794
2016,2,0,-2.0,-10.0,-6.0,6.002933711
2016,3,0,0.0,-8.5,-4.25,6.376734679
2016,4,0,-2.5,-8.5,-5.5,5.039677662
2016,5,0,-3.0,-13.0,-8.0,7.096688912
2016,6,0,-1.0,-8.5,-4.75,5.965332821
2016,7,0,0.5,-5.0,-2.25,4.731125775
2016,8,5,2.0,-0.5,0.75,1.748459612
2016,9,7,2.5,-1.5,0.5,2.702868413
2016,10,0,-1.0,-17.0,-9.0,8.524431264
2016,11,0,-14.5,-22.0,-18.25,6.341345255
2016,12,1,-12.5,-22.5,-17.5,7.588823329
2016,13,0,-13.5,-21.0,-17.25,6.5138686
2016,14,0,-5.0,-18.5,-11.75,8.7201794
2016,15,0,1.0,-8.0,-3.5,7.249305702
2016,16,0,-1.0,-9.5,-5.25,7.1442434
2016,17,0,-8.0,-23.0,-15.5,9.236644072
2016,18,0,-17.5,-24.0,-20.75,6.263931277
2016,19,0,-15.5,-23.5,-19.5,7.325614527
2016,20,0,-10.0,-21.0,-15.5,8.796487271
2016,21,0,-5.5,-12.0,-8.75,6.329180117
2016,22,0,-5.0,-9.0,-7.0,4.183695367
2016,23,0,-3.5,-8.0,-5.75,4.768727255
2016,24,0,0.0,-7.0,-3.5,6.936330505
2016,25,0,-2.5,-5.0,-3.75,2.817884122
2016,26,9,0.5,-5.0,-2.25,4.379443
2016,27,0,-1.5,-8.0,-4.75,6.897622934
2016,28,0,1.5,-7.5,-3.0,8.539914059
2016,29,0,2.0,-16.5,-7.25,11.0592
2016,30,0,0.5,-14.5,-7.0,10.83801621
2016,31,0,6.5,-2.0,2.25,8.600740011
2016,32,0,3.5,-6.5,-1.5,9.606021975
2016,33,0,5.0,-6.0,-0.5,10.05281325
2016,34,9,1.0,-2.5,-0.75,3.271311395
2016,35,0,0.0,-11.5,-5.75,10.71636456
2016,36,0,-1.5,-11.0,-6.25,10.02405932
2016,37,0,-1.0,-8.0,-4.5,8.201502683
2016,38,0,3.5,-3.5,0.0,8.166112814
2016,39,0,5.0,-6.5,-0.75,11.04150524
2016,40,1,-5.0,-13.5,-9.25,9.776332376
2016,41,0,-9.5,-16.0,-12.75,8.244633488
2016,42,0,-9.5,-19.5,-14.5,11.14767404
2016,43,0,-7.5,-19.5,-13.5,12.30889012
2016,44,0,-9.5,-21.0,-15.25,12.30889012
2016,45,0,-11.0,-19.5,-15.25,10.65000938
2016,46,1,-8.0,-14.0,-11.0,8.401673948
2016,47,0,-3.5,-9.0,-6.25,8.121876877
2016,48,1,-0.5,-14.0,-7.25,13.8549665
2016,49,0,-1.0,-13.0,-7.0,13.50107057
2016,50,0,6.0,-6.0,0.0,13.38052599
2016,51,0,9.5,1.5,5.5,10.70530583
2016,52,0,8.0,-2.0,3.0,12.40842217
2016,53,0,3.0,-2.5,0.25,8.22472714
2016,54,0,3.0,-2.0,0.5,7.610941515
2016,55,0,5.0,-1.5,1.75,8.670412625
2016,56,0,2.5,-2.5,0.0,7.060192902
2016,57,0,1.5,-5.0,-1.75,8.997765061
2016,58,0,3.5,-4.0,-0.25,10.24745469
2016,59,0,14.0,0.5,7.25,13.99431161
2016,60,0,14.0,0.5,7.25,13.99431161
2016,61,1,13.5,-2.5,5.5,14.87683549
2016,62,4,5.0,-9.0,-2.0,12.46371864
2016,63,3,-6.0,-18.0,-12.0,12.082176
2016,64,0,-1.5,-15.0,-8.25,16.93384745
2016,65,0,0.5,-11.5,-5.5,16.16412784
2016,66,3,3.5,-7.5,-2.0,11.77473051
2016,67,0,4.0,-1.5,1.25,9.575055301
2016,68,1,10.0,1.0,5.5,14.093845
2016,69,1,18.5,6.0,12.25,16.44281937
2016,70,5,20.5,7.5,14.0,11.31798535
2016,71,0,12.5,3.0,7.75,13.1604475
2016,72,0,11.5,-2.5,4.5,16.45608909
2016,73,0,15.5,-1.5,7.0,17.38506291
2016,74,0,16.5,3.5,10.0,15.92414216
2016,75,6,12.0,4.0,8.0,8.965693519
2016,76,5,13.5,3.5,8.5,10.65885689
2016,77,37,10.0,5.0,7.5,6.206422794
2016,78,2,11.5,2.0,6.75,14.14692838
2016,79,0,10.0,0.5,5.25,14.41898574
2016,80,0,5.5,-2.0,1.75,12.61633464
2016,81,0,5.5,-3.0,1.25,13.98767539
2016,82,0,7.0,-4.5,1.25,17.00352026
2016,83,0,9.0,-3.0,3.0,17.55758708
2016,84,0,12.0,-0.5,5.75,17.69693221
2016,85,18,1.0,-2.0,-0.5,4.354006829
2016,86,3,0.0,-8.0,-4.0,11.79795381
2016,87,0,8.5,-6.5,1.0,22.08301149
2016,88,0,11.0,0.5,5.75,18.26095082
2016,89,3,7.5,2.0,4.75,7.561175047
2016,90,0,13.0,-1.0,6.0,19.5449232
2016,91,0,16.0,0.5,8.25,20.55905307
2016,92,25,9.0,5.5,7.25,5.175705461
2016,93,8,8.5,0.5,4.5,11.15541515
2016,94,3,8.5,-2.5,3.0,14.05292565
2016,95,3,4.5,-4.0,0.25,12.26244019
2016,96,0,20.0,-2.5,8.75,23.0650674
2016,97,0,2.5,-6.0,-1.75,16.17960987
2016,98,11,5.5,-4.0,0.75,13.0907747
2016,99,1,7.5,-0.5,3.5,15.70848772
2016,100,2,4.0,-1.5,1.25,11.70726887
2016,101,1,3.5,-8.5,-2.5,23.43997412
2016,102,0,4.5,-5.5,-0.5,21.34978588
2016,103,1,10.0,0.5,5.25,18.80064062
2016,104,0,8.0,-3.5,2.25,21.35752746
2016,105,0,10.0,-2.0,4.0,21.81758882
2016,106,0,10.5,0.0,5.25,20.30247845
2016,107,0,19.0,2.5,10.75,23.96086282
2016,108,0,22.0,4.0,13.0,24.26609646
2016,109,0,26.0,6.5,16.25,24.59566
2016,110,0,26.0,8.0,17.0,23.98076909
2016,111,0,25.5,6.0,15.75,24.772608
2016,112,3,14.0,5.5,9.75,12.23147535
2016,113,0,22.0,7.5,14.75,22.76647044
2016,114,0,20.5,7.5,14.0,21.67492618
2016,115,0,16.0,0.5,8.25,24.02721784
2016,116,0,19.0,4.0,11.5,23.24201465
2016,117,1,21.5,6.0,13.75,23.72198437
2016,118,0,23.5,3.0,13.25,26.09418281
2016,119,0,9.0,1.5,5.25,14.6512274
2016,120,6,12.5,3.0,7.75,13.53646038
2016,121,4,6.0,2.5,4.25,5.772902245
2016,122,0,11.5,3.0,7.25,16.837632
2016,123,11,10.5,4.5,7.5,9.526395331
2016,124,0,14.5,3.0,8.75,21.31329059
2016,125,0,18.0,3.0,10.5,24.54257709
2016,126,2,19.0,5.0,12.0,24.06039546
2016,127,0,16.0,1.0,8.5,25.03581596
2016,128,0,20.5,4.0,12.25,25.86083399
2016,129,3,28.5,9.0,18.75,19.6411395
2016,130,0,20.5,3.0,11.75,26.2003493
2016,131,0,22.0,5.5,13.75,25.21165779
2016,132,8,18.5,7.5,13.0,14.66560405
2016,133,16,12.0,8.5,10.25,5.640192161
2016,134,8,18.5,9.0,13.75,13.43692863
2016,135,0,19.0,6.0,12.5,22.71117444
2016,136,5,13.5,2.0,7.75,16.03141744
2016,137,0,7.0,-1.5,2.75,17.53436212
2016,138,0,14.5,1.0,7.75,24.54257692
2016,139,2,19.5,4.5,12.0,25.55117498
2016,140,0,16.5,2.0,9.25,25.55117498
2016,141,0,19.5,4.5,12.0,26.05768678
2016,142,0,22.0,5.5,13.75,26.90371559
2016,143,0,23.0,7.0,15.0,26.39609959
2016,144,0,26.0,8.5,17.25,27.07955568
2016,145,0,28.5,11.5,20.0,26.39830963
2016,146,0,28.0,13.0,20.5,24.69519288
2016,147,0,28.0,14.5,21.25,23.141376
2016,148,5,29.0,15.5,22.25,17.31317825
2016,149,6,28.5,15.5,22.0,16.97034175
2016,150,10,27.0,16.5,21.75,14.570496
2016,151,17,28.0,15.5,21.75,16.38973487
2016,152,0,26.0,14.0,20.0,21.56544062
2016,153,1,27.5,16.0,21.75,20.35777628
2016,154,17,26.5,15.5,21.0,14.83702381
2016,155,0,26.0,11.0,18.5,25.17626844
2016,156,0,23.5,11.0,17.25,22.74545697
2016,157,0,29.0,14.5,21.75,24.13449115
2016,158,0,25.5,14.0,19.75,21.18279104
2016,159,4,25.5,11.0,18.25,18.75197958
2016,160,0,23.0,9.5,16.25,24.48175135
2016,161,0,20.0,8.0,14.0,23.41453791
2016,162,0,23.5,10.5,17.0,24.11348036
2016,163,6,26.0,13.0,19.5,17.47353625
2016,164,10,32.0,17.0,24.5,18.17247703
2016,165,0,30.5,13.5,22.0,26.3850404
2016,166,0,22.5,11.5,17.0,20.9682435
2016,167,8,27.5,14.0,20.75,17.47353625
2016,168,44,29.5,17.5,23.5,15.72618262
2016,169,0,30.0,16.5,23.25,22.71559712
2016,170,0,23.0,13.5,18.25,18.52194909
2016,171,0,29.5,14.5,22.0,24.81242114
2016,172,0,30.0,15.0,22.5,24.63768678
2016,173,0,31.0,19.5,25.25,20.26930272
2016,174,0,29.5,12.5,21.0,26.73451079
2016,175,0,26.5,15.5,21.0,20.79350747
2016,176,0,26.0,16.0,21.0,19.3956259
2016,177,0,23.0,12.0,17.5,21.66718428
2016,178,0,28.5,15.5,22.0,23.23980355
2016,179,34,32.0,19.0,25.5,16.77459547
2016,180,0,29.5,17.5,23.5,21.66718428
2016,181,0,25.5,12.5,19.0,23.93874433
2016,182,0,22.5,11.0,16.75,22.36612673
2016,183,0,26.0,11.0,18.5,25.86083398
2016,184,12,26.0,12.5,19.25,18.17247703
2016,185,0,22.5,13.0,17.75,19.22088987
2016,186,0,24.5,10.0,17.25,25.68609795
2016,187,0,25.5,11.0,18.25,25.34989854
2016,188,0,24.5,16.0,20.25,17.01568521
2016,189,13,30.0,17.5,23.75,16.66842666
2016,190,0,27.5,17.0,22.25,19.96738531
2016,191,21,28.0,18.5,23.25,13.71672573
2016,192,0,27.0,15.0,21.0,22.25553407
2016,193,0,26.5,14.0,20.25,22.94562915
2016,194,0,26.5,18.5,22.5,16.04468815
2016,195,2,32.0,20.5,26.25,20.702823
2016,196,1,28.5,19.0,23.75,18.46001685
2016,197,0,30.0,17.5,23.75,22.45570625
2016,198,2,27.0,14.5,20.75,23.141376
2016,199,0,22.0,10.0,16.0,23.48421087
2016,200,11,26.5,15.0,20.75,16.17960913
2016,201,0,28.5,15.5,22.0,23.16238845
2016,202,0,29.0,15.0,22.0,24.18425753
2016,203,0,30.0,18.0,24.0,21.6295824
2016,204,0,30.5,21.0,25.75,17.93581147
2016,205,42,33.5,19.0,26.25,17.59739865
2016,206,6,32.0,20.5,26.25,15.22851862
2016,207,33,28.5,20.5,24.5,11.59888895
2016,208,0,31.5,19.5,25.5,21.01247969
2016,209,0,28.5,16.0,22.25,22.35727871
2016,210,0,30.0,18.0,24.0,21.20822816
2016,211,0,30.0,18.5,24.25,20.54025309
2016,212,4,25.5,16.0,20.75,13.93459137
2016,213,15,22.5,15.5,19.0,11.11449568
2016,214,0,26.0,12.0,19.0,24.21964863
2016,215,0,27.0,15.0,21.0,21.58645245
2016,216,0,28.0,16.5,22.25,20.92732321
2016,217,6,29.5,18.5,24.0,14.89453141
2016,218,10,31.5,20.5,26.0,14.40350261
2016,219,33,30.5,17.5,24.0,16.36761625
2016,220,0,26.5,14.5,20.5,21.29670173
2016,221,0,25.5,14.5,20.0,20.15870883
2016,222,0,26.0,12.0,19.0,23.08939878
2016,223,0,27.5,15.5,21.5,20.66743391
2016,224,0,30.0,17.5,23.75,20.36551649
2016,225,0,30.5,20.5,25.5,17.15834849
2016,226,16,29.0,21.5,25.25,10.03290623
2016,227,18,26.0,19.0,22.5,10.03290623
2016,228,0,27.0,15.0,21.0,20.3843171
2016,229,0,28.0,14.5,21.25,21.5079331
2016,230,0,28.0,16.0,22.0,19.92646748
2016,231,10,29.5,16.0,22.75,15.70406375
2016,232,0,29.0,17.0,23.0,19.47303845
2016,233,16,30.5,17.5,24.0,14.96973419
2016,234,18,26.5,17.0,21.75,12.31884343
2016,235,3,23.5,12.5,18.0,14.08942139
2016,236,0,22.0,9.0,15.5,21.05671739
2016,237,0,26.0,12.5,19.25,20.59886467
2016,238,10,27.5,15.5,21.5,14.14250421
2016,239,1,28.0,16.0,22.0,18.46665304
2016,240,0,26.0,13.0,19.5,19.68758758
2016,241,23,23.5,14.5,19.0,11.5148387
2016,242,7,23.0,15.5,19.25,9.848217438
2016,243,0,26.5,16.5,21.5,15.94294382
2016,244,0,29.0,18.0,23.5,16.69496945
2016,245,0,28.0,14.5,21.25,18.96099812
2016,246,0,24.5,13.5,19.0,17.169408
2016,247,0,22.5,10.5,16.5,18.22777311
2016,248,0,24.0,9.0,16.5,20.15428597
2016,249,0,25.0,11.5,18.25,18.68009476
2016,250,0,27.0,15.5,21.25,16.47378432
2016,251,0,30.5,19.0,24.75,15.62001353
2016,252,51,30.5,19.0,24.75,11.678515
2016,253,27,23.5,18.5,21.0,6.084771773
2016,254,0,27.0,12.5,19.75,18.54406748
2016,255,6,23.5,14.0,18.75,10.63895054
2016,256,2,22.0,8.5,15.25,17.83295938
2016,257,0,24.5,9.5,17.0,18.26095067
2016,258,8,25.0,12.0,18.5,12.45708337
2016,259,3,21.5,12.0,16.75,10.19215863
2016,260,0,24.0,11.5,17.75,16.01150894
2016,261,7,24.5,12.5,18.5,11.51705041
2016,262,0,25.5,13.5,19.5,15.04936016
2016,263,0,24.0,10.5,17.25,16.30347296
2016,264,0,26.5,12.0,19.25,16.31232026
2016,265,17,27.5,11.0,19.25,12.71807974
2016,266,17,27.5,11.5,19.5,12.34206675
2016,267,36,21.0,15.5,18.25,5.622496942
2016,268,1,24.0,15.5,19.75,10.882253
2016,269,0,20.5,15.0,17.75,7.617576968
2016,270,0,22.5,14.0,18.25,10.92870175
2016,271,3,25.5,10.0,17.75,11.87315716
2016,272,0,19.0,7.5,13.25,13.64926489
2016,273,4,15.5,8.0,11.75,7.49371407
2016,274,2,17.0,9.0,13.0,10.21870055
2016,275,0,21.5,10.5,16.0,12.6340301
2016,276,3,17.0,13.0,15.0,4.0797386
2016,277,1,16.5,12.0,14.25,6.002933748
2016,278,1,18.0,7.5,12.75,12.5278625
2016,279,0,22.5,8.0,15.25,14.36258326
2016,280,0,22.5,12.5,17.5,11.38655235
2016,281,2,22.5,10.5,16.5,12.57209929
2016,282,9,21.0,11.0,16.0,8.338637124
2016,283,0,17.0,1.5,9.25,14.24424936
2016,284,0,16.5,2.0,9.25,13.73552664
2016,285,0,18.0,4.5,11.25,12.85963701
2016,286,0,22.0,7.0,14.5,13.11178652
2016,287,3,22.5,11.0,16.75,8.247951404
2016,288,6,14.5,0.0,7.25,9.747579313
2016,289,0,12.0,0.0,6.0,11.64312505
2016,290,0,17.5,2.0,9.75,12.7578931
2016,291,6,18.5,12.5,15.5,4.664770692
2016,292,0,23.0,14.5,18.75,8.22472714
2016,293,0,24.5,14.5,19.5,9.12384
2016,294,0,21.5,6.0,13.75,11.92181783
2016,295,0,19.5,5.5,12.5,11.33125539
2016,296,0,10.5,1.5,6.0,9.040895626
2016,297,0,11.5,1.5,6.5,9.435709753
2016,298,0,17.0,2.0,9.5,11.34673944
2016,299,0,20.5,3.5,12.0,11.36001045
2016,300,0,13.5,0.0,6.75,10.41334273
2016,301,51,11.0,2.0,6.5,5.978603661
2016,302,14,8.0,3.5,5.75,3.282370644
2016,303,0,9.0,3.5,6.25,5.158011213
2016,304,0,17.0,5.5,11.25,8.825241488
2016,305,1,17.5,8.0,12.75,7.664025488
2016,306,0,13.0,2.0,7.5,8.511160062
2016,307,0,16.5,5.0,10.75,8.396144495
2016,308,0,21.5,8.5,15.0,8.543232187
2016,309,3,17.0,4.0,10.5,6.492856245
2016,310,0,17.5,1.5,9.5,9.362718728
2016,311,0,17.0,2.5,9.75,8.79869954
2016,312,0,21.0,3.5,12.25,9.24991446
2016,313,0,21.0,3.0,12.0,9.159229636
2016,314,1,17.5,4.0,10.75,8.042250386
2016,315,0,14.0,0.5,7.25,7.962623789
2016,316,0,14.5,1.0,7.75,7.962623789
2016,317,0,17.0,3.0,10.0,7.852031893
2016,318,0,10.5,-3.0,3.75,7.77351122
2016,319,0,11.0,-0.5,5.25,7.007108907
2016,320,0,14.0,3.0,8.5,6.611189807
2016,321,0,15.5,2.5,9.0,7.15309062
2016,322,0,12.0,0.5,6.25,6.611189807
2016,323,0,14.5,2.0,8.25,6.758277167
2016,324,0,21.0,8.5,14.75,6.43645425
2016,325,0,17.5,-1.0,8.25,7.938293679
2016,326,0,2.0,-6.5,-2.25,5.096079802
2016,327,0,0.0,-9.0,-4.5,5.30841625
2016,328,0,3.5,-7.0,-1.75,5.945426097
2016,329,3,5.5,-4.5,0.5,4.246733
2016,330,2,4.5,-0.5,2.0,3.151872
2016,331,0,3.0,0.0,1.5,1.996185575
2016,332,0,4.5,-1.0,1.75,3.361996849
2016,333,0,8.5,-2.0,3.25,5.613650088
2016,334,21,6.0,0.0,3.0,2.702868413
2016,335,16,9.5,1.5,5.5,3.430563832
2016,336,0,8.5,-2.0,3.25,5.613650088
2016,337,1,3.5,0.5,2.0,1.871216613
2016,338,0,4.5,-0.5,2.0,3.085516875
2016,339,0,1.0,-2.0,-0.5,1.954160663
2016,340,4,0.5,-2.5,-1.0,1.542758437
2016,341,7,0.5,-2.0,-0.75,1.337057263
2016,342,0,1.0,-2.0,-0.5,2.159861714
2016,343,0,0.5,-8.5,-4.0,5.494210524
2016,344,0,-5.0,-10.5,-7.75,3.866296177
2016,345,0,-5.0,-10.0,-7.5,3.662806852
2016,346,0,-5.0,-12.5,-8.75,5.087231875
2016,347,7,-5.0,-11.0,-8.0,3.662806852
2016,348,2,-3.0,-10.0,-6.5,5.595955063
2016,349,0,-5.0,-17.5,-11.25,7.529103274
2016,350,0,-10.5,-18.5,-14.5,6.206422789
2016,351,0,-10.5,-21.5,-16.0,7.223869164
2016,352,2,-13.0,-21.0,-17.0,6.206422789
2016,353,6,-9.5,-15.0,-12.25,3.662806852
2016,354,4,-9.0,-23.0,-16.0,5.901189169
2016,355,0,-16.5,-25.5,-21.0,6.918635544
2016,356,0,-5.5,-20.5,-13.0,7.936081919
2016,357,0,1.0,-7.0,-3.0,6.206422789
2016,358,0,2.5,-5.5,-1.5,6.206422789
2016,359,0,1.5,-6.5,-2.5,6.308167331
2016,360,4,1.5,-3.0,-0.75,3.052339125
2016,361,0,2.5,-1.0,0.75,3.255828448
2016,362,11,6.0,-0.5,2.75,4.0697855
2016,363,0,5.0,-7.5,-1.25,7.529103274
2016,364,0,-2.5,-10.5,-6.5,6.308167331
2016,365,0,2.5,-5.5,-1.5,6.308167331
2016,366,0,0.0,-8.0,-4.0,6.409912357
2017,1,0,0.0,-10.0,-5.0,7.020380086
2017,2,0,2.5,-7.5,-2.5,7.020380086
2017,3,1,2.0,-3.5,-0.75,4.731125775
2017,4,0,-0.5,-16.5,-8.5,8.125194537
2017,5,0,-11.5,-18.5,-15.0,5.965332821
2017,6,0,-15.0,-22.0,-18.5,6.068183287
2017,7,0,-14.5,-22.0,-18.25,6.376734679
2017,8,0,-11.0,-21.0,-16.0,7.508091258
2017,9,0,-6.5,-17.0,-11.75,7.692779713
2017,10,4,1.5,-9.5,-4.0,5.925519233
2017,11,11,4.0,-11.0,-3.5,6.445301639
2017,12,3,-2.0,-12.0,-7.0,5.821562849
2017,13,1,-7.5,-17.0,-12.25,7.774617702
2017,14,0,-9.5,-17.0,-13.25,6.934118298
2017,15,0,-3.0,-15.0,-9.0,8.6151166
2017,16,5,0.5,-13.0,-6.25,6.723993702
2017,17,13,1.0,-4.5,-1.75,4.140564778
2017,18,0,1.0,-1.0,0.0,2.229534724
2017,19,0,2.5,-1.5,0.5,4.246733
2017,20,7,2.0,-1.0,0.5,2.467307411
2017,21,1,4.0,0.5,2.25,3.861872446
2017,22,1,6.5,1.5,4.0,5.256437742
2017,23,0,5.0,0.5,2.75,4.98548737
2017,24,0,3.5,0.0,1.75,4.010066063
2017,25,12,2.5,-0.5,1.0,2.601124003
2017,26,7,1.0,-3.0,-1.0,3.503554452
2017,27,0,-0.5,-6.0,-3.25,6.240706067
2017,28,0,-4.0,-8.5,-6.25,5.364817781
2017,29,0,-3.0,-7.5,-5.25,5.5296
2017,30,0,-4.5,-17.5,-11.0,10.61683242
2017,31,3,0.0,-14.5,-7.25,8.265646558
2017,32,0,2.0,-8.0,-3.0,9.941114898
2017,33,0,-1.0,-16.0,-8.5,11.39318814
2017,34,0,-8.5,-16.0,-12.25,8.79869954
2017,35,0,-6.0,-17.0,-11.5,10.82916883
2017,36,0,-1.5,-13.0,-7.25,11.16315694
2017,37,0,0.0,-11.5,-5.75,11.16315694
2017,38,0,3.5,-9.0,-2.75,11.61658361
2017,39,9,0.5,-8.5,-4.0,7.706050006
2017,40,0,-6.5,-15.5,-11.0,10.58144188
2017,41,0,-5.5,-14.5,-10.0,10.91542996
2017,42,0,4.5,-6.5,-1.0,11.84440298
2017,43,1,5.0,0.0,2.5,7.150878911
2017,44,0,3.5,-5.5,-1.0,11.13661487
2017,45,0,6.5,-4.0,1.25,12.18834429
2017,46,0,6.0,-6.0,0.0,13.01667813
2017,47,0,1.0,-6.0,-2.5,10.15234581
2017,48,0,4.0,-4.0,0.0,10.98842112
2017,49,0,15.5,-2.0,6.75,14.465433
2017,50,0,16.0,-2.0,7.0,14.465433
2017,51,0,16.5,1.0,8.75,14.23319017
2017,52,13,15.5,3.0,9.25,9.853747664
2017,53,0,17.0,3.0,10.0,12.39847009
2017,54,0,19.5,3.0,11.25,13.01225572
2017,55,14,6.0,-1.5,2.25,6.564741224
2017,56,2,0.5,-9.0,-4.25,11.89085207
2017,57,0,-1.0,-10.0,-5.5,11.62211375
2017,58,0,5.0,-6.0,-0.5,13.12174106
2017,59,4,9.5,-4.0,2.75,10.96851389
2017,60,12,8.0,0.0,4.0,7.060192878
2017,61,10,2.0,-7.5,-2.75,9.53856
2017,62,0,-1.5,-13.5,-7.5,14.88015336
2017,63,0,-1.5,-12.5,-7.0,14.49640017
2017,64,0,2.5,-4.5,-1.0,10.39122521
2017,65,0,12.0,1.5,6.75,13.9744051
2017,66,4,17.0,1.5,9.25,12.55108559
2017,67,0,9.0,0.5,4.75,12.39736344
2017,68,0,5.5,-3.0,1.25,11.48387375
2017,69,0,3.0,-10.0,-3.5,15.2661196
2017,70,0,-2.5,-12.5,-7.5,13.29205248
2017,71,0,-3.0,-12.0,-7.5,12.607488
2017,72,4,-1.0,-10.0,-5.5,10.616832
2017,73,1,-4.0,-16.0,-10.0,17.26230541
2017,74,0,-3.0,-15.5,-9.25,17.66375464
2017,75,0,0.5,-13.0,-6.25,18.48434628
2017,76,5,5.0,-10.5,-2.75,14.70652337
2017,77,0,9.0,-2.5,3.25,16.86749163
2017,78,0,6.5,-4.5,1.0,16.45940818
2017,79,0,11.0,-2.0,4.5,18.37596553
2017,80,0,15.0,-2.5,6.25,20.84437914
2017,81,0,8.0,-8.0,0.0,20.87424053
2017,82,0,4.0,-7.0,-1.5,17.69693221
2017,83,6,8.0,-2.0,3.0,12.40178679
2017,84,2,13.5,0.0,6.75,19.94416066
2017,85,5,5.0,1.5,3.25,4.634910572
2017,86,5,7.5,3.0,5.25,5.945425755
2017,87,0,9.5,3.0,6.25,11.324621
2017,88,0,13.5,-1.5,6.0,19.68758742
2017,89,8,8.0,1.0,4.5,9.273138876
2017,90,13,5.0,0.0,2.5,7.044710539
2017,91,0,9.5,-2.0,3.75,18.25873893
2017,92,0,16.0,0.5,8.25,20.71720035
2017,93,2,12.0,4.0,8.0,14.19780173
2017,94,12,11.0,5.5,8.25,7.882997767
2017,95,5,13.5,3.5,8.5,12.84636678
2017,96,0,8.5,0.5,4.5,15.14999862
2017,97,0,12.0,-1.0,5.5,20.44514283
2017,98,0,15.0,1.0,8.0,21.19163861
2017,99,0,21.0,7.0,14.0,20.59886466
2017,100,0,22.5,12.0,17.25,17.46800612
2017,101,3,20.5,1.5,11.0,17.46800612
2017,102,1,10.5,-1.0,4.75,19.70307195
2017,103,11,15.5,1.5,8.5,16.09334809
2017,104,4,14.0,3.5,8.75,13.93901516
2017,105,19,18.5,6.0,12.25,15.30261537
2017,106,23,24.0,12.5,18.25,14.1933778
2017,107,0,19.5,5.5,12.5,21.97684202
2017,108,0,20.0,3.0,11.5,23.82704563
2017,109,0,20.0,5.0,12.5,22.75098579
2017,110,18,14.5,4.0,9.25,14.55390661
2017,111,0,14.0,2.0,8.0,21.3663747
2017,112,0,15.0,0.0,7.5,24.01394705
2017,113,0,18.5,3.0,10.75,24.01394705
2017,114,0,22.0,1.5,11.75,26.06874642
2017,115,0,22.0,5.0,13.5,24.34129881
2017,116,8,22.5,10.5,16.5,15.02392344
2017,117,27,17.5,2.5,10.0,17.55426904
2017,118,4,7.0,-0.5,3.25,11.30692557
2017,119,2,9.5,1.5,5.5,15.9252475
2017,120,6,7.5,3.0,5.25,7.216128
2017,121,14,6.5,3.0,4.75,5.772902245
2017,122,4,11.5,2.5,7.0,13.72446762
2017,123,1,11.0,-0.5,5.25,21.79768387
2017,124,0,16.0,0.5,8.25,25.18843531
2017,125,0,18.5,3.5,11.0,24.54810648
2017,126,6,19.0,5.0,12.0,17.55758596
2017,127,0,17.0,1.0,9.0,25.53348197
2017,128,0,16.0,0.0,8.0,25.6971572
2017,129,6,16.5,3.0,9.75,17.63168171
2017,130,0,14.5,5.0,9.75,18.62037479
2017,131,4,19.5,8.0,13.75,15.98386096
2017,132,0,21.0,10.0,15.5,20.57011137
2017,133,0,22.0,10.0,16.0,21.89721568
2017,134,0,26.0,8.0,17.0,26.719028
2017,135,0,23.0,7.0,15.0,25.71706381
2017,136,16,26.0,9.5,17.75,19.20430137
2017,137,0,28.5,13.0,20.75,24.37447644
2017,138,11,26.5,13.5,20.0,16.64188327
2017,139,0,19.0,4.0,11.5,25.55117498
2017,140,0,11.0,4.5,7.75,14.04407861
2017,141,12,13.5,8.0,10.75,9.137111339
2017,142,1,14.5,6.0,10.25,18.10501626
2017,143,3,19.5,8.0,13.75,17.0311675
2017,144,2,17.5,8.5,13.0,19.4155303
2017,145,0,14.5,9.5,12.0,11.92181725
2017,146,1,21.5,10.0,15.75,23.48421087
2017,147,0,21.0,8.5,14.75,24.855552
2017,148,5,24.0,12.5,18.25,17.31317825
2017,149,0,23.5,10.5,17.0,24.855552
2017,150,0,20.5,9.0,14.75,23.29067587
2017,151,0,20.0,9.0,14.5,22.42805825
2017,152,0,23.0,7.0,15.0,27.43123982
2017,153,0,25.5,8.5,17.0,27.603764
2017,154,2,29.5,13.0,21.25,26.56530427
2017,155,4,30.5,16.5,23.5,18.05746084
2017,156,0,29.0,14.5,21.75,24.82900989
2017,157,0,24.0,9.0,16.5,26.39167417
2017,158,0,25.0,9.5,17.25,26.73893271
2017,159,0,26.5,11.0,18.75,26.39167417
2017,160,0,27.0,14.0,20.5,23.76400997
2017,161,0,29.0,15.5,22.25,23.76400997
2017,162,0,31.0,20.0,25.5,19.91983066
2017,163,0,32.5,23.0,27.75,17.29880022
2017,164,43,32.0,17.5,24.75,18.34721306
2017,165,5,28.0,18.5,23.25,13.978829
2017,166,5,31.0,18.5,24.75,16.94932983
2017,167,0,30.0,18.0,24.0,22.36612673
2017,168,9,30.5,17.0,23.75,17.99774267
2017,169,3,27.0,16.0,21.5,16.25038905
2017,170,0,23.5,13.0,18.25,21.49244992
2017,171,8,22.5,11.5,17.0,16.77459547
2017,172,3,21.5,11.0,16.25,16.25038905
2017,173,7,24.0,15.5,19.75,13.27988738
2017,174,32,25.0,15.5,20.25,14.50303542
2017,175,0,25.0,12.5,18.75,23.58927394
2017,176,1,21.0,9.0,15.0,23.58927394
2017,177,3,19.5,9.0,14.25,16.25038905
2017,178,0,19.0,8.0,13.5,22.5408611
2017,179,0,24.0,11.5,17.75,23.93874433
2017,180,41,22.5,16.0,19.25,10.48412175
2017,181,8,26.0,15.5,20.75,15.72618262
2017,182,0,26.5,14.5,20.5,23.06506752
2017,183,0,25.5,14.0,19.75,22.71559712
2017,184,0,26.5,14.0,20.25,24.11348036
2017,185,0,26.5,12.0,19.25,26.21030437
2017,186,0,28.0,15.0,21.5,24.13449115
2017,187,7,31.0,17.0,24.0,18.40472104
2017,188,14,31.0,16.5,23.75,18.75197958
2017,189,0,27.5,13.5,20.5,25.52352698
2017,190,0,26.0,14.5,20.25,22.74545697
2017,191,12,28.5,17.5,23.0,16.04468815
2017,192,0,28.5,17.5,23.0,21.39291644
2017,193,16,30.0,18.5,24.25,16.21721069
2017,194,0,29.5,18.5,24.0,21.2203939
2017,195,0,26.0,13.5,19.75,23.98076932
2017,196,0,23.0,12.0,17.5,22.45570625
2017,197,8,27.5,15.5,21.5,17.14176
2017,198,0,24.5,11.0,17.75,25.19838687
2017,199,0,26.5,14.5,20.5,22.8217638
2017,200,11,30.0,18.0,24.0,16.52023215
2017,201,30,28.5,18.0,23.25,15.15773843
2017,202,0,29.0,17.5,23.25,21.4592717
2017,203,34,26.5,17.5,22.0,13.536461
2017,204,0,28.0,17.5,22.75,20.13548509
2017,205,0,27.0,14.5,20.75,23.01198434
2017,206,0,24.5,10.0,17.25,25.21497563
2017,207,0,25.5,15.5,20.5,19.49958179
2017,208,8,26.0,18.0,22.0,12.10318798
2017,209,0,27.0,14.5,20.75,22.54417987
2017,210,0,25.5,12.5,19.0,23.21215494
2017,211,0,25.5,11.5,18.5,23.88787137
2017,212,0,27.5,13.5,20.5,23.39020863
2017,213,0,28.0,14.0,21.0,23.22432
2017,214,0,28.5,15.5,22.0,21.91601629
2017,215,4,28.5,15.0,21.75,16.80777134
2017,216,4,24.5,10.5,17.5,17.51334908
2017,217,1,21.0,10.5,15.75,19.80481629
2017,218,0,25.0,13.0,19.0,21.27790112
2017,219,0,24.5,13.0,18.75,20.64641985
2017,220,0,24.0,11.5,17.75,21.78441121
2017,221,0,26.5,12.5,19.5,22.6050055
2017,222,0,27.0,16.0,21.5,19.05279066
2017,223,0,27.5,14.5,21.0,21.16730849
2017,224,4,22.5,9.5,16.0,16.35655649
2017,225,0,25.0,9.0,17.0,23.72861817
2017,226,0,23.5,11.0,17.25,20.70282175
2017,227,0,26.0,13.5,19.75,20.22506402
2017,228,0,25.0,14.0,19.5,18.50314751
2017,229,23,28.0,16.5,22.25,13.9168978
2017,230,1,25.0,17.0,21.0,14.13365738
2017,231,0,24.5,13.0,18.75,19.00191774
2017,232,0,27.0,13.5,20.25,20.42744957
2017,233,0,26.5,15.5,21.0,17.62062422
2017,234,0,27.0,16.5,21.75,16.7215107
2017,235,0,23.5,10.0,16.75,20.5922307
2017,236,0,23.0,10.0,16.5,19.98397375
2017,237,0,21.0,5.5,13.25,22.13609342
2017,238,0,22.0,9.5,15.75,19.07712031
2017,239,6,21.5,14.0,17.75,9.462251384
2017,240,0,22.0,14.5,18.25,12.5754164
2017,241,0,23.5,13.0,18.25,16.66621413
2017,242,0,24.0,11.5,17.75,18.65023493
2017,243,9,25.5,11.0,18.25,15.0405125
2017,244,0,21.0,8.5,14.75,18.6624
2017,245,0,20.5,6.5,13.5,19.85679388
2017,246,4,21.0,8.5,14.75,13.78197486
2017,247,0,26.5,13.0,19.75,18.37596554
2017,248,1,22.0,8.5,15.25,18.68009476
2017,249,1,17.0,6.5,11.75,16.17960987
2017,250,0,18.0,7.0,12.5,16.49590272
2017,251,1,18.5,9.0,13.75,14.74412574
2017,252,0,19.5,7.0,13.25,17.52993908
2017,253,0,22.0,7.0,14.5,18.97869433
2017,254,0,22.0,5.0,13.5,19.84020507
2017,255,0,24.5,8.0,16.25,18.97426905
2017,256,0,27.0,9.0,18.0,19.25959613
2017,257,0,27.0,9.5,18.25,18.68562438
2017,258,0,28.0,11.5,19.75,17.83627861
2017,259,0,30.5,16.0,23.25,15.87105791
2017,260,1,29.0,17.5,23.25,13.48337694
2017,261,0,22.0,7.0,14.5,16.86085746
2017,262,0,24.5,9.5,17.0,16.44281941
2017,263,0,27.5,13.0,20.25,15.34464053
2017,264,8,31.5,17.5,24.5,10.64447974
2017,265,0,29.5,18.5,24.0,11.93066426
2017,266,0,32.5,17.5,25.0,14.39907788
2017,267,0,33.0,16.5,24.75,14.96309787
2017,268,0,32.0,15.5,23.75,14.96309787
2017,269,1,31.5,16.5,24.0,13.76206797
2017,270,0,25.0,11.0,18.0,13.76206797
2017,271,0,17.5,5.5,11.5,12.71255087
2017,272,0,22.5,7.0,14.75,14.58597891
2017,273,0,19.5,4.0,11.75,14.46543309
2017,274,0,20.0,4.0,12.0,14.47649225
2017,275,0,21.5,7.5,14.5,13.02884252
2017,276,0,26.5,14.0,20.25,11.35337469
2017,277,19,25.0,10.5,17.75,9.526395311
2017,278,0,20.5,5.0,12.75,13.32744191
2017,279,8,20.0,6.5,13.25,9.057484625
2017,280,8,19.5,11.5,15.5,5.772902625
2017,281,3,21.0,9.5,15.25,7.8254901
2017,282,0,24.0,8.0,16.0,12.59089872
2017,283,0,20.0,8.5,14.25,10.174464
2017,284,10,14.5,7.5,11.0,5.042995
2017,285,0,14.5,9.5,12.0,4.916920247
2017,286,2,15.5,11.0,13.25,4.498882529
2017,287,5,17.0,11.5,14.25,4.123975704
2017,288,17,18.5,7.0,12.75,7.679508089
2017,289,0,11.5,1.5,6.5,9.537453652
2017,290,0,17.0,2.5,9.75,11.66192687
2017,291,0,21.5,7.0,14.25,11.29365527
2017,292,0,21.5,5.5,13.5,11.67851566
2017,293,0,22.0,5.5,13.75,11.67851566
2017,294,0,25.0,9.0,17.0,10.96962049
2017,295,4,24.5,11.0,17.75,7.353261659
2017,296,4,13.5,4.0,8.75,6.091407372
2017,297,12,13.5,4.0,8.75,6.091407372
2017,298,0,7.5,1.5,4.5,5.561671337
2017,299,0,12.0,0.5,6.25,9.348341677
2017,300,0,14.5,1.0,7.75,9.964339624
2017,301,0,3.5,0.5,2.0,3.047915538
2017,302,0,4.5,-4.0,0.25,7.619789124
2017,303,0,7.5,-2.5,2.5,8.476877021
2017,304,0,5.5,-1.0,2.25,6.038322979
2017,305,0,3.0,-4.0,-0.5,6.440877689
2017,306,3,6.5,-1.5,2.5,5.405736506
2017,307,0,8.5,-0.5,4.0,7.63195387
2017,308,7,7.0,-0.5,3.25,5.01202966
2017,309,2,7.5,3.5,5.5,3.835330584
2017,310,0,9.5,-4.5,2.5,9.588326188
2017,311,0,4.0,-3.5,0.25,6.655426522
2017,312,0,6.0,-6.0,0.0,8.824136183
2017,313,0,6.5,-5.5,0.5,8.712438362
2017,314,0,1.0,-13.5,-6.25,9.289727578
2017,315,0,-1.5,-11.0,-6.25,7.409663789
2017,316,0,1.0,-3.5,-1.25,3.87072
2017,317,0,3.5,-6.0,-1.25,7.007108907
2017,318,0,6.5,-3.5,1.5,7.116594876
2017,319,0,8.0,0.0,4.0,5.960908937
2017,320,0,8.0,-1.5,3.25,6.719569868
2017,321,0,3.0,-2.0,0.5,4.118446124
2017,322,7,4.0,-0.5,1.75,2.789130073
2017,323,0,3.0,-6.5,-1.75,6.972825438
2017,324,0,2.0,-5.5,-1.75,6.007357196
2017,325,0,9.5,-1.5,4.0,7.219446302
2017,326,0,3.5,-10.5,-3.5,7.962624374
2017,327,0,2.0,-8.0,-3.0,6.900941124
2017,328,0,8.0,-1.5,3.25,6.476267722
2017,329,0,17.0,1.0,9.0,7.5644926
2017,330,0,8.0,-6.5,0.75,7.5644926
2017,331,0,10.5,-4.5,3.0,7.459430298
2017,332,0,12.5,-1.5,5.5,7.069040923
2017,333,0,12.0,-4.0,4.0,7.276953687
2017,334,0,6.0,-3.0,1.5,5.509693704
2017,335,0,10.0,-5.5,2.25,7.172997307
2017,336,0,8.5,-4.0,2.25,6.445301639
2017,337,0,10.5,-5.0,2.75,6.890987491
2017,338,9,11.5,-2.0,4.75,4.731125775
2017,339,4,14.5,-4.0,5.25,5.245378588
2017,340,0,-1.5,-8.0,-4.75,3.908321327
2017,341,0,-1.0,-10.0,-5.5,5.039677662
2017,342,0,-4.0,-10.0,-7.0,3.561062313
2017,343,1,-0.5,-8.5,-4.5,5.087231875
2017,344,0,-3.0,-10.5,-6.75,4.883742794
2017,345,0,-1.5,-7.5,-4.5,4.0697855
2017,346,0,-0.5,-11.5,-6.0,6.308167331
2017,347,0,-2.5,-11.0,-6.75,5.290720956
2017,348,0,-1.0,-14.5,-7.75,6.918635544
2017,349,0,-3.5,-13.0,-8.25,5.697699602
2017,350,0,0.0,-6.5,-3.25,4.171530039
2017,351,0,2.0,-3.0,-0.5,2.950594585
2017,352,0,1.0,-1.5,-0.25,1.627914224
2017,353,0,4.0,-1.0,1.5,2.950594585
2017,354,0,6.5,-6.5,0.0,6.002933711
2017,355,0,-2.0,-6.5,-4.25,2.747105261
2017,356,0,1.0,-4.5,-1.75,3.35757299
2017,357,0,0.0,-10.0,-5.0,5.392465982
2017,358,0,-6.0,-13.0,-9.5,4.273274581
2017,359,1,-6.5,-14.5,-10.5,5.392465982
2017,360,0,-13.5,-23.0,-18.25,6.10467825
2017,361,0,-16.0,-24.0,-20.0,5.595955063
2017,362,0,-16.0,-24.0,-20.0,5.697699602
2017,363,1,-13.0,-18.0,-15.5,3.968040961
2017,364,0,-11.0,-22.0,-16.5,6.918635544
2017,365,0,-17.5,-22.0,-19.75,3.764551635
2018,1,0,-16.0,-26.0,-21.0,6.409912357
2018,2,0,-16.5,-24.0,-20.25,5.290720956
2018,3,0,-11.0,-22.5,-16.75,6.993838446
2018,4,0,-12.0,-24.0,-18.0,7.199539375
2018,5,0,-13.5,-24.5,-19.0,6.993838446
2018,6,0,-13.5,-24.0,-18.75,6.788137025
2018,7,0,-9.0,-22.0,-15.5,7.610941724
2018,8,0,0.0,-9.0,-4.5,6.17103375
2018,9,0,4.5,-5.5,-0.5,6.653214901
2018,10,0,6.0,-5.0,0.5,7.069040923
2018,11,0,10.0,-1.0,4.5,6.341345255
2018,12,4,8.0,-12.5,-2.25,6.549258517
2018,13,0,-8.5,-21.0,-14.75,7.984742298
2018,14,0,-12.0,-22.5,-17.25,7.354368
2018,15,4,-8.0,-18.0,-13.0,5.4632446
2018,16,2,-6.0,-13.5,-9.75,5.9885566
2018,17,0,-6.5,-19.5,-13.0,8.493465999
2018,18,0,-5.5,-16.5,-11.0,7.962624374
2018,19,0,0.5,-8.5,-4.0,7.007109347
2018,20,0,4.5,-5.0,-0.25,7.294648355
2018,21,0,8.0,-4.0,2.0,8.36739073
2018,22,21,3.0,-2.0,0.5,3.32550126
2018,23,6,2.5,-4.5,-1.0,4.551966618
2018,24,0,-2.5,-6.0,-4.25,3.359784934
2018,25,0,-2.0,-7.0,-4.5,4.660347194
2018,26,0,2.5,-6.5,-2.0,7.664025251
2018,27,0,7.0,-1.0,3.0,7.007108907
2018,28,0,5.5,-5.5,0.0,8.758886001
2018,29,2,-3.5,-8.5,-6.0,4.97664
2018,30,0,-5.5,-16.0,-10.75,9.068543789
2018,31,0,-0.5,-14.5,-7.5,10.38790724
2018,32,0,4.0,-16.5,-6.25,11.39318814
2018,33,0,-12.0,-19.0,-15.5,6.925271137
2018,34,0,-6.0,-17.5,-11.75,9.926737915
2018,35,8,-3.0,-13.5,-8.25,7.21944571
2018,36,2,-12.0,-24.5,-18.25,10.82142744
2018,37,2,-11.5,-23.0,-17.25,10.47969793
2018,38,1,-10.0,-21.5,-15.75,10.69645799
2018,39,1,-10.5,-20.5,-15.5,10.00636351
2018,40,6,-6.5,-15.5,-11.0,7.130971631
2018,41,0,-8.0,-19.5,-13.75,11.26379498
2018,42,2,-8.0,-15.0,-11.5,8.360754979
2018,43,0,-6.0,-18.0,-12.0,12.0744353
2018,44,0,-6.5,-18.5,-12.5,12.19166215
2018,45,0,0.0,-11.5,-5.75,12.0700104
2018,46,0,7.0,-3.5,1.75,11.36001045
2018,47,0,5.5,-6.5,-0.5,12.54113306
2018,48,0,-4.0,-11.0,-7.5,9.077391434
2018,49,1,-1.5,-11.0,-6.25,11.57234686
2018,50,0,3.0,-8.5,-2.75,12.8983442
2018,51,12,3.0,-1.5,0.75,4.866048
2018,52,5,2.0,-8.5,-3.25,9.488793832
2018,53,0,-3.0,-9.5,-6.25,9.32954138
2018,54,3,2.5,-5.5,-1.5,8.101970131
2018,55,0,3.0,-4.5,-0.75,10.40449468
2018,56,9,2.5,-4.5,-1.0,7.555645168
2018,57,0,3.5,-5.5,-1.0,12.24695856
2018,58,0,9.5,-3.0,3.25,14.74633781
2018,59,0,13.5,-1.0,6.25,15.63328402
2018,60,0,5.0,-2.0,1.5,10.21206536
2018,61,0,7.0,-5.0,1.0,15.13451472
2018,62,0,7.5,-3.0,2.25,14.37143064
2018,63,0,7.0,-2.0,2.5,13.21353292
2018,64,0,6.5,-1.0,2.75,11.80237845
2018,65,8,0.5,-3.5,-1.5,5.305098012
2018,66,1,0.5,-10.0,-4.75,15.65650963
2018,67,0,-3.0,-11.5,-7.25,14.22434281
2018,68,0,-1.5,-11.5,-6.5,15.92082438
2018,69,0,2.5,-10.5,-4.0,18.1614178
2018,70,0,5.0,-8.5,-1.75,18.29302152
2018,71,0,5.5,-5.0,0.25,16.5888
2018,72,0,4.5,-4.0,0.25,14.598144
2018,73,0,0.5,-7.5,-3.5,14.45216335
2018,74,0,7.5,-5.5,1.0,18.86810233
2018,75,0,6.5,-7.0,-0.25,19.56372444
2018,76,0,3.5,-6.5,-1.5,17.13512391
2018,77,0,10.0,-5.0,2.5,20.54025306
2018,78,0,12.5,-3.0,4.75,20.54025306
2018,79,0,6.5,-6.0,0.25,19.47303839
2018,80,0,1.5,-6.0,-2.25,14.39907788
2018,81,0,5.0,-7.5,-1.25,19.90655947
2018,82,0,8.0,-7.5,0.25,21.73796483
2018,83,0,6.0,-6.0,0.0,19.64777596
2018,84,0,3.5,-5.5,-1.0,16.71376813
2018,85,0,7.0,-5.0,1.0,19.80370962
2018,86,8,9.5,-3.5,3.0,15.42979557
2018,87,0,8.5,-4.0,2.25,20.38431726
2018,88,0,13.0,-2.0,5.5,22.25553385
2018,89,0,9.5,-4.0,2.75,21.54221547
2018,90,3,8.5,-3.5,2.5,15.23957815
2018,91,0,6.5,-9.5,-1.5,23.4344437
2018,92,0,1.5,-9.0,-3.75,19.2684451
2018,93,0,3.5,-6.0,-1.25,17.96456455
2018,94,8,0.0,-7.0,-3.5,10.80262652
2018,95,0,0.0,-11.5,-5.75,20.87534584
2018,96,0,5.5,-8.5,-1.5,23.23980355
2018,97,0,-1.0,-11.0,-6.0,19.26844505
2018,98,0,1.5,-10.0,-4.25,21.19163861
2018,99,1,3.0,-5.5,-1.25,17.19042047
2018,100,0,3.5,-5.0,-0.75,17.61730588
2018,101,0,5.5,-3.5,1.0,18.51310023
2018,102,1,13.5,1.0,7.25,22.71117445
2018,103,2,11.5,2.0,6.75,18.95104632
2018,104,17,3.5,-1.0,1.25,7.727062766
2018,105,12,1.0,-4.0,-1.5,8.787640464
2018,106,6,-2.5,-5.5,-4.0,5.799444503
2018,107,0,0.0,-5.5,-2.75,13.58290908
2018,108,0,3.0,-4.5,-0.75,18.29302154
2018,109,16,1.5,-6.5,-2.5,14.91111858
2018,110,0,9.0,-6.0,1.5,27.869184
2018,111,0,13.0,-2.5,5.25,27.869184
2018,112,0,14.0,-0.5,6.75,27.44451219
2018,113,0,16.0,-0.5,7.75,28.53605348
2018,114,0,18.5,2.0,10.25,28.42435599
2018,115,0,21.5,1.5,11.5,29.68067989
2018,116,0,15.0,1.5,8.25,26.41047714
2018,117,0,19.5,1.0,10.25,29.41526123
2018,118,2,14.0,0.0,7.0,27.07292075
2018,119,0,13.0,-2.0,5.5,25.16189135
2018,120,0,18.0,3.0,10.5,25.01591101
2018,121,0,27.0,10.0,18.5,25.49698499
2018,122,34,25.0,14.5,19.75,14.53178925
2018,123,19,23.0,12.5,17.75,14.69325419
2018,124,54,17.5,10.5,14.0,10.97957441
2018,125,1,24.0,9.0,16.5,24.54810648
2018,126,2,25.0,10.0,17.5,24.38553563
2018,127,0,21.5,6.5,14.0,25.04245317
2018,128,0,26.0,10.0,18.0,25.04245317
2018,129,15,26.5,12.0,19.25,17.79646441
2018,130,7,21.0,11.0,16.0,14.33604021
2018,131,7,18.5,1.5,10.0,19.9386317
2018,132,11,9.0,1.5,5.25,12.10982432
2018,133,5,14.0,5.5,9.75,13.27104
2018,134,7,16.0,9.0,12.5,11.02159889
2018,135,0,22.0,13.0,17.5,17.53436212
2018,136,0,24.5,8.5,16.5,25.38307628
2018,137,0,27.5,11.5,19.5,24.87877627
2018,138,0,23.5,9.5,16.5,23.36587677
2018,139,1,25.0,11.0,18.0,23.02967742
2018,140,6,23.5,8.5,16.0,18.44342747
2018,141,3,16.5,8.5,12.5,11.84440337
2018,142,11,15.0,9.5,12.25,8.629493723
2018,143,0,20.5,9.0,14.75,21.6295824
2018,144,0,27.0,13.0,20.0,23.8436345
2018,145,0,30.0,16.5,23.25,22.8217638
2018,146,0,30.0,17.0,23.5,22.45570625
2018,147,0,33.0,18.0,25.5,23.998464
2018,148,0,35.0,18.5,26.75,24.68413375
2018,149,0,33.5,19.0,26.25,23.31279425
2018,150,0,33.0,20.5,26.75,21.2203939
2018,151,22,26.0,19.0,22.5,10.69645822
2018,152,0,28.0,17.5,22.75,20.1852521
2018,153,0,24.0,10.0,17.0,25.36095784
2018,154,5,21.5,13.0,17.25,13.36946636
2018,155,0,20.5,9.5,15.0,22.39819678
2018,156,1,25.5,12.5,19.0,24.30812125
2018,157,0,22.0,8.5,15.25,25.52352698
2018,158,4,24.0,11.5,17.75,18.05746084
2018,159,0,28.0,13.5,20.75,25.69715708
2018,160,7,23.5,14.5,19.0,14.32829939
2018,161,21,24.5,15.5,20.0,14.32829939
2018,162,0,19.5,15.0,17.25,10.65885694
2018,163,0,24.0,17.0,20.5,15.5514466
2018,164,0,26.0,17.5,21.75,18.17247703
2018,165,0,26.0,13.5,19.75,24.28821472
2018,166,7,25.0,15.5,20.25,15.2019762
2018,167,28,29.0,17.0,23.0,17.47353625
2018,168,7,31.0,21.5,26.25,14.32829939
2018,169,0,33.0,22.0,27.5,20.9682435
2018,170,22,29.0,15.5,22.25,19.04615385
2018,171,6,20.5,15.5,18.0,9.260974545
2018,172,16,22.5,15.5,19.0,12.40621057
2018,173,5,20.0,14.5,17.25,10.13465136
2018,174,1,22.5,13.0,17.75,21.66718428
2018,175,0,26.0,14.5,20.25,24.11348036
2018,176,0,27.5,13.5,20.5,26.55977477
2018,177,0,24.5,16.5,20.5,18.87141948
2018,178,12,22.0,17.0,19.5,9.785180131
2018,179,0,26.5,15.5,21.0,24.11348036
2018,180,0,30.0,19.0,24.5,23.23980355
2018,181,0,34.0,22.5,28.25,22.5408611
2018,182,6,33.0,19.5,26.25,18.87141948
2018,183,3,30.5,14.0,22.25,21.14297953
2018,184,0,29.5,15.0,22.25,26.73451079
2018,185,0,31.0,19.5,25.25,23.06506752
2018,186,0,33.0,19.5,26.25,24.65537979
2018,187,0,29.5,13.5,21.5,27.6070799
2018,188,0,26.5,9.0,17.75,29.16974418
2018,189,0,27.5,12.5,20.0,27.25982136
2018,190,0,29.0,15.5,22.25,25.34989854
2018,191,0,31.5,18.5,25.0,23.80824678
2018,192,0,30.0,14.5,22.25,26.39609965
2018,193,0,29.5,16.5,23.0,23.80824678
2018,194,0,31.0,20.0,25.5,20.702823
2018,195,23,32.0,20.0,26.0,16.38973487
2018,196,0,29.0,19.0,24.0,19.54160575
2018,197,0,30.5,21.0,25.75,18.34168287
2018,198,0,28.0,16.0,22.0,22.62712287
2018,199,0,26.0,13.0,19.5,24.01394683
2018,200,0,27.5,13.0,20.25,25.20612823
2018,201,16,26.0,17.5,21.75,12.94368714
2018,202,18,23.0,18.5,20.75,7.32340235
2018,203,4,26.0,17.0,21.5,13.3672554
2018,204,0,25.0,15.5,20.25,18.95104508
2018,205,0,28.0,16.5,22.25,21.15072031
2018,206,0,28.0,14.0,21.0,24.03827708
2018,207,0,28.0,16.0,22.0,21.51677952
2018,208,0,23.0,13.0,18.0,19.49958179
2018,209,0,24.0,11.0,17.5,23.04516197
2018,210,0,25.5,12.0,18.75,23.21215494
2018,211,0,27.5,13.0,20.25,23.55609568
2018,212,1,27.5,11.5,19.5,24.8832
2018,213,0,27.5,14.0,20.75,22.56076863
2018,214,4,28.5,15.5,22.0,16.14864366
2018,215,0,24.5,13.5,19.0,19.9386317
2018,216,0,27.0,16.5,21.75,18.6590819
2018,217,1,31.0,21.0,26.0,17.18599706
2018,218,19,29.0,18.5,23.75,13.91247381
2018,219,2,25.5,15.5,20.5,18.53300646
2018,220,1,23.0,15.0,19.0,15.93188359
2018,221,0,27.5,17.5,22.5,18.24546903
2018,222,7,30.0,15.0,22.5,17.43814741
2018,223,0,28.5,16.5,22.5,20.36551649
2018,224,0,30.5,17.5,24.0,21.00695101
2018,225,0,31.0,17.0,24.0,21.49908413
2018,226,0,31.0,16.0,23.5,22.2953465
2018,227,0,30.0,18.0,24.0,19.42880165
2018,228,5,29.0,18.5,23.75,13.28431065
2018,229,47,28.0,18.5,23.25,12.33543218
2018,230,9,26.5,16.5,21.5,13.03437321
2018,231,0,26.5,14.5,20.5,19.78712092
2018,232,0,27.5,17.5,22.5,16.68501528
2018,233,69,23.5,16.5,20.0,9.667952652
2018,234,0,23.0,11.0,17.0,19.6632573
2018,235,0,24.0,11.5,17.75,19.97291461
2018,236,0,25.0,14.0,19.5,17.98557608
2018,237,3,21.5,16.0,18.75,7.68614375
2018,238,3,28.0,15.5,21.75,14.1933778
2018,239,32,30.5,19.0,24.75,12.97244181
2018,240,10,29.5,19.5,24.5,11.81786121
2018,241,30,28.5,15.0,21.75,14.69657035
2018,242,0,21.0,11.0,16.0,16.99577941
2018,243,0,23.5,13.0,18.25,17.29658937
2018,244,2,27.5,16.0,21.75,17.61730588
2018,245,18,27.0,18.5,22.75,10.450944
2018,246,10,27.0,19.0,23.0,9.928949143
2018,247,9,23.5,19.5,21.5,5.334957757
2018,248,9,30.0,20.0,25.0,11.32572663
2018,249,16,22.5,13.5,18.0,11.32572663
2018,250,0,22.5,9.5,16.0,18.83160488
2018,251,0,20.0,11.0,15.5,15.03608834
2018,252,0,22.0,9.5,15.75,18.2543167
2018,253,0,21.0,7.5,14.25,18.97869433
2018,254,0,23.0,9.0,16.0,18.83381815
2018,255,0,26.0,11.0,18.5,18.68894197
2018,256,0,27.5,11.5,19.5,18.97426905
2018,257,0,27.0,13.0,20.0,17.55316201
2018,258,0,30.0,14.5,22.25,17.83627861
2018,259,0,31.0,13.0,22.0,18.39919125
2018,260,0,30.5,15.5,23.0,16.8542205
2018,261,11,30.5,16.5,23.5,11.84440362
2018,262,7,21.0,13.5,17.25,8.082063915
2018,263,22,20.5,14.5,17.5,6.497279736
2018,264,10,27.0,15.0,21.0,10.92096013
2018,265,0,18.5,3.5,11.0,17.27889397
2018,266,0,19.0,6.0,12.5,15.77041863
2018,267,0,22.5,9.0,15.75,15.37118262
2018,268,0,24.5,11.5,18.0,14.69104181
2018,269,14,23.5,6.0,14.75,12.68268981
2018,270,0,18.0,5.5,11.75,14.43667916
2018,271,1,18.5,7.0,12.75,13.51544933
2018,272,0,12.5,0.0,6.25,14.45216335
2018,273,5,10.5,2.5,6.5,7.697203453
2018,274,19,11.0,8.0,9.5,3.158507526
2018,275,48,12.0,8.5,10.25,3.553320888
2018,276,0,17.5,10.0,13.75,9.265397811
2018,277,0,27.5,4.5,16.0,16.18182125
2018,278,4,14.5,4.5,9.5,8.410521438
2018,279,21,13.5,8.5,11.0,4.528742313
2018,280,0,13.0,8.0,10.5,6.02947583
2018,281,22,16.0,8.5,12.25,6.54262285
2018,282,2,26.0,14.5,20.25,11.06472936
2018,283,9,27.0,16.5,21.75,7.630848
2018,284,12,20.0,2.5,11.25,10.59028902
2018,285,0,7.5,1.0,4.25,7.690567253
2018,286,0,6.0,-3.0,1.5,10.12248644
2018,287,0,11.0,0.5,5.75,11.12223719
2018,288,1,9.5,-1.0,4.25,11.02380987
2018,289,0,7.0,-1.0,3.0,9.165864895
2018,290,0,13.5,1.5,7.5,11.66192687
2018,291,0,10.5,-4.0,3.25,12.76674053
2018,292,0,15.0,-1.5,6.75,12.773376
2018,293,1,12.0,3.5,7.75,8.758886168
2018,294,0,6.0,-5.5,0.25,10.84907475
2018,295,0,10.5,-2.5,4.0,11.33125539
2018,296,0,16.5,-1.0,7.75,12.18281475
2018,297,0,11.5,-3.5,4.0,11.58561793
2018,298,0,12.5,-2.5,5.0,11.24167656
2018,299,0,10.0,2.5,6.25,7.3366729
2018,300,0,10.5,4.0,7.25,6.447513875
2018,301,3,9.0,4.0,6.5,3.86850827
2018,302,1,9.0,3.0,6.0,6.095831076
2018,303,0,11.5,4.0,7.75,7.083417488
2018,304,0,13.5,3.0,8.25,8.825241488
2018,305,0,14.0,1.5,7.75,9.431285131
2018,306,0,9.0,-2.5,3.25,8.97122287
2018,307,0,8.0,-1.5,3.25,7.973683375
2018,308,13,8.5,1.5,5.0,4.670300152
2018,309,6,10.5,3.5,7.0,4.5121535
2018,310,11,8.5,3.0,5.75,3.609722853
2018,311,3,7.0,-1.0,3.0,5.076172688
2018,312,0,1.0,-2.0,-0.5,2.904145943
2018,313,1,0.5,-4.5,-2.0,4.579614816
2018,314,0,-1.0,-9.5,-5.25,7.18848
2018,315,0,0.5,-7.5,-3.5,6.746111893
2018,316,0,1.5,-4.5,-1.5,5.308416211
2018,317,0,-3.0,-9.5,-6.25,5.693275692
2018,318,0,-3.0,-12.0,-7.5,7.226080844
2018,319,0,1.5,-10.0,-4.25,7.911752069
2018,320,1,5.5,-6.5,-0.5,8.887173118
2018,321,2,3.0,-3.5,-0.25,5.419008125
2018,322,0,-0.5,-12.0,-6.25,7.831019542
2018,323,0,-1.5,-8.5,-5.0,5.685534792
2018,324,0,-1.0,-7.0,-4.0,5.041888958
2018,325,0,-0.5,-5.5,-3.0,4.352901222
2018,326,0,-1.5,-5.0,-3.25,3.18504975
2018,327,0,3.0,-3.0,0.0,5.202248027
2018,328,3,8.0,0.5,4.25,4.565238177
2018,329,0,5.5,-1.5,2.0,5.673369702
2018,330,0,-1.0,-5.0,-3.0,3.677184
2018,331,0,-3.0,-10.5,-6.75,6.0936194
2018,332,0,-4.5,-10.5,-7.5,5.093867682
2018,333,2,-1.5,-8.0,-4.75,5.925519233
2018,334,0,-0.5,-4.0,-2.25,3.534520463
2018,335,0,1.5,-3.0,-0.75,4.054302869
2018,336,16,2.0,-0.5,0.75,1.767260231
2018,337,2,1.0,-2.5,-0.75,3.291218048
2018,338,0,-2.0,-4.5,-3.25,2.468413598
2018,339,0,-2.5,-6.5,-4.5,3.805470861
2018,340,0,0.0,-8.5,-4.25,6.376734679
2018,341,0,-4.5,-12.0,-8.25,5.965332821
2018,342,0,-4.5,-11.5,-8.0,5.595955063
2018,343,0,-2.0,-11.0,-6.5,6.308167331
2018,344,0,-2.5,-11.0,-6.75,6.10467825
2018,345,0,1.5,-10.5,-4.5,6.816890519
2018,346,2,0.5,-9.0,-4.25,7.020380086
2018,347,0,1.5,-7.0,-2.75,6.511656899
2018,348,0,2.5,-6.5,-2.0,6.715145977
2018,349,0,4.5,-7.5,-1.5,7.427358732
2018,350,0,7.5,-7.0,0.25,7.630847813
2018,351,0,6.0,-5.0,0.5,7.122124625
2018,352,0,3.0,-7.5,-2.25,7.020380086
2018,353,0,7.0,-4.0,1.5,7.020380086
2018,354,3,7.0,0.5,3.75,3.561062313
2018,355,0,3.5,-2.0,0.75,4.171530039
2018,356,0,-1.5,-4.5,-3.0,2.441871397
2018,357,0,-0.5,-4.5,-2.5,3.255828448
2018,358,0,0.5,-9.0,-4.25,6.10467825
2018,359,0,-1.0,-8.0,-4.5,5.087231875
2018,360,0,0.5,-4.0,-1.75,3.561062313
2018,361,10,3.5,-3.0,0.25,3.662806852
2018,362,8,9.5,-0.5,4.5,4.578508688
2018,363,1,0.5,-8.0,-3.75,6.409912357
2018,364,0,-4.0,-9.0,-6.5,4.375019607
2018,365,0,0.5,-6.5,-3.0,5.595955063
2019,1,10,0.0,-8.5,-4.25,4.375019607
2019,2,0,-6.0,-8.5,-7.25,2.03489275
2019,3,1,-3.0,-9.0,-6.0,4.525424849
2019,4,0,3.5,-8.0,-2.25,7.096688912
2019,5,0,7.0,-5.0,1.0,7.199539375
2019,6,0,8.0,-5.5,1.25,7.508091258
2019,7,16,5.0,-3.0,1.0,4.216872963
2019,8,12,7.0,-1.0,3.0,4.216872963
2019,9,0,2.5,-11.0,-4.25,7.900692474
2019,10,0,-6.5,-12.0,-9.25,4.470128892
2019,11,0,-4.0,-11.0,-7.5,5.405736827
2019,12,0,-1.5,-8.0,-4.75,5.093867682
2019,13,0,-0.5,-4.0,-2.25,2.94174715
2019,14,0,-2.5,-6.5,-4.5,3.467059151
2019,15,0,-0.5,-5.5,-3.0,4.202496
2019,16,0,0.5,-6.0,-2.75,5.358182298
2019,17,0,-2.5,-7.5,-5.0,4.352901222
2019,18,0,-2.0,-10.5,-6.25,6.794772902
2019,19,8,-6.5,-14.5,-10.5,4.989911072
2019,20,0,-9.0,-21.5,-15.25,8.796487271
2019,21,0,-12.0,-26.0,-19.0,9.332858458
2019,22,0,-8.0,-23.0,-15.5,9.547406729
2019,23,7,-5.5,-10.0,-7.75,3.251404875
2019,24,2,-5.0,-18.5,-11.75,9.537454506
2019,25,0,-8.0,-25.0,-16.5,10.29611544
2019,26,0,-17.0,-31.5,-24.25,10.18220518
2019,27,1,-15.5,-28.0,-21.75,9.744260258
2019,28,8,-8.0,-22.0,-15.0,7.77351122
2019,29,2,-8.5,-22.5,-15.5,10.50624
2019,30,0,-18.5,-33.0,-25.75,10.83801621
2019,31,0,-23.5,-35.0,-29.25,10.05281325
2019,32,0,-17.5,-33.0,-25.25,11.28149085
2019,33,0,-2.0,-17.5,-9.75,11.1697925
2019,34,0,4.5,-3.0,0.75,7.445053166
2019,35,4,6.5,0.5,3.5,4.624957228
2019,36,0,5.0,-8.5,-1.75,11.16315694
2019,37,4,-3.5,-8.0,-5.75,3.872932035
2019,38,2,-1.5,-8.0,-4.75,7.361003312
2019,39,6,-3.0,-19.5,-11.25,9.546301245
2019,40,0,-12.5,-20.5,-16.5,8.97122287
2019,41,0,-6.0,-18.0,-12.0,11.61216
2019,42,2,-3.0,-8.0,-5.5,6.038322979
2019,43,14,-2.5,-5.5,-4.0,2.930688125
2019,44,6,-2.5,-10.0,-6.25,6.681968701
2019,45,0,-2.0,-9.5,-5.75,8.993341136
2019,46,1,3.0,-17.5,-7.25,14.55501304
2019,47,0,-8.0,-19.5,-13.75,12.18281475
2019,48,2,-4.5,-15.5,-10.0,11.82449643
2019,49,6,-4.0,-13.0,-8.5,7.955988034
2019,50,0,-3.5,-21.0,-12.25,15.06815938
2019,51,3,-3.0,-17.5,-10.25,10.82695634
2019,52,3,0.0,-11.0,-5.5,9.488793832
2019,53,0,-1.5,-15.0,-8.25,14.23982697
2019,54,8,0.5,-12.0,-5.75,10.43435562
2019,55,19,1.0,-5.5,-2.25,6.688604145
2019,56,0,-4.0,-19.0,-11.5,15.85446904
2019,57,0,-13.0,-18.0,-15.5,7.49813775
2019,58,2,-10.5,-15.5,-13.0,7.748075437
2019,59,0,-8.0,-18.5,-13.25,14.37253527
2019,60,0,-5.5,-15.0,-10.25,13.7421609
2019,61,2,-2.0,-8.5,-5.25,10.55600664
2019,62,0,-4.5,-17.5,-11.0,16.91504664
2019,63,0,-12.0,-25.0,-18.5,17.44699509
2019,64,0,-12.5,-23.0,-17.75,15.77926742
2019,65,0,-8.0,-19.0,-13.5,16.30347282
2019,66,0,-5.0,-17.5,-11.25,17.46800606
2019,67,0,-4.0,-15.0,-9.5,16.57331719
2019,68,0,2.5,-8.5,-3.0,16.44281937
2019,69,12,2.5,-3.0,-0.25,7.501454825
2019,70,0,1.0,-8.0,-3.5,15.00290965
2019,71,0,2.0,-11.0,-4.5,18.84487655
2019,72,8,6.5,-8.0,-0.75,14.73085491
2019,73,3,9.5,2.0,5.75,9.634775144
2019,74,3,13.0,0.0,6.5,13.91689729
2019,75,0,4.0,-4.0,0.0,14.03191219
2019,76,0,3.5,-5.0,-0.75,15.2462131
2019,77,0,4.5,-4.5,0.0,16.18735082
2019,78,0,6.0,-4.5,0.75,17.95571719
2019,79,0,8.5,-3.0,2.75,19.0616359
2019,80,0,8.5,0.5,4.5,15.22188285
2019,81,0,9.5,-1.0,4.25,18.80064053
2019,82,0,9.5,-4.5,2.5,21.87730996
2019,83,0,12.0,-3.0,4.5,22.43469445
2019,84,0,9.5,-5.0,2.25,22.61274637
2019,85,0,6.5,-6.5,0.0,21.77003481
2019,86,0,10.0,-5.0,2.5,23.21547251
2019,87,0,14.5,2.0,8.25,20.95054912
2019,88,0,13.5,-2.0,5.75,23.25417794
2019,89,0,10.0,-1.5,4.25,20.25824158
2019,90,0,5.5,-6.5,-0.5,21.27790107
2019,91,0,5.5,-4.0,0.75,18.25873893
2019,92,2,8.5,-2.0,3.25,19.84794665
2019,93,2,10.5,-3.5,3.5,23.32496008
2019,94,0,12.0,0.0,6.0,21.60525303
2019,95,1,7.5,2.0,4.75,11.9704776
2019,96,0,15.0,2.5,8.75,22.2101923
2019,97,0,16.5,6.5,11.5,19.12135712
2019,98,5,18.0,4.5,11.25,17.33861289
2019,99,0,21.5,3.0,12.25,25.93382313
2019,100,0,16.5,-1.0,7.75,25.97806023
2019,101,10,3.5,-1.0,1.25,7.46496
2019,102,14,3.5,-0.5,1.5,7.069040588
2019,103,0,4.0,-1.0,1.5,11.58119434
2019,104,0,4.5,-1.0,1.75,13.0299498
2019,105,0,5.5,-5.0,0.25,21.96910044
2019,106,5,15.0,-0.5,7.25,19.68758758
2019,107,0,17.5,7.0,12.25,20.75590748
2019,108,8,15.5,6.0,10.75,14.75739659
2019,109,0,8.5,2.0,5.25,15.06484204
2019,110,0,16.0,-1.0,7.5,27.55952522
2019,111,0,20.5,3.5,12.0,26.94021061
2019,112,0,25.5,9.0,17.25,23.54614407
2019,113,24,23.0,6.0,14.5,18.08842869
2019,114,0,18.5,3.0,10.75,23.8701766
2019,115,0,19.5,5.0,12.25,23.08497341
2019,116,2,19.5,6.0,12.75,22.45681157
2019,117,0,14.0,1.5,7.75,22.14051875
2019,118,4,4.5,-3.0,0.75,11.94393563
2019,119,5,11.5,1.0,6.25,15.28823821
2019,120,2,9.0,4.0,6.5,11.225088
2019,121,9,6.5,4.0,5.25,4.650393753
2019,122,1,9.5,4.0,6.75,12.75568183
2019,123,1,12.0,2.5,7.25,20.34450556
2019,124,0,15.5,2.5,9.0,24.38111369
2019,125,0,20.5,6.0,13.25,25.03581596
2019,126,15,22.0,8.5,15.25,18.04529698
2019,127,0,15.0,5.0,10.0,20.78687232
2019,128,3,13.5,4.0,8.75,15.38555865
2019,129,20,13.0,5.0,9.0,13.84169367
2019,130,2,13.5,2.0,7.75,24.05818358
2019,131,0,15.0,3.5,9.25,23.72861817
2019,132,0,12.5,0.5,6.5,24.55142432
2019,133,0,14.5,1.5,8.0,25.21497568
2019,134,0,18.5,4.0,11.25,26.05105294
2019,135,0,21.5,6.0,13.75,26.38504047
2019,136,0,24.5,10.5,17.5,24.71510122
2019,137,10,23.0,8.5,15.75,19.16338083
2019,138,9,15.0,5.5,10.25,15.12898538
2019,139,9,17.5,6.5,12.0,16.64188327
2019,140,6,16.0,4.0,10.0,18.10501626
2019,141,0,13.5,5.0,9.25,19.28945628
2019,142,9,14.5,7.5,11.0,12.35202098
2019,143,0,24.0,9.5,16.75,26.39830963
2019,144,11,21.0,10.0,15.5,17.37179053
2019,145,51,22.5,12.0,17.25,16.86085518
2019,146,0,26.5,13.0,19.75,25.54122175
2019,147,0,23.0,11.5,17.25,23.998464
2019,148,12,17.0,10.0,13.5,12.85632
2019,149,0,16.0,10.5,13.25,14.05624287
2019,150,0,22.0,12.5,17.25,21.39291644
2019,151,0,24.5,13.0,18.75,23.6357226
2019,152,0,27.5,14.5,21.0,24.49834022
2019,153,4,22.0,9.5,15.75,18.80506357
2019,154,0,22.0,6.0,14.0,28.47522709
2019,155,0,21.0,8.5,14.75,25.34989854
2019,156,4,25.5,14.5,20.0,16.84205511
2019,157,0,27.0,13.5,20.25,25.34989854
2019,158,0,28.5,12.5,20.5,27.08619291
2019,159,0,28.5,12.5,20.5,26.91256281
2019,160,0,27.5,15.0,21.25,23.76400997
2019,161,2,24.0,12.5,18.25,23.06506752
2019,162,0,23.5,9.5,16.5,26.21030437
2019,163,5,24.0,11.5,17.75,18.34721306
2019,164,12,16.5,8.5,12.5,13.80409381
2019,165,0,21.0,8.0,14.5,25.86083398
2019,166,0,25.0,10.5,17.75,26.73451079
2019,167,11,23.0,10.5,16.75,18.69668345
2019,168,0,17.0,10.5,13.75,15.5514466
2019,169,0,23.5,13.0,18.25,22.1913907
2019,170,4,23.5,15.0,19.25,14.15356503
2019,171,1,21.0,13.0,17.0,18.34721306
2019,172,0,23.5,11.5,17.5,24.28821472
2019,173,0,23.5,11.5,17.5,24.46295075
2019,174,0,25.5,16.0,20.75,20.26930272
2019,175,8,25.5,16.5,21.0,14.50303542
2019,176,23,24.0,13.5,18.75,16.77459547
2019,177,3,26.5,14.0,20.25,18.52194909
2019,178,0,28.5,15.5,22.0,24.46295075
2019,179,24,30.0,17.0,23.5,17.99774267
2019,180,9,28.0,18.5,23.25,14.50303542
2019,181,0,30.5,19.0,24.75,21.84192031
2019,182,30,28.0,18.0,23.0,15.2019762
2019,183,1,30.5,20.0,25.25,20.44403708
2019,184,13,31.0,19.5,25.25,16.42512341
2019,185,9,30.5,19.0,24.75,16.59985944
2019,186,7,30.5,20.0,25.25,15.45301928
2019,187,3,28.5,18.5,23.5,15.27939083
2019,188,6,25.0,13.5,19.25,17.71020229
2019,189,0,26.5,14.0,20.25,24.65537979
2019,190,0,28.0,13.0,20.5,26.73893271
2019,191,1,29.5,18.0,23.75,22.42805825
2019,192,0,30.0,17.0,23.5,24.1532935
2019,193,0,27.0,13.0,20.0,25.87852875
2019,194,0,29.5,17.5,23.5,22.77310497
2019,195,0,30.5,17.0,23.75,24.32581768
2019,196,0,31.0,20.0,25.5,20.91294687
2019,197,0,31.0,20.0,25.5,21.08436513
2019,198,3,31.0,19.5,25.25,16.11325375
2019,199,22,31.0,20.0,25.5,15.49836308
2019,200,43,30.0,19.5,24.75,15.15773843
2019,201,0,33.5,21.0,27.25,21.6295824
2019,202,9,31.0,17.5,24.25,17.54210285
2019,203,0,26.5,16.0,21.25,20.6431027
2019,204,0,24.5,14.0,19.25,20.9815139
2019,205,0,26.5,13.5,20.0,23.68880675
2019,206,0,28.5,15.5,22.0,22.86157854
2019,207,0,28.0,18.0,23.0,19.16338083
2019,208,1,28.0,19.5,23.75,16.80998375
2019,209,0,29.5,18.0,23.75,20.87424062
2019,210,5,30.0,20.0,25.0,13.86049609
2019,211,0,27.0,14.5,20.75,22.39488
2019,212,0,24.5,11.0,17.75,23.88787137
2019,213,0,26.0,10.5,18.25,25.21497568
2019,214,0,27.0,12.5,19.75,23.89340088
2019,215,0,29.0,15.5,22.25,22.41036283
2019,216,19,30.0,16.5,23.25,16.36761625
2019,217,0,29.5,18.0,23.75,19.6411395
2019,218,24,29.0,17.0,23.0,15.22188342
2019,219,0,28.0,16.5,22.25,19.67099936
2019,220,6,27.5,15.5,21.5,15.28160171
2019,221,0,25.5,11.5,18.5,22.76647044
2019,222,0,24.5,13.0,18.75,20.18304062
2019,223,8,26.0,17.0,21.5,12.18723824
2019,224,0,24.0,17.0,20.5,13.47010499
2019,225,2,25.5,17.5,21.5,14.96973204
2019,226,9,25.5,15.5,20.5,13.53646038
2019,227,3,22.0,14.0,18.0,11.62543098
2019,228,3,25.5,14.5,20.0,14.39133779
2019,229,10,26.0,13.0,19.5,15.97280342
2019,230,8,27.0,16.5,21.75,13.50549542
2019,231,5,25.5,14.5,20.0,14.13365738
2019,232,0,27.5,13.5,20.5,21.36305703
2019,233,0,28.0,16.0,22.0,19.17997147
2019,234,0,24.5,11.5,18.0,20.5922307
2019,235,0,24.5,12.0,18.25,20.127744
2019,236,0,23.0,9.5,16.25,20.90631159
2019,237,0,24.0,11.0,17.5,20.29141921
2019,238,4,23.0,14.5,18.75,10.98842101
2019,239,7,20.5,14.0,17.25,8.851784116
2019,240,0,24.5,12.0,18.25,19.24190147
2019,241,0,23.0,10.0,16.5,19.84794649
2019,242,0,27.0,10.5,18.75,21.35752746
2019,243,0,22.5,8.0,15.25,20.75590754
2019,244,0,22.0,10.0,16.0,18.51310023
2019,245,0,25.0,14.0,19.5,16.87080988
2019,246,7,27.0,17.0,22.0,11.55907573
2019,247,0,26.0,12.5,19.25,18.82054564
2019,248,0,19.0,7.5,13.25,17.79757142
2019,249,0,23.0,11.0,17.0,17.6504835
2019,250,0,22.0,10.5,16.25,17.07982791
2019,251,0,21.0,11.5,16.25,15.03608834
2019,252,2,18.0,12.5,15.25,9.561784509
2019,253,29,21.5,14.5,18.0,8.6925315
2019,254,0,27.5,17.0,22.25,14.95203785
2019,255,14,26.5,14.5,20.5,12.12641238
2019,256,32,21.5,14.5,18.0,8.274493422
2019,257,0,20.5,9.0,14.75,16.13758438
2019,258,0,23.5,13.0,18.25,14.72200676
2019,259,0,23.5,15.0,19.25,12.35976197
2019,260,0,27.0,13.5,20.25,16.57331709
2019,261,0,26.5,15.0,20.75,14.77066858
2019,262,0,27.0,16.0,21.5,14.21328408
2019,263,3,24.0,14.5,19.25,9.6768
2019,264,0,27.5,17.0,22.25,13.40927974
2019,265,32,23.5,18.0,20.75,6.033899433
2019,266,12,21.0,11.0,16.0,10.28505563
2019,267,0,23.5,10.5,17.0,15.64323869
2019,268,0,26.5,13.5,20.0,15.09912656
2019,269,0,23.0,9.0,16.0,15.78590153
2019,270,2,20.5,11.0,15.75,12.41284559
2019,271,5,18.0,11.0,14.5,7.359897875
2019,272,17,17.5,9.5,13.5,8.43042873
2019,273,5,19.5,12.5,16.0,7.431782271
2019,274,7,28.5,17.0,22.75,9.738731278
2019,275,85,22.5,10.5,16.5,10.39675365
2019,276,8,13.5,9.5,11.5,4.436951251
2019,277,0,14.0,5.0,9.5,12.13636656
2019,278,0,12.0,6.5,9.25,8.151736409
2019,279,17,14.5,6.5,10.5,8.281128926
2019,280,0,18.5,6.5,12.5,13.59839334
2019,281,0,19.0,4.0,11.5,14.75297337
2019,282,0,21.0,5.0,13.0,14.49861072
2019,283,0,21.5,8.0,14.75,13.353984
2019,284,5,21.0,9.5,15.25,8.951316003
2019,285,3,12.5,-0.5,6.0,9.959915248
2019,286,3,8.0,0.5,4.25,6.873292937
2019,287,0,6.5,-1.0,2.75,9.247703346
2019,288,1,12.0,0.5,6.25,11.89085207
2019,289,1,14.0,4.5,9.25,10.28063235
2019,290,0,11.0,3.0,7.0,9.206784374
2019,291,0,11.5,0.5,6.0,11.29365527
2019,292,0,15.0,3.5,9.25,11.19191017
2019,293,3,16.5,6.5,11.5,7.542374168
2019,294,0,17.0,7.5,12.25,9.523076842
2019,295,10,16.5,5.5,11.0,7.714897717
2019,296,1,9.0,2.0,5.5,7.524680065
2019,297,3,12.0,0.5,6.25,7.882997809
2019,298,0,8.0,-3.0,2.5,10.17667608
2019,299,0,9.5,-3.0,3.25,10.76834326
2019,300,5,9.5,-1.5,4.0,7.385334298
2019,301,0,13.5,1.0,7.25,10.19879445
2019,302,8,6.0,-3.0,1.5,6.330286463
2019,303,0,4.0,-4.5,-0.25,8.012390512
2019,304,6,2.0,-4.0,-1.0,4.528742512
2019,305,2,0.0,-9.0,-4.5,9.201254001
2019,306,1,4.5,-5.0,-0.25,9.201254001
2019,307,0,5.0,-3.0,1.0,7.973683375
2019,308,5,7.0,-1.0,3.0,5.239848964
2019,309,0,6.5,-3.0,1.75,7.783464897
2019,310,5,1.5,-4.0,-1.25,3.835330584
2019,311,5,-1.0,-12.5,-6.75,7.445053166
2019,312,0,-4.0,-15.5,-9.75,9.829417612
2019,313,0,0.5,-12.0,-5.75,10.05281325
2019,314,0,5.5,-1.5,2.0,6.746111893
2019,315,2,1.0,-9.0,-4.0,8.736768107
2019,316,1,-6.0,-16.5,-11.25,8.957952422
2019,317,0,-7.5,-14.5,-11.0,6.678650469
2019,318,0,-4.5,-9.5,-7.0,5.036359344
2019,319,0,-1.5,-7.0,-4.25,5.310628067
2019,320,0,5.5,-5.5,0.0,8.562032942
2019,321,0,4.0,-2.5,0.75,5.960908937
2019,322,2,2.0,-0.5,0.75,2.574581802
2019,323,0,1.5,-1.0,0.25,2.574581802
2019,324,0,3.5,-0.5,1.5,3.540049787
2019,325,13,8.5,1.5,5.0,4.140564778
2019,326,1,9.0,-5.5,1.75,7.962624374
2019,327,0,2.0,-6.5,-2.25,6.3700995
2019,328,0,7.0,-4.5,1.25,7.325614527
2019,329,0,7.0,-2.5,2.25,6.5138686
2019,330,0,9.0,-1.0,4.0,6.6189314
2019,331,20,6.0,0.5,3.25,3.2569343
2019,332,0,3.0,-2.5,0.25,4.470128892
2019,333,0,1.0,-2.0,-0.5,2.598912031
2019,334,2,2.0,-1.5,0.25,3.014738055
2019,335,11,2.5,-0.5,1.0,1.975173119
2019,336,1,1.0,-4.5,-1.75,4.574085276
2019,337,0,2.0,-5.0,-1.5,5.348229054
2019,338,0,5.0,-3.0,1.0,5.7596314
2019,339,0,5.0,-5.5,-0.25,6.582436099
2019,340,0,4.5,-4.5,0.0,6.068183287
2019,341,0,2.5,-6.5,-2.0,6.068183287
2019,342,0,4.0,-1.5,1.25,4.273274581
2019,343,1,6.0,-3.0,1.5,6.002933711
2019,344,1,1.5,-12.5,-5.5,7.732592352
2019,345,0,-7.5,-15.0,-11.25,6.10467825
2019,346,0,-4.0,-13.5,-8.75,6.918635544
2019,347,0,2.5,-5.5,-1.5,6.206422789
2019,348,0,-1.5,-5.0,-3.25,3.154083666
2019,349,0,-4.5,-14.5,-9.5,6.918635544
2019,350,1,-5.0,-12.5,-8.75,6.002933711
2019,351,0,-2.5,-9.5,-6.0,5.697699602
2019,352,0,-4.0,-17.5,-10.75,7.529103274
2019,353,0,-7.0,-16.0,-11.5,6.409912357
2019,354,0,2.5,-8.5,-3.0,6.918635544
2019,355,0,6.0,-4.0,1.0,6.511656899
2019,356,0,9.5,-3.0,3.25,6.409912357
2019,357,0,11.5,-1.5,5.0,6.409912357
2019,358,0,7.5,-1.5,3.0,5.494210524
2019,359,0,9.5,-1.5,4.0,6.10467825
2019,360,0,12.0,-0.5,5.75,6.308167331
2019,361,0,8.0,-2.5,2.75,5.901189169
2019,362,0,3.0,-6.0,-1.5,5.494210524
2019,363,22,10.5,-0.5,5.0,4.476764149
2019,364,9,12.0,-1.5,5.25,4.781997769
2019,365,4,-0.5,-6.5,-3.5,3.255828448
