year,jday,high,low,avg,precip,Hday
2012,244,31.1,22.2,26.7,0.0,21.54
2012,245,25.5,20.4,22.6,0.3,12.52
2012,246,28.0,20.3,23.8,0.0,14.02
2012,247,30.3,19.1,24.8,0.2,16.96
2012,248,31.4,21.1,25.5,1.6,19.78
2012,249,28.0,19.8,23.0,2.5,14.3
2012,250,26.6,15.8,21.6,0.0,22.58
2012,251,22.2,16.2,18.5,3.3,9.35
2012,252,21.7,12.1,16.4,0.7,19.53
2012,253,21.9,11.9,16.5,0.0,20.33
2012,254,24.2,10.5,17.8,0.0,21.84
2012,255,28.1,15.5,21.3,0.0,21.3
2012,256,28.9,15.7,22.6,0.0,19.31
2012,257,15.0,10.5,12.9,4.2,3.33
2012,258,23.0,9.1,15.5,0.0,20.2
2012,259,25.2,10.2,17.8,0.0,20.82
2012,260,24.5,13.4,19.0,0.0,20.44
2012,261,22.0,11.9,16.7,3.6,12.81
2012,262,14.3,7.5,11.1,0.0,18.09
2012,263,22.3,5.8,13.7,5.6,16.69
2012,264,18.7,9.7,14.1,0.0,18.98
2012,265,13.8,8.9,11.2,6.9,5.91
2012,266,13.0,5.4,9.3,2.0,11.92
2012,267,14.5,4.2,9.4,0.0,17.96
2012,268,20.3,4.7,12.4,0.0,19.48
2012,269,24.5,10.8,17.1,0.0,18.78
2012,270,17.6,8.5,13.0,0.0,19.04
2012,271,16.8,5.5,11.7,0.0,14.89
2012,272,19.3,5.7,12.7,0.0,18.35
2012,273,24.0,9.0,15.9,0.0,17.97
2012,274,18.9,8.1,13.7,0.0,17.37
2012,275,19.1,7.6,13.6,0.0,13.45
2012,276,20.7,8.7,14.7,0.0,17.37
2012,277,21.5,8.7,14.5,0.0,13.53
2012,278,19.8,9.5,14.6,0.6,11.3
2012,279,10.1,4.7,7.7,0.0,11.15
2012,280,6.9,2.5,5.1,0.0,7.7
2012,281,9.0,3.2,5.8,0.0,13.5
2012,282,15.3,2.9,8.8,0.0,15.82
2012,283,15.3,6.2,10.2,4.7,9.14
2012,284,9.0,2.8,5.8,0.0,13.39
2012,285,15.3,4.8,9.1,0.0,13.2
2012,286,11.0,-0.2,5.8,0.0,15.76
2012,287,17.1,5.4,11.2,22.8,1.5
2012,288,16.9,7.6,12.3,60.7,1.02
2012,289,14.2,5.4,9.3,0.0,14.44
2012,290,19.0,5.5,12.1,0.0,13.62
2012,291,18.6,11.4,14.8,18.9,8.58
2012,292,11.0,6.2,8.2,4.4,6.54
2012,293,10.6,4.9,7.3,3.4,9.53
2012,294,12.6,4.2,7.6,0.0,11.05
2012,295,17.2,3.0,9.6,0.0,13.46
2012,296,16.0,10.4,13.5,15.1,2.17
2012,297,18.5,12.3,15.2,5.1,3.06
2012,298,23.5,15.8,19.4,0.0,8.19
2012,299,20.8,5.1,15.0,6.1,3.52
2012,300,7.7,2.3,4.7,0.0,13.31
2012,301,5.5,-1.7,2.1,0.0,12.73
2012,302,7.4,-1.0,2.7,0.0,12.69
2012,303,7.8,-1.6,2.8,0.0,12.74
2012,304,7.1,1.5,3.7,0.0,10.32
2012,305,7.3,-0.2,2.8,0.0,11.53
2012,306,9.0,-0.0,4.1,0.0,7.7
2012,307,6.4,0.0,3.0,0.0,10.88
2012,308,6.1,0.2,2.9,0.7,6.92
2012,309,6.2,-0.5,2.6,0.0,10.33
2012,310,5.3,0.4,2.6,0.0,6.78
2012,311,2.9,0.9,2.0,4.2,2.69
2012,312,5.2,2.4,3.6,0.0,3.5
2012,313,8.2,2.1,4.6,0.0,9.72
2012,314,8.7,1.8,5.4,0.4,4.83
2012,315,18.0,6.9,12.7,2.1,8.24
2012,316,16.9,1.7,12.9,16.3,4.45
2012,317,1.4,-4.2,-1.9,0.4,8.23
2012,318,3.0,-5.1,-1.7,0.0,10.48
2012,319,6.6,-1.3,1.9,0.0,8.05
2012,320,9.6,-0.2,3.3,0.0,7.92
2012,321,8.8,-1.4,2.8,0.0,9.67
2012,322,10.7,-0.0,4.4,0.0,9.58
2012,323,12.1,1.2,5.9,0.0,9.36
2012,324,11.8,4.9,7.7,0.9,5.15
2012,325,13.9,5.8,9.6,0.0,8.66
2012,326,12.8,2.4,7.1,0.0,7.5
2012,327,15.4,6.8,10.9,0.0,7.94
2012,328,4.9,-2.4,-0.5,0.0,5.08
2012,329,-1.3,-4.9,-3.0,0.0,9.31
2012,330,3.5,-3.5,-0.7,0.0,9.05
2012,331,-1.4,-5.8,-3.5,0.0,5.37
2012,332,-0.5,-8.1,-4.5,0.0,7.95
2012,333,3.7,-4.5,-0.9,0.0,8.54
2012,334,7.8,-1.7,2.1,0.0,8.41
2012,335,6.0,1.4,3.7,0.0,3.02
2012,336,12.2,-0.2,5.8,2.0,4.58
2012,337,12.2,7.1,9.8,1.5,5.0
2012,338,17.2,7.1,12.2,1.8,1.79
2012,339,10.5,0.4,6.3,0.0,8.14
2012,340,1.3,-4.8,-1.5,0.0,8.38
2012,341,6.1,0.0,2.9,0.1,3.07
2012,342,3.6,-0.3,1.6,0.0,4.73
2012,343,3.2,-1.5,1.0,0.9,5.98
2012,344,1.4,0.2,0.9,7.6,1.09
2012,345,0.2,-4.2,-1.2,0.0,5.47
2012,346,-1.3,-6.7,-3.7,0.0,7.91
2012,347,5.2,-6.3,-0.5,0.0,7.98
2012,348,6.3,-1.1,1.8,0.0,7.73
2012,349,6.8,-3.6,1.1,0.0,7.56
2012,350,6.3,2.1,4.7,8.4,0.91
2012,351,6.0,2.0,4.1,2.0,1.8
2012,352,1.7,-3.1,-0.3,0.0,6.7
2012,353,0.0,-2.8,-1.6,4.0,2.17
2012,354,1.7,-4.5,-1.3,1.0,4.83
2012,355,0.8,-1.0,0.1,36.7,1.46
2012,356,-1.7,-10.8,-6.6,0.2,7.85
2012,357,-6.0,-17.1,-11.6,0.0,7.74
2012,358,-6.0,-13.5,-10.6,0.0,7.39
2012,359,-4.4,-10.7,-7.6,0.2,4.72
2012,360,-7.5,-11.5,-9.5,0.0,7.66
2012,361,-4.2,-8.9,-6.8,0.0,6.59
2012,362,-5.1,-11.0,-7.7,0.0,5.66
2012,363,-1.5,-6.2,-4.0,2.7,3.29
2012,364,-3.7,-7.7,-5.5,0.0,4.29
2012,365,-2.1,-10.9,-7.5,0.0,7.48
2012,366,-1.2,-12.5,-5.7,0.0,4.37
2013,1,-12.7,-21.2,-16.7,0.0,8.74
2013,2,-6.5,-18.9,-12.6,0.0,8.41
2013,3,-4.5,-9.8,-6.6,0.0,4.91
2013,4,-1.6,-11.1,-7.1,0.0,8.5
2013,5,0.9,-12.5,-5.3,0.0,7.52
2013,6,0.2,-9.2,-4.3,0.1,6.5
2013,7,1.3,-12.0,-4.8,0.0,8.65
2013,8,2.9,-8.3,-1.9,0.0,7.9
2013,9,3.4,-2.5,0.8,0.0,8.89
2013,10,3.3,-8.6,-2.4,3.1,5.95
2013,11,6.7,2.1,4.1,5.7,2.49
2013,12,7.3,-4.5,1.1,0.1,7.11
2013,13,-4.8,-12.1,-8.9,0.9,7.91
2013,14,-4.5,-16.2,-11.1,0.0,9.38
2013,15,-2.0,-12.6,-7.8,0.0,9.41
2013,16,1.1,-10.7,-4.3,0.0,5.76
2013,17,-2.7,-10.8,-6.7,0.0,9.72
2013,18,5.0,-10.4,-2.2,0.0,7.83
2013,19,5.5,-5.3,2.0,0.0,5.82
2013,20,-7.6,-15.5,-11.7,0.0,8.65
2013,21,-15.2,-18.6,-16.7,0.0,10.42
2013,22,-13.9,-23.8,-18.4,0.0,10.12
2013,23,-6.4,-16.9,-12.5,0.0,7.92
2013,24,-10.0,-19.6,-14.9,0.0,8.08
2013,25,-3.8,-9.9,-7.6,1.4,7.67
2013,26,-4.9,-16.3,-10.1,0.0,10.45
2013,27,0.0,-6.3,-3.1,6.3,2.6
2013,28,3.6,-0.6,1.8,1.6,5.59
2013,29,12.7,1.7,6.5,22.3,1.52
2013,30,1.5,-9.4,-2.5,18.0,3.06
2013,31,-10.4,-16.8,-13.1,0.0,9.45
2013,32,-15.5,-24.1,-19.1,0.9,12.09
2013,33,-13.2,-16.3,-14.5,1.7,10.23
2013,34,-7.7,-17.0,-12.9,0.2,11.04
2013,35,-9.0,-16.7,-11.6,3.3,10.67
2013,36,-0.9,-19.0,-8.4,1.4,7.37
2013,37,-0.4,-16.1,-6.6,0.2,9.4
2013,38,0.8,-3.6,-0.1,12.6,2.69
2013,39,-4.4,-13.4,-7.8,0.4,11.92
2013,40,-0.7,-15.1,-7.6,0.0,10.03
2013,41,5.8,-5.1,0.7,4.5,1.71
2013,42,3.5,-5.2,-1.3,0.2,5.82
2013,43,-2.2,-9.3,-6.3,0.0,10.23
2013,44,2.8,-11.2,-4.1,0.0,13.09
2013,45,1.7,-4.3,-0.1,0.6,9.11
2013,46,-4.9,-10.6,-7.6,0.0,12.48
2013,47,-10.0,-17.9,-13.1,0.0,11.0
2013,48,-2.8,-18.3,-10.5,0.0,14.76
2013,49,7.4,-4.8,0.5,5.9,9.19
2013,50,-4.3,-15.0,-10.3,0.9,12.81
2013,51,-6.3,-19.2,-13.5,0.0,15.31
2013,52,-5.1,-18.5,-12.2,0.0,11.38
2013,53,-0.7,-9.7,-4.6,8.9,6.27
2013,54,-1.8,-7.7,-4.8,0.0,11.06
2013,55,1.5,-13.4,-5.6,0.0,15.9
2013,56,3.6,-6.4,-2.0,0.0,15.15
2013,57,0.1,-4.1,-2.1,5.7,5.62
2013,58,-0.1,-2.5,-1.4,9.0,5.48
2013,59,-0.1,-3.9,-1.2,0.0,7.06
2013,60,-4.2,-9.8,-6.5,0.0,11.1
2013,61,-3.8,-15.4,-10.2,0.0,17.7
2013,62,-2.3,-19.0,-11.2,0.0,17.93
2013,63,-2.1,-12.7,-7.6,0.0,8.73
2013,64,-4.0,-6.1,-4.9,13.9,3.54
2013,65,0.4,-7.6,-3.9,0.0,15.56
2013,66,0.6,-7.8,-3.8,0.0,17.08
2013,67,2.7,-8.0,-3.1,0.0,18.22
2013,68,3.4,-2.4,1.1,7.8,3.94
2013,69,4.3,0.9,2.9,24.0,2.46
2013,70,1.3,-1.2,0.1,1.1,6.46
2013,71,0.2,-5.3,-2.8,0.6,13.67
2013,72,-0.3,-8.8,-5.7,0.0,19.73
2013,73,1.3,-11.4,-5.3,0.9,11.08
2013,74,1.4,-5.9,-2.1,3.4,6.55
2013,75,-1.2,-7.9,-4.4,0.0,16.29
2013,76,-1.4,-11.0,-6.4,0.0,19.82
2013,77,0.9,-8.8,-4.3,3.3,5.44
2013,78,-1.8,-12.1,-8.0,0.0,20.59
2013,79,-7.0,-14.6,-10.7,0.0,17.07
2013,80,-2.2,-17.3,-9.4,0.0,21.91
2013,81,0.0,-16.4,-7.8,0.0,21.92
2013,82,2.3,-7.4,-2.8,0.0,20.01
2013,83,-0.1,-4.3,-2.6,1.2,10.47
2013,84,1.0,-5.4,-2.2,0.0,11.33
2013,85,3.3,-3.9,-0.5,0.0,16.92
2013,86,3.5,-7.8,-1.0,0.0,16.37
2013,87,5.2,-8.8,-0.9,0.0,22.77
2013,88,8.6,-4.3,1.6,0.0,22.87
2013,89,11.6,-3.5,3.6,2.2,15.94
2013,90,8.7,0.2,4.0,0.1,18.73
2013,91,1.8,-5.4,-1.9,0.0,20.01
2013,92,4.4,-6.6,-1.5,0.0,19.32
2013,93,6.8,-5.1,0.8,0.0,23.97
2013,94,13.6,-0.8,5.7,0.0,23.14
2013,95,8.6,-2.8,3.4,0.0,21.66
2013,96,17.1,0.3,7.9,2.6,12.73
2013,97,12.7,2.9,7.6,0.0,20.9
2013,98,12.9,3.0,6.4,18.8,10.56
2013,99,4.3,2.0,3.2,13.4,3.16
2013,100,2.2,-0.4,1.2,25.5,2.87
2013,101,2.6,0.7,1.6,19.3,3.55
2013,102,5.0,0.4,2.1,1.9,7.8
2013,103,4.8,-0.7,1.8,0.0,13.82
2013,104,11.7,-1.0,4.2,3.6,14.96
2013,105,15.4,4.8,9.5,13.1,16.86
2013,106,12.1,0.3,6.3,0.0,25.2
2013,107,5.8,3.9,4.7,19.1,3.89
2013,108,15.2,3.8,8.9,47.0,5.8
2013,109,5.5,0.6,2.9,1.1,19.87
2013,110,7.2,-3.7,1.7,0.0,22.28
2013,111,11.4,-1.5,4.7,1.3,18.19
2013,112,18.0,5.9,11.2,0.0,21.32
2013,113,10.9,3.8,6.4,3.4,7.92
2013,114,11.0,0.8,5.8,0.0,24.31
2013,115,9.6,2.3,5.8,0.6,19.7
2013,116,18.6,2.0,10.7,0.0,24.17
2013,117,17.5,7.5,13.0,0.0,18.19
2013,118,19.9,7.0,13.6,0.0,20.41
2013,119,21.0,10.5,15.6,1.2,17.02
2013,120,27.8,15.8,21.0,0.0,25.21
2013,121,24.7,14.2,19.3,0.0,22.71
2013,122,12.9,3.4,8.7,4.2,16.69
2013,123,8.8,1.6,4.8,14.2,3.41
2013,124,20.9,8.5,14.0,3.0,19.9
2013,125,21.5,6.4,14.5,0.0,24.29
2013,126,22.1,6.6,15.2,0.0,25.94
2013,127,23.5,10.4,17.2,0.0,27.33
2013,128,24.6,9.1,17.4,0.0,22.71
2013,129,21.0,9.6,15.3,13.1,11.55
2013,130,12.7,6.2,8.9,6.1,13.85
2013,131,11.7,6.6,8.8,1.2,24.01
2013,132,11.0,2.6,6.6,0.0,24.94
2013,133,16.5,0.8,9.3,0.0,26.23
2013,134,30.0,11.5,20.2,0.0,28.67
2013,135,24.0,14.4,20.0,0.0,28.0
2013,136,26.8,10.8,18.8,0.0,27.9
2013,137,16.7,13.1,14.5,2.5,15.74
2013,138,25.3,11.6,18.8,0.2,23.08
2013,139,28.2,15.4,22.2,0.0,27.32
2013,140,27.1,20.3,23.4,3.9,25.06
2013,141,24.1,17.2,20.2,12.3,21.31
2013,142,20.7,13.8,17.1,12.5,11.49
2013,143,15.4,9.0,12.1,2.7,19.1
2013,144,16.4,3.8,10.5,0.0,30.75
2013,145,15.8,7.5,11.1,4.4,14.4
2013,146,18.0,6.0,12.1,6.3,17.43
2013,147,16.5,10.4,13.3,20.8,9.21
2013,148,22.1,11.1,16.0,15.7,6.38
2013,149,26.5,16.6,20.9,2.6,15.05
2013,150,27.2,20.2,23.0,7.0,22.49
2013,151,25.1,17.8,21.3,11.6,20.88
2013,152,24.9,16.7,20.3,1.6,23.76
2013,153,16.5,11.2,13.8,0.0,19.83
2013,154,20.1,8.9,15.3,0.0,29.87
2013,155,20.8,11.1,15.9,1.2,20.3
2013,156,19.7,11.8,15.1,5.7,13.94
2013,157,15.3,11.8,13.3,5.6,5.99
2013,158,19.7,10.6,14.9,0.3,17.85
2013,159,21.8,10.9,16.7,0.0,20.43
2013,160,24.1,14.3,19.0,1.7,19.08
2013,161,25.1,13.6,20.1,0.3,24.33
2013,162,26.7,14.8,21.5,0.0,24.65
2013,163,26.0,17.6,21.3,21.5,14.28
2013,164,23.4,14.7,19.3,0.0,25.57
2013,165,23.9,12.2,18.4,0.0,29.2
2013,166,26.7,15.8,20.0,14.8,16.44
2013,167,27.6,18.3,22.4,1.2,29.13
2013,168,28.5,17.2,22.2,0.1,27.84
2013,169,20.9,13.2,17.2,0.0,20.65
2013,170,23.9,10.0,17.7,0.0,26.56
2013,171,27.6,14.6,21.5,0.0,26.09
2013,172,27.5,20.0,23.4,1.6,17.65
2013,173,29.4,20.4,24.5,10.3,19.57
2013,174,30.3,20.5,24.4,6.7,26.3
2013,175,26.9,20.6,23.6,1.7,15.88
2013,176,26.8,19.3,22.8,15.4,13.67
2013,177,25.6,20.6,22.4,4.9,10.07
2013,178,29.0,19.1,24.2,0.7,25.39
2013,179,23.4,18.6,21.0,2.0,20.53
2013,180,20.7,17.2,18.9,6.7,16.52
2013,181,24.0,16.6,19.8,0.0,24.39
2013,182,24.7,13.8,19.5,0.0,28.97
2013,183,22.9,13.6,18.4,0.0,27.31
2013,184,20.6,11.9,17.1,1.9,17.56
2013,185,26.6,15.3,21.0,0.0,26.73
2013,186,27.4,17.1,22.6,0.0,26.32
2013,187,28.5,17.5,23.5,0.0,28.09
2013,188,30.5,19.6,25.2,0.0,25.33
2013,189,29.1,22.9,25.5,4.7,17.99
2013,190,28.5,21.5,25.1,7.8,16.96
2013,191,24.6,18.6,22.6,0.0,26.55
2013,192,26.2,14.6,21.3,0.0,28.77
2013,193,27.3,14.8,21.7,0.0,30.02
2013,194,27.4,16.9,22.4,0.0,27.3
2013,195,29.4,18.3,24.3,0.0,26.58
2013,196,30.5,19.5,25.6,0.0,23.27
2013,197,31.7,22.8,27.1,1.0,24.15
2013,198,32.0,23.5,27.9,0.0,23.85
2013,199,32.7,23.3,28.2,0.2,25.76
2013,200,32.3,24.7,28.3,0.3,23.74
2013,201,27.8,18.8,23.6,1.1,23.7
2013,202,27.2,17.3,22.1,3.6,22.77
2013,203,30.2,18.8,24.1,0.0,23.81
2013,204,22.5,16.3,20.4,1.7,22.79
2013,205,21.8,13.5,18.1,0.0,22.46
2013,206,26.1,14.0,20.4,0.1,21.09
2013,207,22.3,17.9,19.6,18.7,11.07
2013,208,17.3,12.9,14.7,0.0,10.71
2013,209,17.8,11.5,14.6,0.7,13.89
2013,210,21.7,12.4,17.7,0.0,20.1
2013,211,22.6,14.6,18.8,0.6,13.41
2013,212,25.2,16.3,20.5,0.5,20.07
2013,213,24.8,16.6,20.6,0.3,26.9
2013,214,26.2,16.8,21.5,3.7,23.17
2013,215,23.9,13.3,19.4,0.0,24.17
2013,216,22.5,12.9,18.3,0.0,22.36
2013,217,23.2,15.0,18.6,9.3,12.31
2013,218,28.3,16.5,22.8,1.8,24.63
2013,219,25.6,18.4,22.0,8.5,21.97
2013,220,23.4,16.8,20.4,0.2,16.61
2013,221,25.7,16.4,20.9,0.0,21.43
2013,222,22.4,14.7,19.2,0.0,17.31
2013,223,22.4,13.8,18.4,6.7,7.96
2013,224,25.1,17.8,20.7,8.9,19.18
2013,225,19.5,12.9,16.7,0.0,20.78
2013,226,20.8,11.8,16.9,0.0,19.94
2013,227,23.1,14.5,18.8,0.0,16.04
2013,228,24.6,14.5,19.8,0.0,18.78
2013,229,25.5,13.8,20.1,0.0,24.07
2013,230,26.0,14.0,20.4,0.0,25.23
2013,231,27.2,15.3,21.6,0.0,19.34
2013,232,29.0,18.3,23.4,0.0,20.39
2013,233,30.7,21.1,24.9,3.5,20.43
2013,234,25.5,20.2,22.3,16.5,10.75
2013,235,26.6,15.9,21.4,0.0,24.63
2013,236,28.5,15.7,22.2,0.0,22.16
2013,237,31.4,21.4,25.9,0.0,23.42
2013,238,32.2,22.7,27.1,0.0,22.77
2013,239,33.3,24.5,28.1,0.4,20.79
2013,240,28.0,22.3,25.2,0.1,13.84
2013,241,30.3,18.5,24.3,0.0,22.33
2013,242,32.6,22.0,26.1,0.0,18.8
2013,243,26.1,18.3,22.2,0.0,15.26
2013,244,27.5,18.1,22.1,1.4,15.9
2013,245,20.0,16.5,18.7,0.0,9.5
2013,246,22.6,12.0,17.7,0.0,21.85
2013,247,27.8,13.8,20.7,0.0,22.19
2013,248,23.3,17.9,20.3,0.0,12.87
2013,249,29.0,14.8,21.6,0.0,20.71
2013,250,30.0,20.4,24.8,1.1,17.92
2013,251,24.3,18.6,21.5,1.1,9.05
2013,252,31.2,19.6,25.3,0.0,17.0
2013,253,32.7,24.2,28.2,0.0,20.41
2013,254,26.9,21.1,23.8,2.3,13.89
2013,255,22.3,16.3,19.6,0.0,20.05
2013,256,17.0,10.5,14.0,0.0,21.72
2013,257,20.7,8.5,14.8,0.0,20.36
2013,258,16.0,12.0,13.9,9.9,4.59
2013,259,16.5,8.1,12.7,0.0,20.92
2013,260,19.9,7.3,13.8,0.9,15.13
2013,261,24.8,14.6,19.8,1.3,15.15
2013,262,27.3,19.7,22.7,10.9,11.99
2013,263,21.3,15.8,18.9,1.2,11.8
2013,264,16.3,11.4,13.8,0.0,15.27
2013,265,17.1,7.3,12.4,0.0,19.66
2013,266,19.6,8.6,13.7,0.0,19.38
2013,267,20.9,10.0,14.8,0.0,19.05
2013,268,20.9,9.0,14.7,0.0,18.07
2013,269,23.6,9.1,16.1,0.0,18.67
2013,270,25.6,12.9,18.6,0.0,18.35
2013,271,26.6,14.2,19.0,7.5,13.07
2013,272,20.0,9.1,14.7,0.0,18.34
2013,273,21.6,9.6,15.6,0.0,17.23
2013,274,25.3,14.9,19.3,0.0,17.04
2013,275,23.7,10.3,17.2,0.0,17.59
2013,276,23.6,15.9,19.3,13.9,8.83
2013,277,22.0,17.1,18.9,8.9,4.58
2013,278,22.7,14.7,19.2,15.1,4.6
2013,279,13.9,7.8,11.2,2.4,10.85
2013,280,17.9,7.4,12.3,0.0,16.23
2013,281,22.2,8.0,14.7,0.0,16.24
2013,282,20.7,11.2,15.4,0.0,16.21
2013,283,21.4,8.1,14.6,0.0,15.18
2013,284,22.3,12.1,16.8,0.0,11.69
2013,285,18.6,11.8,16.5,0.6,8.67
2013,286,15.3,5.9,10.6,0.0,15.65
2013,287,15.5,4.4,10.1,0.0,14.27
2013,288,16.0,9.7,12.1,7.8,3.81
2013,289,12.1,9.8,10.7,0.5,2.58
2013,290,12.5,7.2,9.4,3.2,7.23
2013,291,9.8,6.4,7.8,0.0,5.98
2013,292,10.4,2.9,6.5,0.6,12.3
2013,293,10.9,2.0,6.9,0.6,9.36
2013,294,8.4,2.3,4.6,0.0,6.43
2013,295,6.6,-1.7,2.9,0.0,11.13
2013,296,5.0,0.7,2.8,0.1,10.12
2013,297,5.1,-1.4,1.8,0.0,9.2
2013,298,8.8,-2.3,3.6,0.0,13.18
2013,299,9.0,4.0,7.2,0.0,8.0
2013,300,11.2,0.3,5.4,0.0,12.92
2013,301,6.8,3.2,4.5,0.0,4.45
2013,302,11.0,1.2,5.6,0.6,10.08
2013,303,14.2,4.1,9.2,6.5,4.07
2013,304,15.3,5.7,12.4,14.4,1.31
2013,305,8.1,5.7,6.6,1.1,1.94
2013,306,7.3,3.4,4.9,0.0,5.71
2013,307,9.2,-1.4,4.3,0.0,11.18
2013,308,11.9,5.9,8.4,1.1,5.95
2013,309,10.8,7.5,9.3,9.0,1.87
2013,310,11.7,1.9,6.7,8.4,3.66
2013,311,4.9,-1.6,1.8,0.0,8.63
2013,312,6.7,-3.4,2.3,1.2,8.7
2013,313,10.8,4.4,8.1,0.3,7.56
2013,314,7.6,2.5,4.5,0.0,10.67
2013,315,5.7,-3.7,1.5,2.8,2.66
2013,316,-2.0,-6.3,-4.3,0.0,10.98
2013,317,4.1,-6.5,-1.7,0.0,10.46
2013,318,7.8,-0.1,3.1,0.0,9.0
2013,319,10.6,0.4,5.1,0.0,9.92
2013,320,13.3,3.6,8.5,6.7,2.54
2013,321,13.3,4.8,10.4,15.5,1.45
2013,322,4.3,-2.1,1.3,0.0,8.04
2013,323,3.1,-4.3,-0.9,0.0,9.59
2013,324,4.5,-0.1,1.6,4.9,4.46
2013,325,5.7,1.4,3.6,0.7,2.31
2013,326,2.8,-3.4,-0.2,1.7,7.83
2013,327,-3.6,-9.4,-6.8,0.0,9.4
2013,328,-3.4,-10.7,-7.4,0.0,9.3
2013,329,0.3,-5.7,-2.8,1.4,4.19
2013,330,-0.3,-7.4,-2.6,0.0,4.0
2013,331,-3.5,-10.4,-6.9,0.0,9.06
2013,332,-1.3,-6.6,-4.6,0.0,8.49
2013,333,-0.7,-9.7,-4.9,0.0,8.32
2013,334,6.5,-2.6,0.2,0.0,8.19
2013,335,2.9,-3.6,-0.8,0.0,7.36
2013,336,4.0,-4.5,-0.5,2.2,5.53
2013,337,3.4,0.5,1.9,5.2,1.72
2013,338,8.9,2.0,5.1,2.5,1.08
2013,339,0.8,-8.3,-4.5,0.0,8.33
2013,340,-8.3,-12.5,-10.5,0.0,8.02
2013,341,-9.1,-14.7,-12.0,0.0,8.54
2013,342,-4.4,-11.6,-8.1,4.8,3.62
2013,343,-5.1,-18.9,-10.8,0.4,6.13
2013,344,-8.7,-21.5,-14.0,0.3,7.89
2013,345,-10.8,-21.0,-14.4,0.3,8.48
2013,346,-6.1,-22.1,-13.5,0.0,7.2
2013,347,-4.3,-13.2,-9.0,0.0,6.22
2013,348,-4.9,-8.7,-6.4,1.1,3.89
2013,349,-8.6,-17.4,-13.2,0.0,7.99
2013,350,-10.9,-17.5,-14.1,3.1,3.86
2013,351,-0.3,-15.2,-6.3,0.2,6.75
2013,352,-0.0,-16.7,-6.8,0.0,7.59
2013,353,-0.3,-8.2,-3.6,1.6,4.88
2013,354,-2.6,-6.2,-4.9,4.8,1.62
2013,355,-2.8,-6.0,-4.3,0.5,3.19
2013,356,-3.1,-8.9,-5.1,12.4,4.73
2013,357,-7.4,-17.7,-12.4,0.0,4.99
2013,358,-12.4,-20.0,-16.8,0.4,7.18
2013,359,-5.6,-12.7,-8.7,2.8,4.74
2013,360,-3.7,-12.8,-7.4,0.0,4.73
2013,361,1.0,-12.2,-4.8,0.0,6.58
2013,362,4.7,-4.4,0.5,0.0,7.9
2013,363,2.3,-19.6,-7.3,0.0,5.22
2013,364,-16.4,-27.9,-21.2,1.4,6.21
2013,365,-13.7,-23.6,-17.7,2.7,4.72
2014,1,-14.8,-20.2,-17.6,0.9,4.11
2014,2,-13.1,-22.1,-16.7,0.0,7.87
2014,3,-7.8,-27.7,-18.0,0.0,6.3
2014,4,0.8,-8.5,-3.5,0.4,3.68
2014,5,-9.3,-21.9,-15.7,0.0,4.27
2014,6,-22.5,-29.6,-26.5,0.0,8.52
2014,7,-16.1,-28.1,-23.4,0.0,8.11
2014,8,-14.2,-26.3,-21.0,0.0,8.68
2014,9,-7.4,-27.2,-16.5,0.0,7.65
2014,10,2.2,-7.0,-2.0,6.0,2.07
2014,11,1.9,-4.0,-0.5,0.1,4.14
2014,12,5.1,-6.7,-1.0,0.0,6.68
2014,13,2.6,-4.7,0.6,0.5,6.18
2014,14,0.2,-7.9,-4.2,4.5,3.7
2014,15,-8.8,-15.2,-11.9,0.2,7.9
2014,16,0.9,-9.6,-4.5,2.9,4.59
2014,17,-6.5,-14.6,-10.6,0.1,5.63
2014,18,-7.7,-15.7,-12.7,2.2,4.37
2014,19,2.3,-15.5,-5.0,0.0,9.21
2014,20,0.3,-13.8,-5.9,1.0,4.9
2014,21,-14.7,-22.7,-18.6,0.0,10.31
2014,22,-12.1,-21.2,-16.7,0.3,8.28
2014,23,-15.5,-23.4,-19.4,0.0,10.59
2014,24,-1.8,-24.6,-12.8,1.8,5.39
2014,25,-0.0,-19.2,-10.4,0.4,10.07
2014,26,-4.1,-18.3,-11.8,5.1,7.69
2014,27,-15.5,-25.4,-21.3,0.0,11.16
2014,28,-16.8,-28.4,-23.1,0.0,11.59
2014,29,-7.4,-20.9,-14.8,0.0,11.67
2014,30,-0.3,-7.8,-4.1,1.7,4.22
2014,31,-9.0,-15.1,-12.4,0.0,8.29
2014,32,-6.8,-15.8,-11.3,4.0,5.89
2014,33,-9.8,-18.9,-13.1,0.0,11.3
2014,34,-8.2,-25.0,-16.7,0.0,12.01
2014,35,-8.4,-17.3,-12.7,0.1,7.43
2014,36,-9.7,-15.1,-11.0,2.3,8.19
2014,37,-14.7,-22.9,-18.7,0.0,12.73
2014,38,-11.1,-22.7,-17.7,0.0,13.29
2014,39,-10.0,-22.4,-16.3,1.2,7.47
2014,40,-9.6,-18.7,-14.5,0.0,12.1
2014,41,-13.4,-23.5,-18.9,0.0,13.68
2014,42,-11.5,-25.7,-19.3,0.0,13.99
2014,43,-6.7,-19.1,-12.9,1.6,6.65
2014,44,-0.3,-14.1,-7.6,0.3,7.43
2014,45,-6.3,-12.2,-9.0,0.0,12.23
2014,46,-6.1,-18.7,-12.3,1.6,10.95
2014,47,-7.1,-10.9,-9.5,0.0,10.49
2014,48,-3.9,-10.0,-6.4,7.6,3.2
2014,49,6.1,-8.4,-1.4,0.0,12.96
2014,50,4.8,-2.8,0.4,0.2,15.14
2014,51,5.3,-1.7,1.2,13.0,4.21
2014,52,1.2,-9.1,-5.6,0.4,12.16
2014,53,-2.8,-12.1,-8.2,0.0,15.69
2014,54,-5.5,-16.0,-11.3,0.0,16.29
2014,55,-6.4,-15.7,-11.4,0.0,15.45
2014,56,-10.2,-16.7,-12.9,0.0,15.63
2014,57,-10.5,-22.5,-16.5,0.0,16.35
2014,58,-11.0,-22.3,-17.2,0.0,17.04
2014,59,-4.5,-24.2,-14.3,1.4,14.32
2014,60,-6.7,-13.9,-11.0,4.9,9.62
2014,61,-14.3,-20.5,-17.7,0.0,17.23
2014,62,-9.2,-24.7,-16.9,0.0,17.95
2014,63,-5.1,-13.3,-9.9,2.2,13.34
2014,64,-7.3,-13.2,-9.6,5.3,14.91
2014,65,-2.6,-15.6,-9.5,0.0,16.61
2014,66,5.1,-7.8,-1.7,2.5,12.48
2014,67,0.6,-8.3,-3.2,0.0,9.81
2014,68,4.1,-11.8,-3.5,0.0,16.91
2014,69,10.5,1.4,4.9,0.0,17.46
2014,70,4.5,1.1,2.2,3.8,6.29
2014,71,0.7,-10.4,-4.5,2.2,14.9
2014,72,4.8,-12.3,-3.6,0.0,15.43
2014,73,7.7,1.5,4.6,0.0,16.57
2014,74,1.5,-4.7,-0.9,0.3,10.35
2014,75,-3.2,-12.2,-8.1,0.0,20.43
2014,76,2.4,-11.9,-5.0,0.0,18.12
2014,77,7.3,-5.1,0.9,1.6,11.69
2014,78,4.8,0.4,2.0,3.2,9.41
2014,79,5.0,-4.5,0.3,0.0,18.26
2014,80,9.9,-5.7,1.7,0.2,16.28
2014,81,1.7,-6.0,-0.9,0.0,14.32
2014,82,-2.5,-9.9,-6.5,0.0,20.79
2014,83,1.0,-8.5,-3.7,0.9,18.42
2014,84,-3.0,-9.3,-6.0,0.1,21.61
2014,85,1.0,-11.2,-4.1,0.0,17.73
2014,86,7.2,1.1,3.8,7.5,2.69
2014,87,5.9,-0.4,2.7,5.0,17.12
2014,88,6.3,-2.8,1.4,0.0,22.44
2014,89,13.5,-4.9,3.9,0.0,22.31
2014,90,17.0,4.4,10.6,0.0,15.85
2014,91,12.6,-1.6,3.7,0.0,20.19
2014,92,8.9,-3.3,2.6,0.5,19.88
2014,93,4.7,0.2,2.1,1.6,7.02
2014,94,3.6,0.1,2.0,4.9,7.69
2014,95,10.1,-3.4,3.5,0.0,23.18
2014,96,13.8,0.2,6.9,0.0,21.33
2014,97,13.7,2.1,7.8,2.2,15.57
2014,98,13.0,2.4,7.7,0.5,21.07
2014,99,14.9,-0.8,8.2,0.0,23.55
2014,100,15.6,6.3,11.4,0.4,18.82
2014,101,17.2,2.3,9.7,0.4,18.31
2014,102,16.2,5.8,9.9,24.3,10.44
2014,103,13.5,5.5,8.6,53.8,5.69
2014,104,4.4,-2.3,1.2,16.8,9.54
2014,105,2.9,-5.4,-1.1,0.0,19.46
2014,106,10.5,-4.1,4.1,0.0,21.58
2014,107,13.5,4.4,7.9,1.2,20.17
2014,108,11.2,-1.5,5.2,0.0,25.9
2014,109,17.1,0.2,8.6,0.0,24.77
2014,110,23.2,10.2,16.0,0.0,19.86
2014,111,19.4,12.2,15.8,5.4,13.63
2014,112,12.7,4.8,8.8,0.0,26.33
2014,113,11.5,-0.1,6.0,1.4,19.49
2014,114,13.1,2.5,7.7,16.4,9.62
2014,115,17.7,5.3,11.4,1.9,24.98
2014,116,11.9,2.7,7.2,0.1,26.67
2014,117,11.4,3.7,6.8,4.5,13.27
2014,118,8.3,5.2,6.6,19.0,4.59
2014,119,11.1,5.2,7.9,11.9,8.71
2014,120,9.3,4.8,7.5,0.7,8.31
2014,121,8.9,3.9,6.3,0.6,6.92
2014,122,12.5,6.6,9.0,1.8,11.69
2014,123,15.8,5.7,10.4,0.0,23.71
2014,124,13.7,6.3,9.6,0.0,25.83
2014,125,13.8,4.8,8.6,0.0,19.54
2014,126,16.3,3.6,9.7,0.0,27.66
2014,127,18.1,7.6,12.9,6.0,21.57
2014,128,25.9,12.0,19.9,2.4,16.61
2014,129,19.2,13.0,16.4,5.7,21.23
2014,130,21.3,6.8,14.7,0.0,26.28
2014,131,24.6,12.5,17.7,3.8,15.14
2014,132,25.8,16.7,20.7,8.4,13.17
2014,133,19.0,11.3,13.9,0.1,11.27
2014,134,13.8,8.0,11.2,0.0,17.91
2014,135,11.9,4.0,8.5,2.8,20.48
2014,136,10.4,3.9,7.3,0.0,19.66
2014,137,14.8,3.0,9.4,0.0,23.81
2014,138,20.4,7.0,13.8,0.0,26.97
2014,139,17.7,8.4,13.6,1.2,19.53
2014,140,27.2,15.0,20.9,0.9,25.21
2014,141,25.6,15.7,20.1,0.2,26.69
2014,142,19.8,11.3,15.6,0.0,25.85
2014,143,20.7,9.2,15.4,0.0,28.37
2014,144,22.8,9.6,16.6,0.0,28.04
2014,145,26.4,10.0,19.1,0.0,28.83
2014,146,28.3,17.2,21.7,4.4,21.42
2014,147,26.7,17.5,21.4,11.9,15.85
2014,148,21.7,13.5,17.2,5.9,18.38
2014,149,25.6,11.4,18.4,0.0,28.24
2014,150,27.1,10.5,19.5,0.0,30.18
2014,151,28.4,13.2,21.3,0.0,27.76
2014,152,28.2,19.0,22.7,5.6,20.91
2014,153,25.5,20.3,22.4,13.6,17.59
2014,154,23.9,16.3,20.2,0.0,29.26
2014,155,22.3,16.0,18.8,7.1,19.95
2014,156,24.0,11.8,18.4,0.0,30.12
2014,157,25.2,13.5,20.0,0.0,25.47
2014,158,26.0,14.5,20.5,1.3,20.61
2014,159,21.7,13.8,17.6,1.2,21.0
2014,160,23.8,10.4,17.6,0.0,27.47
2014,161,22.5,14.1,18.0,0.7,16.26
2014,162,20.9,13.9,17.1,10.3,12.0
2014,163,22.6,12.0,18.2,0.0,25.62
2014,164,21.9,12.1,16.9,0.0,31.92
2014,165,24.4,11.9,18.9,0.0,29.75
2014,166,26.6,16.5,21.0,0.3,21.84
2014,167,28.9,15.3,23.2,0.0,29.42
2014,168,30.1,21.1,24.7,16.4,20.99
2014,169,27.0,19.6,22.7,10.4,14.19
2014,170,24.6,17.0,19.8,27.8,11.48
2014,171,27.8,18.0,22.4,9.0,21.89
2014,172,27.5,17.1,21.6,10.3,20.33
2014,173,27.1,17.7,22.2,0.4,22.95
2014,174,26.3,18.5,22.2,4.9,18.17
2014,175,26.9,18.2,22.9,0.0,25.99
2014,176,24.2,18.3,20.7,8.6,21.86
2014,177,25.5,17.0,21.0,0.1,22.1
2014,178,28.6,17.6,23.2,0.3,26.85
2014,179,28.5,21.2,24.7,1.8,24.26
2014,180,28.3,21.0,24.5,17.2,25.09
2014,181,29.8,20.0,23.5,52.4,14.13
2014,182,24.9,18.2,21.4,0.0,24.06
2014,183,18.4,16.1,17.0,0.7,4.96
2014,184,22.5,12.1,17.8,0.0,26.59
2014,185,24.6,12.2,19.2,0.0,26.95
2014,186,23.8,14.6,19.2,1.5,21.01
2014,187,28.2,17.3,22.2,11.2,19.32
2014,188,28.5,19.7,24.0,0.6,28.89
2014,189,24.1,19.1,21.4,5.8,25.01
2014,190,22.5,14.6,18.8,0.0,23.67
2014,191,24.5,14.6,20.0,0.0,22.84
2014,192,24.5,16.5,20.8,0.6,20.51
2014,193,26.0,19.7,22.0,23.9,9.27
2014,194,26.2,17.3,22.0,0.3,25.43
2014,195,22.4,15.7,18.8,0.0,23.33
2014,196,19.1,12.2,15.5,2.3,17.6
2014,197,21.2,10.5,16.3,0.0,24.88
2014,198,23.9,13.6,19.0,0.0,28.6
2014,199,23.9,13.1,19.4,0.0,21.41
2014,200,25.1,14.7,20.4,0.0,24.19
2014,201,26.7,15.3,21.5,0.0,24.66
2014,202,29.3,17.4,23.7,0.0,28.33
2014,203,32.6,21.5,26.5,0.4,23.67
2014,204,24.1,17.2,20.9,0.0,23.69
2014,205,24.1,13.1,19.3,0.0,27.14
2014,206,23.2,16.0,19.1,1.6,11.08
2014,207,28.0,17.6,22.6,0.8,17.68
2014,208,24.2,17.5,21.4,0.1,22.51
2014,209,22.3,13.8,18.3,0.0,22.47
2014,210,24.8,15.5,20.1,0.3,23.23
2014,211,24.6,15.0,19.6,0.2,25.05
2014,212,26.4,16.2,21.4,0.0,22.84
2014,213,28.0,16.4,22.2,0.4,25.07
2014,214,27.0,15.8,21.7,0.0,22.76
2014,215,28.2,18.1,23.3,0.0,24.09
2014,216,28.3,18.4,23.6,0.0,23.93
2014,217,25.2,17.5,21.9,0.5,20.16
2014,218,26.5,16.3,21.9,0.0,20.88
2014,219,26.9,15.8,21.6,0.0,22.98
2014,220,26.8,16.4,21.7,0.1,21.07
2014,221,27.1,17.2,22.0,0.0,24.55
2014,222,26.9,15.8,21.4,0.7,19.93
2014,223,27.0,18.1,21.4,3.8,19.21
2014,224,23.0,15.3,18.3,0.2,17.15
2014,225,26.3,13.9,20.1,0.2,21.38
2014,226,22.7,13.1,18.0,0.0,26.82
2014,227,25.9,11.3,19.5,0.0,20.72
2014,228,27.6,16.3,22.3,0.0,17.45
2014,229,24.9,17.7,21.0,0.0,15.54
2014,230,28.5,17.3,22.5,0.5,20.49
2014,231,26.5,20.2,23.1,5.7,18.1
2014,232,29.5,17.4,23.8,0.0,23.2
2014,233,26.4,20.6,23.2,3.6,8.95
2014,234,30.4,21.8,25.5,1.1,12.88
2014,235,28.0,21.3,23.7,21.4,10.31
2014,236,29.9,20.9,24.7,0.2,14.6
2014,237,30.0,22.9,26.0,0.1,17.21
2014,238,26.5,19.9,23.4,0.0,22.85
2014,239,24.5,16.7,20.7,0.0,19.91
2014,240,23.7,16.2,18.9,4.5,13.38
2014,241,30.0,17.3,23.6,0.4,18.53
2014,242,25.7,20.5,22.8,6.7,15.21
2014,243,28.6,17.0,23.1,0.0,21.94
2014,244,25.9,19.7,22.5,9.1,13.7
2014,245,25.1,15.0,20.3,0.0,19.43
2014,246,27.4,14.2,21.5,0.0,22.16
2014,247,29.4,20.8,24.9,18.2,15.8
2014,248,26.0,17.9,21.9,3.5,12.39
2014,249,23.0,12.8,17.8,0.0,22.46
2014,250,24.2,12.1,18.5,0.0,19.2
2014,251,23.3,13.6,18.7,0.0,18.77
2014,252,26.9,16.6,21.4,0.3,19.28
2014,253,23.6,11.9,18.3,42.1,9.24
2014,254,12.6,9.0,10.5,0.0,11.46
2014,255,10.6,5.5,7.7,7.0,3.76
2014,256,12.8,4.5,8.7,0.0,19.53
2014,257,18.1,6.4,12.0,0.0,17.28
2014,258,13.5,8.0,11.6,3.2,4.5
2014,259,17.2,5.1,11.5,0.0,20.95
2014,260,19.2,6.9,13.0,0.0,14.94
2014,261,18.9,9.4,13.8,0.0,15.31
2014,262,22.0,10.9,16.4,0.0,19.68
2014,263,23.7,17.6,19.8,3.1,10.81
2014,264,18.4,11.5,15.2,0.8,12.18
2014,265,19.2,5.9,13.0,0.0,19.35
2014,266,22.0,9.4,15.6,0.0,19.17
2014,267,21.7,12.0,16.7,0.0,14.57
2014,268,23.8,13.1,18.0,0.0,17.15
2014,269,24.8,11.2,18.1,0.0,17.96
2014,270,25.5,13.3,19.2,0.0,16.04
2014,271,25.3,13.9,19.4,0.0,16.74
2014,272,25.2,11.7,17.7,1.0,14.01
2014,273,14.0,7.6,10.9,0.0,17.1
2014,274,20.4,9.2,14.5,2.4,13.65
2014,275,21.1,15.8,18.0,12.8,5.76
2014,276,17.6,6.3,11.2,15.7,7.26
2014,277,8.8,3.0,6.2,2.2,6.44
2014,278,11.1,3.5,7.7,0.0,11.89
2014,279,13.4,7.4,9.6,0.6,12.9
2014,280,16.3,8.5,12.2,0.0,13.75
2014,281,16.9,7.0,11.6,0.0,15.54
2014,282,13.1,4.2,8.6,0.0,16.42
2014,283,12.3,3.4,7.7,0.0,15.77
2014,284,13.7,1.8,8.0,0.0,16.06
2014,285,15.3,4.4,9.7,2.7,13.68
2014,286,15.1,11.0,12.7,49.9,2.82
2014,287,14.6,9.5,11.6,19.4,2.55
2014,288,11.5,9.4,10.2,0.9,2.27
2014,289,16.3,8.3,11.7,0.0,8.42
2014,290,13.5,8.9,11.6,0.0,4.14
2014,291,9.0,2.7,7.0,0.4,7.58
2014,292,13.2,1.7,7.4,0.0,10.77
2014,293,14.5,8.8,11.1,0.0,9.06
2014,294,9.7,4.4,7.8,0.0,8.21
2014,295,13.0,0.7,6.5,0.0,14.08
2014,296,11.7,4.7,8.3,6.5,5.25
2014,297,16.1,7.7,11.3,0.2,8.04
2014,298,17.7,10.1,13.6,0.0,13.14
2014,299,15.3,3.8,9.8,0.7,13.02
2014,300,22.4,10.3,16.4,2.1,9.4
2014,301,17.5,7.9,10.8,0.0,9.21
2014,302,8.2,4.1,6.5,0.0,6.71
2014,303,9.6,1.7,5.7,0.0,7.36
2014,304,6.7,-0.3,2.4,0.0,10.21
2014,305,4.2,-3.3,0.3,0.0,11.87
2014,306,8.9,-1.4,3.3,0.0,10.16
2014,307,15.0,4.8,9.5,0.8,9.58
2014,308,14.0,7.4,10.1,3.4,6.88
2014,309,11.2,1.7,7.5,0.0,7.1
2014,310,8.1,1.8,4.2,1.1,5.43
2014,311,5.8,-0.4,3.0,0.0,7.74
2014,312,5.7,1.3,4.0,0.3,4.89
2014,313,8.5,1.4,4.6,0.1,6.68
2014,314,13.0,2.9,7.3,0.1,6.53
2014,315,8.7,-2.2,1.9,2.2,2.62
2014,316,-2.1,-4.5,-3.3,0.0,6.46
2014,317,-1.7,-5.3,-4.0,0.0,7.17
2014,318,-3.4,-7.2,-5.1,0.0,7.03
2014,319,-2.6,-7.9,-5.1,2.4,6.22
2014,320,-1.1,-7.4,-4.0,0.3,5.36
2014,321,-8.2,-10.8,-9.4,0.0,8.42
2014,322,-7.1,-12.2,-9.6,0.0,8.54
2014,323,-3.0,-9.1,-5.9,0.0,6.96
2014,324,-4.8,-10.2,-7.3,0.0,8.98
2014,325,-0.8,-12.5,-6.7,0.0,9.71
2014,326,7.9,-0.2,3.2,1.0,1.49
2014,327,9.0,7.0,8.2,13.8,1.26
2014,328,6.6,-4.9,0.8,12.9,1.23
2014,329,-4.4,-13.2,-7.4,0.3,9.24
2014,330,-4.8,-16.3,-10.5,0.0,7.73
2014,331,-6.8,-12.2,-8.9,0.0,5.6
2014,332,-1.5,-14.7,-7.2,2.3,6.78
2014,333,6.8,-2.7,1.8,0.0,8.06
2014,334,5.1,-8.4,-1.8,0.0,3.75
2014,335,-9.0,-12.9,-11.0,0.0,8.53
2014,336,-0.6,-12.6,-5.8,0.4,7.72
2014,337,-0.7,-5.9,-4.1,0.0,8.73
2014,338,-0.9,-7.1,-4.1,0.0,5.23
2014,339,1.8,-1.9,-0.3,0.0,2.8
2014,340,0.8,-4.9,-1.7,0.0,8.2
2014,341,1.6,-5.4,-2.0,0.0,4.75
2014,342,1.5,-1.4,-0.2,3.4,1.67
2014,343,0.9,-2.9,-1.1,0.0,4.12
2014,344,-2.3,-5.7,-3.9,0.0,5.5
2014,345,-0.5,-8.7,-5.4,0.0,7.98
2014,346,3.2,-8.2,-2.1,0.0,5.98
2014,347,6.2,-0.5,3.1,0.0,3.45
2014,348,8.1,4.0,6.2,0.2,1.7
2014,349,7.6,4.6,6.3,6.2,1.54
2014,350,4.3,-3.8,1.2,4.2,1.73
2014,351,-2.6,-6.1,-4.3,0.0,6.49
2014,352,-2.3,-7.5,-5.0,0.0,6.73
2014,353,-1.6,-4.1,-3.1,0.0,5.59
2014,354,-0.5,-4.7,-2.6,0.0,2.99
2014,355,2.5,-1.7,0.4,0.4,2.89
2014,356,2.6,0.1,0.9,6.2,1.88
2014,357,4.8,2.0,3.4,7.8,1.83
2014,358,2.5,0.1,1.0,0.1,1.9
2014,359,4.3,-0.9,1.1,0.0,6.21
2014,360,7.7,0.6,3.3,0.0,6.4
2014,361,6.9,-3.0,1.9,2.8,2.35
2014,362,0.0,-5.6,-3.5,0.0,8.06
2014,363,-4.5,-10.9,-6.5,0.0,7.38
2014,364,-10.2,-16.2,-13.3,0.0,8.49
2014,365,-8.2,-16.9,-12.6,0.0,8.44
2015,1,-0.9,-9.8,-5.7,0.0,6.58
2015,2,0.2,-7.5,-3.8,0.0,7.53
2015,3,-0.1,-3.5,-1.8,2.0,2.53
2015,4,-1.5,-18.5,-8.3,3.9,5.24
2015,5,-14.8,-20.6,-17.5,2.3,7.2
2015,6,-11.2,-24.0,-16.3,1.0,8.59
2015,7,-15.8,-23.0,-20.2,0.0,9.08
2015,8,-10.2,-24.2,-18.2,2.8,2.82
2015,9,-13.6,-19.7,-17.1,0.0,8.57
2015,10,-9.3,-24.0,-16.3,0.0,7.99
2015,11,-2.0,-14.1,-8.6,0.0,7.54
2015,12,-10.9,-20.1,-13.6,0.0,9.48
2015,13,-8.3,-22.8,-16.6,0.0,8.79
2015,14,-4.8,-19.4,-11.8,0.0,5.98
2015,15,2.3,-9.7,-4.3,0.0,9.14
2015,16,-0.6,-4.6,-2.9,0.0,6.19
2015,17,4.5,-3.3,1.6,0.0,4.44
2015,18,3.2,-0.9,1.1,0.4,6.48
2015,19,2.0,-3.7,-0.6,0.1,5.25
2015,20,0.2,-2.2,-0.8,0.7,3.19
2015,21,0.0,-3.3,-2.1,1.1,5.84
2015,22,0.2,-7.5,-3.8,0.0,8.21
2015,23,1.9,-7.2,-2.3,0.0,8.1
2015,24,4.3,-4.0,-0.4,0.0,7.28
2015,25,-0.6,-10.2,-4.5,0.3,8.09
2015,26,-3.6,-10.7,-6.3,2.3,3.24
2015,27,-1.1,-6.3,-3.9,0.0,5.45
2015,28,1.1,-7.3,-3.3,0.0,8.42
2015,29,0.7,-4.2,-1.0,0.3,4.9
2015,30,-3.9,-11.2,-7.3,0.0,9.54
2015,31,1.0,-12.1,-5.2,1.8,7.09
2015,32,-3.0,-13.9,-8.3,16.6,3.53
2015,33,-10.3,-21.3,-15.2,0.0,11.88
2015,34,-7.5,-20.4,-13.2,2.8,7.38
2015,35,-8.3,-17.2,-13.0,0.0,7.79
2015,36,-10.3,-25.3,-17.8,0.0,12.83
2015,37,-2.2,-14.9,-9.1,0.0,9.12
2015,38,2.9,-10.9,-3.8,0.0,10.06
2015,39,-0.1,-7.6,-2.8,0.3,5.0
2015,40,-5.2,-12.0,-8.3,0.0,10.19
2015,41,-2.2,-16.9,-8.4,0.5,9.83
2015,42,-0.2,-10.7,-3.5,0.0,7.26
2015,43,-11.4,-17.2,-13.9,0.1,13.26
2015,44,-5.1,-23.6,-13.5,0.0,7.09
2015,45,-6.6,-21.0,-14.4,0.0,13.34
2015,46,-12.8,-25.5,-19.8,0.0,12.13
2015,47,-7.1,-19.5,-14.0,0.0,13.79
2015,48,-9.4,-15.8,-12.7,0.0,12.61
2015,49,-15.4,-22.6,-17.8,0.0,13.63
2015,50,-14.8,-28.9,-22.0,0.0,15.52
2015,51,-7.3,-26.7,-16.3,0.7,6.77
2015,52,-1.4,-8.6,-5.3,0.5,10.04
2015,53,-7.9,-21.0,-14.8,0.0,15.4
2015,54,-11.6,-29.1,-19.9,0.0,16.51
2015,55,0.8,-15.4,-7.7,0.0,12.45
2015,56,-8.7,-19.4,-12.7,2.3,10.02
2015,57,-11.8,-19.5,-15.3,0.0,16.07
2015,58,-8.5,-26.6,-17.5,0.0,17.25
2015,59,-7.4,-27.4,-16.3,0.0,17.45
2015,60,-1.9,-17.4,-9.5,0.0,14.55
2015,61,-1.7,-15.3,-7.8,0.0,16.87
2015,62,-0.2,-5.5,-3.1,5.4,5.01
2015,63,-3.9,-14.7,-10.7,0.0,17.93
2015,64,-9.5,-25.0,-16.9,0.0,18.63
2015,65,-0.8,-21.1,-10.6,0.0,17.94
2015,66,5.8,-9.9,-1.6,0.0,17.58
2015,67,6.5,-6.3,0.2,0.0,16.49
2015,68,9.0,-6.0,1.3,0.0,18.15
2015,69,12.5,-2.5,4.0,0.0,17.36
2015,70,12.5,-2.0,4.8,0.0,18.68
2015,71,14.1,-1.3,5.5,0.0,17.94
2015,72,18.9,0.8,9.3,0.0,18.29
2015,73,13.3,3.1,7.8,0.0,18.61
2015,74,16.0,-1.9,7.9,0.0,14.13
2015,75,21.4,5.9,13.1,0.0,15.34
2015,76,7.3,-1.6,3.5,0.0,20.4
2015,77,8.4,-2.6,3.0,0.0,15.6
2015,78,8.4,1.1,4.6,0.0,12.47
2015,79,13.2,2.0,6.8,0.0,17.02
2015,80,8.6,1.3,4.8,0.0,19.39
2015,81,2.3,-2.6,-0.5,1.1,8.43
2015,82,0.9,-5.4,-1.9,8.0,10.0
2015,83,4.9,-6.9,-1.6,1.7,20.22
2015,84,6.4,-1.2,2.4,6.8,18.54
2015,85,2.4,-2.6,0.1,0.0,12.01
2015,86,-0.3,-6.2,-3.3,0.0,22.74
2015,87,3.7,-6.4,-1.4,0.0,22.94
2015,88,9.5,-1.6,2.3,2.7,8.93
2015,89,13.4,-0.2,5.5,2.0,14.82
2015,90,14.4,-1.2,6.5,0.0,20.46
2015,91,21.3,-0.4,10.7,0.0,22.21
2015,92,17.1,9.9,13.3,2.8,15.13
2015,93,8.9,-0.8,4.8,0.0,9.64
2015,94,11.9,-3.2,4.2,0.3,21.92
2015,95,15.6,2.4,8.1,0.6,20.6
2015,96,15.4,-0.7,6.8,4.7,17.7
2015,97,6.7,2.1,4.2,4.4,6.74
2015,98,8.0,3.6,5.5,7.0,9.06
2015,99,15.9,3.9,8.9,21.9,5.6
2015,100,12.2,1.5,5.9,2.6,19.95
2015,101,16.1,0.7,8.8,0.0,24.79
2015,102,19.6,6.2,12.5,0.0,22.05
2015,103,16.9,7.5,13.1,5.1,23.0
2015,104,17.9,3.1,10.6,0.0,24.31
2015,105,17.5,4.8,10.7,0.0,24.21
2015,106,19.6,4.8,11.8,0.0,23.25
2015,107,23.4,9.5,16.4,0.0,19.12
2015,108,18.9,8.9,13.4,0.0,23.94
2015,109,21.4,9.5,13.9,1.6,20.88
2015,110,10.3,2.7,7.1,11.2,8.1
2015,111,7.7,3.4,5.2,0.8,20.45
2015,112,7.1,0.5,3.4,0.0,15.23
2015,113,10.8,-2.6,4.5,0.0,27.67
2015,114,13.5,-0.6,6.7,3.0,16.17
2015,115,10.2,3.0,6.0,0.0,10.68
2015,116,13.8,0.4,7.2,0.0,27.51
2015,117,16.5,1.2,8.8,0.0,26.51
2015,118,16.6,2.9,9.9,0.0,27.46
2015,119,17.6,5.8,11.5,0.4,23.09
2015,120,13.8,2.3,8.4,0.0,25.8
2015,121,19.3,3.4,11.7,0.0,24.23
2015,122,23.7,10.0,16.8,0.0,25.26
2015,123,23.7,12.2,17.9,2.3,20.9
2015,124,22.3,13.7,17.6,6.4,20.51
2015,125,14.4,9.0,11.6,27.5,9.35
2015,126,23.7,9.7,15.8,1.0,19.81
2015,127,26.6,14.8,20.7,0.3,25.66
2015,128,23.6,16.7,19.4,4.1,14.77
2015,129,19.7,13.1,16.0,0.0,14.91
2015,130,14.4,10.0,12.0,2.7,9.69
2015,131,17.9,10.2,14.6,1.4,15.62
2015,132,11.0,6.7,9.0,0.0,10.72
2015,133,15.5,2.7,9.1,0.0,28.98
2015,134,17.3,6.1,11.7,1.6,13.59
2015,135,21.3,12.1,17.0,0.8,14.06
2015,136,25.8,14.0,19.4,1.9,17.35
2015,137,26.3,17.3,21.0,2.8,14.45
2015,138,20.2,8.8,15.3,0.0,29.44
2015,139,12.5,7.5,9.4,0.0,24.34
2015,140,10.9,5.0,8.0,1.4,12.04
2015,141,20.3,5.1,12.7,0.0,29.62
2015,142,21.2,5.8,14.5,0.0,30.2
2015,143,24.8,8.5,17.2,0.0,28.85
2015,144,19.0,13.9,15.5,18.6,5.39
2015,145,25.5,18.2,21.0,10.1,19.99
2015,146,23.2,17.2,19.7,6.1,12.11
2015,147,23.7,15.2,18.8,0.2,22.3
2015,148,27.0,15.0,21.4,0.0,29.08
2015,149,25.8,18.0,21.1,8.7,16.57
2015,150,18.7,9.0,14.0,10.4,4.18
2015,151,16.3,5.7,11.0,0.0,31.32
2015,152,18.2,6.0,12.0,0.0,31.25
2015,153,21.7,5.6,14.5,0.0,30.73
2015,154,24.4,12.1,18.5,0.0,20.93
2015,155,25.5,16.8,20.9,0.5,18.94
2015,156,22.8,15.0,18.3,0.0,20.59
2015,157,23.4,10.7,17.3,0.0,25.15
2015,158,26.1,16.4,21.0,4.1,14.03
2015,159,25.3,16.4,21.0,3.1,26.38
2015,160,29.5,14.5,22.7,0.0,26.41
2015,161,29.0,19.5,24.6,0.0,29.34
2015,162,18.5,13.9,16.5,28.5,7.04
2015,163,21.0,13.8,16.8,12.8,12.28
2015,164,23.1,15.0,18.3,10.8,8.13
2015,165,26.7,17.9,21.7,15.4,15.17
2015,166,21.2,18.6,20.2,42.5,5.07
2015,167,23.6,14.5,19.2,0.0,30.48
2015,168,24.7,13.6,18.8,1.8,20.02
2015,169,25.2,17.8,21.5,1.3,22.46
2015,170,23.3,12.6,17.9,0.0,30.58
2015,171,25.0,11.6,19.0,0.4,20.31
2015,172,28.3,17.8,22.8,0.0,26.96
2015,173,29.5,17.7,22.8,3.2,15.01
2015,174,25.1,16.2,21.0,0.0,30.65
2015,175,25.9,14.7,21.2,0.0,26.31
2015,176,25.9,17.4,20.8,21.6,15.56
2015,177,21.6,15.4,18.6,2.7,12.07
2015,178,24.3,14.2,19.9,0.0,28.41
2015,179,23.1,12.5,19.3,1.8,16.24
2015,180,24.3,15.8,20.3,1.3,22.35
2015,181,23.5,17.3,19.8,0.2,21.71
2015,182,21.3,14.9,17.8,0.0,25.43
2015,183,22.5,10.8,17.1,0.0,30.6
2015,184,24.7,12.5,19.0,0.0,29.84
2015,185,26.5,14.6,21.3,0.0,22.59
2015,186,28.4,15.9,22.7,0.0,30.15
2015,187,27.7,19.6,23.1,21.3,16.28
2015,188,19.9,15.8,17.9,3.3,20.09
2015,189,21.3,10.7,16.8,0.0,25.48
2015,190,25.1,12.6,19.5,0.0,29.39
2015,191,26.1,14.5,21.5,0.0,22.45
2015,192,24.7,16.5,20.9,6.3,16.06
2015,193,29.1,16.1,23.3,0.0,25.91
2015,194,30.2,22.1,25.3,14.2,20.96
2015,195,26.4,20.3,23.3,0.3,22.05
2015,196,24.4,13.0,19.4,0.0,27.12
2015,197,21.3,16.0,19.1,23.3,7.09
2015,198,30.3,20.7,25.3,0.5,21.25
2015,199,31.7,22.5,26.5,9.3,23.05
2015,200,26.1,19.2,23.2,0.0,24.9
2015,201,26.2,17.5,22.1,0.3,16.37
2015,202,25.4,16.8,21.3,0.0,28.43
2015,203,25.8,15.5,21.2,0.0,21.21
2015,204,27.8,15.6,22.2,0.0,24.3
2015,205,28.3,17.1,23.4,0.0,23.4
2015,206,30.3,21.9,25.9,0.0,26.45
2015,207,27.6,19.6,23.5,0.1,16.17
2015,208,30.0,17.0,24.1,0.0,25.03
2015,209,30.5,19.1,25.2,2.5,22.88
2015,210,27.6,21.9,24.5,13.4,25.8
2015,211,28.9,18.8,23.9,0.0,28.08
2015,212,26.7,18.8,22.9,0.0,28.14
2015,213,28.7,16.6,22.8,0.0,24.12
2015,214,32.0,21.2,25.1,8.9,25.44
2015,215,25.7,17.6,21.8,0.0,27.47
2015,216,25.5,15.4,20.5,0.0,27.78
2015,217,26.6,17.5,21.9,0.0,23.0
2015,218,26.6,15.3,21.4,0.3,23.07
2015,219,24.3,18.5,21.0,8.2,10.66
2015,220,23.3,17.6,20.4,0.0,10.98
2015,221,25.6,17.0,20.9,7.0,10.76
2015,222,27.3,18.3,22.7,1.8,20.02
2015,223,26.5,16.9,21.9,0.0,23.2
2015,224,27.0,14.4,21.2,0.0,25.63
2015,225,28.6,17.9,23.5,0.0,20.74
2015,226,32.5,21.4,26.2,2.7,22.77
2015,227,31.9,20.6,26.4,0.2,22.07
2015,228,31.3,20.9,26.1,0.0,25.6
2015,229,29.9,21.0,24.2,2.5,18.9
2015,230,27.0,20.3,23.4,7.3,16.85
2015,231,20.5,17.4,19.1,1.1,15.2
2015,232,20.9,14.3,17.0,0.8,14.48
2015,233,27.3,12.2,20.2,0.0,23.99
2015,234,26.4,17.1,22.0,0.0,25.08
2015,235,20.9,17.1,19.5,5.6,15.98
2015,236,18.4,14.2,16.2,0.0,15.74
2015,237,19.8,14.2,16.7,0.0,12.81
2015,238,20.9,13.7,17.4,0.0,15.85
2015,239,24.5,12.0,18.5,0.0,22.86
2015,240,21.8,15.5,18.3,15.1,7.02
2015,241,21.8,16.0,18.8,25.2,8.52
2015,242,25.0,13.7,19.3,0.0,22.26
2015,243,28.6,15.0,22.0,0.0,22.84
2015,244,30.8,19.7,24.9,0.0,20.13
2015,245,29.5,20.9,25.1,0.2,19.02
2015,246,29.4,21.1,25.0,2.1,19.0
2015,247,28.3,19.1,23.5,1.4,17.51
2015,248,30.5,20.3,24.9,0.1,17.19
2015,249,31.4,22.1,26.5,0.0,20.82
2015,250,28.4,22.5,25.1,3.8,11.11
2015,251,24.5,19.2,22.0,15.4,5.65
2015,252,25.0,15.1,20.2,0.0,22.06
2015,253,24.1,16.4,19.2,2.3,16.41
2015,254,17.9,13.4,15.5,0.0,18.0
2015,255,16.8,11.4,14.0,0.0,15.58
2015,256,20.3,9.5,15.1,0.0,21.08
2015,257,26.1,13.0,19.1,0.0,20.6
2015,258,27.9,18.4,22.5,0.0,20.39
2015,259,27.8,18.0,22.6,0.0,19.99
2015,260,27.5,19.3,22.8,16.2,14.0
2015,261,22.0,17.2,20.3,24.5,9.05
2015,262,19.3,13.4,15.8,7.7,19.61
2015,263,20.7,11.9,16.3,0.0,19.33
2015,264,22.3,11.1,16.5,0.0,19.65
2015,265,24.8,12.7,18.6,0.0,13.67
2015,266,25.4,17.0,20.5,0.0,13.43
2015,267,24.4,14.3,18.9,0.0,14.68
2015,268,23.6,14.7,18.8,0.0,15.37
2015,269,24.0,14.5,18.8,0.0,17.68
2015,270,23.1,14.2,18.7,0.0,11.55
2015,271,25.5,16.5,20.7,0.2,15.0
2015,272,19.2,11.6,15.2,20.0,10.7
2015,273,15.3,7.6,11.1,0.0,16.74
2015,274,14.3,7.4,10.3,0.0,16.23
2015,275,14.6,7.1,10.2,0.0,17.41
2015,276,12.3,7.4,9.6,0.0,13.11
2015,277,12.3,9.1,10.7,0.0,5.66
2015,278,15.6,11.2,13.2,0.0,5.22
2015,279,20.4,10.4,15.6,0.0,12.96
2015,280,18.8,12.0,15.4,0.0,16.05
2015,281,22.8,10.6,16.1,0.6,10.69
2015,282,15.6,10.4,12.9,0.0,7.55
2015,283,17.3,6.5,11.8,0.0,15.47
2015,284,24.1,12.3,17.6,0.0,15.49
2015,285,20.6,11.0,16.8,0.0,11.38
2015,286,15.0,8.4,11.3,0.0,10.46
2015,287,16.2,4.4,10.4,0.0,15.27
2015,288,17.0,8.6,12.1,0.1,14.22
2015,289,9.1,5.0,7.3,0.0,12.29
2015,290,10.3,0.4,5.5,0.0,14.4
2015,291,13.9,1.0,7.3,0.0,14.63
2015,292,20.4,8.9,14.2,0.0,13.03
2015,293,22.0,14.4,17.3,4.4,11.78
2015,294,22.0,12.9,16.5,0.0,10.43
2015,295,15.9,7.2,11.8,0.0,13.82
2015,296,15.7,8.9,11.7,7.8,3.63
2015,297,16.5,9.4,13.5,5.7,2.22
2015,298,14.3,3.8,9.1,0.0,12.29
2015,299,15.1,4.1,9.2,0.0,12.67
2015,300,14.9,8.4,10.4,14.3,8.51
2015,301,11.0,4.1,8.4,10.8,2.43
2015,302,8.4,2.6,5.8,0.0,4.08
2015,303,11.2,4.0,7.9,0.0,7.85
2015,304,9.7,7.0,8.1,13.0,1.02
2015,305,15.5,7.8,10.6,0.0,12.13
2015,306,20.3,10.1,14.0,0.0,11.49
2015,307,20.0,8.1,13.9,0.0,11.54
2015,308,20.2,11.8,15.6,0.0,7.42
2015,309,19.9,13.0,16.5,0.6,6.53
2015,310,16.3,7.3,9.1,9.9,5.86
2015,311,8.1,1.7,5.2,0.0,10.93
2015,312,11.0,0.4,4.9,0.0,11.25
2015,313,11.4,0.3,5.1,0.0,11.24
2015,314,11.0,-0.5,5.1,0.0,10.44
2015,315,15.4,6.3,10.5,7.8,6.88
2015,316,12.9,5.6,7.7,2.5,3.25
2015,317,6.0,0.6,4.0,0.0,9.06
2015,318,11.5,-2.5,4.4,0.0,9.98
2015,319,15.3,6.5,10.4,0.0,9.95
2015,320,12.1,8.8,9.9,1.7,2.92
2015,321,15.2,8.8,11.1,37.0,1.15
2015,322,15.4,8.9,12.9,13.6,4.34
2015,323,8.5,2.1,4.5,0.0,8.86
2015,324,3.0,-0.9,0.9,4.3,6.33
2015,325,-1.1,-9.6,-3.6,8.4,5.03
2015,326,-3.7,-16.5,-9.3,0.0,8.43
2015,327,3.2,-7.3,-2.5,0.0,8.45
2015,328,4.0,-4.5,-0.5,0.0,8.77
2015,329,8.3,0.4,5.0,0.1,4.19
2015,330,12.8,4.5,9.4,28.7,1.03
2015,331,3.5,-1.9,0.1,9.9,4.19
2015,332,0.2,-4.7,-2.6,0.0,8.1
2015,333,1.4,-5.6,-2.0,0.0,4.94
2015,334,3.8,0.2,2.0,9.3,2.28
2015,335,4.0,-0.5,2.5,3.7,3.84
2015,336,1.6,-3.2,-0.8,0.4,4.83
2015,337,4.2,-2.4,0.7,0.0,6.5
2015,338,7.9,-1.5,2.0,0.0,8.46
2015,339,7.9,-0.7,2.7,0.0,8.22
2015,340,7.2,-1.5,2.3,0.0,7.68
2015,341,4.3,-1.0,1.4,0.0,3.95
2015,342,6.7,1.6,4.0,0.0,3.7
2015,343,8.9,1.7,5.2,0.0,7.77
2015,344,13.3,4.9,8.3,0.0,4.98
2015,345,7.2,2.1,5.0,0.0,6.3
2015,346,8.1,4.3,6.4,1.2,1.62
2015,347,15.5,6.8,12.1,32.0,0.96
2015,348,15.1,5.7,10.4,22.7,3.45
2015,349,4.9,0.0,2.6,0.0,7.6
2015,350,9.1,1.2,4.5,0.0,4.9
2015,351,0.7,-2.2,-1.1,0.0,5.79
2015,352,-1.9,-5.0,-3.6,0.0,6.17
2015,353,-2.3,-9.4,-6.0,0.0,7.82
2015,354,8.0,-3.9,2.6,0.6,5.56
2015,355,6.4,1.3,4.6,8.6,1.15
2015,356,2.5,0.2,1.2,0.9,3.02
2015,357,12.9,2.5,8.0,15.3,1.09
2015,358,3.4,-0.8,1.1,0.4,6.02
2015,359,1.7,-3.6,-1.1,0.0,7.8
2015,360,2.2,-2.1,0.4,3.0,1.09
2015,361,1.1,-1.4,-0.1,0.3,4.56
2015,362,-1.7,-3.7,-2.7,34.0,0.56
2015,363,-2.3,-4.9,-3.5,2.1,4.27
2015,364,-2.1,-9.6,-5.3,0.1,4.79
2015,365,-4.4,-9.8,-6.4,0.0,4.56
2016,1,-2.4,-11.1,-6.5,0.0,5.33
2016,2,-0.1,-8.6,-5.3,0.0,8.25
2016,3,-3.7,-5.8,-4.6,0.0,4.92
2016,4,-4.6,-8.4,-6.4,0.0,8.18
2016,5,-1.8,-13.0,-7.4,0.0,8.15
2016,6,0.2,-5.8,-2.8,0.1,5.44
2016,7,1.3,-0.7,0.3,3.1,1.13
2016,8,2.8,1.3,1.9,6.7,1.09
2016,9,1.5,-9.2,-1.8,2.6,2.71
2016,10,-10.0,-19.8,-16.0,0.0,9.19
2016,11,-9.9,-23.4,-16.5,1.5,5.23
2016,12,-10.2,-19.0,-15.3,0.1,9.18
2016,13,-6.0,-23.4,-14.4,0.7,5.88
2016,14,3.3,-8.2,-3.2,0.0,8.52
2016,15,1.9,-2.7,-0.5,0.0,2.61
2016,16,-3.3,-17.0,-8.6,0.0,8.73
2016,17,-17.9,-23.3,-20.5,0.0,9.73
2016,18,-16.2,-25.5,-21.2,0.0,9.94
2016,19,-11.0,-24.2,-17.7,0.0,9.43
2016,20,-6.1,-14.8,-10.7,0.0,9.79
2016,21,-3.6,-11.3,-7.7,0.0,6.83
2016,22,-4.0,-8.1,-6.3,0.0,6.8
2016,23,-0.6,-11.2,-6.2,0.0,9.42
2016,24,-1.1,-6.2,-4.3,0.0,6.27
2016,25,2.1,-7.2,-2.8,4.9,6.55
2016,26,-1.1,-6.5,-3.2,1.6,5.32
2016,27,0.9,-11.1,-4.3,0.0,9.36
2016,28,1.8,-4.4,-0.0,0.2,6.0
2016,29,-1.5,-14.3,-6.6,0.0,6.24
2016,30,4.9,-3.3,1.0,0.0,9.33
2016,31,3.3,-2.2,1.0,2.1,4.61
2016,32,4.2,-7.1,-2.1,0.0,11.03
2016,33,0.8,-4.3,-1.0,9.8,2.24
2016,34,0.5,-5.6,-1.4,3.6,5.6
2016,35,-2.1,-12.1,-7.1,0.0,11.34
2016,36,-1.8,-11.8,-7.2,0.0,11.04
2016,37,1.8,-5.7,-2.2,0.0,9.58
2016,38,5.1,-1.4,1.6,0.0,11.84
2016,39,-0.7,-8.6,-4.8,0.3,5.91
2016,40,-9.0,-13.1,-10.7,0.6,9.04
2016,41,-11.3,-19.4,-15.4,0.0,12.39
2016,42,-8.3,-22.1,-15.6,0.0,13.66
2016,43,-9.6,-17.9,-13.4,0.0,12.15
2016,44,-12.0,-23.9,-18.0,0.0,14.32
2016,45,-7.9,-21.3,-13.8,1.8,5.9
2016,46,-2.4,-12.7,-7.8,0.0,9.23
2016,47,0.6,-10.0,-4.5,0.8,4.61
2016,48,-3.2,-11.1,-6.4,0.0,13.92
2016,49,3.7,-11.6,-3.1,0.0,10.47
2016,50,11.1,4.0,6.4,0.0,8.45
2016,51,8.6,1.9,5.2,0.0,14.53
2016,52,3.8,-0.3,1.5,0.0,7.05
2016,53,3.3,-2.2,0.3,0.0,7.56
2016,54,4.7,-1.5,0.9,0.0,6.53
2016,55,3.1,-1.2,0.9,0.0,7.56
2016,56,0.9,-2.6,-0.8,0.0,9.11
2016,57,1.7,-4.1,-1.3,0.0,9.62
2016,58,13.0,-2.6,5.1,0.0,15.39
2016,59,15.0,0.2,8.0,0.9,10.05
2016,60,6.1,-3.1,0.7,0.2,11.34
2016,61,-3.4,-9.1,-5.6,8.5,7.9
2016,62,-1.0,-11.5,-6.5,0.0,17.2
2016,63,1.2,-5.7,-2.8,0.6,12.23
2016,64,3.4,-6.3,-1.9,3.5,16.05
2016,65,2.8,-3.7,0.7,0.3,9.2
2016,66,10.2,-8.2,1.6,0.9,15.75
2016,67,17.0,5.6,11.0,0.0,15.42
2016,68,19.4,11.5,14.7,1.1,8.76
2016,69,14.4,5.5,11.5,8.6,14.78
2016,70,11.2,3.0,6.4,0.0,13.37
2016,71,14.2,0.4,6.6,0.0,18.39
2016,72,16.5,2.2,9.1,0.0,15.54
2016,73,8.7,5.7,7.3,6.6,2.39
2016,74,13.6,5.0,8.6,0.2,9.44
2016,75,10.6,5.8,8.5,28.2,6.76
2016,76,11.5,4.9,8.3,12.7,14.98
2016,77,10.0,3.1,6.3,0.2,17.5
2016,78,5.8,-0.0,2.7,1.7,11.35
2016,79,3.9,-1.3,1.2,1.5,10.09
2016,80,6.2,-3.1,1.7,0.0,15.92
2016,81,8.9,-2.6,3.2,0.0,18.55
2016,82,13.3,4.0,8.0,0.4,12.05
2016,83,3.8,-0.1,1.1,12.0,2.77
2016,84,0.5,-2.9,-0.9,12.6,4.28
2016,85,8.6,-3.0,1.7,0.0,21.97
2016,86,11.9,-0.6,5.1,0.3,17.54
2016,87,8.5,4.5,6.1,5.5,5.33
2016,88,11.5,1.7,6.2,0.0,21.55
2016,89,14.6,-0.8,7.3,0.0,21.38
2016,90,13.6,5.4,9.6,14.8,6.75
2016,91,12.5,4.7,7.8,18.9,6.57
2016,92,8.4,1.0,4.0,0.7,15.03
2016,93,3.8,-2.3,0.5,1.8,20.64
2016,94,19.7,-3.2,6.4,0.0,21.44
2016,95,1.2,-2.6,-0.6,0.0,11.35
2016,96,6.2,-4.3,0.9,0.8,17.95
2016,97,11.4,3.4,6.4,11.1,9.24
2016,98,5.8,0.4,3.0,1.2,14.09
2016,99,4.8,-2.8,1.7,1.9,21.42
2016,100,2.3,-4.9,-1.4,0.0,23.73
2016,101,13.0,-0.2,6.3,2.0,12.81
2016,102,8.0,1.4,4.6,0.0,25.09
2016,103,8.9,-3.3,3.2,0.0,25.54
2016,104,10.7,2.2,6.3,0.3,14.45
2016,105,16.9,2.4,9.3,0.0,25.14
2016,106,20.0,5.1,11.9,0.0,25.29
2016,107,23.6,6.5,14.9,0.0,22.03
2016,108,24.8,8.1,16.8,0.0,22.77
2016,109,25.6,9.2,17.8,0.0,21.71
2016,110,13.3,7.8,10.2,6.6,6.21
2016,111,19.8,7.3,12.9,3.2,20.81
2016,112,19.7,11.5,14.7,0.4,17.22
2016,113,13.2,8.3,10.6,0.0,11.95
2016,114,16.7,2.7,10.1,0.0,26.77
2016,115,22.2,6.6,14.1,1.0,19.16
2016,116,23.3,14.2,18.2,1.5,19.88
2016,117,12.6,5.6,8.2,0.0,15.57
2016,118,11.9,4.3,6.7,5.4,15.48
2016,119,6.3,4.6,5.4,5.3,4.6
2016,120,11.0,3.5,7.2,0.4,15.64
2016,121,9.9,4.9,6.8,12.6,6.6
2016,122,11.4,5.8,7.9,1.2,7.73
2016,123,14.9,4.2,10.4,0.0,20.81
2016,124,18.5,7.4,12.8,1.8,19.56
2016,125,13.5,5.4,9.3,0.7,16.77
2016,126,16.9,2.7,9.8,0.0,28.6
2016,127,27.3,7.8,17.2,1.4,26.56
2016,128,18.9,11.4,16.2,0.0,23.85
2016,129,20.2,5.0,13.8,0.0,28.32
2016,130,16.7,8.3,12.3,2.1,17.63
2016,131,10.2,9.0,9.5,12.8,2.79
2016,132,19.1,8.8,13.5,1.8,13.09
2016,133,19.0,12.7,15.5,3.9,20.56
2016,134,15.6,6.4,11.0,6.8,16.37
2016,135,6.8,2.7,5.3,0.0,12.6
2016,136,12.6,-0.2,6.6,0.0,23.37
2016,137,19.6,6.9,12.9,0.1,24.91
2016,138,15.0,6.4,10.9,1.8,26.65
2016,139,17.3,3.9,11.2,0.0,28.31
2016,140,20.4,5.6,13.8,0.0,25.14
2016,141,20.9,6.5,14.5,0.0,22.13
2016,142,23.8,8.9,16.8,0.0,26.14
2016,143,26.0,11.5,18.9,0.0,29.78
2016,144,26.9,13.0,20.2,0.0,30.06
2016,145,26.9,15.2,20.8,6.4,24.74
2016,146,27.5,15.8,21.2,6.8,20.5
2016,147,27.3,17.8,22.2,0.2,23.28
2016,148,23.6,17.1,20.1,13.3,9.51
2016,149,26.3,19.2,21.6,12.2,20.17
2016,150,24.4,16.4,20.4,0.0,23.04
2016,151,26.8,14.9,21.3,0.0,29.78
2016,152,24.1,16.5,20.2,13.3,19.98
2016,153,25.6,17.2,20.6,14.3,25.6
2016,154,22.6,12.6,18.0,0.0,26.23
2016,155,27.3,11.9,19.9,0.1,26.98
2016,156,23.8,17.3,19.9,2.6,16.41
2016,157,24.1,15.1,19.0,0.0,20.67
2016,158,21.7,14.3,17.7,0.7,23.64
2016,159,16.3,11.4,14.0,0.0,12.86
2016,160,21.6,9.6,16.0,0.0,30.16
2016,161,20.6,13.2,17.3,16.3,13.33
2016,162,31.8,16.7,24.6,2.7,28.35
2016,163,30.7,21.1,26.3,0.0,26.33
2016,164,24.3,15.3,19.2,0.0,24.58
2016,165,28.0,13.5,20.6,0.3,27.69
2016,166,28.7,15.4,21.9,4.6,26.95
2016,167,30.9,20.6,25.3,3.6,28.43
2016,168,21.9,18.6,20.1,0.0,13.02
2016,169,28.0,14.7,21.6,0.0,30.37
2016,170,28.9,15.5,23.3,0.0,28.61
2016,171,30.5,16.8,24.5,0.0,30.2
2016,172,29.6,19.9,25.4,0.0,26.05
2016,173,26.7,15.1,21.4,0.0,31.1
2016,174,25.9,17.0,21.3,8.5,14.53
2016,175,22.8,18.3,20.6,3.5,18.37
2016,176,27.5,15.2,21.6,0.0,27.21
2016,177,31.8,19.3,25.6,0.0,27.94
2016,178,30.1,22.6,25.9,19.2,25.15
2016,179,26.3,20.5,23.2,0.0,29.11
2016,180,21.8,15.6,18.8,0.0,23.22
2016,181,24.2,12.8,19.2,0.0,24.18
2016,182,25.2,13.3,19.7,6.8,22.77
2016,183,22.0,14.4,17.8,0.0,29.51
2016,184,23.2,13.7,18.8,0.0,24.75
2016,185,24.8,13.1,19.9,0.0,29.43
2016,186,24.2,14.6,20.2,0.0,15.96
2016,187,29.7,19.4,24.2,0.0,25.73
2016,188,29.3,21.6,24.4,13.4,14.13
2016,189,27.1,19.5,23.4,4.3,16.34
2016,190,27.5,20.1,23.1,0.1,25.41
2016,191,26.1,16.9,21.6,0.0,26.5
2016,192,27.4,16.2,22.4,0.0,25.29
2016,193,31.1,21.2,26.4,0.0,25.31
2016,194,30.8,23.1,26.1,1.8,18.77
2016,195,31.0,20.3,25.2,3.5,24.0
2016,196,27.1,19.9,23.4,0.0,27.04
2016,197,21.1,17.3,19.1,0.5,13.3
2016,198,24.7,12.9,19.6,0.0,22.22
2016,199,27.3,18.1,22.5,11.1,11.81
2016,200,29.1,17.5,24.0,0.0,27.61
2016,201,29.3,18.2,24.3,0.0,25.82
2016,202,30.0,20.1,25.1,0.0,20.39
2016,203,32.7,22.8,27.3,18.7,22.86
2016,204,29.9,23.0,26.3,2.1,14.46
2016,205,28.6,21.6,26.0,5.5,14.64
2016,206,32.3,22.8,27.7,0.1,25.6
2016,207,28.6,20.6,24.8,0.0,27.8
2016,208,29.5,18.7,24.7,0.0,27.82
2016,209,29.6,20.2,25.3,0.0,26.53
2016,210,26.8,19.7,22.6,12.0,18.69
2016,211,23.4,18.4,20.5,9.7,8.22
2016,212,25.4,18.4,21.4,3.9,21.31
2016,213,26.8,15.6,21.6,0.0,25.47
2016,214,28.0,18.1,23.2,0.0,25.85
2016,215,29.2,19.7,24.2,0.2,20.2
2016,216,29.6,20.9,25.4,1.5,20.58
2016,217,31.0,21.6,26.5,0.3,23.81
2016,218,26.8,21.1,23.8,2.6,26.95
2016,219,25.7,19.3,22.4,0.0,20.77
2016,220,25.7,18.1,21.9,0.0,16.24
2016,221,26.9,18.0,22.5,0.0,19.6
2016,222,28.2,21.3,24.6,0.2,16.51
2016,223,30.5,20.0,25.7,0.0,21.83
2016,224,31.5,22.5,26.4,1.0,18.57
2016,225,24.6,21.3,22.6,47.4,4.63
2016,226,26.5,20.7,23.0,2.2,20.51
2016,227,26.5,17.3,22.6,0.0,22.21
2016,228,27.2,17.1,23.0,0.0,18.52
2016,229,28.1,18.7,23.3,0.6,22.38
2016,230,28.1,19.8,23.7,2.7,21.1
2016,231,29.7,20.3,24.8,0.5,23.29
2016,232,28.2,21.0,24.5,7.8,18.46
2016,233,22.2,17.8,20.2,19.2,9.23
2016,234,20.9,14.8,17.8,0.1,18.17
2016,235,25.0,12.0,19.0,0.0,24.84
2016,236,26.7,16.6,21.8,0.0,23.36
2016,237,28.6,21.3,23.5,7.3,9.95
2016,238,25.7,19.4,22.3,0.0,19.16
2016,239,23.1,15.4,19.8,0.2,17.05
2016,240,23.8,17.8,20.1,15.3,6.79
2016,241,27.8,17.0,22.3,0.0,16.51
2016,242,27.5,19.8,23.6,1.9,15.17
2016,243,27.3,20.4,23.7,5.3,15.71
2016,244,23.7,17.5,20.8,0.0,22.11
2016,245,20.7,15.3,18.1,0.0,16.03
2016,246,22.7,12.3,17.6,0.0,20.22
2016,247,23.8,13.3,18.6,0.0,19.91
2016,248,25.2,15.5,20.3,0.0,18.76
2016,249,29.7,19.0,24.0,0.0,21.26
2016,250,30.4,23.0,26.0,6.6,17.56
2016,251,27.3,21.7,23.6,33.9,7.91
2016,252,27.3,18.9,23.3,0.0,15.9
2016,253,25.7,15.1,20.5,0.0,13.33
2016,254,20.8,15.1,18.6,6.1,14.69
2016,255,22.9,11.5,17.6,0.0,18.66
2016,256,24.9,14.4,19.6,0.0,21.22
2016,257,22.6,17.9,20.4,0.2,9.56
2016,258,22.3,14.3,18.4,0.1,16.72
2016,259,24.3,14.3,19.1,0.0,18.71
2016,260,23.0,18.3,20.1,12.4,7.38
2016,261,23.9,16.8,20.0,0.0,17.41
2016,262,25.1,13.1,19.4,0.0,19.2
2016,263,26.8,17.6,21.0,22.5,15.07
2016,264,27.3,12.4,19.7,0.0,18.41
2016,265,26.2,17.6,21.5,0.3,10.12
2016,266,23.4,18.1,20.7,0.8,6.82
2016,267,20.6,17.6,18.8,10.4,3.94
2016,268,22.1,17.0,18.5,0.0,7.29
2016,269,25.9,16.9,20.2,2.5,11.4
2016,270,17.9,13.0,15.4,0.0,17.41
2016,271,16.2,10.2,13.4,2.3,13.51
2016,272,15.5,9.6,12.3,2.0,9.3
2016,273,19.7,11.3,15.0,0.0,14.79
2016,274,16.9,13.6,15.6,0.0,4.22
2016,275,15.6,14.6,15.0,1.1,3.34
2016,276,17.3,12.6,15.1,0.0,5.0
2016,277,19.6,9.5,14.9,0.0,10.88
2016,278,21.3,14.6,17.6,0.0,9.12
2016,279,22.7,16.1,18.7,3.0,10.38
2016,280,21.3,12.7,17.0,9.0,5.1
2016,281,19.6,9.2,14.3,8.8,14.22
2016,282,14.8,5.5,10.0,0.0,16.1
2016,283,15.6,7.4,11.3,0.0,15.76
2016,284,20.9,8.3,14.1,0.1,14.91
2016,285,21.9,14.1,17.2,0.6,12.05
2016,286,16.4,8.2,12.5,6.7,2.81
2016,287,11.2,4.0,7.6,0.0,15.48
2016,288,16.6,3.7,10.1,0.0,14.72
2016,289,19.1,12.8,16.0,3.4,3.78
2016,290,22.3,17.1,19.1,6.6,7.7
2016,291,24.8,18.4,22.2,3.1,6.32
2016,292,23.5,13.0,18.4,0.0,13.43
2016,293,18.9,9.1,13.8,0.0,9.33
2016,294,11.5,7.4,9.4,0.0,12.35
2016,295,8.6,5.3,7.0,0.0,8.85
2016,296,15.2,3.7,8.7,0.0,12.02
2016,297,19.1,5.4,11.6,0.0,13.29
2016,298,11.9,4.9,8.6,0.0,12.58
2016,299,11.6,3.1,7.6,0.1,9.1
2016,300,8.4,7.0,7.4,39.2,1.22
2016,301,8.7,4.8,6.5,0.0,7.82
2016,302,19.0,4.8,11.7,0.0,8.78
2016,303,19.2,11.5,16.1,0.0,7.49
2016,304,11.5,8.4,9.9,1.0,4.34
2016,305,14.5,6.4,10.0,0.0,8.65
2016,306,21.3,11.7,16.6,0.0,10.42
2016,307,15.9,10.4,12.8,8.3,4.68
2016,308,16.7,6.0,10.9,0.0,10.86
2016,309,15.1,5.2,9.3,0.0,8.95
2016,310,18.6,7.6,11.9,0.0,11.04
2016,311,19.3,6.3,11.8,0.0,10.94
2016,312,17.3,6.5,11.5,0.0,10.8
2016,313,13.1,7.4,10.8,1.0,10.65
2016,314,12.8,2.7,7.3,0.0,10.85
2016,315,15.8,5.9,10.2,0.0,10.61
2016,316,10.7,3.1,7.4,0.0,6.27
2016,317,9.3,-0.5,4.3,0.0,10.59
2016,318,12.6,3.2,7.3,0.0,10.56
2016,319,14.3,6.2,9.5,0.0,9.36
2016,320,12.7,5.9,8.9,0.0,8.0
2016,321,13.4,3.0,8.1,0.0,9.68
2016,322,20.0,9.0,14.2,0.0,8.12
2016,323,16.9,3.5,12.4,3.3,4.36
2016,324,3.0,-1.8,0.9,0.0,4.88
2016,325,0.0,-4.4,-2.6,0.0,9.35
2016,326,1.5,-5.2,-2.3,0.0,9.46
2016,327,3.7,-2.6,0.3,0.7,3.78
2016,328,4.2,1.6,3.0,9.1,0.81
2016,329,3.5,1.7,2.4,0.0,3.07
2016,330,4.7,1.3,2.7,0.0,3.16
2016,331,7.9,-1.7,2.7,0.0,7.22
2016,332,8.2,-0.3,4.0,4.9,7.7
2016,333,9.5,5.3,7.3,14.1,1.72
2016,334,9.0,2.9,6.2,0.0,8.42
2016,335,4.2,-0.7,1.6,0.0,3.31
2016,336,5.0,1.6,2.9,1.2,5.2
2016,337,2.9,0.1,1.3,0.0,3.88
2016,338,0.6,-1.4,-0.4,0.0,4.39
2016,339,-0.2,-1.4,-0.9,10.0,1.61
2016,340,2.0,-4.0,-0.8,0.0,6.45
2016,341,1.4,-5.3,-1.9,0.0,4.37
2016,342,-4.4,-7.8,-6.2,0.0,6.63
2016,343,-4.4,-9.3,-6.5,0.0,4.65
2016,344,-5.7,-10.5,-7.4,0.0,6.62
2016,345,-6.1,-12.6,-8.5,2.2,5.82
2016,346,-2.3,-6.6,-4.3,9.2,2.21
2016,347,-3.5,-13.7,-8.3,0.0,5.25
2016,348,-12.2,-18.9,-15.5,0.0,8.48
2016,349,-10.4,-19.0,-14.3,0.0,7.78
2016,350,-13.9,-22.5,-18.6,0.0,8.36
2016,351,-9.0,-17.0,-11.9,5.4,3.02
2016,352,-7.8,-11.4,-9.5,5.2,2.22
2016,353,-11.0,-25.2,-19.8,0.3,8.56
2016,354,-10.3,-25.4,-17.4,0.0,7.83
2016,355,0.9,-9.9,-4.4,0.0,8.08
2016,356,0.8,-7.1,-3.2,0.0,2.81
2016,357,1.5,-5.0,-1.1,0.0,7.98
2016,358,0.4,-5.3,-1.8,5.9,2.48
2016,359,1.2,-1.0,0.1,0.0,4.02
2016,360,2.7,-0.6,0.3,3.3,2.75
2016,361,9.8,-7.3,2.7,4.8,7.95
2016,362,-4.4,-10.9,-7.4,0.0,6.03
2016,363,2.8,-13.4,-3.6,0.0,4.97
2016,364,-0.0,-3.6,-1.7,0.2,5.5
2016,365,-1.1,-6.6,-4.0,0.0,5.48
2016,366,-0.9,-7.3,-2.6,0.0,4.74
2017,1,2.3,-8.4,-3.9,0.0,7.82
2017,2,2.4,-4.9,-0.8,0.2,2.22
2017,3,1.5,-12.6,-1.5,1.0,2.21
2017,4,-13.3,-16.9,-14.7,0.0,8.27
2017,5,-15.4,-20.0,-17.1,0.0,7.56
2017,6,-15.9,-21.3,-19.0,0.0,8.93
2017,7,-11.5,-23.7,-17.2,0.0,8.92
2017,8,-8.9,-23.2,-14.7,0.0,8.68
2017,9,-2.6,-11.3,-5.9,0.8,4.18
2017,10,7.0,-9.3,0.2,9.0,0.94
2017,11,4.1,-10.1,-4.6,2.9,3.96
2017,12,-5.2,-10.5,-8.6,1.6,7.44
2017,13,-9.5,-15.8,-12.6,0.0,4.33
2017,14,-0.7,-9.2,-5.8,0.0,7.55
2017,15,2.7,-12.2,-5.9,0.0,9.2
2017,16,0.9,-3.9,-1.2,12.6,1.21
2017,17,1.4,0.4,0.7,3.5,1.12
2017,18,6.1,-1.3,1.2,0.0,9.03
2017,19,7.8,-2.8,1.8,2.6,7.98
2017,20,3.3,1.4,2.0,4.8,1.7
2017,21,10.8,2.2,5.6,4.3,3.96
2017,22,6.5,1.9,3.6,0.0,6.38
2017,23,5.9,0.4,2.4,0.0,4.94
2017,24,5.0,-0.6,1.6,1.5,6.63
2017,25,1.7,0.1,0.7,15.6,1.88
2017,26,0.3,-3.6,-1.8,0.6,5.7
2017,27,-2.6,-6.5,-4.7,0.0,6.76
2017,28,-1.5,-7.1,-4.6,0.0,4.86
2017,29,-4.1,-10.0,-6.0,0.0,6.24
2017,30,0.6,-16.0,-7.9,1.9,5.18
2017,31,3.2,-0.5,1.0,3.3,6.19
2017,32,-0.6,-11.4,-4.5,0.3,9.19
2017,33,-8.6,-14.8,-12.3,0.0,12.11
2017,34,-5.8,-14.2,-11.0,0.0,12.31
2017,35,-2.2,-12.4,-7.0,1.5,5.66
2017,36,-0.9,-6.1,-3.3,0.7,9.5
2017,37,5.6,-9.5,-1.4,0.0,11.38
2017,38,2.6,-4.0,1.0,3.5,1.87
2017,39,-4.3,-11.4,-6.8,0.0,9.2
2017,40,-5.0,-13.6,-9.9,0.0,13.28
2017,41,8.9,-7.5,-0.6,0.0,11.14
2017,42,8.7,1.7,4.5,0.2,7.34
2017,43,4.1,-1.8,1.8,0.2,12.28
2017,44,7.6,-4.4,1.2,0.0,13.47
2017,45,8.2,-1.1,2.8,0.0,12.87
2017,46,0.9,-5.9,-2.5,0.1,13.37
2017,47,4.7,-5.1,-0.6,0.3,9.07
2017,48,14.9,-2.9,5.5,0.0,13.67
2017,49,15.3,3.5,8.6,0.0,14.0
2017,50,16.0,0.0,7.6,0.0,13.95
2017,51,16.6,6.7,11.5,5.0,8.85
2017,52,17.2,6.8,11.8,2.1,14.42
2017,53,19.9,8.2,13.0,0.3,14.03
2017,54,10.5,0.9,6.2,4.7,5.94
2017,55,0.8,-4.4,-0.9,12.7,2.37
2017,56,-3.0,-8.7,-6.0,2.0,15.76
2017,57,6.0,-7.1,-0.4,0.4,14.87
2017,58,9.2,-5.8,1.6,0.0,14.48
2017,59,12.6,4.5,8.0,13.1,3.27
2017,60,5.7,-4.4,0.6,17.6,5.22
2017,61,-1.5,-6.5,-3.5,2.2,10.75
2017,62,-0.7,-13.5,-6.9,0.3,17.17
2017,63,4.5,-4.1,-0.7,0.3,16.68
2017,64,14.3,-1.2,5.9,0.0,9.18
2017,65,16.1,9.1,12.0,0.6,4.55
2017,66,16.3,2.8,8.2,2.6,17.25
2017,67,6.3,0.5,3.9,0.0,18.21
2017,68,4.7,-2.6,0.3,0.3,10.35
2017,69,-1.7,-8.6,-5.8,0.0,18.89
2017,70,-1.7,-10.3,-6.4,0.0,18.88
2017,71,-0.0,-8.5,-4.6,1.9,15.25
2017,72,-2.6,-7.7,-4.8,5.8,10.16
2017,73,-4.5,-12.8,-8.6,0.0,20.05
2017,74,-0.1,-11.2,-6.4,0.0,20.32
2017,75,3.6,-13.5,-3.2,0.3,19.9
2017,76,13.0,0.4,4.2,4.5,9.63
2017,77,7.2,-1.5,2.8,0.0,14.19
2017,78,10.9,-4.2,3.4,0.2,19.47
2017,79,14.8,1.4,8.1,0.0,18.55
2017,80,7.4,-1.6,3.9,0.0,19.09
2017,81,3.4,-6.5,-1.8,0.0,20.82
2017,82,5.4,-3.1,1.7,12.7,5.97
2017,83,16.9,3.0,8.6,3.2,9.04
2017,84,4.7,2.0,3.1,7.4,2.76
2017,85,8.5,3.6,5.6,3.3,4.17
2017,86,7.8,4.3,5.9,1.2,4.2
2017,87,13.1,4.0,7.6,0.0,17.77
2017,88,8.8,0.5,4.3,5.2,5.78
2017,89,3.9,2.2,3.1,20.7,2.18
2017,90,7.8,0.3,3.0,0.6,7.76
2017,91,14.8,-1.5,6.8,0.0,21.75
2017,92,12.4,3.4,7.6,0.5,7.1
2017,93,11.4,6.2,8.1,15.2,5.94
2017,94,14.2,5.5,8.1,8.6,10.37
2017,95,6.4,4.3,5.4,5.4,4.69
2017,96,10.0,2.7,6.1,0.4,16.08
2017,97,12.3,-0.2,5.7,0.0,23.6
2017,98,19.2,3.6,11.5,0.4,23.03
2017,99,23.0,13.1,17.8,0.2,17.02
2017,100,22.3,6.4,15.2,10.7,16.02
2017,101,12.5,4.3,6.9,0.2,13.91
2017,102,16.0,1.2,8.5,0.2,21.18
2017,103,14.7,4.8,9.5,10.3,16.15
2017,104,17.7,6.2,11.8,5.2,17.23
2017,105,22.7,15.3,18.9,5.5,17.74
2017,106,19.5,9.7,15.7,14.6,23.95
2017,107,19.2,6.9,12.4,0.0,18.46
2017,108,20.1,5.9,13.6,1.5,17.63
2017,109,17.2,7.3,12.9,0.5,16.87
2017,110,14.6,7.4,11.2,1.6,7.19
2017,111,14.4,3.4,8.7,0.0,22.37
2017,112,15.5,2.7,9.5,0.0,26.76
2017,113,20.8,5.4,12.9,0.0,26.18
2017,114,20.1,6.0,13.1,0.0,24.6
2017,115,21.5,10.5,16.3,0.3,19.31
2017,116,19.5,10.3,15.7,11.7,13.46
2017,117,9.6,2.7,5.6,18.0,6.37
2017,118,10.6,1.6,6.3,2.3,15.9
2017,119,8.2,2.2,5.8,5.0,12.41
2017,120,6.8,4.3,5.4,9.0,4.13
2017,121,11.3,4.7,7.6,16.3,13.12
2017,122,10.5,3.7,6.1,1.6,11.1
2017,123,14.9,1.9,9.2,0.0,24.49
2017,124,16.5,6.5,11.3,0.0,23.01
2017,125,16.4,5.0,10.7,1.9,28.02
2017,126,14.9,5.5,10.4,3.4,22.6
2017,127,14.3,3.2,9.3,0.0,28.74
2017,128,15.1,2.3,8.6,0.4,21.86
2017,129,16.9,5.2,9.4,8.6,19.94
2017,130,18.3,7.3,12.5,27.0,12.39
2017,131,19.6,9.1,14.5,0.2,22.34
2017,132,18.3,10.5,14.4,0.9,20.77
2017,133,24.4,10.6,17.2,0.0,25.13
2017,134,22.8,10.5,15.7,0.3,26.11
2017,135,24.6,9.3,16.3,2.5,21.23
2017,136,27.6,16.0,22.1,1.0,25.51
2017,137,25.9,17.5,21.9,4.9,18.22
2017,138,18.9,11.8,16.4,1.3,11.77
2017,139,10.7,6.3,8.4,1.0,9.18
2017,140,12.0,7.5,9.6,11.8,5.57
2017,141,14.6,9.6,12.0,0.5,12.12
2017,142,19.5,7.2,13.2,3.2,22.73
2017,143,17.6,11.3,13.8,7.4,13.81
2017,144,14.2,9.1,11.8,1.5,7.65
2017,145,19.7,10.3,14.9,0.3,17.38
2017,146,20.9,11.0,15.8,0.4,19.0
2017,147,24.3,9.3,17.3,0.5,22.69
2017,148,22.8,13.8,17.6,14.3,24.04
2017,149,19.9,13.2,16.1,0.1,27.07
2017,150,19.1,10.8,14.7,0.6,23.53
2017,151,21.0,10.0,15.1,0.0,26.4
2017,152,23.2,9.6,17.3,0.0,30.52
2017,153,26.9,12.5,20.0,0.0,24.67
2017,154,28.7,17.3,22.9,1.2,23.6
2017,155,28.5,18.3,23.7,1.3,28.85
2017,156,22.6,15.4,19.1,0.0,27.48
2017,157,22.9,11.5,17.6,0.0,29.55
2017,158,23.6,11.5,18.4,0.0,30.37
2017,159,25.1,14.6,20.4,0.1,25.11
2017,160,26.2,16.2,21.7,0.1,25.37
2017,161,29.7,19.0,24.5,0.0,29.85
2017,162,30.8,22.5,26.8,0.0,28.01
2017,163,30.4,21.7,25.7,26.3,20.67
2017,164,29.9,20.3,24.6,4.1,23.58
2017,165,29.2,21.5,24.4,2.4,22.31
2017,166,29.5,19.5,24.5,0.4,27.14
2017,167,29.6,19.2,23.8,0.9,26.1
2017,168,27.4,19.8,23.3,10.8,16.28
2017,169,22.9,17.6,20.2,10.2,24.51
2017,170,20.8,15.8,17.8,14.5,18.94
2017,171,22.1,13.9,17.9,3.6,23.21
2017,172,23.5,12.5,19.2,0.1,26.04
2017,173,28.4,19.6,23.7,10.2,12.89
2017,174,25.1,17.5,21.0,11.5,24.89
2017,175,19.5,13.4,16.8,0.7,24.83
2017,176,18.5,11.4,14.8,1.5,22.54
2017,177,17.7,11.2,14.6,0.3,24.23
2017,178,23.2,11.2,17.3,0.0,29.17
2017,179,25.2,14.8,18.8,24.3,10.03
2017,180,26.4,19.5,22.2,6.3,17.77
2017,181,25.8,17.8,21.6,3.2,21.6
2017,182,23.7,16.2,20.0,2.1,24.02
2017,183,27.8,15.6,21.5,2.7,26.31
2017,184,25.5,17.4,21.5,0.0,23.08
2017,185,27.8,15.0,21.7,0.0,28.87
2017,186,28.7,19.2,24.0,0.0,24.22
2017,187,31.3,20.8,26.0,0.0,27.73
2017,188,26.4,18.1,23.6,0.1,26.0
2017,189,24.5,16.4,20.2,0.0,27.28
2017,190,26.8,17.2,22.1,0.6,18.88
2017,191,27.0,19.3,23.0,19.5,14.65
2017,192,28.9,19.1,23.5,3.6,15.24
2017,193,31.4,20.5,24.8,32.3,18.49
2017,194,25.5,19.1,22.7,0.2,18.94
2017,195,21.7,15.2,18.7,0.0,18.45
2017,196,27.9,16.7,22.4,0.0,25.27
2017,197,25.0,18.8,21.9,4.1,24.68
2017,198,25.3,14.8,20.0,0.0,29.09
2017,199,29.9,17.6,23.6,0.1,22.81
2017,200,28.4,21.5,24.6,2.9,20.1
2017,201,29.7,21.0,25.3,1.2,21.91
2017,202,26.5,20.2,24.1,27.9,9.85
2017,203,27.7,20.3,24.0,0.8,16.05
2017,204,26.1,20.1,23.4,4.2,20.21
2017,205,24.4,16.1,19.6,0.0,17.8
2017,206,25.4,14.8,20.4,0.0,21.53
2017,207,27.0,19.5,22.4,4.9,10.36
2017,208,26.4,20.0,22.9,6.1,25.16
2017,209,24.2,17.6,20.8,0.0,27.77
2017,210,24.7,15.2,20.1,0.0,27.48
2017,211,26.3,14.4,20.8,0.0,27.67
2017,212,27.0,18.0,22.4,0.0,24.4
2017,213,27.5,17.8,22.7,0.0,25.03
2017,214,27.1,18.9,22.8,0.1,22.13
2017,215,23.8,14.8,19.4,10.7,11.01
2017,216,20.3,12.8,15.9,0.6,10.3
2017,217,23.7,14.1,19.2,0.0,22.79
2017,218,23.4,15.2,19.6,2.9,17.32
2017,219,22.4,16.0,19.0,0.1,23.93
2017,220,25.6,15.1,20.2,0.0,23.29
2017,221,25.3,16.0,20.6,0.0,21.16
2017,222,27.1,18.7,21.6,7.8,20.92
2017,223,21.2,15.9,18.5,1.6,12.44
2017,224,23.2,13.4,18.4,0.0,24.51
2017,225,23.5,13.3,19.1,0.1,18.14
2017,226,23.6,15.6,19.6,0.4,15.22
2017,227,23.8,16.2,19.9,0.6,13.23
2017,228,27.7,17.7,21.8,4.4,18.89
2017,229,24.6,19.9,22.3,1.3,17.93
2017,230,24.7,17.0,20.3,0.1,21.15
2017,231,26.7,15.7,21.1,0.0,24.61
2017,232,27.5,17.6,21.9,0.2,15.6
2017,233,28.5,18.5,23.0,0.0,16.14
2017,234,22.8,17.0,20.9,0.0,22.46
2017,235,21.3,14.5,17.8,0.0,19.37
2017,236,20.3,13.7,16.7,0.1,20.91
2017,237,20.1,11.1,15.8,0.0,13.7
2017,238,20.6,14.9,17.2,0.6,8.33
2017,239,23.8,16.1,19.0,26.6,14.26
2017,240,21.8,15.8,18.2,6.7,12.12
2017,241,22.5,16.3,18.9,0.0,15.57
2017,242,25.2,15.0,19.8,4.4,17.95
2017,243,21.1,13.2,17.2,0.1,21.84
2017,244,20.1,11.7,15.4,0.0,23.4
2017,245,18.4,10.0,15.0,2.2,11.62
2017,246,26.4,15.2,20.3,0.0,21.99
2017,247,24.7,16.7,21.3,0.0,17.11
2017,248,16.7,11.7,14.4,0.2,17.59
2017,249,16.1,9.2,12.7,0.1,11.81
2017,250,18.8,10.7,14.6,0.3,14.84
2017,251,16.7,12.1,14.5,2.7,8.58
2017,252,21.4,11.7,15.8,0.0,19.37
2017,253,20.7,11.2,15.4,0.0,20.23
2017,254,23.1,10.5,16.1,0.0,21.53
2017,255,24.8,12.9,18.4,0.0,18.82
2017,256,25.2,13.4,19.3,0.0,20.75
2017,257,27.0,14.0,20.1,0.0,20.04
2017,258,28.8,17.8,22.6,0.0,19.16
2017,259,28.9,19.7,23.8,0.0,19.13
2017,260,22.5,14.8,19.3,2.9,10.67
2017,261,23.1,13.0,17.6,0.0,18.73
2017,262,25.6,15.3,19.7,0.1,18.05
2017,263,30.1,17.6,23.0,4.3,17.45
2017,264,29.6,18.5,23.9,0.0,17.36
2017,265,31.4,22.6,26.2,0.0,18.3
2017,266,31.1,21.1,25.8,0.0,16.65
2017,267,29.7,21.2,25.1,0.0,17.63
2017,268,29.8,19.6,24.1,0.0,15.17
2017,269,26.3,16.8,21.7,2.5,10.41
2017,270,17.3,12.0,15.2,0.0,13.01
2017,271,20.9,10.4,15.6,0.0,17.32
2017,272,18.1,11.5,14.7,0.0,17.37
2017,273,18.6,10.1,13.7,0.0,17.48
2017,274,19.7,10.8,14.8,0.0,16.48
2017,275,25.6,14.3,20.2,0.0,13.79
2017,276,24.9,18.9,22.0,1.0,7.9
2017,277,20.4,12.7,16.8,3.3,16.46
2017,278,19.4,10.1,14.4,1.9,11.68
2017,279,20.4,13.5,16.8,5.9,6.39
2017,280,21.6,15.4,18.8,6.0,4.81
2017,281,23.1,12.6,17.4,0.0,15.92
2017,282,19.7,12.4,15.6,0.0,15.27
2017,283,15.0,9.3,12.1,15.0,7.41
2017,284,16.1,9.6,12.9,5.4,7.57
2017,285,14.9,12.8,13.7,0.6,3.18
2017,286,17.1,11.8,14.3,12.2,4.68
2017,287,18.6,13.7,15.4,27.6,1.18
2017,288,18.6,7.5,11.4,3.1,5.2
2017,289,15.0,5.9,10.0,0.0,14.76
2017,290,19.0,10.9,14.3,0.0,14.2
2017,291,19.6,10.6,14.9,0.0,14.11
2017,292,19.0,9.4,14.2,0.0,13.99
2017,293,22.3,12.9,17.0,0.0,13.42
2017,294,22.1,15.7,19.1,0.0,11.83
2017,295,19.9,9.9,13.5,12.8,1.16
2017,296,15.1,6.9,10.6,5.6,7.45
2017,297,8.8,5.7,7.5,15.1,3.74
2017,298,9.7,3.9,5.8,0.0,6.99
2017,299,14.0,4.7,9.0,0.0,11.18
2017,300,7.2,1.4,3.4,0.0,4.6
2017,301,4.9,1.3,2.9,0.2,5.63
2017,302,7.3,-0.8,3.4,0.8,11.94
2017,303,5.9,1.2,4.2,1.6,9.17
2017,304,3.1,-1.5,0.9,0.0,7.2
2017,305,6.1,-1.8,2.0,3.3,6.71
2017,306,9.0,4.5,6.4,1.1,3.58
2017,307,6.2,0.8,3.6,0.0,10.17
2017,308,6.2,3.3,5.5,3.2,1.17
2017,309,9.0,1.1,6.5,0.2,3.01
2017,310,3.9,-2.2,0.9,0.0,10.31
2017,311,4.8,-0.9,1.4,0.0,9.27
2017,312,5.7,-2.5,1.2,0.0,10.91
2017,313,3.9,-7.2,-0.8,0.0,8.1
2017,314,-2.1,-10.1,-5.9,0.0,10.38
2017,315,2.3,-3.6,-0.7,0.4,2.4
2017,316,4.6,-1.4,1.5,2.8,4.26
2017,317,5.7,-2.9,0.9,0.0,8.79
2017,318,6.7,-0.2,3.2,1.9,1.8
2017,319,8.4,0.2,5.3,2.8,2.81
2017,320,3.5,-1.7,0.3,0.0,8.43
2017,321,5.0,0.1,2.6,9.5,2.65
2017,322,4.6,-0.2,2.8,3.0,2.43
2017,323,0.6,-5.6,-2.5,0.0,9.29
2017,324,9.9,-0.2,5.1,0.0,9.27
2017,325,8.6,-4.2,1.8,0.0,5.9
2017,326,0.1,-7.0,-3.1,0.8,8.57
2017,327,6.1,-1.1,1.5,0.3,8.68
2017,328,14.5,1.6,8.4,0.6,8.41
2017,329,8.9,-0.2,4.2,0.0,8.3
2017,330,9.1,-3.6,2.2,0.0,8.47
2017,331,11.6,-0.4,5.4,0.0,7.19
2017,332,12.3,5.2,10.2,0.1,1.71
2017,333,5.2,-1.5,2.4,0.0,8.72
2017,334,8.4,2.3,5.3,0.0,8.43
2017,335,8.3,-1.6,3.1,0.0,7.1
2017,336,9.4,1.4,4.7,0.3,6.58
2017,337,10.6,-1.5,4.6,0.0,7.41
2017,338,15.2,6.9,12.0,9.6,2.78
2017,339,5.9,-4.7,-1.4,0.0,7.56
2017,340,-0.5,-6.3,-4.0,0.1,8.05
2017,341,-4.5,-7.9,-6.6,0.0,7.74
2017,342,0.9,-7.3,-3.6,0.1,7.58
2017,343,-1.4,-7.0,-3.8,1.2,6.54
2017,344,0.6,-7.1,-3.9,0.2,7.31
2017,345,1.6,-6.1,-2.1,1.2,3.54
2017,346,-4.1,-10.3,-7.6,0.2,7.99
2017,347,1.2,-6.0,-3.1,1.0,3.16
2017,348,-3.2,-10.4,-7.1,0.0,7.94
2017,349,-0.2,-6.6,-3.1,0.5,4.99
2017,350,5.2,-2.2,0.8,0.2,7.37
2017,351,2.5,-2.6,-0.4,0.1,3.55
2017,352,4.7,-0.4,1.6,0.8,4.89
2017,353,6.0,-1.7,2.7,0.0,7.34
2017,354,-2.4,-4.8,-3.9,0.0,5.74
2017,355,3.0,-4.5,-1.1,0.6,3.92
2017,356,0.2,-2.3,-0.9,1.1,2.61
2017,357,-2.5,-8.7,-6.3,0.0,5.21
2017,358,-5.2,-9.7,-7.6,1.9,3.21
2017,359,-8.6,-17.3,-12.3,0.3,5.11
2017,360,-14.1,-19.4,-17.2,0.0,7.93
2017,361,-14.3,-20.0,-17.1,0.0,8.19
2017,362,-11.1,-16.3,-13.8,1.3,4.25
2017,363,-9.6,-15.1,-12.3,1.3,3.65
2017,364,-14.7,-21.2,-18.9,0.0,8.29
2017,365,-15.8,-22.6,-19.3,0.2,8.29
2018,1,-16.4,-24.2,-21.0,0.0,8.37
2018,2,-11.9,-21.7,-17.3,0.1,8.46
2018,3,-11.7,-17.8,-13.4,0.4,8.02
2018,4,-13.5,-21.4,-18.1,0.0,8.61
2018,5,-14.1,-21.3,-18.3,0.0,8.66
2018,6,-11.9,-23.6,-17.6,0.0,8.43
2018,7,-0.3,-15.5,-6.3,0.6,6.65
2018,8,4.6,-4.4,-0.3,0.0,8.29
2018,9,5.4,-4.7,-0.2,0.0,7.82
2018,10,7.6,-1.5,3.0,0.9,2.57
2018,11,8.9,-8.7,2.5,2.9,1.07
2018,12,-7.7,-14.0,-9.7,0.0,8.52
2018,13,-12.1,-19.1,-15.8,0.0,9.3
2018,14,-6.9,-17.3,-12.1,0.8,8.26
2018,15,-5.4,-10.9,-7.6,4.6,3.6
2018,16,-6.3,-12.9,-9.3,0.2,8.92
2018,17,-5.4,-17.7,-11.3,0.0,9.04
2018,18,1.6,-8.2,-4.1,0.0,8.96
2018,19,6.8,-3.8,1.0,0.0,7.72
2018,20,8.4,-2.0,1.9,0.0,8.78
2018,21,5.5,-2.2,2.4,2.4,2.4
2018,22,3.0,-0.1,2.0,26.2,1.04
2018,23,-0.7,-3.4,-2.2,1.0,4.9
2018,24,0.3,-5.5,-3.3,0.0,8.4
2018,25,4.7,-5.6,-1.5,0.0,9.37
2018,26,9.0,-1.3,4.5,0.0,6.24
2018,27,7.1,-0.3,2.8,0.7,10.39
2018,28,-0.9,-5.5,-3.4,1.4,5.02
2018,29,-3.8,-9.0,-6.0,0.0,9.58
2018,30,-1.4,-13.9,-7.1,0.0,9.97
2018,31,5.7,-1.8,0.9,0.1,8.2
2018,32,-0.4,-15.3,-10.4,0.0,11.48
2018,33,-7.2,-16.9,-12.3,0.0,11.56
2018,34,-0.6,-8.2,-4.0,6.6,2.81
2018,35,-2.3,-18.4,-11.4,4.8,7.69
2018,36,-10.5,-24.0,-15.7,4.2,6.51
2018,37,-10.3,-18.3,-14.0,0.3,12.14
2018,38,-9.1,-17.0,-12.7,1.1,7.73
2018,39,-5.6,-17.4,-11.0,1.0,12.03
2018,40,-8.7,-15.4,-10.5,6.7,11.49
2018,41,-8.9,-15.0,-12.1,0.4,10.96
2018,42,-4.3,-12.0,-9.4,3.3,10.86
2018,43,-8.8,-16.3,-12.6,0.0,13.11
2018,44,-0.6,-16.3,-8.0,0.0,10.38
2018,45,7.0,-5.1,0.8,0.0,13.13
2018,46,5.9,0.6,3.1,0.0,5.15
2018,47,0.1,-8.7,-4.3,0.3,14.28
2018,48,-0.0,-10.2,-5.4,1.7,5.91
2018,49,3.9,-10.5,-1.8,0.0,13.68
2018,50,6.1,0.6,3.0,6.8,3.03
2018,51,6.1,-4.1,2.6,14.7,2.15
2018,52,-1.4,-8.1,-5.2,0.0,11.46
2018,53,1.3,-6.6,-2.5,1.2,3.68
2018,54,5.7,-3.6,1.9,3.3,8.92
2018,55,2.9,-4.9,-0.7,4.9,5.44
2018,56,5.1,-3.5,0.5,3.8,14.61
2018,57,10.2,-3.6,2.5,0.0,15.51
2018,58,15.1,2.0,7.6,0.0,14.92
2018,59,11.4,0.8,5.8,0.3,13.87
2018,60,4.7,-0.3,1.5,0.5,9.18
2018,61,7.2,-4.0,1.2,0.0,15.03
2018,62,7.5,-2.1,1.8,0.0,16.17
2018,63,7.6,-2.6,1.5,0.0,16.21
2018,64,2.2,-0.6,0.5,6.7,6.38
2018,65,1.8,-2.7,-0.6,2.0,7.05
2018,66,-0.3,-6.2,-3.7,0.0,14.32
2018,67,0.9,-8.3,-3.9,0.0,17.54
2018,68,2.2,-7.4,-3.0,0.0,17.46
2018,69,4.6,-6.7,-1.4,0.0,18.07
2018,70,6.4,-5.5,-0.1,0.0,17.02
2018,71,5.4,-1.8,1.4,0.0,13.58
2018,72,0.1,-5.3,-2.6,0.6,13.73
2018,73,9.2,-5.7,1.0,0.0,18.7
2018,74,6.1,-3.1,0.7,0.0,19.09
2018,75,4.1,-6.7,-1.8,0.0,16.61
2018,76,8.7,-3.5,1.5,0.0,19.35
2018,77,12.1,-2.5,4.7,0.0,19.35
2018,78,7.8,-3.1,2.8,0.0,18.02
2018,79,2.6,-4.2,-1.7,0.0,15.18
2018,80,4.2,-4.6,-0.7,0.0,19.24
2018,81,8.9,-4.7,1.5,0.0,18.0
2018,82,6.9,-4.9,0.5,0.0,18.2
2018,83,3.2,-2.8,0.2,0.0,9.05
2018,84,5.6,-5.1,-0.5,0.0,19.59
2018,85,9.0,-3.5,2.6,4.6,12.37
2018,86,11.9,0.5,6.1,1.9,14.13
2018,87,13.4,-2.6,5.5,0.8,20.25
2018,88,10.1,2.0,5.3,0.0,17.26
2018,89,6.6,-2.4,2.1,0.0,14.81
2018,90,9.5,-3.1,3.2,4.2,13.84
2018,91,1.5,-8.4,-3.8,0.0,20.53
2018,92,4.1,-6.6,-0.5,0.0,14.0
2018,93,1.0,-1.9,-0.0,7.4,3.28
2018,94,0.1,-5.4,-3.1,1.9,21.69
2018,95,5.6,-7.6,-1.3,0.5,18.42
2018,96,0.2,-6.4,-2.5,0.6,14.09
2018,97,1.7,-9.3,-4.3,0.0,24.36
2018,98,3.5,-7.2,-1.6,0.4,19.41
2018,99,3.2,-3.0,-0.1,1.2,12.91
2018,100,5.1,-3.6,1.1,0.0,15.79
2018,101,14.1,1.7,7.4,2.6,18.66
2018,102,15.8,5.1,10.1,1.8,20.06
2018,103,4.9,1.8,3.5,19.4,3.47
2018,104,1.6,-1.7,-0.0,16.6,2.71
2018,105,-1.2,-4.7,-2.6,13.7,5.68
2018,106,0.8,-4.9,-2.5,1.4,10.84
2018,107,4.1,-5.4,-0.8,0.0,21.32
2018,108,2.7,-3.3,-0.2,18.2,8.56
2018,109,9.4,-3.3,1.6,0.8,26.9
2018,110,13.9,-7.7,3.3,0.0,25.61
2018,111,13.3,0.3,6.6,0.0,15.96
2018,112,15.5,0.6,8.3,0.0,24.21
2018,113,17.4,0.6,9.5,0.0,23.12
2018,114,19.3,2.7,11.7,0.0,25.65
2018,115,13.0,3.6,8.2,0.0,26.4
2018,116,17.7,2.1,10.1,0.0,24.12
2018,117,13.6,2.4,7.6,3.2,16.88
2018,118,10.3,1.2,5.7,0.0,27.45
2018,119,14.7,-0.9,7.3,0.0,27.58
2018,120,22.2,6.1,14.5,0.0,25.89
2018,121,24.2,14.2,19.0,0.0,16.99
2018,122,24.0,14.7,19.2,4.5,15.66
2018,123,22.8,12.7,17.4,17.6,15.27
2018,124,22.5,10.2,16.9,5.2,20.07
2018,125,24.1,10.5,17.5,0.0,26.93
2018,126,20.4,11.7,15.3,0.2,24.61
2018,127,23.4,7.3,15.9,0.0,25.7
2018,128,24.9,12.9,19.2,0.0,26.3
2018,129,20.8,12.9,16.7,13.4,11.68
2018,130,19.4,11.5,15.5,0.5,17.88
2018,131,9.3,3.8,5.9,9.0,3.71
2018,132,14.8,5.8,9.8,1.5,10.24
2018,133,19.0,8.6,13.2,0.1,18.01
2018,134,24.3,12.2,17.0,13.4,11.86
2018,135,22.5,13.1,18.2,5.6,25.36
2018,136,25.8,9.1,18.3,0.0,28.1
2018,137,22.6,13.6,17.5,0.0,26.83
2018,138,22.6,10.4,16.4,0.4,25.74
2018,139,24.1,13.7,18.1,0.4,17.06
2018,140,17.2,9.3,12.6,7.0,13.06
2018,141,13.7,9.6,12.1,9.8,3.77
2018,142,19.6,11.1,14.9,0.2,10.84
2018,143,25.0,13.6,19.3,0.0,22.18
2018,144,28.6,15.6,22.1,0.0,27.38
2018,145,28.0,18.0,23.2,0.4,21.25
2018,146,30.8,17.6,24.0,0.0,27.78
2018,147,32.8,19.4,26.0,0.0,25.32
2018,148,31.7,21.0,25.7,0.5,24.83
2018,149,30.9,19.1,24.9,0.0,23.49
2018,150,24.0,20.5,21.7,15.4,6.3
2018,151,27.5,19.0,23.2,0.2,24.8
2018,152,25.9,15.0,21.5,0.0,26.05
2018,153,23.1,11.9,16.7,1.8,18.87
2018,154,19.8,14.2,17.4,0.4,21.21
2018,155,23.9,11.9,18.8,0.0,24.98
2018,156,21.4,14.2,18.4,1.2,27.41
2018,157,24.9,11.4,17.5,4.4,21.92
2018,158,27.0,16.8,21.5,0.0,26.33
2018,159,24.8,15.6,19.6,0.5,23.42
2018,160,25.5,15.7,20.1,19.4,18.61
2018,161,19.5,16.4,17.5,19.8,12.22
2018,162,23.4,14.8,19.0,0.0,21.0
2018,163,25.3,17.5,21.4,1.4,12.76
2018,164,24.4,18.2,21.3,1.0,30.12
2018,165,24.4,14.5,20.6,0.0,19.25
2018,166,30.0,17.7,22.9,2.0,21.39
2018,167,31.6,22.2,26.6,0.0,22.43
2018,168,32.4,23.3,28.0,0.0,25.75
2018,169,30.9,18.8,26.0,6.1,18.95
2018,170,22.9,18.2,19.7,12.5,9.5
2018,171,22.9,17.8,20.2,0.7,12.14
2018,172,19.2,16.9,17.8,15.8,7.19
2018,173,20.4,15.1,17.6,7.4,11.93
2018,174,26.0,13.7,20.0,0.0,26.6
2018,175,26.5,16.4,21.9,0.0,25.5
2018,176,25.3,16.1,20.1,0.0,25.11
2018,177,23.6,17.7,20.2,57.0,9.5
2018,178,26.9,18.0,21.6,0.7,20.35
2018,179,29.3,17.0,23.6,0.0,22.95
2018,180,33.3,21.7,27.5,0.0,28.59
2018,181,33.3,24.4,28.3,2.6,26.41
2018,182,29.2,21.0,25.4,2.9,20.88
2018,183,28.6,16.6,22.9,0.0,29.06
2018,184,30.2,18.3,24.5,0.0,28.16
2018,185,30.3,22.1,26.6,1.5,23.86
2018,186,28.5,21.9,25.5,1.8,19.41
2018,187,23.7,17.8,20.7,0.0,30.12
2018,188,25.7,13.9,20.0,0.0,29.71
2018,189,28.0,15.9,22.0,0.0,29.73
2018,190,31.4,18.2,24.7,0.2,26.94
2018,191,28.7,20.4,25.1,0.0,27.57
2018,192,28.8,18.7,23.9,0.0,28.18
2018,193,30.8,19.4,24.9,0.6,24.44
2018,194,32.4,22.3,26.3,8.1,24.66
2018,195,28.5,22.4,24.9,3.9,18.37
2018,196,29.3,21.8,25.5,0.7,22.11
2018,197,27.4,21.5,24.7,0.1,27.08
2018,198,25.4,18.5,22.3,0.0,27.69
2018,199,25.9,16.4,21.3,0.0,21.2
2018,200,23.7,16.8,20.9,7.0,16.84
2018,201,23.6,19.2,20.9,23.3,15.69
2018,202,24.8,18.9,21.1,1.7,20.1
2018,203,24.9,17.9,20.9,1.3,16.77
2018,204,26.9,17.8,22.3,0.0,25.03
2018,205,27.3,19.1,23.0,0.0,25.97
2018,206,28.4,17.4,23.1,0.0,22.73
2018,207,22.9,17.4,20.3,0.3,22.94
2018,208,22.0,15.1,18.6,0.2,19.78
2018,209,23.7,13.9,19.4,0.0,22.41
2018,210,24.8,15.1,20.4,0.3,22.63
2018,211,25.6,16.5,21.1,0.3,24.64
2018,212,26.0,16.3,21.4,0.0,21.42
2018,213,26.9,17.8,22.3,0.0,20.58
2018,214,24.7,17.9,20.9,1.7,20.07
2018,215,27.8,15.4,21.3,0.0,23.45
2018,216,30.8,20.4,25.8,0.5,19.94
2018,217,31.5,21.8,26.3,5.3,23.83
2018,218,26.7,20.6,22.9,22.5,14.25
2018,219,23.1,19.0,21.3,5.5,9.42
2018,220,27.3,17.3,22.5,0.2,24.02
2018,221,28.2,21.7,24.0,16.1,16.1
2018,222,27.2,18.5,23.1,0.0,24.0
2018,223,28.8,18.9,23.8,0.0,23.9
2018,224,29.8,19.7,24.8,0.0,23.92
2018,225,29.7,20.3,24.9,0.0,21.22
2018,226,29.8,20.1,24.9,0.0,21.5
2018,227,27.6,20.2,23.6,0.3,18.15
2018,228,26.0,20.6,22.9,15.2,13.9
2018,229,26.2,20.2,22.7,19.1,17.16
2018,230,25.8,19.2,22.7,0.5,20.98
2018,231,27.4,20.1,23.1,1.4,18.37
2018,232,23.4,19.6,21.4,18.9,5.86
2018,233,24.4,16.2,20.4,6.9,17.74
2018,234,23.9,14.1,18.7,0.0,23.44
2018,235,24.7,14.8,19.7,0.0,23.48
2018,236,22.2,16.8,19.1,5.4,11.85
2018,237,27.7,18.2,23.0,2.0,16.6
2018,238,30.3,19.6,24.4,1.9,16.05
2018,239,30.1,23.3,26.5,10.6,14.88
2018,240,29.3,21.8,24.9,13.2,14.19
2018,241,21.3,15.8,19.0,15.6,18.78
2018,242,23.4,14.8,18.7,0.1,16.49
2018,243,26.7,15.6,21.2,0.1,18.49
2018,244,26.2,20.3,22.8,24.3,8.19
2018,245,27.6,20.7,23.1,16.5,11.16
2018,246,24.0,20.7,22.2,16.4,5.76
2018,247,29.8,22.2,25.6,0.4,18.87
2018,248,25.4,20.0,22.6,41.3,2.99
2018,249,21.9,15.7,18.7,0.5,21.0
2018,250,19.6,12.7,16.2,0.0,12.41
2018,251,20.4,14.4,16.9,0.0,16.48
2018,252,19.7,11.9,15.2,0.0,19.32
2018,253,20.5,10.4,15.3,0.0,21.72
2018,254,24.3,13.3,18.4,0.0,20.77
2018,255,26.0,14.9,20.1,0.0,20.19
2018,256,25.1,15.2,20.0,0.0,20.72
2018,257,27.8,16.7,22.1,0.0,16.25
2018,258,28.4,19.2,23.1,0.0,18.05
2018,259,28.6,16.3,22.6,0.0,17.9
2018,260,30.8,19.8,24.7,0.0,18.53
2018,261,23.7,18.4,20.9,7.7,7.99
2018,262,23.0,15.9,18.8,2.0,8.61
2018,263,28.4,16.8,22.5,34.4,11.39
2018,264,26.6,10.8,17.8,3.8,12.89
2018,265,17.5,8.5,12.8,0.0,18.67
2018,266,20.4,10.1,14.9,0.0,18.98
2018,267,22.2,13.0,17.2,0.5,13.25
2018,268,23.6,11.9,18.6,8.6,10.53
2018,269,16.4,9.1,12.5,0.0,16.64
2018,270,19.0,9.0,13.9,0.3,14.53
2018,271,13.8,7.1,11.1,0.4,7.38
2018,272,11.9,4.2,8.4,2.9,8.58
2018,273,13.5,8.3,11.0,17.7,4.54
2018,274,14.5,9.8,11.9,29.2,3.54
2018,275,15.8,10.9,12.6,0.0,8.29
2018,276,27.4,13.4,21.3,4.3,10.79
2018,277,20.5,5.4,10.2,0.1,17.41
2018,278,16.7,8.1,12.5,13.5,5.61
2018,279,14.0,11.6,13.1,6.5,6.89
2018,280,13.0,10.1,11.3,9.0,4.05
2018,281,24.6,11.9,19.4,14.6,7.69
2018,282,25.1,19.3,21.6,3.9,10.35
2018,283,21.2,9.6,18.4,12.2,3.63
2018,284,9.0,4.3,5.8,0.0,11.82
2018,285,5.0,1.7,3.5,0.0,5.79
2018,286,9.5,0.5,5.1,0.0,10.42
2018,287,11.2,2.5,6.9,0.9,6.69
2018,288,5.7,0.7,3.0,1.0,13.91
2018,289,13.3,2.4,7.1,0.0,14.22
2018,290,8.7,3.7,5.8,0.0,13.99
2018,291,13.3,0.9,7.3,0.0,14.39
2018,292,14.6,8.0,10.6,3.5,5.52
2018,293,9.8,0.2,5.2,0.8,9.55
2018,294,8.4,-1.7,3.3,0.0,14.05
2018,295,15.4,2.5,8.4,0.0,13.68
2018,296,9.7,2.7,6.0,0.0,13.31
2018,297,11.0,1.5,5.8,0.0,12.74
2018,298,9.5,3.1,6.2,0.0,6.88
2018,299,9.9,5.1,7.0,0.1,4.95
2018,300,8.3,3.7,6.3,1.6,2.19
2018,301,9.3,5.6,7.5,6.1,3.15
2018,302,10.3,4.6,6.9,0.4,8.91
2018,303,15.5,5.4,9.5,6.9,6.29
2018,304,13.4,5.2,8.8,0.0,9.96
2018,305,9.9,4.2,6.5,0.0,7.12
2018,306,7.8,1.9,4.7,0.0,8.05
2018,307,8.2,2.0,4.6,2.7,6.42
2018,308,10.1,2.4,7.4,15.1,2.13
2018,309,9.8,4.2,6.7,5.5,5.3
2018,310,8.5,2.4,6.2,6.8,4.22
2018,311,2.9,-0.0,1.4,0.0,5.12
2018,312,2.5,-0.8,0.6,0.0,7.44
2018,313,0.0,-7.3,-2.6,3.0,9.46
2018,314,-0.5,-8.4,-4.5,0.1,10.34
2018,315,3.9,-3.1,-0.2,0.1,8.84
2018,316,-1.2,-6.8,-3.5,0.0,6.41
2018,317,-3.3,-8.9,-6.5,0.0,10.63
2018,318,1.7,-7.4,-3.9,0.0,10.01
2018,319,5.2,-6.1,-1.0,0.0,9.93
2018,320,3.1,-1.6,1.1,1.4,3.41
2018,321,0.2,-3.2,-1.4,3.5,5.19
2018,322,0.8,-6.7,-3.5,0.0,10.06
2018,323,1.5,-5.4,-2.6,0.0,7.81
2018,324,-0.5,-6.1,-2.8,0.0,8.8
2018,325,-1.3,-3.7,-2.3,0.1,5.1
2018,326,3.9,-3.3,-0.4,0.0,5.62
2018,327,8.6,0.8,4.7,0.1,5.89
2018,328,5.6,2.2,4.4,2.3,2.4
2018,329,2.0,-1.2,0.1,0.0,3.16
2018,330,-1.6,-6.0,-3.8,0.0,5.03
2018,331,-3.8,-8.2,-5.9,0.0,7.95
2018,332,-1.6,-8.3,-5.4,1.6,7.49
2018,333,1.4,-4.5,-2.1,1.7,7.68
2018,334,2.8,-4.4,-1.4,0.1,5.99
2018,335,2.9,-3.4,1.0,17.7,1.8
2018,336,1.3,-0.4,0.8,7.9,1.07
2018,337,-0.5,-2.9,-1.7,0.5,3.44
2018,338,-1.6,-4.5,-2.9,0.2,3.52
2018,339,1.1,-5.7,-2.8,0.0,7.52
2018,340,-3.2,-9.0,-5.8,0.0,8.19
2018,341,-5.3,-11.3,-8.3,0.0,8.25
2018,342,-1.0,-6.3,-4.3,0.0,7.61
2018,343,-0.2,-8.7,-5.3,0.0,8.2
2018,344,2.5,-6.4,-3.3,0.0,8.02
2018,345,1.7,-6.0,-2.9,0.0,7.71
2018,346,2.0,-2.7,-0.7,1.1,3.0
2018,347,5.3,-6.1,-1.0,0.0,6.0
2018,348,4.8,-3.4,-0.1,0.0,7.55
2018,349,7.1,-5.5,-0.5,0.0,7.78
2018,350,7.7,-2.7,1.5,0.0,7.42
2018,351,1.8,-3.6,-1.2,0.0,7.47
2018,352,7.1,-4.5,0.2,0.0,7.41
2018,353,7.2,-0.1,3.6,0.7,3.67
2018,354,4.5,1.5,3.2,2.0,2.04
2018,355,1.1,-3.3,-1.5,0.0,3.38
2018,356,0.9,-5.9,-2.4,0.0,4.48
2018,357,2.4,-3.8,-1.2,0.0,5.5
2018,358,-0.6,-6.8,-4.3,0.0,7.07
2018,359,4.1,-3.1,-0.6,1.5,5.02
2018,360,4.4,-2.1,0.9,1.1,4.63
2018,361,8.7,1.9,4.8,13.8,0.93
2018,362,8.1,-3.1,1.6,4.3,0.84
2018,363,-1.9,-7.5,-4.4,0.4,3.45
2018,364,2.0,-8.9,-3.9,0.0,7.06
2018,365,1.7,-2.7,-0.5,15.9,1.08
2019,1,-1.5,-9.0,-6.5,0.9,6.83
2019,2,-3.7,-12.1,-6.5,0.8,3.7
2019,3,3.5,-7.3,-2.2,0.0,7.8
2019,4,4.6,-1.4,1.0,0.0,7.82
2019,5,9.6,-0.3,3.4,0.0,8.02
2019,6,3.2,-3.4,-0.2,0.9,4.45
2019,7,8.6,1.7,5.2,23.3,1.25
2019,8,3.7,-7.2,0.1,0.6,6.19
2019,9,-5.6,-9.8,-8.2,0.0,8.31
2019,10,-3.8,-10.4,-7.8,0.0,8.04
2019,11,-0.4,-7.7,-4.3,0.0,4.22
2019,12,0.6,-3.7,-1.8,0.2,2.46
2019,13,-1.0,-4.4,-2.4,0.0,4.11
2019,14,0.4,-5.7,-3.4,0.0,7.96
2019,15,-0.1,-3.8,-2.0,0.0,3.61
2019,16,-0.8,-5.6,-3.3,0.0,8.86
2019,17,1.0,-4.5,-2.0,0.0,4.87
2019,18,-3.4,-7.7,-6.1,6.6,3.7
2019,19,-7.9,-16.1,-11.2,5.8,9.32
2019,20,-13.4,-22.5,-17.6,0.0,10.0
2019,21,-9.7,-23.2,-15.4,0.2,8.69
2019,22,-3.1,-11.8,-7.2,4.4,1.93
2019,23,-5.7,-11.4,-7.5,8.1,4.64
2019,24,-6.1,-17.8,-11.9,0.3,5.3
2019,25,-16.2,-24.6,-20.7,0.2,8.32
2019,26,-13.8,-28.4,-20.0,0.6,6.79
2019,27,-14.6,-21.9,-17.7,1.2,10.72
2019,28,-7.4,-16.0,-11.6,11.5,3.96
2019,29,-14.9,-25.5,-18.9,0.1,10.83
2019,30,-23.7,-33.0,-28.5,0.0,11.5
2019,31,-19.2,-32.7,-26.1,0.8,9.67
2019,32,-8.8,-20.6,-15.3,0.4,10.65
2019,33,6.3,-11.8,0.2,0.2,6.51
2019,34,7.6,5.4,6.4,1.5,3.9
2019,35,8.7,-8.2,3.3,2.5,6.07
2019,36,-0.7,-10.2,-6.0,5.4,8.36
2019,37,0.6,-4.4,-2.4,5.0,6.38
2019,38,0.7,-15.0,-4.3,5.0,2.28
2019,39,-13.8,-20.1,-16.8,0.0,12.79
2019,40,-7.3,-23.7,-14.8,0.0,12.7
2019,41,-3.4,-8.8,-5.5,3.1,3.95
2019,42,-1.8,-5.9,-3.5,2.1,5.93
2019,43,-1.9,-5.4,-3.1,21.6,3.3
2019,44,-2.1,-8.6,-5.8,0.4,12.9
2019,45,6.1,-8.0,-0.2,0.6,8.99
2019,46,-6.9,-17.1,-12.1,0.0,14.0
2019,47,-6.5,-18.0,-11.8,0.0,13.73
2019,48,-4.1,-7.3,-5.4,6.4,3.66
2019,49,-5.4,-14.3,-8.7,0.5,13.83
2019,50,-2.5,-18.1,-10.4,0.0,14.28
2019,51,0.7,-6.4,-2.6,7.6,1.93
2019,52,-0.8,-10.2,-5.0,0.0,14.2
2019,53,0.8,-11.7,-5.5,0.0,14.72
2019,54,3.5,-3.3,0.1,20.8,6.9
2019,55,3.4,-14.6,-4.0,5.1,11.95
2019,56,-11.5,-19.2,-15.1,0.2,10.45
2019,57,-9.6,-16.5,-12.8,3.4,6.78
2019,58,-6.6,-14.6,-9.5,1.5,13.45
2019,59,-6.1,-19.2,-12.2,0.0,8.94
2019,60,-0.7,-14.4,-7.3,1.1,13.4
2019,61,-2.8,-7.1,-5.3,0.7,11.33
2019,62,-7.7,-20.2,-13.4,0.0,17.1
2019,63,-13.0,-24.5,-18.8,0.0,17.54
2019,64,-8.8,-17.3,-13.4,0.0,16.09
2019,65,-4.1,-17.9,-10.9,0.0,17.41
2019,66,-4.9,-17.7,-11.1,0.0,12.43
2019,67,3.4,-12.9,-4.9,0.0,15.6
2019,68,2.4,-4.5,-0.9,11.0,6.76
2019,69,4.5,-4.6,0.3,0.4,15.92
2019,70,2.5,-8.2,-3.6,0.0,18.26
2019,71,7.9,-11.7,-0.7,2.8,15.36
2019,72,13.0,3.3,8.0,13.7,8.03
2019,73,15.5,2.4,9.2,4.2,11.78
2019,74,5.1,-1.5,1.8,0.1,7.63
2019,75,5.0,-5.1,-1.1,0.0,18.67
2019,76,5.2,-4.0,-0.0,0.0,17.25
2019,77,6.7,-3.5,1.2,0.0,15.74
2019,78,9.2,-3.4,2.7,0.0,19.36
2019,79,10.3,0.4,4.1,0.5,10.71
2019,80,10.3,1.1,4.5,0.0,14.62
2019,81,7.9,-2.1,3.3,0.0,19.25
2019,82,11.6,-3.3,3.6,0.0,20.59
2019,83,9.6,0.4,5.6,1.4,5.55
2019,84,6.0,-3.9,0.2,0.0,21.35
2019,85,8.5,-5.3,1.6,0.0,21.11
2019,86,14.3,-0.0,7.2,0.0,17.04
2019,87,12.9,4.5,9.5,0.2,18.87
2019,88,9.7,-0.4,5.2,0.0,15.77
2019,89,5.7,-3.9,2.5,0.0,12.73
2019,90,3.6,-5.7,-1.5,0.0,20.51
2019,91,10.1,-3.2,3.7,0.4,9.54
2019,92,10.0,2.0,5.4,2.5,10.58
2019,93,13.8,-0.6,6.7,0.0,19.34
2019,94,6.6,2.9,4.5,0.1,5.12
2019,95,13.9,2.9,7.6,0.1,12.13
2019,96,17.2,4.6,10.4,0.2,14.39
2019,97,16.3,9.4,12.7,12.2,9.9
2019,98,20.8,6.7,14.5,0.0,22.54
2019,99,16.0,3.9,10.4,0.0,18.9
2019,100,4.2,-0.4,1.7,5.4,5.66
2019,101,5.1,-0.1,2.4,16.5,5.81
2019,102,7.2,1.9,4.0,0.7,11.62
2019,103,6.7,-0.7,3.0,0.0,13.69
2019,104,2.7,-1.0,1.4,0.6,7.85
2019,105,12.9,-1.9,5.3,0.6,24.01
2019,106,18.7,6.2,11.7,2.3,16.93
2019,107,17.0,8.0,11.7,18.8,7.79
2019,108,13.8,5.8,8.3,0.0,6.3
2019,109,13.3,3.5,7.9,0.0,25.6
2019,110,16.3,0.4,8.8,0.0,25.91
2019,111,23.3,7.8,15.7,0.0,23.18
2019,112,23.6,12.3,17.0,11.4,17.57
2019,113,16.8,6.8,11.2,0.7,25.53
2019,114,17.7,4.1,11.4,0.0,25.38
2019,115,19.9,5.9,11.4,7.4,18.61
2019,116,13.9,7.5,10.3,0.0,26.83
2019,117,6.9,1.7,3.4,10.5,4.47
2019,118,11.5,-1.6,5.9,0.0,25.48
2019,119,12.1,4.3,7.6,8.7,5.5
2019,120,8.0,5.0,6.3,4.9,7.96
2019,121,12.0,5.2,8.0,2.6,11.49
2019,122,11.8,6.1,8.5,2.8,7.7
2019,123,13.5,4.6,9.2,0.2,16.28
2019,124,18.1,4.3,11.6,0.1,21.34
2019,125,21.4,9.0,14.4,3.3,20.74
2019,126,14.5,9.3,12.2,4.9,12.65
2019,127,13.9,5.8,9.8,0.0,23.4
2019,128,14.7,5.6,8.5,19.0,6.05
2019,129,15.9,7.2,11.4,1.0,14.92
2019,130,14.5,3.8,9.2,0.0,22.44
2019,131,11.6,4.8,8.5,1.2,13.04
2019,132,11.6,3.4,7.9,0.2,12.52
2019,133,16.5,3.6,10.1,0.0,26.51
2019,134,20.3,6.1,13.5,0.0,21.54
2019,135,22.0,8.0,15.7,0.0,24.26
2019,136,26.5,14.2,18.5,2.9,14.14
2019,137,17.1,7.6,12.0,8.3,12.77
2019,138,25.5,7.0,15.4,8.5,19.08
2019,139,18.9,10.0,14.6,10.9,17.64
2019,140,12.7,5.3,9.2,0.0,16.3
2019,141,13.6,7.4,10.0,4.2,13.08
2019,142,24.8,9.2,17.0,7.0,23.42
2019,143,20.9,12.6,16.7,0.0,28.92
2019,144,24.4,11.4,16.0,19.4,11.56
2019,145,26.5,17.8,21.8,5.7,24.82
2019,146,22.6,13.0,17.8,0.0,25.62
2019,147,19.3,13.0,16.3,16.2,9.96
2019,148,19.4,11.3,14.9,1.7,14.43
2019,149,20.7,11.3,15.8,0.7,15.16
2019,150,23.5,14.9,18.7,15.7,17.64
2019,151,28.4,14.3,21.5,1.5,28.49
2019,152,24.8,16.2,19.2,12.7,14.68
2019,153,20.3,11.5,16.2,0.0,25.68
2019,154,21.9,8.9,14.7,0.0,25.72
2019,155,26.4,14.3,19.4,7.6,17.87
2019,156,26.4,17.2,21.9,0.1,24.73
2019,157,25.8,14.7,20.4,0.0,25.7
2019,158,26.7,14.2,20.4,0.0,29.6
2019,159,25.7,14.5,20.4,0.5,29.01
2019,160,24.1,16.2,19.8,2.8,14.18
2019,161,21.9,13.6,17.5,0.1,29.43
2019,162,24.2,13.3,18.0,0.6,21.7
2019,163,17.1,11.8,14.9,14.9,7.63
2019,164,19.0,10.2,14.6,0.2,27.49
2019,165,24.0,12.0,17.8,0.1,18.29
2019,166,24.4,14.7,18.6,3.4,17.82
2019,167,18.2,12.5,15.0,13.5,11.13
2019,168,21.5,11.2,16.7,0.0,16.71
2019,169,23.4,13.5,18.9,1.1,19.09
2019,170,20.1,14.7,17.4,6.3,11.14
2019,171,20.7,13.0,16.7,0.7,18.3
2019,172,22.5,12.7,18.1,0.0,20.63
2019,173,24.3,12.7,19.0,0.0,20.03
2019,174,24.1,18.8,21.2,4.1,13.55
2019,175,22.4,18.1,19.5,12.5,13.05
2019,176,26.4,15.8,21.4,3.2,22.88
2019,177,29.2,16.7,23.2,0.0,27.5
2019,178,30.2,18.6,24.5,0.0,25.15
2019,179,29.2,21.3,24.2,0.8,20.06
2019,180,30.8,20.6,25.8,1.8,24.77
2019,181,29.9,21.0,24.0,12.2,14.34
2019,182,30.5,20.3,25.4,0.5,22.06
2019,183,30.2,22.7,25.5,8.9,20.14
2019,184,29.1,22.1,25.2,6.1,20.29
2019,185,30.2,22.0,25.6,2.7,22.56
2019,186,29.9,21.8,26.0,2.0,23.51
2019,187,25.7,20.9,22.6,28.4,16.98
2019,188,25.5,16.8,21.1,0.0,29.23
2019,189,26.5,16.7,22.3,0.0,29.38
2019,190,28.8,16.0,23.4,0.1,22.58
2019,191,30.8,22.1,25.9,0.3,27.33
2019,192,26.9,18.5,22.7,0.0,28.68
2019,193,29.9,16.8,23.9,0.0,28.99
2019,194,31.0,22.2,26.4,0.0,27.11
2019,195,30.9,20.3,25.6,0.2,25.44
2019,196,31.7,22.7,26.7,1.2,24.68
2019,197,29.8,21.1,25.4,0.1,19.39
2019,198,31.7,23.3,27.1,0.1,22.91
2019,199,31.7,22.4,26.1,14.5,14.71
2019,200,34.6,23.9,28.3,12.9,20.37
2019,201,28.8,21.9,25.8,33.9,12.03
2019,202,26.9,19.4,23.0,1.6,23.4
2019,203,24.0,17.5,20.6,0.0,24.27
2019,204,25.0,16.7,20.9,0.8,24.27
2019,205,27.5,17.1,22.6,0.0,25.94
2019,206,28.2,18.4,23.4,0.0,23.09
2019,207,28.8,19.6,23.5,0.7,16.8
2019,208,29.2,22.3,25.3,2.3,21.8
2019,209,30.8,21.1,26.0,0.7,20.03
2019,210,27.8,20.8,24.1,10.6,22.7
2019,211,22.6,17.2,20.4,0.0,19.73
2019,212,24.5,16.0,20.7,0.0,26.49
2019,213,25.8,14.7,21.0,0.0,27.77
2019,214,27.7,15.6,22.5,0.0,25.94
2019,215,29.0,18.0,24.1,3.6,22.85
2019,216,28.1,19.5,24.0,1.0,22.23
2019,217,29.3,20.0,24.9,12.2,18.71
2019,218,27.3,19.8,23.2,4.1,22.42
2019,219,29.5,18.1,24.2,0.0,23.05
2019,220,25.3,18.4,22.1,0.0,26.83
2019,221,25.5,15.5,20.7,0.0,26.19
2019,222,26.6,17.2,21.5,0.4,19.18
2019,223,26.4,18.7,22.3,1.1,11.95
2019,224,25.1,18.9,22.5,1.4,10.86
2019,225,26.5,19.7,22.7,0.5,19.08
2019,226,21.5,16.7,19.2,6.4,10.24
2019,227,24.2,14.7,19.6,0.0,22.98
2019,228,26.5,16.7,21.1,0.6,19.63
2019,229,27.8,14.8,21.5,0.0,19.82
2019,230,27.0,19.7,21.9,5.8,13.35
2019,231,27.9,17.6,22.2,0.0,22.99
2019,232,28.5,18.8,23.0,0.4,15.84
2019,233,25.7,19.9,22.7,0.1,16.3
2019,234,23.2,14.5,19.5,0.0,18.57
2019,235,22.8,14.9,18.5,0.0,18.77
2019,236,22.6,13.4,18.0,0.0,18.11
2019,237,23.9,14.7,18.9,2.9,16.51
2019,238,22.0,17.2,19.2,12.8,6.72
2019,239,24.2,17.1,20.2,0.0,20.46
2019,240,22.8,15.6,18.5,0.0,21.64
2019,241,27.7,14.0,20.4,0.2,19.75
2019,242,22.5,14.1,18.1,0.0,21.92
2019,243,21.4,12.2,17.1,0.0,10.57
2019,244,24.3,13.6,19.2,0.0,16.68
2019,245,26.5,17.3,21.6,1.6,17.06
2019,246,27.0,19.1,22.6,12.1,13.69
2019,247,19.3,13.9,16.7,0.0,13.28
2019,248,23.1,11.5,17.6,0.0,21.32
2019,249,23.4,14.3,19.6,0.0,17.2
2019,250,22.4,13.1,17.8,0.1,16.02
2019,251,19.8,13.4,16.3,0.4,7.71
2019,252,24.2,14.4,18.6,1.9,8.77
2019,253,28.5,21.4,23.9,4.9,12.81
2019,254,28.5,19.0,23.3,28.9,12.47
2019,255,23.9,15.9,19.5,17.1,7.11
2019,256,21.6,16.3,19.5,45.8,17.96
2019,257,24.8,13.0,19.0,0.1,18.07
2019,258,24.9,18.4,21.5,3.3,11.01
2019,259,26.6,17.2,21.2,0.0,18.73
2019,260,26.3,16.7,20.9,0.0,18.49
2019,261,27.2,17.1,21.7,0.0,19.16
2019,262,24.3,19.2,21.1,15.0,7.56
2019,263,27.5,17.8,22.4,0.1,16.04
2019,264,25.6,21.1,22.8,6.5,9.2
2019,265,22.1,17.4,20.4,23.5,5.0
2019,266,22.4,12.9,17.3,0.0,18.37
2019,267,25.8,14.5,20.2,0.0,16.91
2019,268,22.4,17.4,20.0,0.1,17.55
2019,269,20.3,12.2,16.2,0.0,17.39
2019,270,20.8,15.4,17.8,26.9,6.19
2019,271,17.5,12.2,14.9,3.4,14.66
2019,272,16.9,12.7,14.9,13.0,4.72
2019,273,28.4,16.4,23.1,1.8,15.66
2019,274,27.0,18.6,23.1,22.9,7.36
2019,275,16.8,11.9,13.8,48.0,4.64
2019,276,14.4,9.8,13.3,1.4,10.03
2019,277,13.0,6.9,10.2,0.0,13.0
2019,278,14.1,9.2,11.8,9.6,3.93
2019,279,17.5,8.7,13.3,0.0,12.68
2019,280,17.7,9.4,13.1,0.0,16.65
2019,281,19.2,8.6,13.5,0.0,16.26
2019,282,19.8,9.9,14.4,0.0,15.7
2019,283,20.5,12.6,16.4,2.5,8.31
2019,284,17.7,3.9,10.4,2.5,6.24
2019,285,9.2,1.3,4.2,2.1,12.01
2019,286,5.9,2.4,4.2,1.4,4.24
2019,287,10.5,2.1,5.8,0.0,14.9
2019,288,16.4,5.7,9.7,8.6,9.56
2019,289,9.7,5.4,7.5,0.0,10.31
2019,290,10.8,4.4,7.3,0.0,9.43
2019,291,14.1,4.3,8.8,0.0,13.56
2019,292,15.5,9.1,11.5,1.8,7.01
2019,293,17.4,5.7,11.3,0.0,13.68
2019,294,16.3,9.8,12.4,11.2,5.63
2019,295,9.4,7.2,7.9,1.9,3.24
2019,296,12.9,4.5,7.8,1.6,13.1
2019,297,7.7,1.4,4.9,0.0,9.84
2019,298,8.9,-0.1,4.0,0.0,13.58
2019,299,9.4,0.5,5.0,6.2,7.55
2019,300,13.7,2.5,7.5,1.4,12.73
2019,301,6.7,2.5,5.4,0.9,3.49
2019,302,3.9,-1.9,0.6,6.6,12.47
2019,303,2.2,-2.2,-0.2,3.0,3.46
2019,304,0.1,-4.7,-2.1,9.1,5.26
2019,305,3.5,-6.2,-0.9,0.7,7.06
2019,306,4.3,-1.1,1.8,0.4,7.83
2019,307,8.8,-1.9,3.1,2.7,8.84
2019,308,7.4,2.5,5.0,3.5,8.7
2019,309,1.7,-1.5,-0.1,0.0,9.89
2019,310,0.4,-2.8,-0.8,8.2,1.97
2019,311,-3.2,-9.8,-6.8,0.0,11.89
2019,312,-2.1,-13.5,-6.9,0.0,8.78
2019,313,7.1,-3.7,1.3,0.2,10.11
2019,314,1.5,-2.0,0.4,0.3,3.16
2019,315,-3.1,-11.5,-7.3,3.8,7.51
2019,316,-8.8,-14.9,-11.8,0.0,11.18
2019,317,-4.0,-10.7,-7.1,1.6,1.92
2019,318,-1.0,-10.4,-4.8,0.0,8.9
2019,319,5.7,-5.1,-1.0,0.0,9.41
2019,320,4.9,-3.7,-0.2,0.0,7.73
2019,321,2.3,-1.1,0.4,3.6,2.37
2019,322,2.5,-2.2,0.9,0.0,3.75
2019,323,4.1,-3.6,0.5,0.8,4.35
2019,324,8.4,-1.7,3.9,0.0,7.71
2019,325,11.8,1.3,6.4,12.9,2.33
2019,326,1.6,-5.2,-2.4,0.0,9.34
2019,327,6.2,-4.4,-0.1,0.0,8.91
2019,328,7.9,-0.1,3.5,0.1,4.93
2019,329,10.0,0.1,4.0,0.2,5.01
2019,330,6.2,-1.5,2.6,3.1,6.54
2019,331,8.4,-1.2,3.0,12.2,2.86
2019,332,1.9,-3.5,-0.5,0.0,4.23
2019,333,1.4,-0.6,0.4,0.9,1.76
2019,334,2.4,1.0,1.7,7.4,1.66
2019,335,2.3,-3.0,0.4,3.4,1.49
2019,336,0.3,-4.4,-2.5,0.0,8.29
2019,337,6.5,-3.5,0.6,0.0,7.32
2019,338,4.8,-1.4,1.0,0.0,8.22
2019,339,6.0,-3.8,1.1,0.0,5.71
2019,340,2.9,-4.8,-1.0,0.0,6.76
2019,341,4.1,-4.6,-0.2,0.0,6.49
2019,342,7.8,-0.6,3.0,0.0,6.2
2019,343,6.0,-6.5,1.3,2.1,1.07
2019,344,-6.9,-11.9,-9.0,0.0,8.37
2019,345,-6.6,-12.0,-9.6,0.0,8.41
2019,346,5.4,-8.0,-1.0,0.0,2.29
2019,347,1.9,-3.6,-1.0,0.0,4.01
2019,348,0.1,-7.1,-3.0,0.0,6.75
2019,349,-4.2,-11.1,-7.5,0.4,7.54
2019,350,-0.2,-8.4,-4.7,0.8,7.54
2019,351,1.6,-7.7,-4.0,0.0,6.67
2019,352,-4.1,-15.2,-10.2,0.2,7.06
2019,353,4.6,-7.9,-3.0,0.0,7.57
2019,354,5.7,-4.3,-0.4,0.0,6.42
2019,355,7.8,-1.8,1.7,0.0,7.62
2019,356,8.5,1.7,4.1,0.0,7.58
2019,357,7.9,-0.1,3.1,0.0,7.25
2019,358,9.5,-1.8,3.0,0.0,5.97
2019,359,12.0,2.7,6.5,0.0,6.49
2019,360,8.1,1.1,5.4,0.0,6.59
2019,361,2.9,-3.3,-0.1,0.0,7.39
2019,362,4.6,-3.6,0.6,5.3,1.41
2019,363,11.8,6.3,9.9,13.5,4.04
2019,364,6.1,-3.1,0.1,9.9,2.37
2019,365,-1.0,-6.7,-3.8,2.8,6.64
2020,1,4.1,-8.8,-2.1,0.0,7.31
2020,2,7.6,0.9,3.7,0.2,7.5
2020,3,1.9,-2.7,-0.2,0.1,5.31
2020,4,-0.7,-4.8,-2.1,0.2,5.34
2020,5,5.6,-5.5,-0.2,0.0,6.82
2020,6,5.2,-4.0,-0.1,0.0,7.78
2020,7,2.6,-4.3,-0.6,0.4,6.92
2020,8,-5.6,-13.1,-9.3,0.0,8.36
2020,9,8.7,-7.5,2.2,0.2,2.3
2020,10,2.1,-2.1,-0.3,5.8,6.18
2020,11,-1.6,-7.4,-5.3,6.8,2.24
2020,12,-2.9,-14.1,-7.0,2.3,7.98
2020,13,-0.4,-3.6,-2.5,1.9,6.29
2020,14,1.9,-7.0,-0.8,2.2,4.46
2020,15,-0.2,-9.9,-4.3,0.4,1.72
2020,16,-5.6,-18.4,-13.6,0.0,9.45
2020,17,-2.7,-19.9,-9.7,6.3,3.13
2020,18,0.1,-17.3,-5.5,6.8,3.47
2020,19,-7.1,-19.0,-13.5,0.0,9.31
2020,20,-6.0,-15.1,-10.5,0.0,9.33
2020,21,-5.0,-16.9,-10.6,0.0,9.5
2020,22,-0.0,-7.0,-3.3,0.2,4.54
2020,23,-0.0,-2.3,-1.1,3.9,2.3
2020,24,1.2,-0.5,0.3,6.9,2.08
2020,25,1.6,0.3,0.7,5.7,2.34
2020,26,0.3,-3.0,-0.9,0.0,5.56
2020,27,1.0,-3.9,-1.9,0.0,5.63
2020,28,-1.5,-5.4,-3.3,0.0,6.84
2020,29,-2.4,-7.0,-4.8,0.0,5.08
2020,30,-0.4,-6.9,-3.6,0.0,5.76
2020,31,0.5,-3.0,-1.2,0.8,3.75
2020,32,2.8,-0.6,0.7,0.1,5.07
2020,33,9.1,0.4,4.7,0.0,10.5
2020,34,2.6,-4.9,-0.7,0.0,10.76
2020,35,-0.4,-6.7,-4.1,0.0,7.62
2020,36,-4.4,-12.5,-7.9,0.0,6.25
2020,37,-1.5,-11.2,-7.0,0.0,11.89
2020,38,0.3,-11.7,-5.9,0.0,9.42
2020,39,-0.9,-11.6,-5.8,0.1,6.86
2020,40,0.3,-10.2,-4.3,8.4,1.87
2020,41,0.0,-13.6,-6.7,0.0,12.99
2020,42,-1.5,-8.3,-5.4,0.0,10.29
2020,43,2.8,-8.2,-2.8,2.0,8.29
2020,44,-0.5,-19.2,-12.3,3.0,12.37
2020,45,-10.4,-25.5,-18.0,0.0,14.22
2020,46,3.5,-15.5,-4.6,0.0,11.91
2020,47,0.2,-7.7,-3.4,0.2,10.63
2020,48,0.7,-4.5,-1.4,11.6,3.74
2020,49,0.8,-6.9,-1.6,0.7,12.95
2020,50,-7.2,-15.0,-11.0,0.0,14.37
2020,51,-9.0,-19.6,-14.4,0.0,15.38
2020,52,1.6,-15.2,-7.0,0.0,15.3
2020,53,6.6,-5.1,0.3,0.0,14.48
2020,54,9.3,-0.0,3.5,0.0,15.19
2020,55,1.9,-3.4,-0.6,0.0,10.17
2020,56,-0.1,-2.9,-1.5,0.0,8.56
2020,57,-2.7,-6.5,-4.7,0.0,9.13
2020,58,-4.1,-10.7,-7.1,0.0,11.11
2020,59,-4.2,-12.0,-8.6,0.0,16.61
2020,60,2.5,-14.5,-6.5,0.0,16.67
2020,61,12.1,-2.9,4.1,0.0,15.13
2020,62,4.5,-2.9,0.1,0.0,15.18
2020,63,5.6,-4.8,0.6,1.4,13.19
2020,64,4.2,-3.5,0.1,0.0,17.16
2020,65,7.0,-1.9,2.7,0.5,12.37
2020,66,1.4,-7.9,-2.3,0.3,17.75
2020,67,8.5,-8.5,0.9,0.0,17.43
2020,68,15.0,3.6,8.8,0.1,17.0
2020,69,11.0,4.3,8.8,15.4,3.08
2020,70,8.2,-1.5,3.3,0.1,17.81
2020,71,8.0,1.8,4.5,6.8,6.67
2020,72,15.2,1.5,6.3,3.4,8.34
2020,73,6.7,-1.7,2.3,0.0,18.97
2020,74,0.9,-2.9,-0.6,1.9,4.73
2020,75,4.4,-4.3,-0.5,0.0,16.59
2020,76,4.8,-2.7,0.9,0.0,5.91
2020,77,7.2,-3.5,2.0,0.0,19.92
2020,78,4.1,0.8,2.3,10.8,3.82
2020,79,9.2,2.9,5.6,11.7,3.52
2020,80,4.8,-3.4,1.2,5.9,12.83
2020,81,1.7,-6.5,-2.8,0.0,20.37
2020,82,3.3,-3.5,-0.6,0.9,12.16
2020,83,8.4,-3.9,2.3,0.3,11.21
2020,84,9.2,0.1,4.7,0.0,11.87
2020,85,12.8,0.8,6.5,0.5,11.97
2020,86,7.8,4.3,5.9,1.3,4.16
2020,87,11.8,0.4,5.6,1.5,13.08
2020,88,11.9,5.2,7.8,6.4,8.36
2020,89,13.4,4.4,6.6,1.0,4.19
2020,90,11.5,2.3,6.6,0.0,19.48
2020,91,5.0,0.0,2.6,0.0,7.06
2020,92,11.5,-2.2,4.7,0.0,19.03
2020,93,14.7,1.1,7.9,0.0,18.09
2020,94,17.4,2.9,9.9,3.9,10.26
2020,95,9.3,-2.7,3.1,1.8,23.31
2020,96,12.2,-2.3,4.9,0.0,22.72
2020,97,14.6,0.1,7.7,4.2,12.54
2020,98,22.0,7.3,14.4,0.2,13.29
2020,99,16.9,5.7,10.0,7.5,11.78
2020,100,6.7,0.9,3.8,0.7,19.78
2020,101,8.4,-0.2,3.5,0.0,19.02
2020,102,14.2,1.8,8.0,1.0,16.48
2020,103,16.1,1.4,8.6,17.8,8.87
2020,104,5.2,-1.3,1.3,4.4,23.68
2020,105,2.6,-4.2,-1.1,0.6,18.18
2020,106,2.7,-5.1,-1.2,0.1,22.49
2020,107,6.3,-4.4,1.0,0.0,25.0
2020,108,8.1,0.1,3.8,0.1,13.66
2020,109,13.9,-0.1,7.5,0.0,24.97
2020,110,11.6,4.1,8.7,0.0,24.91
2020,111,14.9,0.1,7.8,2.6,21.77
2020,112,7.7,-0.3,3.9,0.0,26.6
2020,113,15.7,1.4,7.9,8.0,17.09
2020,114,12.1,3.7,7.4,0.1,13.52
2020,115,13.3,3.4,7.6,0.0,18.32
2020,116,12.0,4.4,7.9,0.0,12.53
2020,117,16.0,3.7,9.9,0.0,26.56
2020,118,15.1,6.0,10.6,5.6,8.75
2020,119,19.3,7.8,13.4,13.3,12.88
2020,120,11.9,8.1,9.9,5.1,5.9
2020,121,16.6,6.8,10.9,0.0,27.4
2020,122,17.9,4.1,11.3,0.0,20.77
2020,123,20.7,11.9,16.4,0.0,18.22
2020,124,20.2,8.6,15.0,0.0,26.02
2020,125,13.0,3.7,8.0,0.0,22.78
2020,126,8.8,3.8,6.6,3.7,7.62
2020,127,16.6,4.0,10.4,0.0,21.75
2020,128,15.3,6.1,11.1,0.0,27.5
2020,129,7.5,1.4,4.4,0.1,27.95
2020,130,13.6,-0.2,7.6,0.0,26.57
2020,131,11.2,3.1,6.5,6.2,8.44
2020,132,9.5,1.8,6.2,0.0,19.22
2020,133,13.8,1.4,8.1,0.0,29.23
2020,134,17.2,3.1,10.6,7.8,25.86
2020,135,20.6,10.4,15.2,16.1,10.76
2020,136,21.0,12.3,16.5,14.0,28.05
2020,137,20.6,8.3,14.2,0.3,25.95
2020,138,11.7,10.7,11.3,59.5,2.9
2020,139,13.1,9.8,11.1,6.4,7.23
2020,140,18.8,9.6,13.4,0.2,11.53
2020,141,20.7,10.4,15.2,0.0,25.88
2020,142,21.0,9.8,15.6,0.0,19.65
2020,143,19.6,11.7,15.9,0.4,9.58
2020,144,23.4,12.6,17.1,25.0,16.4
2020,145,27.9,13.1,20.2,0.0,24.39
2020,146,27.7,18.1,23.0,0.2,24.42
2020,147,27.7,19.0,23.3,2.9,23.0
2020,148,27.6,19.3,23.5,0.1,23.19
2020,149,21.7,17.3,19.6,21.9,7.43
2020,150,19.0,12.6,15.8,0.0,20.85
2020,151,19.6,10.2,14.8,0.0,27.39
2020,152,20.6,7.5,14.2,0.0,30.18
2020,153,23.9,12.5,18.1,2.3,18.05
2020,154,31.3,20.5,25.3,23.0,28.11
2020,155,28.2,19.7,23.4,1.7,27.94
2020,156,29.2,17.1,23.8,0.0,27.4
2020,157,27.7,19.6,23.3,1.1,24.23
2020,158,24.6,15.8,20.2,0.0,29.15
2020,159,25.5,13.7,19.3,0.1,26.49
2020,160,30.0,17.9,24.0,0.0,29.23
2020,161,28.5,19.2,23.5,9.7,13.4
2020,162,27.3,16.0,20.6,5.9,20.8
2020,163,24.6,14.4,19.5,0.1,26.87
2020,164,26.0,12.2,18.9,0.1,25.45
2020,165,19.5,9.7,14.4,0.0,30.36
2020,166,21.0,10.4,15.5,0.0,30.89
2020,167,23.9,10.9,17.6,0.0,29.13
2020,168,27.2,12.2,20.2,0.0,30.2
2020,169,28.7,16.3,22.8,0.0,30.11
2020,170,30.0,17.1,23.8,0.0,29.61
2020,171,28.9,18.4,23.7,0.2,18.29
2020,172,24.1,20.1,22.3,12.6,12.21
2020,173,27.8,17.1,22.6,0.9,26.47
2020,174,21.5,17.0,20.0,17.8,7.62
2020,175,21.9,14.8,18.3,0.8,21.94
2020,176,22.7,14.8,18.5,4.2,25.89
2020,177,26.7,14.7,20.8,0.0,29.1
2020,178,26.1,19.0,21.4,25.4,8.2
2020,179,28.5,19.8,24.1,0.0,27.42
2020,180,29.0,19.4,24.4,0.6,24.13
2020,181,29.7,21.2,24.6,5.2,20.06
2020,182,30.3,20.7,25.7,0.2,25.32
2020,183,30.5,21.2,25.6,0.0,25.55
2020,184,30.2,19.5,24.9,0.0,26.43
2020,185,30.2,22.6,26.8,0.4,26.06
2020,186,30.4,22.0,26.4,0.1,26.57
2020,187,31.1,21.4,26.5,0.3,23.63
2020,188,30.9,22.9,26.8,0.5,23.23
2020,189,32.4,22.3,26.2,2.6,24.1
2020,190,31.6,21.1,25.9,1.6,23.89
2020,191,31.2,21.7,25.3,24.6,21.55
2020,192,28.0,20.0,23.6,7.8,24.54
2020,193,27.7,18.5,23.6,0.0,23.31
2020,194,25.9,19.1,22.6,0.0,22.83
2020,195,27.3,17.1,22.8,0.0,21.15
2020,196,29.5,19.7,24.5,0.0,25.58
2020,197,26.1,19.5,22.8,8.9,9.42
2020,198,27.4,17.9,22.2,0.0,26.61
2020,199,30.1,19.2,24.8,0.0,26.59
2020,200,32.3,22.8,27.2,2.1,20.74
2020,201,28.7,22.0,25.5,12.1,25.97
2020,202,26.6,19.0,23.0,0.0,23.36
2020,203,26.5,18.6,22.5,0.0,19.36
2020,204,26.2,18.5,22.4,0.2,26.58
2020,205,25.0,16.0,20.8,0.0,19.42
2020,206,29.0,17.3,23.4,0.0,24.86
2020,207,32.3,20.6,26.3,0.0,24.97
2020,208,32.5,23.9,27.0,8.7,22.08
2020,209,27.9,20.9,24.4,0.0,25.53
2020,210,29.0,18.6,24.2,0.2,22.67
2020,211,29.2,19.8,24.8,0.0,26.18
2020,212,26.6,19.4,22.9,0.1,21.86
2020,213,25.9,17.2,21.7,0.0,20.43
2020,214,26.2,17.2,22.2,0.0,18.33
2020,215,23.8,17.5,20.6,6.4,19.32
2020,216,21.0,14.4,17.3,0.4,15.83
2020,217,21.4,13.4,17.0,0.0,23.32
2020,218,23.0,14.8,18.8,0.0,17.07
2020,219,25.0,15.6,20.5,0.0,19.04
2020,220,27.9,15.0,21.8,0.0,25.51
2020,221,30.8,19.7,24.9,0.1,23.31
2020,222,30.5,21.4,25.1,1.0,17.19
2020,223,28.5,20.0,24.0,3.8,14.13
2020,224,26.9,15.3,21.3,0.0,26.47
2020,225,28.1,15.0,21.8,0.0,26.06
2020,226,28.6,17.5,23.1,0.0,21.68
2020,227,29.7,17.1,23.7,0.0,25.04
2020,228,26.5,19.3,22.3,4.7,19.77
2020,229,27.4,16.2,21.9,0.0,23.91
2020,230,27.0,17.8,22.3,0.3,19.66
2020,231,24.6,16.5,20.5,0.0,24.18
2020,232,27.1,13.8,20.9,0.0,24.57
2020,233,28.4,18.0,22.7,0.0,24.12
2020,234,29.5,17.6,23.4,0.0,24.09
2020,235,28.8,19.1,24.0,0.2,19.79
2020,236,30.3,19.5,24.5,3.7,20.61
2020,237,33.6,21.6,26.9,0.0,21.86
2020,238,32.3,20.3,26.1,3.8,18.14
2020,239,33.0,23.0,27.7,0.0,23.02
2020,240,32.4,23.8,27.4,1.1,17.16
2020,241,32.1,22.4,25.6,0.8,17.09
2020,242,25.0,18.6,21.4,0.0,23.41
2020,243,24.2,14.4,19.3,0.0,23.08
2020,244,26.5,16.5,19.9,7.3,12.58
2020,245,22.9,13.0,18.0,2.6,16.47
2020,246,27.2,17.1,21.3,1.0,22.87
2020,247,24.5,16.3,20.5,0.0,18.98
2020,248,24.2,12.6,18.4,0.0,21.64
2020,249,24.6,13.6,19.5,0.0,21.62
2020,250,26.7,15.4,20.1,20.6,12.74
2020,251,21.2,13.9,17.3,0.5,13.24
2020,252,15.2,10.9,13.0,11.1,7.26
2020,253,12.5,9.2,10.9,10.7,3.66
2020,254,12.1,8.4,10.2,13.2,4.41
2020,255,16.5,11.3,13.7,12.4,5.86
2020,256,21.7,14.9,18.1,11.8,8.43
2020,257,22.8,13.2,17.3,0.0,19.58
2020,258,22.8,13.0,17.5,0.0,14.36
2020,259,25.4,14.9,19.7,0.0,20.23
2020,260,24.5,15.9,19.8,0.0,15.23
2020,261,18.1,12.3,15.1,0.0,14.19
2020,262,15.0,9.5,11.9,0.0,17.98
2020,263,17.5,7.5,12.2,0.0,19.79
2020,264,20.0,9.4,14.4,0.0,18.93
2020,265,22.4,11.4,16.7,0.0,19.13
2020,266,25.1,13.3,18.7,0.0,18.35
2020,267,25.3,14.1,19.2,0.0,18.37
2020,268,23.0,14.9,18.6,1.4,9.95
2020,269,24.2,15.1,19.9,0.1,18.15
2020,270,26.5,18.1,22.2,0.0,14.18
2020,271,24.3,13.5,17.9,6.3,5.34
2020,272,14.9,10.0,12.7,3.7,9.75
2020,273,14.7,7.6,11.1,0.2,9.51
2020,274,14.6,9.9,12.1,4.1,11.94
2020,275,13.7,7.9,10.0,3.0,12.55
2020,276,10.0,5.5,8.0,0.0,8.82
2020,277,11.9,6.3,8.8,1.8,8.68
2020,278,11.1,3.1,6.7,0.0,16.7
2020,279,15.2,4.4,9.7,0.0,16.53
2020,280,21.2,9.7,15.7,0.2,14.69
2020,281,19.9,10.0,16.0,0.0,16.13
2020,282,17.0,8.7,12.5,0.0,16.09
2020,283,25.1,10.7,17.9,0.0,14.73
2020,284,20.7,9.8,17.3,0.0,15.58
2020,285,18.1,8.3,13.0,0.2,9.32
2020,286,18.4,10.2,14.7,9.7,6.35
2020,287,17.7,9.6,12.4,0.3,11.31
2020,288,19.5,8.5,13.4,0.0,6.15
2020,289,12.2,5.0,8.0,0.0,14.0
2020,290,10.4,3.6,6.1,0.8,13.74
2020,291,13.8,3.5,9.3,0.2,7.73
2020,292,13.2,3.5,5.9,1.6,7.15
2020,293,4.3,-0.2,1.9,0.6,7.82
2020,294,8.5,-0.4,3.6,2.2,5.63
2020,295,12.2,5.4,7.9,1.5,10.91
2020,296,12.8,6.0,8.3,44.3,2.32
2020,297,8.1,2.0,4.8,13.8,2.95
2020,298,4.5,-1.4,1.9,0.0,8.6
2020,299,3.3,-0.3,1.1,0.6,4.86
2020,300,2.6,-2.5,-0.1,0.1,9.34
2020,301,4.6,-2.9,0.3,0.0,12.47
2020,302,10.2,-1.4,3.7,0.0,12.32
2020,303,5.4,0.5,3.2,0.0,6.72
2020,304,3.9,-2.1,0.5,0.0,12.4
2020,305,13.2,-1.3,6.0,0.1,11.56
2020,306,7.2,-1.5,1.5,0.0,11.52
2020,307,9.0,-2.7,3.2,0.0,11.26
2020,308,17.3,3.9,10.1,0.0,11.56
2020,309,18.6,10.1,13.5,0.0,11.27
2020,310,19.9,9.2,13.4,0.0,10.53
2020,311,19.9,9.3,14.2,0.0,10.78
2020,312,19.4,12.5,15.4,0.0,10.77
2020,313,21.3,13.0,16.7,0.0,9.66
2020,314,21.7,16.7,19.0,4.1,7.74
2020,315,17.7,3.5,13.3,30.6,2.1
2020,316,6.7,-0.1,2.6,0.0,10.54
2020,317,10.5,0.8,5.4,0.2,9.72
2020,318,2.6,-4.4,-1.0,0.6,10.52
2020,319,8.9,-2.3,2.4,4.7,5.01
2020,320,10.0,-1.4,4.3,7.0,3.84
2020,321,5.2,-2.8,1.0,0.2,7.42
2020,322,3.8,-4.0,-0.2,0.0,9.86
2020,323,9.0,-0.7,4.1,0.0,9.18
2020,324,16.0,7.9,12.0,0.0,7.43
2020,325,13.1,2.1,8.4,0.0,8.53
2020,326,5.0,-2.0,1.5,0.0,9.28
2020,327,5.8,-1.7,2.4,0.0,5.37
2020,328,4.0,0.1,1.9,0.0,7.99
2020,329,4.6,0.2,2.3,10.9,1.15
2020,330,5.3,3.6,4.4,5.5,1.23
2020,331,7.8,1.2,4.2,0.0,7.81
2020,332,5.1,-2.1,0.9,0.0,8.6
2020,333,8.8,-2.0,3.2,0.0,8.45
2020,334,6.7,0.7,3.7,0.0,7.07
2020,335,0.1,-4.1,-2.3,0.0,3.95
2020,336,0.8,-6.5,-3.4,0.0,8.24
2020,337,7.1,-4.6,0.0,0.0,8.6
2020,338,4.6,-3.0,0.6,0.0,7.71
2020,339,4.8,-1.7,1.1,0.0,8.06
2020,340,2.7,-3.9,-0.8,0.0,5.93
2020,341,3.1,-1.4,0.3,0.0,5.01
2020,342,2.1,-1.6,-0.0,0.0,4.52
2020,343,2.9,-3.6,-0.9,0.0,5.66
2020,344,8.8,-0.5,2.5,0.0,7.77
2020,345,10.0,-1.2,3.4,0.0,7.55
2020,346,3.0,0.7,1.8,8.2,1.29
2020,347,0.8,-2.7,-0.3,13.4,2.85
2020,348,-1.8,-11.5,-5.7,0.0,5.45
2020,349,-4.3,-10.1,-6.6,0.0,6.8
2020,350,-6.0,-13.6,-9.4,0.0,6.34
2020,351,-1.5,-5.8,-3.8,0.0,3.88
2020,352,-0.4,-8.9,-3.9,0.0,4.9
2020,353,1.0,-12.3,-4.5,0.0,4.79
2020,354,2.6,-1.0,1.0,0.0,6.91
2020,355,1.1,-5.1,-1.9,0.0,7.71
2020,356,4.5,-2.5,0.7,0.2,5.52
2020,357,2.5,-5.9,-0.8,0.0,7.23
2020,358,9.9,-7.3,3.9,0.0,3.23
2020,359,-8.0,-15.1,-11.1,0.3,5.2
2020,360,-6.0,-15.3,-10.9,0.0,7.85
2020,361,-1.6,-8.7,-5.9,0.0,7.42
2020,362,2.0,-6.5,-2.4,3.1,3.56
2020,363,-1.9,-8.0,-4.8,0.0,7.81
2020,364,-2.9,-12.7,-7.0,11.4,3.41
2020,365,0.0,-6.7,-2.4,3.2,3.28
2020,366,-4.6,-12.9,-8.7,0.0,7.92
2021,1,-1.5,-14.0,-7.0,2.7,2.01
2021,2,-3.1,-12.1,-7.4,0.0,7.61
2021,3,-0.9,-8.0,-4.9,0.0,6.38
2021,4,0.2,-7.9,-3.9,0.1,4.38
2021,5,2.5,-6.5,-3.1,0.0,8.39
2021,6,-2.5,-11.3,-6.7,0.0,4.79
2021,7,-0.9,-6.1,-3.2,0.0,5.17
2021,8,-1.5,-5.9,-3.8,0.0,7.04
2021,9,-1.4,-10.2,-5.6,0.0,7.28
2021,10,-3.5,-11.9,-6.7,0.0,4.5
2021,11,1.0,-7.8,-3.6,0.0,6.67
2021,12,2.9,-4.9,-1.4,0.0,8.29
2021,13,3.5,-1.7,0.5,0.0,3.82
2021,14,2.0,-6.7,-1.1,6.6,3.09
2021,15,1.8,-0.5,0.3,2.2,5.68
2021,16,2.0,-0.6,0.6,2.3,4.68
2021,17,-0.8,-3.6,-2.1,1.7,4.12
2021,18,-2.7,-8.9,-4.7,0.1,5.71
2021,19,-2.4,-11.3,-6.6,1.8,5.1
2021,20,1.1,-16.3,-8.1,0.0,9.39
2021,21,2.5,-4.3,0.4,0.0,9.72
2021,22,-7.3,-15.6,-12.5,0.0,10.38
2021,23,-4.8,-20.2,-11.9,0.5,9.14
2021,24,-0.9,-9.8,-4.2,3.4,4.86
2021,25,-5.1,-13.3,-9.1,0.4,6.29
2021,26,-4.5,-9.9,-6.2,7.8,7.17
2021,27,-7.4,-13.9,-11.0,0.0,9.86
2021,28,-7.3,-18.2,-12.8,0.0,9.92
2021,29,-3.7,-14.8,-9.0,0.0,8.04
2021,30,0.4,-5.0,-2.4,6.9,5.5
2021,31,-1.2,-3.5,-2.0,9.3,3.64
2021,32,-1.8,-9.7,-5.3,0.0,11.51
2021,33,-1.9,-9.5,-6.4,0.0,11.57
2021,34,-0.6,-13.7,-7.1,0.0,11.52
2021,35,1.3,-6.3,-1.5,12.0,2.13
2021,36,-7.7,-14.1,-12.0,0.0,10.76
2021,37,-13.2,-18.8,-15.4,0.0,7.71
2021,38,-17.7,-25.5,-21.3,0.0,12.71
2021,39,-14.2,-21.0,-17.6,0.2,10.8
2021,40,-12.1,-23.9,-18.0,0.0,11.87
2021,41,-12.4,-19.7,-16.3,0.0,10.14
2021,42,-14.8,-20.5,-17.2,1.4,8.33
2021,43,-14.6,-19.3,-16.8,0.7,12.17
2021,44,-17.1,-21.3,-19.3,2.4,6.89
2021,45,-18.6,-24.2,-21.6,0.0,10.55
2021,46,-17.0,-23.4,-20.1,0.4,11.87
2021,47,-9.5,-17.1,-14.1,0.7,13.85
2021,48,-7.9,-20.7,-13.7,0.0,11.96
2021,49,-5.5,-13.2,-9.5,0.5,12.03
2021,50,-6.5,-14.5,-10.2,0.0,12.21
2021,51,-3.6,-18.2,-10.4,0.0,15.2
2021,52,-0.7,-9.1,-4.7,5.9,5.78
2021,53,3.4,-4.8,-0.8,0.1,12.4
2021,54,7.9,0.9,3.5,0.0,13.71
2021,55,4.4,-2.4,1.8,0.1,10.74
2021,56,4.6,-6.5,-1.5,0.0,15.97
2021,57,4.2,-6.2,-1.0,0.2,15.64
2021,58,8.6,-1.2,2.4,0.7,15.45
2021,59,8.3,-2.0,2.5,0.0,10.78
2021,60,-2.9,-10.0,-6.0,0.2,16.54
2021,61,4.5,-14.0,-3.5,0.0,16.68
2021,62,7.9,-0.9,2.7,0.0,16.83
2021,63,0.5,-7.0,-2.7,0.0,16.7
2021,64,6.1,-11.0,-1.6,0.0,16.65
2021,65,4.9,-8.1,-1.9,0.0,17.94
2021,66,8.1,-10.3,-0.1,0.0,15.89
2021,67,14.6,3.2,7.1,0.0,17.54
2021,68,15.7,-0.2,8.3,0.0,16.41
2021,69,18.1,10.2,13.4,2.1,8.14
2021,70,13.4,1.6,6.7,3.9,16.52
2021,71,8.2,-1.9,3.1,0.0,18.2
2021,72,13.9,-3.1,5.2,0.0,18.27
2021,73,7.7,-1.5,3.7,0.0,14.18
2021,74,0.3,-2.1,-0.8,10.6,3.02
2021,75,5.7,-1.4,1.2,0.0,13.38
2021,76,2.3,-1.4,0.7,7.0,4.16
2021,77,6.7,0.3,3.0,0.2,18.91
2021,78,9.4,-4.1,2.1,0.0,20.23
2021,79,12.3,-2.4,4.6,0.0,20.64
2021,80,15.5,2.9,9.1,0.0,18.42
2021,81,15.2,7.1,10.8,0.8,10.97
2021,82,15.4,6.4,10.2,12.8,6.4
2021,83,12.2,6.6,9.6,7.2,7.02
2021,84,8.4,1.3,5.4,2.1,5.85
2021,85,11.4,-1.1,3.8,0.4,17.28
2021,86,9.8,2.4,5.8,8.8,5.07
2021,87,6.6,0.3,3.3,0.0,20.73
2021,88,16.9,-1.5,7.8,0.0,20.03
2021,89,13.8,3.6,10.1,0.0,19.88
2021,90,3.5,-1.6,1.0,0.0,19.29
2021,91,3.8,-5.5,-1.2,0.0,23.03
2021,92,8.4,-3.3,2.7,0.0,22.36
2021,93,19.8,3.8,11.7,0.0,22.25
2021,94,20.9,3.7,13.3,0.3,20.82
2021,95,22.3,10.8,16.8,0.0,18.04
2021,96,24.4,13.3,18.7,0.0,17.44
2021,97,23.8,13.2,18.0,3.6,18.97
2021,98,16.5,8.8,13.9,9.3,8.73
2021,99,14.2,7.7,10.6,4.0,6.34
2021,100,12.8,5.9,9.6,15.4,6.78
2021,101,13.5,8.6,10.4,12.3,8.11
2021,102,13.5,5.6,10.1,0.1,20.44
2021,103,9.3,4.0,6.2,0.0,12.41
2021,104,6.0,0.6,3.1,0.0,11.64
2021,105,9.6,2.0,5.9,0.0,13.0
2021,106,13.7,2.2,7.9,0.0,23.85
2021,107,13.0,1.4,7.4,0.0,24.09
2021,108,14.9,2.3,9.3,0.3,20.17
2021,109,9.0,2.5,5.5,1.2,12.88
2021,110,6.4,-0.2,2.9,0.5,16.25
2021,111,6.8,-1.4,2.7,0.3,22.67
2021,112,14.3,-1.8,6.3,0.0,24.65
2021,113,14.1,5.8,9.6,0.0,15.59
2021,114,15.5,6.2,10.4,1.5,17.78
2021,115,8.4,0.7,5.1,0.1,20.23
2021,116,21.8,3.1,11.8,0.1,17.21
2021,117,24.4,11.8,17.9,3.0,15.6
2021,118,17.8,7.0,11.9,0.1,22.86
2021,119,19.6,8.4,12.9,1.0,21.04
2021,120,13.8,8.2,10.6,0.0,27.36
2021,121,27.0,6.8,16.9,0.6,22.8
2021,122,26.2,16.0,20.8,11.5,22.54
2021,123,21.7,12.0,16.6,22.7,10.15
2021,124,15.7,7.9,11.1,0.0,20.95
2021,125,15.8,4.4,10.5,0.2,23.84
2021,126,13.7,6.6,9.9,5.5,19.95
2021,127,11.5,5.2,8.3,0.0,21.59
2021,128,12.6,2.2,8.1,0.0,24.45
2021,129,13.9,5.0,9.4,0.2,20.56
2021,130,11.0,4.3,7.8,0.7,21.31
2021,131,12.5,2.5,7.6,0.0,24.31
2021,132,16.1,3.2,10.2,0.0,23.34
2021,133,17.9,5.7,12.2,0.0,20.38
2021,134,19.3,8.2,14.0,0.0,24.05
2021,135,16.1,10.9,13.1,3.9,11.6
2021,136,20.6,10.4,15.4,0.7,19.39
2021,137,22.1,10.8,16.7,0.0,20.87
2021,138,21.9,12.5,16.7,5.0,14.5
2021,139,24.3,16.4,19.8,4.8,14.83
2021,140,26.2,17.9,21.7,1.1,14.55
2021,141,25.4,18.1,21.7,0.8,13.8
2021,142,27.8,17.7,22.6,0.8,24.07
2021,143,24.5,17.7,21.1,7.6,12.39
2021,144,27.8,16.8,22.2,0.1,22.43
2021,145,26.9,20.8,23.2,1.5,23.45
2021,146,23.2,15.6,20.2,0.0,28.8
2021,147,14.8,5.7,8.6,16.5,5.91
2021,148,10.2,6.1,7.7,7.6,6.72
2021,149,17.1,4.8,10.8,0.0,30.61
2021,150,19.1,5.7,12.7,0.0,24.46
2021,151,21.2,10.7,16.2,0.0,20.61
2021,152,23.3,11.5,17.7,0.0,24.63
2021,153,24.6,11.2,19.0,0.0,26.95
2021,154,28.4,13.5,21.6,0.0,25.67
2021,155,30.9,19.3,24.8,0.3,26.63
2021,156,32.0,19.3,26.0,0.0,28.35
2021,157,31.0,20.7,26.0,0.0,27.81
2021,158,27.6,21.3,24.2,0.5,17.72
2021,159,29.3,20.5,25.1,0.6,24.06
2021,160,31.1,20.5,25.8,0.1,26.14
2021,161,31.9,19.8,26.2,0.0,25.96
2021,162,33.4,21.5,27.6,0.6,25.59
2021,163,29.8,21.1,25.4,3.2,25.73
2021,164,30.6,18.0,24.6,0.0,30.04
2021,165,27.3,16.8,22.4,0.0,25.36
2021,166,25.7,16.2,21.1,0.0,23.0
2021,167,26.2,14.5,20.6,0.0,30.25
2021,168,32.4,16.5,24.2,0.4,23.54
2021,169,30.8,20.8,25.7,9.3,29.39
2021,170,27.5,19.6,23.8,0.0,29.41
2021,171,23.2,16.1,20.3,12.5,9.48
2021,172,20.2,13.5,16.9,0.1,25.7
2021,173,21.4,11.0,16.3,0.0,22.81
2021,174,25.1,15.5,19.9,1.6,16.29
2021,175,26.8,20.3,23.2,1.0,16.44
2021,176,27.5,21.2,23.0,11.0,13.85
2021,177,24.5,20.6,22.1,27.8,7.33
2021,178,25.9,19.2,22.2,2.6,18.67
2021,179,25.6,19.5,22.2,1.6,13.87
2021,180,24.9,20.8,22.6,7.3,8.66
2021,181,27.6,20.1,23.9,0.2,23.16
2021,182,25.6,18.1,21.8,0.0,28.32
2021,183,24.1,14.7,19.2,0.0,28.91
2021,184,29.9,17.2,23.4,0.0,28.95
2021,185,31.6,20.5,26.0,0.0,27.53
2021,186,31.9,23.0,27.4,0.1,25.03
2021,187,31.3,23.1,27.2,1.0,22.8
2021,188,23.8,18.0,21.4,15.9,7.8
2021,189,21.2,14.4,17.7,0.1,14.67
2021,190,24.9,15.5,20.1,0.0,22.61
2021,191,23.5,16.8,20.0,0.0,17.22
2021,192,24.3,17.4,20.5,0.0,22.6
2021,193,24.3,16.6,20.0,0.6,15.78
2021,194,27.2,17.9,22.3,0.0,20.02
2021,195,29.0,19.1,23.4,4.3,16.82
2021,196,25.6,19.1,22.3,5.1,17.44
2021,197,25.2,17.8,21.4,0.0,23.58
2021,198,26.0,15.8,20.9,0.4,25.35
2021,199,28.1,15.9,22.1,0.0,27.92
2021,200,28.5,16.1,22.9,0.0,28.08
2021,201,30.3,19.7,24.6,0.1,25.6
2021,202,24.3,17.5,20.4,1.5,13.72
2021,203,28.5,18.4,23.3,1.4,20.01
2021,204,31.2,21.1,26.0,0.4,22.09
2021,205,31.0,22.1,26.4,0.4,19.36
2021,206,30.9,19.2,25.0,0.0,27.67
2021,207,32.5,18.1,25.7,0.0,25.0
2021,208,32.0,21.6,25.3,2.4,21.14
2021,209,32.7,20.9,26.4,2.2,20.95
2021,210,30.5,22.0,26.8,0.4,24.47
2021,211,23.2,17.5,20.2,0.0,19.64
2021,212,26.5,15.0,21.1,0.0,21.24
2021,213,24.0,17.3,20.5,0.0,22.69
2021,214,24.5,14.5,20.2,0.1,23.55
2021,215,25.9,15.4,21.8,0.0,23.6
2021,216,27.0,16.7,22.4,0.0,22.44
2021,217,27.3,18.1,22.2,0.4,19.45
2021,218,27.5,19.0,22.4,8.7,17.1
2021,219,30.4,19.6,24.3,0.5,15.52
2021,220,30.0,22.5,25.2,7.8,16.96
2021,221,27.3,20.6,23.1,26.3,12.46
2021,222,34.0,20.0,24.7,5.1,18.95
2021,223,31.4,21.7,24.3,8.0,14.59
2021,224,32.1,19.4,25.1,0.0,24.24
2021,225,26.5,16.7,21.9,0.0,24.67
2021,226,26.0,16.0,21.2,0.0,25.7
2021,227,25.9,15.1,20.9,0.0,25.42
2021,228,26.2,14.3,20.8,0.0,24.43
2021,229,28.2,16.4,22.4,0.0,24.85
2021,230,29.2,19.8,24.3,0.3,21.64
2021,231,28.4,19.3,24.5,0.7,18.74
2021,232,30.5,19.9,25.2,0.1,21.15
2021,233,28.1,20.3,24.4,4.3,16.2
2021,234,25.2,15.9,20.8,0.0,24.49
2021,235,30.1,17.3,23.1,4.2,18.13
2021,236,30.3,20.7,24.4,3.9,13.79
2021,237,29.9,21.7,25.4,2.5,13.9
2021,238,30.3,21.7,25.8,0.2,18.05
2021,239,31.5,22.4,26.1,0.3,15.67
2021,240,32.0,23.5,27.3,0.1,20.26
2021,241,28.3,20.9,25.1,1.0,17.89
2021,242,27.2,17.7,22.6,0.0,23.2
2021,243,25.8,18.7,21.7,0.0,14.41
2021,244,23.6,15.8,19.3,0.0,21.93
2021,245,24.4,13.9,19.3,0.0,19.35
2021,246,20.9,16.9,18.7,2.0,6.46
2021,247,22.2,16.9,19.4,1.0,8.88
2021,248,24.8,14.9,20.1,0.1,18.46
2021,249,25.1,13.1,19.4,0.0,21.99
2021,250,25.8,18.3,21.8,5.5,14.3
2021,251,21.5,15.5,18.3,0.3,18.37
2021,252,22.3,13.2,17.5,0.2,17.54
2021,253,25.3,13.5,19.5,0.0,21.18
2021,254,30.6,16.9,22.9,0.0,18.82
2021,255,26.5,18.8,22.1,4.7,10.69
2021,256,22.5,17.0,19.0,17.3,7.43
2021,257,23.0,17.0,20.8,8.7,15.14
2021,258,22.3,13.9,17.9,0.0,20.48
2021,259,25.8,14.4,19.8,0.0,19.96
2021,260,26.9,16.6,20.5,0.0,16.21
2021,261,24.7,12.8,18.3,0.0,19.88
2021,262,29.2,15.9,22.1,0.0,18.91
2021,263,27.0,20.1,23.5,6.1,13.76
2021,264,20.3,14.8,17.2,15.2,15.0
2021,265,17.5,11.4,14.3,0.0,17.56
2021,266,18.9,9.6,14.2,0.0,19.03
2021,267,22.9,11.6,15.7,3.7,15.65
2021,268,19.0,9.6,13.7,0.0,17.19
2021,269,24.6,13.0,18.9,0.0,16.06
2021,270,25.9,15.4,20.4,0.0,17.61
2021,271,23.1,12.4,16.9,0.0,17.97
2021,272,26.1,11.9,18.4,0.0,17.48
2021,273,27.1,14.3,19.9,0.0,16.02
2021,274,28.2,15.2,21.4,0.0,15.47
2021,275,24.9,18.6,21.3,2.6,11.13
2021,276,22.5,17.7,19.2,11.3,8.72
2021,277,21.9,15.2,18.0,0.9,8.73
2021,278,20.8,14.7,17.6,0.1,9.04
2021,279,22.6,15.8,18.4,0.0,9.74
2021,280,19.7,16.2,17.8,10.9,4.8
2021,281,22.8,15.3,18.0,1.7,11.91
2021,282,25.1,14.8,19.6,0.3,14.88
2021,283,22.7,18.1,20.7,4.4,5.68
2021,284,19.8,15.9,17.7,20.0,4.33
2021,285,19.7,15.1,17.3,1.5,8.11
2021,286,19.4,12.1,16.3,4.8,5.7
2021,287,18.9,12.4,16.0,0.0,12.36
2021,288,15.0,9.2,11.5,0.8,6.56
2021,289,14.2,6.7,10.0,0.0,13.95
2021,290,16.8,7.0,11.3,0.0,14.63
2021,291,20.8,7.7,13.3,0.0,14.12
2021,292,20.6,10.7,15.1,0.0,13.4
2021,293,21.1,11.5,15.9,0.6,11.7
2021,294,14.9,7.3,10.8,0.9,2.86
2021,295,9.9,4.1,7.0,0.0,9.94
2021,296,10.5,2.7,6.6,0.0,12.87
2021,297,10.6,3.3,7.1,7.4,4.61
2021,298,10.7,5.3,7.7,6.2,8.4
2021,299,11.4,3.3,7.0,0.0,12.63
2021,300,13.4,5.3,8.5,0.0,11.94
2021,301,11.4,8.1,9.9,8.4,1.34
2021,302,12.2,9.1,10.3,2.8,2.52
2021,303,13.8,7.2,9.9,0.0,9.42
2021,304,10.2,4.6,7.7,0.0,10.41
2021,305,7.4,1.9,4.3,0.0,10.44
2021,306,6.3,0.0,2.6,0.0,10.71
2021,307,4.5,-2.0,1.3,0.0,9.73
2021,308,9.5,-0.2,4.8,0.1,9.0
2021,309,9.7,2.0,5.9,0.0,11.3
2021,310,13.9,4.5,8.6,0.1,10.82
2021,311,16.2,7.1,11.2,0.0,9.84
2021,312,17.5,8.3,12.6,0.0,10.18
2021,313,13.6,5.0,9.5,0.0,9.62
2021,314,12.5,1.6,7.3,0.4,8.02
2021,315,12.1,4.8,9.2,9.0,3.28
2021,316,4.8,1.3,2.7,2.2,4.1
2021,317,3.7,0.4,2.1,1.1,6.98
2021,318,3.1,-0.9,1.2,2.6,3.18
2021,319,1.1,-2.9,-1.0,0.0,3.84
2021,320,9.0,-2.9,3.0,0.0,8.55
2021,321,11.7,2.6,8.0,0.0,5.45
2021,322,1.5,-2.2,-0.5,0.0,4.38
2021,323,2.6,-4.9,-0.8,0.0,7.71
2021,324,9.5,1.1,4.2,0.0,7.44
2021,325,9.1,-3.2,3.1,0.0,8.51
2021,326,0.2,-6.3,-3.5,0.0,9.0
2021,327,6.2,-4.4,0.4,0.0,8.91
2021,328,9.5,2.6,6.1,0.0,3.78
2021,329,5.6,-7.0,-0.6,1.0,2.93
2021,330,-0.6,-8.4,-4.8,0.0,7.21
2021,331,5.6,-3.2,-0.0,0.0,6.31
2021,332,2.3,-2.6,-0.7,0.0,8.8
2021,333,4.2,-4.1,0.3,1.5,2.47
2021,334,6.9,-0.9,2.0,0.0,8.47
2021,335,9.9,-0.3,5.2,0.2,5.8
2021,336,10.7,3.4,7.8,0.0,8.03
2021,337,5.5,-0.1,2.8,0.8,4.06
2021,338,1.9,-1.6,0.3,0.0,4.14
2021,339,2.2,-0.3,0.6,2.4,1.17
2021,340,1.1,-11.2,-5.0,0.0,7.17
2021,341,-5.6,-11.4,-8.4,0.4,4.6
2021,342,-2.2,-7.1,-4.5,0.0,8.2
2021,343,4.4,-5.6,-0.6,0.2,1.52
2021,344,3.1,-0.7,1.0,14.0,3.44
2021,345,2.9,-2.4,0.4,12.8,6.39
2021,346,6.7,-2.1,2.5,0.0,7.75
2021,347,9.1,0.1,4.3,0.0,7.77
2021,348,7.7,-0.9,3.5,0.0,5.46
2021,349,18.6,8.2,13.9,1.5,2.24
2021,350,17.0,-2.7,3.3,0.4,7.47
2021,351,-0.5,-4.9,-3.0,0.0,6.28
2021,352,-0.0,-5.3,-2.6,0.2,5.3
2021,353,0.2,-7.1,-3.6,0.0,7.5
2021,354,3.8,-3.8,-0.5,0.0,6.7
2021,355,1.2,-7.7,-4.0,0.0,5.89
2021,356,-2.1,-9.7,-6.6,0.0,6.67
2021,357,6.8,-5.9,-0.4,0.0,6.22
2021,358,6.4,-3.3,2.9,1.8,1.34
2021,359,5.2,-3.4,1.6,0.8,7.28
2021,360,3.8,-6.0,-1.4,0.3,7.07
2021,361,4.4,-4.9,0.6,8.0,4.6
2021,362,0.4,-6.4,-3.3,10.5,1.12
2021,363,0.5,-9.2,-5.5,0.5,7.76
2021,364,0.2,-8.5,-4.5,0.0,3.97
2021,365,0.5,-3.6,-2.0,0.3,3.96
2022,1,-3.3,-10.7,-7.9,3.3,3.2
2022,2,-10.8,-18.5,-13.4,0.2,8.46
2022,3,-7.7,-18.2,-13.4,0.0,8.13
2022,4,-1.0,-8.7,-4.2,0.0,6.25
2022,5,-2.1,-11.3,-8.3,1.0,5.67
2022,6,-11.1,-18.2,-13.6,0.5,6.61
2022,7,-11.3,-22.3,-17.5,0.0,8.73
2022,8,-2.4,-16.3,-8.4,0.0,4.43
2022,9,-1.9,-15.2,-10.5,0.0,9.01
2022,10,-14.8,-20.3,-16.9,0.0,9.17
2022,11,1.5,-22.2,-10.4,0.0,8.73
2022,12,3.5,-3.4,0.2,0.0,6.38
2022,13,3.1,-5.3,-1.0,0.0,7.66
2022,14,0.2,-10.4,-5.9,1.3,3.01
2022,15,-7.6,-12.0,-10.0,0.4,5.38
2022,16,-5.5,-15.1,-9.0,0.4,4.13
2022,17,-2.4,-7.1,-5.3,0.0,6.47
2022,18,3.0,-12.0,-2.9,0.0,7.29
2022,19,1.6,-15.7,-10.5,0.0,9.49
2022,20,-14.0,-20.4,-16.9,0.0,10.13
2022,21,-8.1,-19.3,-14.1,0.0,10.29
2022,22,-3.9,-10.8,-7.8,1.8,9.15
2022,23,-9.2,-16.8,-13.3,4.2,10.49
2022,24,-8.7,-14.6,-10.9,3.4,7.75
2022,25,-14.2,-21.4,-17.9,0.0,10.76
2022,26,-11.3,-26.3,-18.8,0.0,10.89
2022,27,0.9,-10.3,-5.0,0.0,7.42
2022,28,-9.6,-17.6,-13.6,0.0,11.21
2022,29,-4.8,-18.1,-11.9,0.0,9.71
2022,30,-2.9,-12.1,-6.9,0.0,8.55
2022,31,-0.2,-14.7,-6.9,0.0,10.02
2022,32,5.5,-6.8,0.3,0.0,10.65
2022,33,-8.0,-13.2,-11.9,0.0,6.71
2022,34,-12.1,-18.4,-15.3,0.0,11.71
2022,35,-7.5,-21.1,-14.8,0.3,8.61
2022,36,-6.2,-21.2,-12.9,0.0,7.92
2022,37,4.0,-6.0,-1.2,0.2,11.82
2022,38,-4.7,-12.5,-8.3,0.0,12.34
2022,39,4.9,-9.2,-2.5,0.0,10.48
2022,40,3.1,-0.8,1.4,1.1,6.43
2022,41,-1.7,-6.6,-4.2,0.6,10.62
2022,42,4.5,-7.8,1.0,2.0,7.12
2022,43,-10.2,-15.7,-13.1,0.0,12.01
2022,44,-11.9,-17.6,-15.0,0.1,13.9
2022,45,-4.1,-17.7,-10.7,0.2,12.64
2022,46,1.5,-12.8,-5.0,0.0,11.38
2022,47,10.0,-1.2,5.3,2.5,4.27
2022,48,-1.4,-13.4,-7.8,0.3,5.43
2022,49,2.6,-17.3,-8.1,0.8,11.84
2022,50,-7.0,-17.4,-12.3,0.0,14.9
2022,51,10.5,-8.6,1.7,0.0,14.25
2022,52,3.5,-3.1,-0.4,0.0,11.97
2022,53,-1.8,-8.5,-5.6,3.5,2.79
2022,54,-6.6,-15.0,-10.8,0.1,14.96
2022,55,-4.5,-13.2,-8.4,1.9,7.85
2022,56,-4.1,-10.2,-7.7,2.1,12.28
2022,57,0.5,-14.5,-7.1,0.0,16.21
2022,58,2.8,-6.0,-2.2,0.0,15.37
2022,59,9.1,-9.9,0.9,0.0,14.91
2022,60,7.6,1.1,3.9,0.1,13.44
2022,61,8.7,-3.6,1.6,0.2,8.72
2022,62,0.4,-7.0,-3.3,0.0,14.36
2022,63,5.0,-6.0,-0.9,0.0,12.2
2022,64,15.8,0.1,8.1,16.9,8.02
2022,65,11.4,-0.8,3.7,0.0,13.01
2022,66,0.1,-6.9,-2.1,5.6,7.65
2022,67,2.8,-13.7,-4.2,0.0,18.23
2022,68,1.8,-5.9,-2.4,0.0,18.09
2022,69,-3.1,-10.1,-6.8,0.0,14.27
2022,70,-1.2,-11.2,-6.5,0.0,18.95
2022,71,-4.7,-15.6,-10.3,0.1,19.28
2022,72,10.5,-7.0,1.0,0.7,18.68
2022,73,14.6,-1.3,4.9,0.0,13.77
2022,74,12.7,-1.8,3.5,0.0,18.59
2022,75,17.9,1.1,8.9,0.0,18.29
2022,76,12.9,5.2,8.5,1.4,8.69
2022,77,5.9,0.9,3.0,15.0,5.36
2022,78,9.0,0.8,3.0,5.6,7.24
2022,79,15.6,-2.7,6.6,0.0,19.8
2022,80,20.9,3.5,11.3,0.2,17.74
2022,81,9.6,6.2,7.4,8.9,2.94
2022,82,8.2,3.1,5.6,10.6,4.14
2022,83,2.9,1.2,2.2,2.6,3.4
2022,84,7.0,0.1,2.8,0.6,10.2
2022,85,0.9,-4.9,-2.4,0.0,19.43
2022,86,0.0,-7.4,-4.0,0.0,22.16
2022,87,2.4,-7.2,-2.9,0.0,21.35
2022,88,4.7,-4.0,0.3,0.0,9.98
2022,89,16.3,3.1,8.5,6.1,7.39
2022,90,3.7,-0.7,1.3,20.1,7.42
2022,91,7.8,-3.9,1.6,0.0,21.97
2022,92,5.7,-0.0,1.9,8.3,7.5
2022,93,9.7,-1.2,4.3,2.7,18.19
2022,94,8.4,1.7,5.3,1.7,8.54
2022,95,11.3,-0.2,5.3,2.8,14.1
2022,96,11.4,4.6,7.4,6.3,14.3
2022,97,4.5,2.0,3.4,2.6,7.13
2022,98,2.8,0.2,1.5,1.7,7.89
2022,99,9.3,-2.4,3.4,0.0,22.8
2022,100,14.0,-0.7,7.5,0.0,20.6
2022,101,15.3,5.1,9.9,0.0,20.41
2022,102,16.7,2.3,10.7,0.9,14.51
2022,103,20.9,2.7,14.0,17.0,12.99
2022,104,6.1,0.1,3.2,0.1,21.51
2022,105,5.6,-0.3,2.3,0.0,15.4
2022,106,5.8,-3.8,0.7,0.0,24.42
2022,107,6.7,-2.6,2.1,0.1,20.1
2022,108,4.6,0.0,2.1,5.3,12.2
2022,109,8.7,-1.5,4.0,0.0,24.86
2022,110,11.2,4.8,7.3,3.3,7.33
2022,111,17.2,5.7,11.2,0.6,25.48
2022,112,10.5,4.8,7.5,22.6,3.47
2022,113,25.5,10.0,19.7,0.0,23.26
2022,114,20.9,9.1,16.0,3.2,23.96
2022,115,8.6,3.5,5.9,0.0,11.22
2022,116,7.0,-0.3,3.1,0.3,21.28
2022,117,4.8,-1.2,1.7,0.4,10.06
2022,118,10.2,1.0,5.6,0.1,13.82
2022,119,16.1,4.9,9.9,3.1,16.01
2022,120,18.0,8.6,12.5,33.4,11.22
2022,121,11.6,8.3,9.7,0.7,7.13
2022,122,13.9,6.8,9.5,0.0,14.57
2022,123,8.6,4.0,7.5,8.2,7.62
2022,124,15.0,1.9,8.3,0.0,25.42
2022,125,16.0,3.8,9.9,0.0,18.16
2022,126,15.6,7.8,11.3,0.0,15.46
2022,127,18.3,5.6,12.0,0.0,28.23
2022,128,17.3,7.5,12.4,0.0,15.33
2022,129,24.6,12.5,19.0,0.0,25.06
2022,130,30.2,19.1,23.1,10.9,20.85
2022,131,28.4,17.2,23.3,0.0,21.09
2022,132,30.3,19.4,25.7,1.1,23.44
2022,133,28.8,19.5,23.6,2.4,23.88
2022,134,27.9,16.3,21.9,1.9,27.28
2022,135,22.7,15.2,18.6,0.3,23.87
2022,136,21.3,12.1,17.2,0.0,22.6
2022,137,20.9,10.0,15.5,0.0,24.84
2022,138,20.9,10.6,14.3,0.5,22.35
2022,139,26.9,12.7,20.0,0.5,21.57
2022,140,22.2,15.3,18.4,17.9,7.8
2022,141,17.7,10.9,14.3,0.0,20.06
2022,142,14.4,7.5,11.5,0.0,22.75
2022,143,15.5,6.7,11.9,0.0,20.08
2022,144,17.0,7.5,12.3,0.4,16.72
2022,145,18.5,10.6,14.4,16.3,5.03
2022,146,23.0,15.8,18.7,10.4,16.19
2022,147,20.5,11.7,15.1,0.3,18.18
2022,148,22.9,11.0,16.9,0.8,24.38
2022,149,26.3,16.0,21.5,0.0,18.91
2022,150,28.8,20.0,24.8,0.0,28.21
2022,151,26.7,20.5,23.7,1.0,16.3
2022,152,21.1,14.3,17.9,0.0,25.47
2022,153,22.8,12.9,17.9,0.1,27.31
2022,154,21.8,13.0,17.5,0.0,30.89
2022,155,16.0,10.6,13.6,8.6,6.05
2022,156,24.9,13.0,18.0,0.9,21.84
2022,157,21.7,14.2,17.3,20.6,13.27
2022,158,23.8,12.3,17.7,0.8,26.61
2022,159,17.1,13.0,15.7,16.9,8.58
2022,160,23.3,12.4,17.8,0.0,28.32
2022,161,22.2,15.3,18.3,9.4,18.87
2022,162,21.6,13.8,17.5,3.8,11.46
2022,163,24.6,14.7,18.9,0.0,23.73
2022,164,28.0,13.5,20.2,1.7,17.74
2022,165,33.5,20.0,27.1,0.0,28.89
2022,166,31.9,22.7,26.5,2.8,22.67
2022,167,29.8,18.7,24.0,0.0,29.8
2022,168,26.5,17.3,22.1,0.0,30.02
2022,169,23.5,14.0,18.5,0.0,30.15
2022,170,27.3,12.8,20.3,0.0,28.61
2022,171,32.6,18.9,25.8,0.0,29.64
2022,172,34.5,22.6,28.0,0.7,27.68
2022,173,28.8,19.7,24.2,0.0,28.76
2022,174,30.5,16.8,24.1,0.0,29.52
2022,175,31.9,20.2,26.0,0.0,29.49
2022,176,26.5,19.6,22.0,16.9,9.81
2022,177,23.5,17.1,20.4,0.0,30.3
2022,178,23.9,14.0,19.0,0.0,30.47
2022,179,27.9,15.9,22.3,0.5,27.16
2022,180,29.9,16.0,23.0,0.2,29.73
2022,181,31.9,22.2,26.8,0.0,28.31
2022,182,26.3,20.1,23.3,3.4,21.63
2022,183,28.4,16.6,22.2,0.2,19.83
2022,184,29.6,17.2,23.5,0.0,27.16
2022,185,28.7,19.7,23.3,19.0,12.29
2022,186,30.7,22.0,25.1,7.0,18.54
2022,187,27.0,20.0,23.1,1.5,17.54
2022,188,29.2,18.6,23.9,0.0,23.23
2022,189,26.3,19.0,22.6,1.7,19.15
2022,190,25.2,15.7,20.4,0.0,26.74
2022,191,27.6,15.0,21.3,2.6,27.48
2022,192,29.6,21.0,24.3,7.9,17.91
2022,193,27.3,17.9,22.8,0.0,27.36
2022,194,25.4,18.0,21.9,0.3,24.91
2022,195,26.5,16.0,21.6,0.0,29.0
2022,196,25.6,16.4,20.7,43.7,12.89
2022,197,26.4,17.7,21.9,0.1,18.71
2022,198,27.1,18.5,22.5,0.3,24.13
2022,199,29.9,17.8,24.7,0.0,26.83
2022,200,30.6,21.3,26.1,0.0,26.9
2022,201,29.0,22.9,25.7,0.0,21.93
2022,202,29.1,20.8,24.8,1.6,23.58
2022,203,31.2,18.5,24.7,0.0,26.97
2022,204,31.9,20.8,25.2,5.1,19.56
2022,205,27.4,19.6,24.5,14.6,26.02
2022,206,23.7,16.4,20.3,0.0,28.03
2022,207,26.3,18.8,22.5,0.8,26.19
2022,208,26.8,19.9,22.9,1.3,24.96
2022,209,24.4,17.9,21.0,7.5,26.4
2022,210,24.7,15.3,19.9,0.3,25.15
2022,211,25.8,14.6,21.1,0.0,22.02
2022,212,27.7,17.2,22.5,0.0,24.36
2022,213,27.3,20.0,23.5,3.3,25.14
2022,214,31.8,17.6,24.3,0.0,25.83
2022,215,30.0,23.1,26.7,10.0,15.94
2022,216,28.4,19.0,23.6,0.0,25.54
2022,217,29.9,16.7,23.7,0.0,26.8
2022,218,32.9,21.9,27.3,0.0,23.51
2022,219,27.7,23.3,25.5,19.0,10.27
2022,220,24.2,18.3,22.8,8.7,16.07
2022,221,25.3,14.8,20.6,0.0,25.83
2022,222,28.4,17.2,22.7,0.1,24.81
2022,223,25.0,17.6,21.3,0.0,24.36
2022,224,18.8,15.5,17.1,2.5,8.33
2022,225,28.1,16.6,21.5,2.8,17.29
2022,226,22.2,18.3,20.3,1.0,9.96
2022,227,23.9,16.1,19.8,1.2,17.56
2022,228,25.8,15.3,20.3,0.0,22.53
2022,229,25.7,15.2,21.2,0.1,22.39
2022,230,27.3,16.0,22.3,0.0,23.59
2022,231,27.1,18.0,21.8,1.2,16.49
2022,232,25.4,17.9,20.4,5.2,16.08
2022,233,24.9,17.4,20.7,0.8,17.96
2022,234,26.0,16.5,21.1,0.0,24.09
2022,235,27.7,16.6,21.9,0.0,20.57
2022,236,27.6,16.7,22.3,0.1,23.56
2022,237,26.5,19.3,22.2,10.6,15.42
2022,238,24.2,16.4,20.1,0.0,20.85
2022,239,28.0,15.9,21.7,0.0,19.44
2022,240,28.7,19.9,22.8,2.6,12.37
2022,241,28.1,20.6,23.7,1.3,17.29
2022,242,24.6,17.2,20.7,0.0,23.49
2022,243,28.7,16.9,22.3,0.0,22.13
2022,244,29.6,18.7,24.1,0.0,20.96
2022,245,28.4,20.9,24.1,0.2,17.42
2022,246,24.8,19.1,21.8,5.7,10.9
2022,247,21.5,14.0,17.9,0.0,10.83
2022,248,23.6,15.6,18.8,0.1,10.91
2022,249,24.7,17.2,20.6,0.0,16.68
2022,250,26.7,15.6,21.5,0.0,17.12
2022,251,27.8,18.3,22.6,0.0,21.23
2022,252,27.6,17.6,22.0,0.0,21.42
2022,253,25.2,15.2,20.4,3.9,15.4
2022,254,15.0,13.4,14.4,59.1,1.87
2022,255,18.9,11.7,14.8,29.4,8.18
2022,256,24.1,12.6,17.7,0.0,20.91
2022,257,24.1,13.8,18.4,0.0,20.08
2022,258,26.2,14.4,19.6,0.0,19.17
2022,259,26.3,17.9,21.7,0.0,19.59
2022,260,26.9,18.4,22.4,0.2,15.35
2022,261,27.4,18.8,22.5,0.3,17.74
2022,262,24.4,16.3,20.0,0.0,19.93
2022,263,29.9,18.1,23.4,26.5,16.05
2022,264,24.6,15.0,20.6,0.0,12.88
2022,265,16.0,10.1,13.4,0.0,16.69
2022,266,16.5,8.9,12.4,1.0,10.75
2022,267,18.9,11.0,14.1,5.3,8.85
2022,268,18.8,13.2,15.1,3.1,11.76
2022,269,14.4,9.5,12.1,0.0,12.7
2022,270,11.8,7.4,9.5,0.0,12.38
2022,271,12.6,5.1,8.6,0.0,18.66
2022,272,15.9,5.3,10.2,0.0,17.67
2022,273,18.2,6.4,12.0,0.0,17.51
2022,274,18.8,8.1,13.3,0.0,17.11
2022,275,19.9,11.0,14.2,0.0,13.22
2022,276,19.0,7.7,12.9,0.0,16.99
2022,277,21.1,8.5,14.1,0.0,16.38
2022,278,19.3,10.3,14.5,0.5,11.01
2022,279,18.8,8.6,13.6,0.0,12.73
2022,280,10.0,3.7,6.8,0.0,14.82
2022,281,12.8,3.5,8.0,0.0,16.68
2022,282,18.7,7.3,11.8,0.0,14.16
2022,283,17.9,7.1,12.0,0.0,15.81
2022,284,22.1,10.5,15.4,0.9,13.43
2022,285,17.2,8.4,14.0,4.7,7.61
2022,286,8.1,3.9,6.6,0.9,10.44
2022,287,10.0,1.2,4.4,0.7,8.05
2022,288,11.5,0.9,6.0,0.0,14.86
2022,289,9.2,3.7,6.8,0.3,6.52
2022,290,3.8,0.4,2.0,0.4,5.67
2022,291,6.0,-0.9,2.2,0.0,14.51
2022,292,5.7,-1.6,2.3,0.0,14.42
2022,293,14.1,1.3,6.8,0.0,13.8
2022,294,20.3,6.8,12.8,0.0,13.81
2022,295,23.1,12.1,17.4,0.0,13.5
2022,296,21.9,14.4,18.3,4.7,12.73
2022,297,21.7,17.4,19.2,4.7,7.48
2022,298,17.1,6.0,9.6,10.6,3.51
2022,299,10.0,3.7,6.2,0.0,13.26
2022,300,11.6,1.8,6.6,0.0,12.13
2022,301,13.2,2.9,7.2,0.0,12.49
2022,302,15.6,3.2,8.5,0.0,12.53
2022,303,15.9,5.4,10.3,0.0,8.99
2022,304,16.8,5.1,10.9,0.0,11.85
2022,305,19.2,5.4,11.5,0.0,11.96
2022,306,19.9,8.1,13.3,0.0,11.73
2022,307,20.2,12.1,16.0,0.0,10.88
2022,308,18.3,10.0,15.3,24.4,2.67
2022,309,15.5,6.5,10.6,27.9,2.96
2022,310,13.5,6.5,9.9,0.2,7.23
2022,311,8.2,2.2,5.0,0.0,11.26
2022,312,10.6,3.2,6.2,0.0,9.66
2022,313,19.2,7.1,13.7,0.2,9.79
2022,314,21.1,9.9,17.5,4.7,6.67
2022,315,8.3,-1.2,1.6,5.0,9.8
2022,316,1.1,-1.8,-0.3,0.8,3.61
2022,317,0.8,-4.1,-1.7,0.0,9.53
2022,318,2.8,-2.9,-0.5,0.0,6.25
2022,319,1.4,-0.7,0.4,8.4,2.52
2022,320,1.2,-1.3,0.0,2.2,4.56
2022,321,0.7,-4.6,-2.2,2.1,6.95
2022,322,-4.0,-7.4,-5.2,0.2,5.78
2022,323,-4.3,-9.9,-6.7,0.3,5.63
2022,324,1.0,-11.2,-5.3,0.0,8.88
2022,325,4.3,-3.5,0.3,0.0,9.33
2022,326,6.6,-4.3,0.1,0.0,8.34
2022,327,10.0,-4.0,3.0,0.0,9.06
2022,328,8.2,2.5,5.0,0.0,3.99
2022,329,8.3,-0.7,2.9,0.0,8.85
2022,330,9.9,2.6,5.3,0.0,8.7
2022,331,5.4,-1.1,3.0,2.1,3.26
2022,332,6.9,-3.8,1.1,0.0,8.13
2022,333,10.2,-2.0,4.4,2.6,1.35
2022,334,-3.3,-8.0,-5.2,0.0,5.59
2022,335,1.1,-8.2,-4.1,0.0,8.2
2022,336,9.2,-1.1,3.8,0.2,6.12
2022,337,4.5,-8.7,-5.5,0.2,8.65
2022,338,3.3,-7.6,-2.6,0.0,8.51
2022,339,2.9,-1.3,0.5,0.2,1.8
2022,340,3.3,-2.7,-0.2,0.2,4.23
2022,341,4.0,-4.2,-0.9,0.0,5.56
2022,342,2.5,-4.8,-1.9,0.0,5.47
2022,343,0.9,-3.1,-0.3,15.7,1.4
2022,344,2.3,0.3,1.1,0.0,1.97
2022,345,2.8,-0.4,0.9,0.2,3.6
2022,346,3.1,-0.2,0.9,0.0,2.48
2022,347,2.3,-0.3,0.8,2.8,3.07
2022,348,4.9,1.2,2.8,23.8,1.04
2022,349,1.0,-3.1,-0.4,14.4,4.18
2022,350,-2.9,-5.2,-4.2,0.6,4.49
2022,351,-4.0,-7.7,-5.3,0.4,3.78
2022,352,-7.6,-14.7,-9.8,0.0,5.76
2022,353,-5.9,-18.6,-12.4,0.4,5.61
2022,354,-3.5,-15.3,-7.8,0.7,7.48
2022,355,-4.9,-20.2,-13.7,0.4,4.81
2022,356,-3.2,-23.5,-12.7,7.1,2.08
2022,357,-19.9,-25.4,-22.8,0.0,7.75
2022,358,-13.7,-19.3,-16.4,0.0,8.18
2022,359,-12.7,-18.9,-15.5,0.0,7.56
2022,360,-9.9,-15.3,-12.8,0.5,7.84
2022,361,-5.0,-17.9,-11.6,0.0,6.34
2022,362,4.7,-4.3,0.8,0.0,6.39
2022,363,11.9,3.7,8.1,1.4,3.33
2022,364,10.7,-4.6,0.5,0.0,6.37
2022,365,2.3,-6.2,-2.3,0.5,5.45
2023,1,7.7,-2.9,1.9,1.0,7.54
2023,2,1.8,-2.1,-0.1,0.0,3.41
2023,3,2.8,-0.7,1.3,6.5,1.44
2023,4,2.3,-0.9,0.9,0.7,1.53
2023,5,1.8,-1.3,-0.2,1.9,2.56
2023,6,-1.1,-7.5,-3.1,0.0,4.59
2023,7,-0.3,-9.6,-5.6,0.0,8.37
2023,8,1.1,-8.2,-4.8,0.0,8.27
2023,9,5.9,-6.3,-0.8,0.0,8.14
2023,10,5.9,-2.6,0.9,0.0,8.31
2023,11,7.1,-1.6,1.6,0.5,5.16
2023,12,2.2,-1.9,-0.0,0.3,2.58
2023,13,-0.6,-5.0,-2.8,0.0,7.4
2023,14,0.9,-6.1,-3.3,0.0,8.66
2023,15,5.3,-3.7,0.4,0.0,7.76
2023,16,6.6,2.3,4.2,9.6,1.71
2023,17,5.8,1.0,2.8,3.6,2.17
2023,18,2.8,-0.9,1.0,0.2,3.5
2023,19,1.9,-0.2,0.6,7.8,2.49
2023,20,-0.6,-5.7,-2.6,0.3,4.34
2023,21,-1.9,-5.7,-4.0,0.0,3.14
2023,22,-2.1,-6.7,-4.0,2.0,3.93
2023,23,-0.7,-7.3,-4.4,0.0,7.66
2023,24,2.7,-5.1,-2.2,0.0,8.95
2023,25,0.2,-3.8,-1.7,3.7,3.22
2023,26,-1.2,-10.6,-3.5,2.0,4.44
2023,27,1.8,-12.6,-5.9,0.6,4.64
2023,28,-8.4,-11.9,-9.9,6.9,3.71
2023,29,-9.2,-14.3,-11.1,1.7,9.92
2023,30,-13.6,-18.7,-15.9,0.0,10.93
2023,31,-11.5,-24.6,-18.1,0.0,11.26
2023,32,-4.0,-15.9,-10.3,0.0,11.41
2023,33,-3.8,-15.8,-8.3,0.0,11.49
2023,34,-15.3,-23.4,-18.8,0.0,11.89
2023,35,2.7,-17.2,-6.3,0.0,10.65
2023,36,2.2,-8.6,-0.9,0.0,10.76
2023,37,5.4,-12.7,-2.7,0.0,10.71
2023,38,6.8,-2.7,2.0,0.5,7.89
2023,39,6.8,-9.1,-1.0,0.0,11.05
2023,40,1.9,-0.5,0.7,19.9,2.51
2023,41,1.2,-8.1,-4.1,0.1,13.31
2023,42,4.6,-8.5,-2.6,0.0,13.14
2023,43,6.0,-4.1,0.7,0.0,12.94
2023,44,8.2,-1.0,1.9,0.0,13.27
2023,45,9.4,0.5,4.9,4.1,4.96
2023,46,7.0,-1.1,3.6,0.3,6.86
2023,47,-1.7,-5.6,-3.6,8.0,2.49
2023,48,-3.3,-14.2,-8.4,0.0,14.61
2023,49,4.4,-8.8,-1.5,0.0,13.41
2023,50,8.4,-0.8,3.6,0.0,13.81
2023,51,6.2,-5.6,0.3,0.4,12.69
2023,52,0.9,-8.9,-4.0,0.5,13.08
2023,53,-1.2,-3.5,-2.5,12.7,2.57
2023,54,1.1,-6.7,-2.3,3.8,5.09
2023,55,-3.4,-11.8,-7.4,0.6,12.39
2023,56,3.6,-6.4,-2.2,0.1,15.72
2023,57,6.6,-4.7,0.0,0.0,15.76
2023,58,4.1,-1.2,2.0,26.1,2.79
2023,59,7.4,-2.1,2.2,0.1,12.91
2023,60,11.9,1.3,5.0,0.0,12.52
2023,61,3.6,-3.5,0.7,0.2,10.5
2023,62,5.5,-3.5,0.3,0.0,7.37
2023,63,7.4,-2.5,1.7,0.9,9.03
2023,64,8.2,-3.4,2.1,1.0,13.81
2023,65,8.6,0.9,3.6,1.8,11.02
2023,66,6.9,-1.7,2.0,0.0,16.18
2023,67,6.5,-2.0,2.0,0.6,11.06
2023,68,3.3,-1.1,1.0,10.8,4.44
2023,69,0.3,-2.8,-0.8,4.5,7.16
2023,70,1.3,-4.2,-1.2,3.3,7.6
2023,71,2.9,-3.6,-0.3,4.1,10.18
2023,72,-1.8,-7.5,-4.2,0.3,12.75
2023,73,-0.7,-13.7,-7.3,0.0,19.72
2023,74,7.7,-7.4,1.4,0.0,15.72
2023,75,7.5,3.4,5.3,7.1,3.71
2023,76,1.5,-11.0,-3.2,3.8,18.35
2023,77,-4.1,-12.9,-8.5,0.2,12.98
2023,78,5.4,-8.3,-2.2,0.0,20.38
2023,79,8.6,-2.1,2.7,0.0,18.34
2023,80,10.8,-1.3,4.8,0.3,15.7
2023,81,10.9,1.7,5.6,0.4,6.77
2023,82,6.6,-0.4,2.4,3.0,15.92
2023,83,7.9,-3.5,2.2,0.0,18.67
2023,84,5.3,-1.7,0.9,20.7,12.66
2023,85,3.1,-6.6,-0.7,1.8,12.4
2023,86,4.1,-6.0,-1.3,0.0,21.5
2023,87,7.6,-6.7,0.5,0.0,20.92
2023,88,1.0,-4.2,-1.0,0.4,21.42
2023,89,7.0,-5.5,1.3,1.1,11.55
2023,90,19.6,6.5,11.9,39.2,12.44
2023,91,7.0,-1.4,3.1,1.0,12.39
2023,92,12.0,-1.8,4.8,0.0,12.85
2023,93,13.0,2.0,7.6,4.5,10.19
2023,94,12.2,4.6,8.0,8.4,7.42
2023,95,15.9,1.2,10.4,9.0,16.34
2023,96,8.9,-2.3,2.9,0.0,24.06
2023,97,11.7,-1.6,4.5,0.0,21.73
2023,98,15.4,1.2,8.0,0.0,15.41
2023,99,17.8,4.9,11.2,0.0,22.89
2023,100,20.2,8.2,13.6,0.0,21.02
2023,101,22.7,9.7,16.6,0.0,21.62
2023,102,25.1,14.6,19.5,0.0,23.58
2023,103,24.9,12.8,19.0,0.0,24.22
2023,104,25.3,11.3,18.5,0.0,23.25
2023,105,24.4,15.2,18.4,4.0,17.33
2023,106,14.6,0.0,6.1,20.9,4.69
2023,107,2.8,-2.2,0.1,6.6,12.26
2023,108,10.7,-2.6,3.1,0.0,26.16
2023,109,7.6,3.2,5.0,12.1,5.97
2023,110,22.2,6.1,12.7,3.2,14.0
2023,111,12.7,3.6,7.7,0.0,21.45
2023,112,6.6,0.8,3.3,2.2,16.76
2023,113,5.3,0.7,3.0,0.0,9.08
2023,114,9.9,-1.2,4.5,1.6,20.16
2023,115,8.3,1.0,4.8,0.9,15.98
2023,116,10.8,-1.6,5.5,0.0,17.88
2023,117,17.3,2.1,9.4,0.0,25.85
2023,118,18.1,3.5,11.4,0.0,24.01
2023,119,12.0,4.9,8.3,5.6,19.21
2023,120,4.5,3.0,3.8,7.0,5.44
2023,121,9.3,2.9,5.5,4.6,7.65
2023,122,10.4,3.8,7.0,0.0,17.15
2023,123,14.0,0.8,7.5,0.0,23.66
2023,124,21.2,4.9,13.4,0.0,25.74
2023,125,22.1,11.8,16.9,0.9,20.95
2023,126,19.9,11.9,16.1,1.3,10.91
2023,127,25.0,13.5,19.3,2.5,22.77
2023,128,13.8,10.0,11.9,28.3,5.7
2023,129,20.7,7.9,13.7,0.0,23.05
2023,130,24.0,8.4,16.5,0.0,27.68
2023,131,25.6,9.6,18.4,0.0,27.09
2023,132,23.8,14.4,17.8,9.9,9.28
2023,133,22.1,13.7,17.7,0.5,21.56
2023,134,14.7,10.0,12.3,8.5,5.06
2023,135,19.8,6.4,13.2,0.0,27.26
2023,136,25.6,11.3,17.4,0.0,25.97
2023,137,18.2,6.0,11.8,0.0,29.21
2023,138,23.0,6.9,15.5,0.0,26.7
2023,139,18.5,11.1,15.3,1.6,25.38
2023,140,20.8,7.9,14.4,0.0,29.24
2023,141,23.9,10.7,17.7,0.0,28.68
2023,142,25.9,11.1,19.3,0.0,26.62
2023,143,26.6,12.3,19.9,0.0,28.85
2023,144,21.7,12.5,17.0,0.0,26.95
2023,145,18.9,8.9,13.3,2.3,29.23
2023,146,22.0,7.0,14.5,0.0,30.57
2023,147,24.0,7.9,16.4,0.0,29.81
2023,148,25.8,11.3,18.8,0.0,28.23
2023,149,26.3,12.0,20.0,0.0,24.88
2023,150,29.8,13.9,22.2,0.0,28.84
2023,151,31.3,18.2,24.6,0.0,26.64
2023,152,30.9,18.0,24.5,0.0,26.12
2023,153,30.9,18.3,24.5,0.0,26.04
2023,154,30.8,17.8,24.8,0.0,27.52
2023,155,27.9,17.7,22.3,0.1,28.07
2023,156,28.8,14.8,22.1,0.0,28.9
2023,157,26.0,17.8,21.1,0.4,22.4
2023,158,23.7,14.4,18.7,0.0,30.29
2023,159,22.8,11.6,17.2,0.0,30.82
2023,160,26.3,11.9,19.5,0.0,29.9
2023,161,28.0,17.0,22.3,0.0,20.56
2023,162,18.4,10.7,14.2,4.2,11.27
2023,163,20.1,8.6,14.1,1.3,19.74
2023,164,20.3,11.8,15.8,7.6,11.02
2023,165,26.8,13.7,20.4,0.0,27.34
2023,166,23.5,12.1,18.2,0.0,28.39
2023,167,23.5,10.1,16.4,0.0,21.06
2023,168,26.8,12.7,20.1,0.0,29.93
2023,169,28.1,15.5,21.6,0.0,23.82
2023,170,29.9,16.9,23.3,0.0,28.66
2023,171,28.6,16.5,22.8,0.0,30.11
2023,172,30.1,17.1,24.0,0.0,28.75
2023,173,30.1,17.5,23.9,0.0,26.26
2023,174,31.2,17.5,24.7,0.0,29.31
2023,175,32.4,18.1,25.1,8.2,28.68
2023,176,25.9,18.7,22.1,2.2,22.77
2023,177,24.9,17.5,20.3,0.3,17.21
2023,178,26.5,15.9,20.9,0.0,29.58
2023,179,28.4,16.4,22.1,0.1,27.69
2023,180,29.7,19.1,24.5,0.3,22.17
2023,181,30.5,19.8,24.9,0.1,22.9
2023,182,27.7,20.1,23.1,4.8,17.56
2023,183,28.2,20.5,24.1,0.0,23.58
2023,184,31.4,17.7,25.0,0.0,29.17
2023,185,31.4,22.3,26.2,1.6,27.0
2023,186,28.9,21.1,24.1,16.3,19.86
2023,187,25.5,17.7,21.4,0.5,27.14
2023,188,24.7,15.4,19.9,0.0,26.05
2023,189,26.0,16.3,20.9,0.1,22.08
2023,190,27.5,16.0,21.9,0.0,28.64
2023,191,30.4,18.8,24.7,0.0,28.88
2023,192,27.7,19.6,23.6,0.0,28.17
2023,193,22.4,14.7,18.6,68.7,9.12
2023,194,26.3,13.3,19.7,1.0,20.53
2023,195,30.0,18.5,23.7,3.5,24.99
2023,196,28.4,19.9,23.6,0.0,27.57
2023,197,26.8,17.2,22.2,0.1,27.55
2023,198,23.9,14.9,19.6,0.0,24.87
2023,199,24.9,14.0,20.1,0.0,23.73
2023,200,28.3,15.7,22.5,0.0,27.52
2023,201,26.0,18.5,22.2,0.1,25.74
2023,202,26.2,15.0,20.8,0.0,28.04
2023,203,27.7,16.8,22.3,0.0,24.15
2023,204,27.7,16.7,22.0,0.0,27.07
2023,205,29.1,17.6,23.7,0.0,26.07
2023,206,31.5,20.1,25.7,0.0,25.63
2023,207,31.9,22.9,26.3,0.3,20.23
2023,208,32.7,20.6,26.9,0.8,25.01
2023,209,31.9,21.7,25.9,4.1,23.95
2023,210,27.1,19.8,23.5,0.2,25.28
2023,211,26.6,16.6,21.7,0.0,25.37
2023,212,26.7,18.1,22.2,0.0,26.81
2023,213,27.5,16.7,22.7,2.1,22.2
2023,214,29.6,19.3,24.3,0.0,23.53
2023,215,30.6,19.4,24.5,10.8,24.75
2023,216,29.1,19.2,24.0,0.4,26.07
2023,217,28.5,17.5,22.4,0.2,23.21
2023,218,26.1,17.4,21.7,0.0,22.88
2023,219,26.4,17.9,21.4,0.0,21.99
2023,220,28.1,17.7,22.5,0.0,22.95
2023,221,28.0,16.0,22.3,0.1,21.27
2023,222,27.4,18.0,22.4,0.1,23.0
2023,223,28.3,19.1,22.8,10.4,17.5
2023,224,28.1,18.4,22.6,0.0,23.87
2023,225,22.6,16.6,20.3,3.6,10.2
2023,226,18.9,16.3,17.7,45.7,5.62
2023,227,23.4,15.1,18.8,0.5,23.61
2023,228,26.1,15.3,20.9,0.0,25.03
2023,229,22.2,15.5,20.1,16.0,22.48
2023,230,24.4,13.6,19.0,0.0,24.14
2023,231,28.5,17.1,22.3,0.0,22.8
2023,232,31.1,20.7,25.8,0.0,23.61
2023,233,27.9,18.5,22.7,0.0,23.16
2023,234,30.8,17.7,24.0,0.0,23.63
2023,235,36.0,25.4,30.1,0.0,22.47
2023,236,35.6,24.8,29.7,0.1,22.28
2023,237,29.7,22.0,24.9,0.2,16.05
2023,238,23.5,17.9,21.1,0.8,14.83
2023,239,21.3,15.9,18.5,0.6,13.09
2023,240,25.8,14.4,20.1,0.0,19.05
2023,241,25.7,18.3,21.6,0.9,21.95
2023,242,20.7,11.8,16.4,0.0,23.9
2023,243,24.1,11.1,17.5,0.0,23.51
