year,jday,high,low,avg,precip,Hday,irrigation
2000,1,5.5,-3.2,0.5,0.0,7.27,0.0
2000,2,11.1,-1.3,5.7,4.3,2.85,0.0
2000,3,5.6,-2.2,-0.1,4.1,2.39,0.0
2000,4,3.2,-5.0,-0.7,6.2,3.19,0.0
2000,5,-2.9,-7.0,-4.8,0.0,7.6,0.0
2000,6,2.2,-3.9,-1.5,0.0,7.43,0.0
2000,7,-1.4,-5.7,-3.9,0.0,6.98,0.0
2000,8,5.7,-5.6,-0.4,0.0,8.02,0.0
2000,9,4.0,0.6,2.2,0.2,2.91,0.0
2000,10,5.2,0.6,2.9,4.2,1.81,0.0
2000,11,2.5,-1.3,1.3,0.6,5.66,0.0
2000,12,-1.9,-6.1,-4.4,2.0,6.03,0.0
2000,13,-3.4,-11.8,-7.3,5.5,4.07,0.0
2000,14,-7.6,-13.2,-10.7,0.0,8.41,0.0
2000,15,-0.5,-8.8,-5.1,0.0,6.42,0.0
2000,16,0.0,-10.8,-5.2,0.0,5.7,0.0
2000,17,-9.5,-11.6,-10.5,0.1,5.78,0.0
2000,18,-5.2,-11.0,-8.2,0.7,4.96,0.0
2000,19,-5.0,-9.6,-7.1,1.8,7.61,0.0
2000,20,-6.1,-15.7,-10.1,2.3,8.13,0.0
2000,21,-13.5,-20.5,-16.9,0.0,9.72,0.0
2000,22,-10.6,-21.3,-16.3,0.2,9.38,0.0
2000,23,-3.3,-10.7,-7.0,0.2,5.08,0.0
2000,24,-9.0,-17.4,-12.8,0.0,10.3,0.0
2000,25,-6.2,-14.8,-10.8,1.0,5.75,0.0
2000,26,-10.2,-15.5,-13.6,0.0,6.76,0.0
2000,27,-13.3,-17.4,-15.5,0.0,9.62,0.0
2000,28,-6.9,-15.8,-12.7,0.0,10.89,0.0
2000,29,-3.7,-17.5,-10.9,0.0,10.83,0.0
2000,30,-1.1,-7.2,-3.8,0.9,4.28,0.0
2000,31,-2.8,-5.6,-4.4,0.0,8.18,0.0
2000,32,-5.0,-11.5,-6.6,0.0,6.2,0.0
2000,33,-6.7,-16.9,-11.5,0.0,10.11,0.0
2000,34,-0.7,-6.5,-3.4,2.9,4.13,0.0
2000,35,-2.2,-13.1,-6.4,0.6,7.55,0.0
2000,36,-2.4,-13.3,-7.9,0.0,11.11,0.0
2000,37,-2.7,-13.7,-7.5,0.0,11.82,0.0
2000,38,-2.0,-12.1,-5.8,0.0,10.24,0.0
2000,39,-1.7,-19.4,-9.3,0.0,12.32,0.0
2000,40,3.3,-3.7,0.2,0.0,9.47,0.0
2000,41,-1.6,-3.1,-2.2,5.2,3.18,0.0
2000,42,-3.7,-17.6,-8.7,2.0,11.99,0.0
2000,43,-4.9,-19.3,-12.1,0.0,12.5,0.0
2000,44,-4.5,-7.2,-6.0,8.4,3.39,0.0
2000,45,-5.7,-10.6,-7.7,0.0,9.09,0.0
2000,46,0.4,-18.1,-8.8,1.4,10.95,0.0
2000,47,1.4,-10.7,-3.5,1.5,11.52,0.0
2000,48,-6.3,-17.7,-11.5,0.0,13.75,0.0
2000,49,-4.5,-8.0,-6.2,4.0,4.92,0.0
2000,50,-3.8,-10.0,-6.2,0.0,13.74,0.0
2000,51,-0.9,-6.4,-3.9,0.0,10.57,0.0
2000,52,4.4,-7.2,-2.1,0.0,13.71,0.0
2000,53,6.6,1.7,4.0,0.0,7.9,0.0
2000,54,11.4,4.7,7.4,0.4,5.73,0.0
2000,55,8.5,5.1,7.1,13.5,3.76,0.0
2000,56,11.1,4.6,7.5,0.0,7.57,0.0
2000,57,17.1,6.7,11.7,1.4,8.54,0.0
2000,58,12.1,3.8,8.2,9.3,7.12,0.0
2000,59,4.6,-2.0,1.5,0.0,16.08,0.0
2000,60,10.7,-2.4,3.3,0.0,15.16,0.0
2000,61,9.0,0.5,5.2,3.6,4.96,0.0
2000,62,1.5,-2.4,-0.9,0.0,11.89,0.0
2000,63,5.1,-4.7,-0.3,0.0,16.88,0.0
2000,64,9.1,-1.6,3.1,0.0,14.48,0.0
2000,65,6.3,-1.4,2.1,0.0,16.98,0.0
2000,66,11.5,-2.6,3.5,0.0,16.97,0.0
2000,67,18.7,4.0,10.8,0.0,16.32,0.0
2000,68,22.6,10.9,15.5,0.0,14.84,0.0
2000,69,16.5,-5.6,7.9,6.5,8.6,0.0
2000,70,-5.8,-8.2,-7.1,0.6,8.99,0.0
2000,71,-1.7,-6.9,-4.7,0.0,12.58,0.0
2000,72,2.5,-5.1,-2.1,0.0,18.28,0.0
2000,73,4.2,-4.7,-0.5,0.9,10.05,0.0
2000,74,9.1,-0.7,3.9,0.1,18.08,0.0
2000,75,11.8,1.4,6.4,4.8,12.16,0.0
2000,76,1.3,-5.2,-3.3,4.3,17.34,0.0
2000,77,-3.4,-6.6,-5.2,0.0,19.97,0.0
2000,78,3.5,-5.9,-1.6,0.0,19.86,0.0
2000,79,5.6,-1.8,1.4,8.2,8.07,0.0
2000,80,8.6,3.0,5.2,2.8,7.1,0.0
2000,81,10.9,2.1,6.5,0.0,16.12,0.0
2000,82,12.9,3.5,8.1,0.0,14.32,0.0
2000,83,14.8,3.9,8.5,0.0,17.86,0.0
2000,84,16.1,3.8,9.2,0.7,18.01,0.0
2000,85,13.7,7.8,11.2,0.3,18.32,0.0
2000,86,11.3,4.0,7.3,0.0,21.68,0.0
2000,87,9.8,4.6,7.4,3.3,18.45,0.0
2000,88,8.0,1.7,4.7,1.5,19.18,0.0
2000,89,7.5,1.6,3.9,0.2,20.06,0.0
2000,90,8.4,-0.6,3.4,0.0,22.02,0.0
2000,91,11.2,-2.9,4.4,0.0,23.25,0.0
2000,92,13.9,4.2,9.2,0.0,13.85,0.0
2000,93,11.1,5.2,7.8,3.8,12.83,0.0
2000,94,13.9,3.8,8.6,1.1,12.92,0.0
2000,95,8.1,-0.7,3.2,1.8,11.03,0.0
2000,96,7.9,-1.9,2.2,0.4,23.74,0.0
2000,97,10.1,4.2,7.3,1.4,14.78,0.0
2000,98,4.8,0.4,2.4,6.1,11.46,0.0
2000,99,1.1,-1.6,-0.3,8.8,17.09,0.0
2000,100,4.9,-6.8,-0.1,1.9,17.09,0.0
2000,101,2.8,-3.2,-0.7,0.0,25.29,0.0
2000,102,0.5,-4.2,-1.2,2.5,9.82,0.0
2000,103,4.6,-7.0,-0.7,0.3,23.19,0.0
2000,104,9.3,-0.4,4.2,0.0,18.81,0.0
2000,105,19.5,4.0,11.2,0.0,24.69,0.0
2000,106,19.6,6.1,13.8,0.0,18.1,0.0
2000,107,5.7,2.8,3.5,0.0,8.01,0.0
2000,108,6.6,3.7,4.9,0.0,9.9,0.0
2000,109,12.2,3.2,7.2,0.0,20.7,0.0
2000,110,11.4,5.3,8.4,2.2,13.06,0.0
2000,111,9.0,4.6,7.0,28.5,3.93,0.0
2000,112,7.0,4.3,5.1,12.0,4.24,0.0
2000,113,7.2,2.7,4.9,0.0,16.55,0.0
2000,114,12.4,0.9,7.1,0.0,22.92,0.0
2000,115,8.5,4.4,6.4,0.0,27.22,0.0
2000,116,8.3,3.5,5.7,0.0,27.86,0.0
2000,117,12.4,3.1,7.3,0.0,27.64,0.0
2000,118,13.2,2.6,7.9,0.0,27.69,0.0
2000,119,16.5,1.5,9.4,0.0,27.65,0.0
2000,120,9.7,4.3,7.4,0.0,27.13,0.0
2000,121,16.1,3.0,9.5,0.0,27.82,0.0
2000,122,14.2,7.9,11.1,9.3,11.22,0.0
2000,123,12.5,5.1,8.7,0.0,26.62,0.0
2000,124,20.5,6.5,13.5,0.0,23.52,0.0
2000,125,23.9,12.0,17.5,1.4,17.8,0.0
2000,126,25.2,17.4,20.9,0.2,24.35,0.0
2000,127,26.3,17.6,21.8,0.0,25.41,0.0
2000,128,25.8,19.4,22.5,0.0,19.96,0.0
2000,129,26.3,18.3,22.1,4.1,14.46,0.0
2000,130,20.0,8.2,14.7,11.1,10.29,0.0
2000,131,15.6,7.4,10.5,8.8,15.24,0.0
2000,132,18.0,6.5,12.5,7.7,13.14,0.0
2000,133,26.6,12.4,19.2,39.0,10.18,0.0
2000,134,19.7,11.0,16.1,0.0,26.96,0.0
2000,135,11.5,8.2,10.0,0.9,20.15,0.0
2000,136,15.9,6.6,11.1,0.0,28.0,0.0
2000,137,11.6,7.7,10.1,8.3,6.42,0.0
2000,138,20.3,8.8,14.6,0.4,21.54,0.0
2000,139,15.8,8.7,11.0,14.8,10.16,0.0
2000,140,10.5,5.3,8.0,7.5,25.39,0.0
2000,141,13.4,5.5,9.5,0.0,30.9,0.0
2000,142,18.0,3.8,11.7,0.0,29.5,0.0
2000,143,19.9,11.8,15.6,3.1,20.2,0.0
2000,144,20.9,13.1,16.6,3.6,14.7,0.0
2000,145,21.9,14.0,17.1,2.0,25.89,0.0
2000,146,15.8,11.6,13.7,0.3,20.8,0.0
2000,147,18.2,8.7,12.8,0.0,29.01,0.0
2000,148,15.7,9.8,12.5,0.0,23.48,0.0
2000,149,13.5,10.1,11.5,0.0,19.18,0.0
2000,150,18.0,9.8,13.7,0.0,28.54,0.0
2000,151,21.3,12.4,17.2,1.9,22.45,0.0
2000,152,21.2,15.1,18.7,0.0,11.93,0.0
2000,153,21.3,14.0,16.1,1.1,13.11,0.0
2000,154,20.7,12.8,17.4,5.9,16.66,0.0
2000,155,15.9,10.2,13.2,0.0,29.97,0.0
2000,156,18.1,9.7,13.9,0.0,23.09,0.0
2000,157,15.1,11.9,13.1,0.2,14.75,0.0
2000,158,18.2,11.1,14.6,0.0,31.1,0.0
2000,159,23.0,13.0,18.1,0.4,26.82,0.0
2000,160,26.6,15.9,21.1,1.3,25.18,0.0
2000,161,28.3,18.7,23.6,0.0,25.21,0.0
2000,162,30.2,21.0,25.4,0.0,28.57,0.0
2000,163,23.6,14.6,20.6,13.8,9.61,0.0
2000,164,16.8,13.1,14.5,9.7,15.08,0.0
2000,165,24.6,14.3,19.4,26.0,13.73,0.0
2000,166,29.7,19.8,24.0,4.6,23.62,0.0
2000,167,22.2,18.7,20.6,3.5,21.11,0.0
2000,168,25.7,18.1,21.3,0.2,23.72,0.0
2000,169,18.6,14.7,16.9,0.0,22.87,0.0
2000,170,19.9,14.0,16.4,0.8,19.74,0.0
2000,171,24.0,14.7,19.6,0.0,27.31,0.0
2000,172,25.8,15.2,20.7,0.7,19.89,0.0
2000,173,25.1,20.5,22.4,4.9,20.86,0.0
2000,174,21.7,18.0,20.1,0.2,20.02,0.0
2000,175,24.3,14.7,19.9,0.0,24.39,0.0
2000,176,24.8,20.4,22.2,11.7,17.23,0.0
2000,177,26.2,19.8,22.7,2.8,25.83,0.0
2000,178,27.5,19.1,22.0,6.4,20.31,0.0
2000,179,21.4,16.5,19.1,0.0,26.09,0.0
2000,180,20.1,13.3,17.3,0.2,16.3,0.0
2000,181,20.0,14.1,16.7,7.4,22.4,0.0
2000,182,23.4,14.2,19.1,0.0,27.47,0.0
2000,183,25.3,16.2,21.1,0.0,25.99,0.0
2000,184,27.4,18.7,22.9,0.2,24.03,0.0
2000,185,21.2,17.0,19.4,4.6,15.39,0.0
2000,186,24.7,14.1,19.8,0.0,27.82,0.0
2000,187,22.9,16.4,19.7,0.0,29.44,0.0
2000,188,19.5,15.0,17.3,0.9,17.02,0.0
2000,189,19.7,15.2,17.3,0.0,28.94,0.0
2000,190,22.1,12.0,17.2,2.0,18.22,0.0
2000,191,25.7,17.8,21.0,15.1,12.73,0.0
2000,192,21.7,17.7,20.1,0.0,20.04,0.0
2000,193,22.5,16.3,19.4,0.0,26.0,0.0
2000,194,23.5,14.6,19.6,0.0,24.8,0.0
2000,195,25.8,14.9,21.1,0.1,25.0,0.0
2000,196,23.2,18.3,20.4,33.2,18.75,0.0
2000,197,21.1,17.5,19.3,3.2,21.93,0.0
2000,198,21.9,17.3,19.6,1.4,22.92,0.0
2000,199,27.8,15.4,21.7,0.0,25.37,0.0
2000,200,18.4,14.5,16.6,0.0,15.22,0.0
2000,201,18.6,14.5,16.6,0.0,17.74,0.0
2000,202,22.7,11.9,17.6,0.8,26.29,0.0
2000,203,18.6,14.5,16.6,0.2,22.72,0.0
2000,204,18.3,14.0,16.2,0.6,20.52,0.0
2000,205,19.4,13.5,16.8,0.0,19.71,0.0
2000,206,21.8,13.9,18.3,0.0,22.57,0.0
2000,207,24.7,14.3,20.1,0.0,25.98,0.0
2000,208,25.9,18.2,22.1,0.4,22.73,0.0
2000,209,26.8,19.8,22.8,6.1,21.12,0.0
2000,210,24.8,19.4,21.7,27.1,17.18,0.0
2000,211,23.6,18.9,21.4,5.7,17.08,0.0
2000,212,22.1,20.4,21.1,11.4,7.34,0.0
2000,213,24.0,19.3,21.8,14.3,16.06,0.0
2000,214,25.3,19.0,22.2,9.3,22.15,0.0
2000,215,24.2,20.0,21.9,9.0,15.65,0.0
2000,216,19.5,15.0,17.2,0.0,22.66,0.0
2000,217,21.7,12.6,17.5,0.0,24.95,0.0
2000,218,24.8,15.0,20.2,0.0,24.24,0.0
2000,219,25.0,17.6,21.0,2.4,12.53,0.0
2000,220,26.0,20.4,22.8,6.8,24.58,0.0
2000,221,26.8,19.2,22.2,10.1,13.95,0.0
2000,222,24.4,18.7,21.4,0.5,18.68,0.0
2000,223,22.7,18.1,20.5,0.2,20.42,0.0
2000,224,22.7,17.5,19.9,0.7,23.05,0.0
2000,225,23.5,17.3,20.3,0.0,26.26,0.0
2000,226,23.7,15.0,20.0,0.2,18.75,0.0
2000,227,25.4,19.7,22.2,2.4,19.49,0.0
2000,228,28.3,20.8,24.0,1.5,16.53,0.0
2000,229,21.0,16.3,18.6,0.0,17.35,0.0
2000,230,18.9,13.6,16.2,3.7,8.26,0.0
2000,231,20.5,16.0,18.0,0.1,18.18,0.0
2000,232,17.4,13.8,15.8,0.1,17.64,0.0
2000,233,18.4,12.6,15.4,0.0,16.78,0.0
2000,234,21.5,11.7,16.9,0.0,23.04,0.0
2000,235,25.9,13.3,19.6,0.5,18.87,0.0
2000,236,23.2,18.9,20.8,8.7,18.74,0.0
2000,237,23.0,15.8,19.9,0.0,22.94,0.0
2000,238,25.2,15.3,20.3,0.0,23.62,0.0
2000,239,24.7,19.2,21.5,4.0,14.24,0.0
2000,240,22.3,18.2,20.0,2.0,15.97,0.0
2000,241,24.3,17.7,21.1,0.0,16.92,0.0
2000,242,26.7,19.2,22.8,0.5,14.64,0.0
2000,243,23.1,18.9,21.1,1.3,18.09,0.0
2000,244,28.9,19.9,24.0,0.0,21.88,0.0
2000,245,29.2,20.9,24.6,0.0,20.33,0.0
2000,246,24.0,19.9,21.9,0.1,11.9,0.0
2000,247,26.0,19.2,22.0,1.0,11.85,0.0
2000,248,20.4,14.7,16.4,0.8,14.97,0.0
2000,249,14.7,12.1,13.4,0.0,16.61,0.0
2000,250,19.9,10.6,15.1,0.0,22.58,0.0
2000,251,25.1,13.3,18.9,0.0,18.63,0.0
2000,252,23.6,19.4,21.3,1.4,15.13,0.0
2000,253,25.7,18.9,21.8,5.1,13.39,0.0
2000,254,23.1,20.9,21.4,14.2,4.38,0.0
2000,255,27.4,19.7,22.7,0.0,14.21,0.0
2000,256,22.8,16.6,20.2,2.5,13.76,0.0
2000,257,21.6,12.7,17.3,0.0,20.57,0.0
2000,258,17.4,14.0,15.4,18.2,5.14,0.0
2000,259,14.2,11.1,12.5,7.5,13.66,0.0
2000,260,15.0,9.5,12.0,0.3,14.75,0.0
2000,261,21.5,11.8,16.3,0.0,17.97,0.0
2000,262,23.8,10.6,17.5,0.0,19.46,0.0
2000,263,25.7,16.8,20.4,0.0,14.27,0.0
2000,264,21.1,12.3,18.2,12.8,7.07,0.0
2000,265,13.3,10.3,12.0,0.5,10.39,0.0
2000,266,14.9,8.6,11.8,9.3,9.37,0.0
2000,267,17.3,12.4,15.3,5.4,4.45,0.0
2000,268,13.7,8.8,10.7,0.1,12.51,0.0
2000,269,13.3,8.5,10.9,0.0,10.78,0.0
2000,270,17.2,8.2,12.4,0.0,18.2,0.0
2000,271,14.1,9.1,11.8,0.0,8.15,0.0
2000,272,10.6,7.2,8.6,0.0,12.85,0.0
2000,273,18.8,6.6,11.8,0.0,17.26,0.0
2000,274,20.9,11.2,15.4,0.0,15.35,0.0
2000,275,22.8,13.3,17.6,0.0,16.79,0.0
2000,276,22.1,15.9,18.8,0.5,10.75,0.0
2000,277,19.5,12.1,15.8,0.0,16.08,0.0
2000,278,16.3,10.4,13.7,4.7,16.14,0.0
2000,279,13.6,10.9,12.0,0.0,7.23,0.0
2000,280,11.5,6.2,9.5,3.2,13.06,0.0
2000,281,8.1,3.6,5.6,3.6,14.37,0.0
2000,282,5.9,3.4,4.6,5.7,11.51,0.0
2000,283,10.4,4.4,7.4,0.0,7.94,0.0
2000,284,14.2,6.0,9.6,0.0,15.83,0.0
2000,285,16.4,7.7,11.4,0.0,15.67,0.0
2000,286,18.1,7.5,12.4,0.0,15.56,0.0
2000,287,20.5,12.7,15.9,0.0,9.73,0.0
2000,288,20.8,14.9,17.1,0.8,9.57,0.0
2000,289,14.8,11.1,13.0,0.0,6.03,0.0
2000,290,13.1,9.6,11.3,0.0,4.9,0.0
2000,291,14.2,9.1,11.3,0.3,9.04,0.0
2000,292,16.2,7.8,11.5,0.4,12.95,0.0
2000,293,15.0,6.8,10.9,0.0,12.92,0.0
2000,294,20.9,10.9,15.5,0.0,13.47,0.0
2000,295,15.5,9.0,12.6,0.0,13.27,0.0
2000,296,13.4,7.2,9.9,0.0,13.41,0.0
2000,297,17.0,7.3,11.9,5.8,8.55,0.0
2000,298,15.7,11.0,14.3,6.3,3.38,0.0
2000,299,15.8,9.6,12.3,0.0,7.61,0.0
2000,300,20.0,13.3,16.0,0.2,7.45,0.0
2000,301,19.4,9.2,15.6,4.4,10.67,0.0
2000,302,8.7,5.1,6.7,0.0,9.83,0.0
2000,303,9.6,4.5,6.6,0.0,12.1,0.0
2000,304,12.2,4.4,8.0,0.0,12.16,0.0
2000,305,13.1,2.7,7.3,0.0,11.97,0.0
2000,306,15.1,5.4,9.3,0.0,11.59,0.0
2000,307,17.7,8.1,12.3,0.0,9.89,0.0
2000,308,14.2,9.0,11.6,0.0,11.34,0.0
2000,309,8.8,5.5,7.2,0.0,7.82,0.0
2000,310,10.4,3.2,6.6,0.0,9.62,0.0
2000,311,10.4,4.9,7.3,0.0,10.57,0.0
2000,312,11.4,7.2,9.0,2.3,2.62,0.0
2000,313,12.2,7.4,9.8,0.0,9.91,0.0
2000,314,14.8,8.3,11.3,13.9,1.36,0.0
2000,315,9.2,6.4,7.6,7.0,3.37,0.0
2000,316,6.3,4.5,5.4,0.0,4.26,0.0
2000,317,5.2,3.7,4.7,0.0,5.28,0.0
2000,318,6.5,3.5,5.0,6.4,1.22,0.0
2000,319,4.1,0.2,1.9,2.2,5.62,0.0
2000,320,3.6,0.5,1.8,0.1,5.88,0.0
2000,321,4.3,0.0,2.0,2.9,3.66,0.0
2000,322,2.5,-0.6,0.8,0.2,7.92,0.0
2000,323,0.5,-1.6,-0.7,0.4,5.01,0.0
2000,324,1.3,-2.3,-0.6,0.4,5.39,0.0
2000,325,1.4,-2.1,-0.3,1.6,5.04,0.0
2000,326,-1.9,-5.3,-3.3,0.0,8.49,0.0
2000,327,-3.0,-6.2,-4.7,0.3,8.21,0.0
2000,328,-1.6,-6.5,-4.2,0.0,8.94,0.0
2000,329,2.8,-3.8,-1.3,0.0,7.96,0.0
2000,330,5.4,-2.1,1.4,0.5,5.94,0.0
2000,331,5.0,3.6,4.3,7.7,0.89,0.0
2000,332,3.9,1.9,3.1,1.6,3.67,0.0
2000,333,2.6,0.7,1.7,1.1,3.48,0.0
2000,334,3.8,-2.0,1.0,0.3,4.55,0.0
2000,335,1.6,-1.2,0.3,0.1,5.5,0.0
2000,336,-0.2,-2.5,-1.1,0.1,5.33,0.0
2000,337,-1.4,-2.8,-2.2,0.0,3.85,0.0
2000,338,0.3,-5.7,-2.8,0.0,8.27,0.0
2000,339,1.1,-5.1,-2.2,0.0,5.47,0.0
2000,340,0.1,-8.2,-3.9,2.2,7.05,0.0
2000,341,-6.2,-9.8,-7.9,0.6,4.29,0.0
2000,342,-6.2,-10.2,-8.4,0.1,5.14,0.0
2000,343,-3.7,-10.9,-6.7,0.0,7.51,0.0
2000,344,-4.0,-11.3,-7.8,0.0,7.26,0.0
2000,345,-0.5,-5.9,-2.8,0.2,2.31,0.0
2000,346,-2.7,-6.3,-4.3,17.9,1.71,0.0
2000,347,-3.5,-12.7,-8.5,10.0,6.4,0.0
2000,348,-6.4,-13.6,-10.7,3.4,5.0,0.0
2000,349,-2.0,-6.3,-4.1,3.4,5.31,0.0
2000,350,-3.4,-9.4,-6.6,0.0,6.29,0.0
2000,351,3.3,-2.9,1.3,7.4,1.07,0.0
2000,352,1.5,-5.1,-0.8,13.3,2.14,0.0
2000,353,-5.6,-8.5,-6.9,0.6,4.62,0.0
2000,354,-6.6,-9.7,-8.2,3.9,5.34,0.0
2000,355,-8.5,-12.6,-10.6,0.0,7.53,0.0
2000,356,-5.1,-10.7,-7.8,2.7,4.13,0.0
2000,357,-10.2,-18.2,-14.5,0.0,7.45,0.0
2000,358,-8.4,-13.4,-10.8,0.9,4.76,0.0
2000,359,-7.5,-12.4,-9.7,0.6,6.56,0.0
2000,360,-11.5,-15.8,-13.5,0.0,7.79,0.0
2000,361,-6.5,-14.2,-10.6,0.3,6.7,0.0
2000,362,-7.5,-14.0,-10.1,0.0,7.08,0.0
2000,363,-7.7,-14.6,-12.4,0.0,3.89,0.0
2000,364,-4.8,-7.2,-5.5,0.9,3.3,0.0
2000,365,-4.0,-6.6,-5.4,4.0,3.88,0.0
2000,366,-6.1,-10.1,-8.1,0.0,4.83,0.0
2001,1,-8.2,-10.1,-9.2,0.0,4.94,0.0
2001,2,-7.4,-14.6,-10.5,0.0,7.9,0.0
2001,3,-6.1,-10.9,-8.4,0.7,2.92,0.0
2001,4,-4.0,-8.9,-6.6,0.1,6.18,0.0
2001,5,1.4,-3.9,-1.2,4.5,6.27,0.0
2001,6,-2.4,-6.8,-4.6,0.0,4.67,0.0
2001,7,-0.7,-4.5,-2.8,0.0,4.18,0.0
2001,8,-5.2,-10.4,-8.4,0.0,4.61,0.0
2001,9,-4.4,-16.1,-10.1,0.0,7.01,0.0
2001,10,1.6,-6.9,-2.9,0.0,8.5,0.0
2001,11,1.0,-4.0,-1.1,0.0,8.22,0.0
2001,12,0.7,-3.6,-1.1,0.0,4.02,0.0
2001,13,0.1,-1.2,-0.4,0.0,4.59,0.0
2001,14,0.8,-1.7,-0.5,0.5,4.16,0.0
2001,15,2.3,0.5,1.6,1.7,2.75,0.0
2001,16,0.5,-3.3,-1.2,0.0,4.13,0.0
2001,17,-3.9,-8.3,-5.9,0.0,6.2,0.0
2001,18,-2.2,-5.1,-3.5,0.0,5.3,0.0
2001,19,-3.1,-10.9,-6.7,0.0,6.1,0.0
2001,20,-8.5,-15.1,-11.6,0.0,9.57,0.0
2001,21,-5.9,-12.3,-9.4,0.0,8.06,0.0
2001,22,-2.9,-14.4,-7.9,0.0,8.19,0.0
2001,23,0.3,-4.1,-1.6,0.0,5.73,0.0
2001,24,-1.6,-7.6,-3.3,0.8,5.44,0.0
2001,25,-5.4,-13.9,-9.7,0.0,10.26,0.0
2001,26,-1.4,-9.5,-5.7,1.8,7.03,0.0
2001,27,-3.3,-8.5,-5.1,1.4,6.96,0.0
2001,28,-3.5,-9.9,-7.1,0.0,9.58,0.0
2001,29,0.4,-8.7,-4.1,0.5,4.09,0.0
2001,30,3.6,0.6,2.1,13.8,5.71,0.0
2001,31,1.0,-1.5,-0.2,6.7,3.67,0.0
2001,32,0.9,-4.9,-2.1,0.6,9.03,0.0
2001,33,-2.9,-14.0,-9.5,0.4,9.52,0.0
2001,34,-5.6,-18.5,-11.6,0.0,10.93,0.0
2001,35,1.4,-6.2,-2.4,1.2,4.33,0.0
2001,36,1.0,-1.6,-0.1,0.0,5.44,0.0
2001,37,0.3,-3.5,-1.8,0.2,6.83,0.0
2001,38,0.2,-5.4,-2.9,0.0,11.1,0.0
2001,39,1.7,-2.3,-0.9,9.5,2.03,0.0
2001,40,11.3,-2.8,6.3,18.0,3.37,0.0
2001,41,-4.9,-13.2,-10.6,1.2,11.07,0.0
2001,42,-10.9,-17.7,-14.0,0.0,12.98,0.0
2001,43,-0.2,-11.9,-6.5,0.0,12.18,0.0
2001,44,1.7,-7.1,-2.7,0.0,11.24,0.0
2001,45,1.0,-5.4,-0.7,3.4,2.98,0.0
2001,46,-5.4,-9.2,-7.1,0.0,10.56,0.0
2001,47,-0.2,-9.8,-5.3,0.0,9.03,0.0
2001,48,-7.8,-13.6,-11.4,0.0,13.4,0.0
2001,49,-5.8,-14.5,-10.7,0.0,14.79,0.0
2001,50,2.9,-7.3,-1.7,0.0,8.05,0.0
2001,51,1.0,-7.4,-1.6,0.0,13.51,0.0
2001,52,-7.9,-14.9,-11.9,0.0,14.29,0.0
2001,53,-3.7,-18.2,-10.1,0.0,9.26,0.0
2001,54,-4.2,-12.3,-6.6,0.0,12.23,0.0
2001,55,0.6,-13.5,-6.7,8.7,4.78,0.0
2001,56,10.2,-0.4,5.1,12.9,7.9,0.0
2001,57,1.2,-5.7,-2.2,0.0,15.36,0.0
2001,58,-1.4,-10.1,-5.5,0.0,11.22,0.0
2001,59,-5.6,-13.3,-9.5,0.0,15.0,0.0
2001,60,-2.1,-7.8,-5.2,0.0,11.46,0.0
2001,61,4.9,-6.6,-0.7,0.0,15.31,0.0
2001,62,3.4,-5.4,-1.5,0.0,13.4,0.0
2001,63,-0.3,-4.8,-1.9,0.0,8.62,0.0
2001,64,-4.5,-10.0,-6.8,4.4,11.65,0.0
2001,65,-1.9,-7.4,-4.7,0.7,10.1,0.0
2001,66,0.9,-6.0,-3.1,0.0,15.68,0.0
2001,67,1.0,-2.7,-1.3,1.7,12.36,0.0
2001,68,-0.6,-6.9,-2.9,0.0,11.38,0.0
2001,69,3.2,-9.6,-3.0,0.8,18.43,0.0
2001,70,1.6,-7.0,-2.1,2.8,14.57,0.0
2001,71,3.1,-8.7,-3.5,5.7,9.94,0.0
2001,72,4.2,-1.6,2.0,4.8,11.79,0.0
2001,73,6.1,-2.6,1.0,0.0,18.02,0.0
2001,74,2.2,-2.5,0.3,0.0,12.25,0.0
2001,75,-2.0,-4.1,-3.1,0.0,11.84,0.0
2001,76,-3.8,-5.8,-4.6,0.0,9.99,0.0
2001,77,4.0,-7.0,-1.7,0.0,20.42,0.0
2001,78,6.9,-2.5,1.5,0.0,20.41,0.0
2001,79,8.2,-1.9,2.4,0.0,19.62,0.0
2001,80,8.0,-2.7,2.3,0.0,19.58,0.0
2001,81,7.3,-2.1,1.7,0.0,21.16,0.0
2001,82,5.7,-1.7,1.4,0.0,18.97,0.0
2001,83,-0.2,-6.9,-3.1,1.4,19.89,0.0
2001,84,-5.4,-9.7,-7.8,1.0,15.95,0.0
2001,85,-2.0,-11.1,-7.0,0.0,20.11,0.0
2001,86,1.1,-7.4,-3.6,0.0,20.28,0.0
2001,87,5.2,-4.5,0.2,0.0,19.48,0.0
2001,88,5.7,-0.6,1.7,0.8,15.52,0.0
2001,89,3.0,-1.5,0.6,0.0,14.36,0.0
2001,90,6.3,-0.6,2.1,0.0,12.44,0.0
2001,91,6.1,-2.3,1.7,0.0,18.06,0.0
2001,92,7.2,-1.4,2.4,0.0,16.98,0.0
2001,93,5.2,-1.0,1.6,1.6,20.99,0.0
2001,94,9.2,-3.3,2.8,0.0,23.49,0.0
2001,95,12.0,-2.2,4.7,1.1,20.35,0.0
2001,96,14.8,3.3,7.9,5.6,14.33,0.0
2001,97,18.1,2.1,8.4,3.0,11.36,0.0
2001,98,18.3,5.4,13.5,0.0,23.91,0.0
2001,99,4.7,1.7,3.0,5.8,11.02,0.0
2001,100,9.6,1.5,5.0,0.0,17.72,0.0
2001,101,13.4,2.9,8.3,1.8,12.48,0.0
2001,102,18.5,8.8,14.3,3.5,18.13,0.0
2001,103,11.2,2.9,7.0,0.0,23.39,0.0
2001,104,13.3,1.2,6.8,0.9,16.79,0.0
2001,105,5.9,1.3,3.5,0.0,11.62,0.0
2001,106,5.2,0.5,2.3,3.7,10.74,0.0
2001,107,2.2,-0.7,0.8,2.7,23.96,0.0
2001,108,4.8,-0.9,1.3,0.0,24.16,0.0
2001,109,12.5,-2.1,5.0,0.0,24.52,0.0
2001,110,10.4,5.2,7.6,4.1,6.19,0.0
2001,111,21.3,7.5,15.2,2.7,12.21,0.0
2001,112,16.9,7.0,9.9,0.1,22.05,0.0
2001,113,23.3,8.9,17.7,3.6,18.49,0.0
2001,114,12.4,3.5,6.9,0.0,15.94,0.0
2001,115,14.3,1.8,8.1,0.0,26.0,0.0
2001,116,17.9,6.2,12.0,0.9,25.66,0.0
2001,117,12.0,4.9,7.7,2.3,27.96,0.0
2001,118,10.0,2.5,6.3,0.0,28.17,0.0
2001,119,16.8,1.3,9.1,0.0,27.39,0.0
2001,120,24.1,8.2,15.5,0.0,27.42,0.0
2001,121,24.7,14.4,19.1,0.5,22.75,0.0
2001,122,25.7,16.5,20.9,0.0,23.56,0.0
2001,123,24.9,12.1,19.3,0.4,23.47,0.0
2001,124,14.4,8.6,11.2,0.2,19.47,0.0
2001,125,13.2,6.9,10.0,0.0,27.59,0.0
2001,126,17.8,8.7,12.7,0.0,26.7,0.0
2001,127,23.0,11.9,16.6,4.0,19.06,0.0
2001,128,20.5,12.6,16.6,2.6,23.89,0.0
2001,129,22.3,12.7,17.8,0.0,26.78,0.0
2001,130,24.0,14.1,18.7,0.6,16.49,0.0
2001,131,19.3,10.6,15.2,5.6,9.79,0.0
2001,132,10.5,7.4,9.0,0.0,22.29,0.0
2001,133,16.3,4.5,10.5,1.7,24.31,0.0
2001,134,16.6,8.0,12.2,0.0,26.22,0.0
2001,135,18.0,10.0,13.5,5.9,17.45,0.0
2001,136,19.7,11.5,14.6,9.2,12.84,0.0
2001,137,23.9,14.7,18.9,0.0,22.57,0.0
2001,138,20.5,13.3,17.3,0.7,26.27,0.0
2001,139,20.6,10.8,15.8,0.0,29.02,0.0
2001,140,22.3,11.3,16.6,0.0,27.33,0.0
2001,141,18.4,15.0,16.4,12.3,7.6,0.0
2001,142,17.5,13.1,15.3,0.5,13.54,0.0
2001,143,16.7,9.5,13.3,2.1,25.78,0.0
2001,144,18.1,10.9,13.6,6.9,18.57,0.0
2001,145,15.5,10.9,13.0,9.9,14.82,0.0
2001,146,15.4,7.7,12.0,1.1,20.04,0.0
2001,147,15.1,11.1,13.2,5.4,16.33,0.0
2001,148,18.6,10.1,13.8,10.7,16.95,0.0
2001,149,13.4,9.6,11.5,1.0,24.04,0.0
2001,150,15.4,7.9,11.5,0.0,30.85,0.0
2001,151,16.4,6.3,11.7,0.0,29.48,0.0
2001,152,17.1,10.9,13.2,15.8,6.83,0.0
2001,153,17.3,9.1,12.3,11.2,12.5,0.0
2001,154,15.1,9.5,12.4,3.2,22.06,0.0
2001,155,14.0,10.8,12.3,1.3,13.63,0.0
2001,156,16.3,9.2,12.8,0.6,15.04,0.0
2001,157,18.2,10.7,14.2,0.0,24.09,0.0
2001,158,19.7,9.1,14.9,0.0,29.04,0.0
2001,159,20.7,10.3,16.0,0.0,28.84,0.0
2001,160,22.9,12.2,17.5,0.5,24.99,0.0
2001,161,24.5,14.6,18.8,10.5,21.59,0.0
2001,162,22.1,17.0,19.4,2.4,21.77,0.0
2001,163,27.1,16.4,21.7,0.0,25.94,0.0
2001,164,28.4,17.4,23.6,0.0,25.68,0.0
2001,165,30.9,20.6,26.0,0.0,27.92,0.0
2001,166,30.4,21.1,25.5,14.2,25.35,0.0
2001,167,25.0,17.9,21.5,0.3,28.31,0.0
2001,168,23.4,17.5,20.2,0.5,26.73,0.0
2001,169,26.0,17.5,21.6,1.1,14.48,0.0
2001,170,27.0,16.7,24.1,0.0,25.32,0.0
2001,171,22.3,16.0,18.9,0.0,25.39,0.0
2001,172,20.6,14.7,17.2,10.2,9.88,0.0
2001,173,20.0,15.1,17.3,3.9,23.14,0.0
2001,174,20.3,14.1,17.7,0.2,23.52,0.0
2001,175,24.7,13.8,19.6,0.0,29.84,0.0
2001,176,27.1,16.4,22.2,0.0,30.0,0.0
2001,177,28.4,18.8,23.8,0.0,28.55,0.0
2001,178,29.0,19.8,24.7,0.0,27.67,0.0
2001,179,28.1,20.1,24.9,0.0,26.54,0.0
2001,180,28.8,21.4,25.4,0.0,26.73,0.0
2001,181,29.3,21.6,25.4,0.0,25.55,0.0
2001,182,23.7,13.8,18.0,0.5,22.06,0.0
2001,183,18.5,12.2,15.2,0.0,27.48,0.0
2001,184,24.7,15.4,19.5,1.2,21.03,0.0
2001,185,25.1,18.0,21.1,3.9,24.36,0.0
2001,186,20.1,14.9,16.9,0.9,26.55,0.0
2001,187,23.5,12.3,18.0,0.0,29.32,0.0
2001,188,27.2,17.2,21.6,0.7,18.95,0.0
2001,189,28.1,19.8,23.8,0.0,28.74,0.0
2001,190,29.2,19.9,25.0,0.0,26.08,0.0
2001,191,27.1,19.7,22.8,1.0,24.32,0.0
2001,192,20.7,16.2,18.5,0.2,20.26,0.0
2001,193,20.6,15.3,17.6,0.0,24.33,0.0
2001,194,23.1,14.5,18.6,0.0,21.92,0.0
2001,195,25.1,16.8,20.7,0.0,28.21,0.0
2001,196,26.2,16.5,21.4,0.4,18.57,0.0
2001,197,27.3,19.0,22.6,0.2,20.84,0.0
2001,198,26.0,19.6,22.7,0.2,21.01,0.0
2001,199,27.0,19.7,23.3,0.0,24.48,0.0
2001,200,28.2,20.7,24.4,0.0,26.9,0.0
2001,201,29.4,20.7,25.0,0.4,26.28,0.0
2001,202,30.5,22.1,25.3,9.5,19.97,0.0
2001,203,30.7,22.0,26.2,0.7,23.01,0.0
2001,204,32.5,23.9,27.7,0.3,20.83,0.0
2001,205,31.5,22.5,27.0,0.0,27.26,0.0
2001,206,21.8,19.0,20.3,4.4,9.32,0.0
2001,207,20.8,15.7,18.8,0.0,28.18,0.0
2001,208,21.9,14.5,18.3,0.0,27.25,0.0
2001,209,26.3,16.5,21.4,0.0,23.63,0.0
2001,210,26.7,19.7,22.6,4.6,16.14,0.0
2001,211,27.3,19.9,23.6,0.3,20.51,0.0
2001,212,30.5,20.6,25.5,0.0,26.14,0.0
2001,213,33.1,22.3,27.6,0.0,24.96,0.0
2001,214,29.4,25.0,27.1,1.2,16.52,0.0
2001,215,26.6,21.1,23.9,4.9,24.51,0.0
2001,216,28.2,19.7,24.1,0.0,27.17,0.0
2001,217,31.1,19.6,25.7,0.0,27.01,0.0
2001,218,33.6,22.3,28.0,0.0,26.04,0.0
2001,219,32.1,22.5,27.5,5.1,23.27,0.0
2001,220,35.1,24.2,29.2,0.5,24.54,0.0
2001,221,32.5,24.6,28.6,2.5,23.96,0.0
2001,222,23.9,20.1,22.2,2.3,24.22,0.0
2001,223,23.1,17.7,20.6,1.1,16.48,0.0
2001,224,26.5,17.3,22.6,0.0,18.68,0.0
2001,225,22.7,18.5,21.1,0.0,22.64,0.0
2001,226,22.4,16.2,19.5,0.0,25.33,0.0
2001,227,27.0,15.6,21.5,0.0,25.64,0.0
2001,228,21.7,19.4,20.5,15.7,4.63,0.0
2001,229,24.1,17.2,20.4,0.4,18.02,0.0
2001,230,23.7,16.4,20.3,0.2,19.01,0.0
2001,231,21.0,17.6,19.1,30.5,10.4,0.0
2001,232,20.5,16.8,18.7,2.0,14.52,0.0
2001,233,24.4,16.2,20.3,0.0,24.81,0.0
2001,234,24.2,17.7,20.9,0.3,16.8,0.0
2001,235,24.7,17.2,20.9,0.3,16.92,0.0
2001,236,23.5,18.6,20.8,0.0,23.11,0.0
2001,237,26.6,18.2,22.3,0.0,18.5,0.0
2001,238,23.1,19.7,21.8,5.0,13.79,0.0
2001,239,26.3,15.6,21.4,0.1,20.48,0.0
2001,240,22.1,17.8,20.0,1.8,21.0,0.0
2001,241,24.6,13.9,20.0,0.0,20.37,0.0
2001,242,28.8,17.9,22.8,0.5,21.7,0.0
2001,243,22.8,16.3,19.2,3.3,16.84,0.0
2001,244,17.2,14.3,15.7,0.0,14.52,0.0
2001,245,23.9,13.4,18.2,0.0,21.6,0.0
2001,246,27.2,16.5,21.1,3.0,20.47,0.0
2001,247,19.8,15.9,17.7,0.1,11.79,0.0
2001,248,20.4,13.5,17.0,0.0,21.78,0.0
2001,249,26.5,14.4,19.9,0.0,21.47,0.0
2001,250,29.6,19.0,23.1,3.5,17.62,0.0
2001,251,29.2,21.5,24.5,7.1,16.62,0.0
2001,252,27.1,20.5,23.1,12.1,14.67,0.0
2001,253,21.7,15.4,18.7,5.8,17.7,0.0
2001,254,20.6,14.2,17.6,0.0,19.95,0.0
2001,255,25.7,15.7,20.0,2.5,19.19,0.0
2001,256,16.6,12.4,14.4,2.9,14.47,0.0
2001,257,15.4,12.1,13.5,0.0,13.69,0.0
2001,258,17.0,11.6,14.2,0.0,13.99,0.0
2001,259,19.5,10.4,15.2,0.0,19.5,0.0
2001,260,21.0,11.0,16.1,0.1,15.76,0.0
2001,261,20.7,14.3,17.7,1.2,15.77,0.0
2001,262,18.2,17.5,17.8,24.8,2.13,0.0
2001,263,17.4,15.5,16.4,3.5,6.09,0.0
2001,264,18.7,13.3,15.8,3.4,8.96,0.0
2001,265,19.8,13.7,16.7,0.5,14.74,0.0
2001,266,21.6,13.8,17.2,9.0,11.3,0.0
2001,267,14.4,8.9,11.2,3.6,4.12,0.0
2001,268,9.4,4.1,7.8,28.7,2.26,0.0
2001,269,10.7,4.4,8.0,5.7,8.13,0.0
2001,270,12.3,8.3,10.2,2.3,9.06,0.0
2001,271,13.9,10.7,12.2,1.1,9.16,0.0
2001,272,16.5,9.7,12.8,0.0,17.65,0.0
2001,273,18.0,6.8,13.0,0.0,16.27,0.0
2001,274,20.5,10.6,15.3,0.0,14.56,0.0
2001,275,21.4,11.0,16.4,0.0,16.06,0.0
2001,276,23.7,15.5,19.1,0.0,16.64,0.0
2001,277,18.1,11.3,14.4,2.2,9.4,0.0
2001,278,11.5,8.4,9.9,7.2,3.59,0.0
2001,279,8.1,4.8,6.8,1.2,14.82,0.0
2001,280,7.5,2.7,4.8,0.3,14.99,0.0
2001,281,11.2,-0.6,6.1,0.0,16.46,0.0
2001,282,18.1,7.3,12.0,1.5,10.75,0.0
2001,283,18.5,12.2,15.4,0.0,10.51,0.0
2001,284,17.0,11.6,14.6,0.6,5.34,0.0
2001,285,16.9,11.6,13.8,18.6,3.27,0.0
2001,286,20.0,11.1,15.3,0.9,6.1,0.0
2001,287,19.6,10.3,14.7,20.1,1.9,0.0
2001,288,12.6,8.4,10.4,0.0,11.43,0.0
2001,289,9.3,6.5,7.4,32.2,1.09,0.0
2001,290,8.1,4.3,6.2,0.2,11.74,0.0
2001,291,12.6,2.6,7.5,0.1,11.81,0.0
2001,292,10.3,7.7,8.8,6.5,3.31,0.0
2001,293,15.5,6.6,10.6,0.4,13.12,0.0
2001,294,14.5,7.6,10.7,0.5,6.36,0.0
2001,295,14.6,4.6,10.0,2.1,12.44,0.0
2001,296,17.8,10.2,14.0,22.6,6.63,0.0
2001,297,19.1,11.8,15.1,9.8,5.98,0.0
2001,298,12.2,3.1,5.8,6.3,8.26,0.0
2001,299,5.7,3.1,4.2,1.9,8.86,0.0
2001,300,5.0,2.3,3.6,0.1,7.73,0.0
2001,301,8.5,0.1,4.1,0.0,12.28,0.0
2001,302,10.8,5.7,8.0,0.0,5.94,0.0
2001,303,7.3,4.5,6.1,0.0,8.42,0.0
2001,304,14.3,4.9,10.1,2.4,5.43,0.0
2001,305,16.9,12.6,14.4,1.2,7.59,0.0
2001,306,15.6,10.2,14.1,5.6,7.58,0.0
2001,307,10.4,6.8,8.7,0.0,9.34,0.0
2001,308,11.0,5.6,7.8,0.0,11.27,0.0
2001,309,6.4,1.5,4.7,0.0,8.49,0.0
2001,310,12.2,1.6,6.3,0.0,11.08,0.0
2001,311,11.6,8.2,9.8,0.0,5.9,0.0
2001,312,13.8,4.1,9.7,2.0,3.82,0.0
2001,313,7.9,2.2,5.0,0.0,8.41,0.0
2001,314,10.8,4.6,6.7,0.0,9.83,0.0
2001,315,4.3,2.2,3.4,0.0,7.24,0.0
2001,316,8.7,2.1,4.6,0.0,8.88,0.0
2001,317,13.0,3.6,7.3,3.4,8.48,0.0
2001,318,13.8,7.9,10.8,1.4,5.71,0.0
2001,319,16.7,10.2,13.0,2.4,4.88,0.0
2001,320,12.8,5.4,9.0,0.0,6.75,0.0
2001,321,11.4,1.8,6.5,0.0,9.19,0.0
2001,322,13.8,6.8,10.2,0.0,4.12,0.0
2001,323,13.4,3.1,8.9,5.6,1.53,0.0
2001,324,3.4,1.0,2.3,0.0,6.09,0.0
2001,325,8.1,0.9,3.8,0.0,8.31,0.0
2001,326,9.3,0.4,5.0,0.0,6.88,0.0
2001,327,11.1,3.7,7.2,0.0,6.53,0.0
2001,328,13.9,8.7,11.1,2.2,4.15,0.0
2001,329,13.9,6.7,10.9,12.6,2.2,0.0
2001,330,7.4,4.3,6.0,0.0,5.75,0.0
2001,331,9.0,5.5,6.9,6.4,1.89,0.0
2001,332,6.8,4.1,4.9,0.1,1.83,0.0
2001,333,5.2,4.1,4.7,7.0,1.24,0.0
2001,334,12.0,4.5,7.5,14.7,1.93,0.0
2001,335,7.4,4.7,6.4,0.0,4.2,0.0
2001,336,7.3,3.5,5.0,0.0,6.17,0.0
2001,337,11.4,6.0,8.2,0.0,7.84,0.0
2001,338,12.5,4.6,9.2,0.4,2.16,0.0
2001,339,16.8,11.3,14.1,2.9,3.88,0.0
2001,340,16.4,4.5,8.7,0.6,7.24,0.0
2001,341,4.3,0.3,2.5,0.0,6.49,0.0
2001,342,2.7,-0.3,0.8,2.7,2.93,0.0
2001,343,1.1,-0.7,0.2,0.4,5.41,0.0
2001,344,5.6,-0.7,1.6,0.0,7.73,0.0
2001,345,6.8,-1.2,2.4,0.0,7.16,0.0
2001,346,6.6,1.4,4.3,2.4,1.93,0.0
2001,347,7.9,4.6,6.7,3.9,1.51,0.0
2001,348,4.3,1.6,2.8,7.5,1.38,0.0
2001,349,4.2,0.5,2.0,0.0,4.9,0.0
2001,350,4.7,0.9,2.8,0.3,3.03,0.0
2001,351,4.9,3.8,4.3,4.7,1.05,0.0
2001,352,5.0,1.7,3.2,0.0,6.63,0.0
2001,353,3.1,0.4,1.7,7.2,1.22,0.0
2001,354,2.1,-0.9,0.4,0.3,5.81,0.0
2001,355,0.7,-3.3,-1.1,0.0,6.67,0.0
2001,356,3.4,-3.9,0.3,0.3,5.18,0.0
2001,357,5.4,-2.6,2.3,1.6,1.92,0.0
2001,358,-1.1,-3.5,-2.5,0.5,4.14,0.0
2001,359,-2.1,-5.1,-3.5,0.0,5.94,0.0
2001,360,-4.2,-8.5,-6.3,0.0,6.45,0.0
2001,361,-3.1,-7.4,-5.5,0.2,4.87,0.0
2001,362,-4.1,-7.1,-5.5,0.2,6.43,0.0
2001,363,-5.4,-9.4,-7.6,0.0,6.97,0.0
2001,364,-4.9,-8.8,-7.1,0.0,5.79,0.0
2001,365,-4.3,-8.6,-6.8,0.0,7.19,0.0
2002,1,-2.6,-8.5,-6.5,0.0,6.15,0.0
2002,2,-2.9,-10.0,-6.9,0.0,7.99,0.0
2002,3,-3.3,-8.6,-6.2,0.0,7.12,0.0
2002,4,-0.7,-7.8,-4.4,0.0,5.45,0.0
2002,5,2.2,-2.9,-0.4,0.1,5.7,0.0
2002,6,0.7,-1.3,-0.4,1.8,2.02,0.0
2002,7,-1.3,-6.8,-4.4,0.0,3.8,0.0
2002,8,0.8,-6.9,-2.6,0.0,7.84,0.0
2002,9,7.5,0.2,3.1,0.8,7.72,0.0
2002,10,5.1,-0.1,2.1,0.0,6.79,0.0
2002,11,2.4,-0.4,0.9,0.2,5.2,0.0
2002,12,3.7,-1.4,0.5,2.6,4.94,0.0
2002,13,0.2,-3.1,-1.8,0.0,5.75,0.0
2002,14,1.2,-4.3,-0.9,3.9,2.75,0.0
2002,15,-0.3,-3.6,-1.3,4.2,3.33,0.0
2002,16,0.1,-7.2,-3.4,3.2,4.92,0.0
2002,17,-1.2,-7.1,-3.8,1.8,6.48,0.0
2002,18,-6.8,-11.4,-8.0,0.0,9.05,0.0
2002,19,-4.1,-13.7,-9.3,0.0,7.95,0.0
2002,20,-0.0,-6.0,-2.7,0.0,5.66,0.0
2002,21,1.3,-5.3,-2.3,1.0,6.54,0.0
2002,22,6.2,-5.8,0.0,0.0,9.64,0.0
2002,23,6.3,1.5,3.9,0.9,5.26,0.0
2002,24,0.3,-2.8,-1.5,0.0,3.68,0.0
2002,25,4.9,-3.7,0.5,0.0,9.97,0.0
2002,26,6.9,1.7,3.6,0.0,9.37,0.0
2002,27,9.8,1.5,4.7,0.0,9.15,0.0
2002,28,5.4,1.1,3.7,0.0,7.0,0.0
2002,29,1.2,-2.8,-1.1,0.2,2.26,0.0
2002,30,-2.3,-3.4,-3.0,0.0,3.5,0.0
2002,31,-2.4,-3.1,-2.7,16.4,1.8,0.0
2002,32,0.6,-7.0,-2.7,5.0,5.79,0.0
2002,33,-3.3,-12.0,-7.4,0.0,11.37,0.0
2002,34,0.9,-3.3,-1.5,1.0,8.47,0.0
2002,35,-3.3,-12.5,-9.2,1.6,7.88,0.0
2002,36,-2.8,-14.8,-7.9,0.0,9.31,0.0
2002,37,1.4,-8.7,-3.5,0.0,12.03,0.0
2002,38,2.4,-3.0,-0.6,0.0,10.05,0.0
2002,39,3.1,-6.4,-1.8,0.0,11.36,0.0
2002,40,3.4,-2.5,0.1,0.0,9.99,0.0
2002,41,4.3,-4.2,0.3,4.7,4.72,0.0
2002,42,-2.9,-9.5,-6.4,0.0,11.22,0.0
2002,43,1.3,-9.4,-0.9,0.1,10.57,0.0
2002,44,-3.6,-13.1,-8.8,0.0,13.66,0.0
2002,45,5.0,-4.8,-0.3,0.0,12.42,0.0
2002,46,6.2,-0.0,2.2,0.0,7.58,0.0
2002,47,2.6,-3.5,-0.2,2.1,7.7,0.0
2002,48,-4.2,-6.9,-5.6,0.0,8.82,0.0
2002,49,4.2,-8.8,-2.7,0.0,13.36,0.0
2002,50,6.2,-0.2,2.6,2.7,4.8,0.0
2002,51,8.5,3.7,5.8,18.0,1.75,0.0
2002,52,5.9,-2.8,0.8,3.3,4.18,0.0
2002,53,-2.9,-7.6,-5.3,0.3,11.44,0.0
2002,54,3.1,-7.6,-2.7,0.0,15.31,0.0
2002,55,11.0,-0.9,4.2,0.2,13.95,0.0
2002,56,9.2,0.4,5.2,1.8,10.45,0.0
2002,57,-0.4,-7.2,-2.9,11.9,6.13,0.0
2002,58,-5.6,-10.4,-7.9,1.8,10.33,0.0
2002,59,-2.9,-15.0,-8.6,0.0,14.3,0.0
2002,60,-3.5,-7.7,-6.2,0.0,13.91,0.0
2002,61,2.3,-6.2,-1.1,14.6,4.51,0.0
2002,62,1.9,-15.2,-5.6,7.7,11.8,0.0
2002,63,-9.7,-20.8,-15.0,0.0,17.07,0.0
2002,64,-3.8,-14.4,-9.3,0.3,13.39,0.0
2002,65,-1.1,-5.2,-3.6,4.3,10.7,0.0
2002,66,-3.7,-7.3,-5.2,0.0,7.62,0.0
2002,67,10.6,-3.4,4.6,8.9,8.79,0.0
2002,68,11.8,-3.5,7.4,12.3,3.54,0.0
2002,69,-4.0,-8.8,-7.1,0.5,14.67,0.0
2002,70,2.5,-8.9,-3.7,0.0,11.69,0.0
2002,71,5.7,-2.4,1.2,0.0,17.55,0.0
2002,72,12.0,0.8,5.1,0.0,17.14,0.0
2002,73,2.9,-2.9,-0.1,0.0,14.06,0.0
2002,74,11.9,-1.7,4.6,0.7,12.83,0.0
2002,75,-2.3,-6.3,-4.3,0.0,16.32,0.0
2002,76,2.9,-4.2,-0.6,2.2,11.61,0.0
2002,77,3.6,-1.3,0.9,3.2,11.17,0.0
2002,78,4.8,-3.8,0.5,0.0,16.69,0.0
2002,79,3.7,-2.2,1.1,1.2,11.29,0.0
2002,80,-0.0,-11.1,-5.4,3.8,15.18,0.0
2002,81,-4.9,-11.7,-8.6,0.0,15.96,0.0
2002,82,0.4,-7.3,-3.7,0.0,19.61,0.0
2002,83,0.2,-10.5,-4.9,0.0,16.58,0.0
2002,84,-6.8,-11.9,-9.2,0.0,14.7,0.0
2002,85,-1.6,-8.1,-4.5,0.0,10.34,0.0
2002,86,3.0,-7.3,-2.7,0.0,22.44,0.0
2002,87,8.4,-5.4,1.1,0.0,19.84,0.0
2002,88,10.1,0.6,4.3,7.3,10.56,0.0
2002,89,8.9,-0.5,3.7,0.0,20.61,0.0
2002,90,9.1,-0.6,3.6,2.5,19.57,0.0
2002,91,3.5,-2.8,0.4,0.6,16.25,0.0
2002,92,1.2,-0.2,0.4,7.4,3.74,0.0
2002,93,2.5,-2.5,-0.4,0.9,18.0,0.0
2002,94,0.1,-5.5,-2.9,0.0,17.14,0.0
2002,95,0.2,-8.4,-2.9,0.6,19.83,0.0
2002,96,0.7,-5.1,-2.6,0.2,20.19,0.0
2002,97,6.2,-3.9,1.6,0.2,11.54,0.0
2002,98,9.9,4.4,7.0,19.9,3.92,0.0
2002,99,8.8,1.5,5.2,18.5,10.52,0.0
2002,100,10.6,-2.1,4.3,0.0,24.18,0.0
2002,101,18.3,3.0,10.3,0.0,22.83,0.0
2002,102,18.8,5.3,14.0,12.1,12.7,0.0
2002,103,10.1,2.9,5.8,0.0,19.75,0.0
2002,104,18.0,2.8,10.7,0.0,16.76,0.0
2002,105,23.6,12.6,17.6,0.0,21.15,0.0
2002,106,27.8,17.4,22.1,0.0,22.97,0.0
2002,107,24.7,18.2,21.1,1.5,17.07,0.0
2002,108,27.1,6.6,17.7,0.0,22.83,0.0
2002,109,22.0,6.2,15.2,0.7,21.98,0.0
2002,110,6.4,2.4,4.4,0.4,25.44,0.0
2002,111,2.8,1.1,1.8,2.3,12.53,0.0
2002,112,2.8,-0.4,1.4,4.6,16.04,0.0
2002,113,8.3,-3.0,2.8,0.0,27.42,0.0
2002,114,15.2,2.4,9.0,0.0,26.04,0.0
2002,115,12.2,3.2,5.6,8.5,23.78,0.0
2002,116,8.4,0.2,3.8,0.0,21.07,0.0
2002,117,6.8,1.0,3.9,4.6,14.98,0.0
2002,118,9.3,2.0,4.1,19.5,4.98,0.0
2002,119,7.7,1.5,4.9,0.1,16.97,0.0
2002,120,11.7,4.7,7.6,1.9,25.93,0.0
2002,121,12.1,3.1,7.3,0.0,20.37,0.0
2002,122,9.6,4.4,6.6,10.5,11.7,0.0
2002,123,9.7,2.2,5.8,0.0,24.68,0.0
2002,124,15.7,2.3,9.0,0.0,28.65,0.0
2002,125,13.6,8.6,10.5,0.0,25.68,0.0
2002,126,18.4,9.1,15.3,1.5,13.33,0.0
2002,127,13.7,7.2,11.7,0.0,19.57,0.0
2002,128,12.5,5.3,8.6,0.0,20.88,0.0
2002,129,18.5,8.0,12.4,9.1,13.63,0.0
2002,130,12.3,7.3,9.8,0.0,26.73,0.0
2002,131,10.4,2.0,5.9,3.8,18.44,0.0
2002,132,9.1,4.3,7.0,17.8,5.64,0.0
2002,133,9.4,5.9,7.3,0.6,7.1,0.0
2002,134,13.5,6.7,9.5,0.3,27.05,0.0
2002,135,17.3,4.7,11.0,0.0,28.14,0.0
2002,136,18.7,7.3,14.1,14.5,12.07,0.0
2002,137,7.8,4.0,5.5,0.0,21.42,0.0
2002,138,6.3,2.4,4.7,1.0,24.1,0.0
2002,139,6.7,-0.1,3.6,0.6,26.56,0.0
2002,140,7.2,1.0,4.3,0.1,26.02,0.0
2002,141,12.0,0.8,6.7,0.0,26.23,0.0
2002,142,16.7,5.5,11.2,0.0,30.23,0.0
2002,143,21.8,9.9,16.0,0.1,25.66,0.0
2002,144,17.8,6.4,10.7,0.4,26.77,0.0
2002,145,15.1,4.5,9.3,3.1,17.4,0.0
2002,146,19.3,6.1,12.2,0.0,29.06,0.0
2002,147,22.3,11.3,16.5,0.0,25.64,0.0
2002,148,23.5,11.3,17.7,0.0,27.21,0.0
2002,149,24.0,16.0,19.6,6.1,16.77,0.0
2002,150,25.8,16.6,20.5,5.6,24.29,0.0
2002,151,24.6,19.0,21.2,9.7,26.95,0.0
2002,152,26.3,16.7,20.7,0.4,27.54,0.0
2002,153,16.5,10.1,13.4,0.0,29.06,0.0
2002,154,13.5,8.2,11.0,2.9,11.28,0.0
2002,155,19.4,11.7,15.1,4.8,10.77,0.0
2002,156,17.3,11.8,15.0,6.8,9.91,0.0
2002,157,17.0,10.3,13.6,0.0,29.03,0.0
2002,158,21.9,8.9,15.8,0.0,30.66,0.0
2002,159,25.2,14.2,19.4,0.0,24.09,0.0
2002,160,21.7,15.6,18.5,0.0,27.03,0.0
2002,161,28.8,15.0,21.8,0.0,25.62,0.0
2002,162,27.2,20.9,23.5,10.4,18.6,0.0
2002,163,20.6,13.5,15.9,1.1,12.12,0.0
2002,164,19.2,12.4,15.9,1.0,16.79,0.0
2002,165,19.4,14.7,16.7,13.5,16.8,0.0
2002,166,17.2,12.9,14.6,16.9,13.81,0.0
2002,167,17.6,12.6,14.7,4.3,15.29,0.0
2002,168,20.0,11.8,15.6,2.4,27.82,0.0
2002,169,20.0,11.5,16.4,0.1,26.62,0.0
2002,170,25.6,14.8,20.4,0.0,29.1,0.0
2002,171,30.1,18.0,23.9,0.0,28.68,0.0
2002,172,26.5,20.5,23.2,2.2,24.83,0.0
2002,173,28.0,19.5,23.3,10.0,20.49,0.0
2002,174,29.9,21.3,25.5,0.0,27.21,0.0
2002,175,28.1,19.8,24.3,0.7,22.13,0.0
2002,176,31.0,21.2,26.4,0.0,28.87,0.0
2002,177,28.1,22.9,24.8,7.6,21.89,0.0
2002,178,22.8,20.0,21.4,3.0,21.67,0.0
2002,179,26.1,17.7,21.9,0.0,29.17,0.0
2002,180,29.5,19.8,24.6,0.0,27.07,0.0
2002,181,30.0,21.0,26.0,0.0,25.53,0.0
2002,182,32.7,23.6,28.2,0.0,28.35,0.0
2002,183,31.8,24.7,28.4,0.0,28.43,0.0
2002,184,31.2,24.4,27.5,0.0,26.2,0.0
2002,185,28.0,19.5,24.2,0.5,29.0,0.0
2002,186,19.9,15.9,18.0,0.0,30.03,0.0
2002,187,24.8,15.1,20.3,0.0,30.23,0.0
2002,188,28.6,16.8,23.1,0.0,27.96,0.0
2002,189,30.9,21.3,25.9,1.7,25.34,0.0
2002,190,24.4,20.0,22.5,6.9,23.76,0.0
2002,191,21.1,16.0,18.9,0.0,29.68,0.0
2002,192,21.6,14.5,18.4,0.0,29.76,0.0
2002,193,24.3,13.3,19.2,0.0,30.79,0.0
2002,194,26.9,14.2,21.6,0.0,29.83,0.0
2002,195,29.5,17.8,24.1,0.0,29.55,0.0
2002,196,29.3,20.8,24.5,0.0,28.59,0.0
2002,197,32.1,18.5,25.8,0.0,28.16,0.0
2002,198,31.4,23.5,27.9,0.0,26.1,0.0
2002,199,26.4,19.5,22.5,1.5,17.63,0.0
2002,200,24.0,17.7,20.6,0.0,20.77,0.0
2002,201,27.3,17.5,22.8,0.0,28.47,0.0
2002,202,32.2,21.5,26.9,0.0,21.48,0.0
2002,203,33.1,25.0,28.1,6.7,23.01,0.0
2002,204,24.1,17.1,19.9,0.3,21.62,0.0
2002,205,23.0,16.3,19.6,0.0,27.2,0.0
2002,206,23.1,17.0,20.0,0.4,21.33,0.0
2002,207,27.7,19.3,22.9,0.9,20.97,0.0
2002,208,29.2,20.4,24.6,2.7,20.78,0.0
2002,209,30.7,22.3,26.2,5.2,22.12,0.0
2002,210,29.8,21.9,24.9,14.1,16.45,0.0
2002,211,29.4,21.2,25.1,0.1,26.11,0.0
2002,212,29.4,23.1,26.4,0.5,22.51,0.0
2002,213,31.9,23.3,27.8,0.0,24.42,0.0
2002,214,27.1,20.8,23.0,0.1,25.37,0.0
2002,215,27.0,18.6,23.0,0.0,27.17,0.0
2002,216,28.6,20.5,24.4,3.3,15.46,0.0
2002,217,25.0,19.9,22.6,0.0,25.92,0.0
2002,218,19.7,16.2,17.8,0.0,18.62,0.0
2002,219,19.8,16.4,18.0,0.0,18.36,0.0
2002,220,22.7,15.1,19.0,0.0,24.69,0.0
2002,221,25.7,15.1,20.8,0.0,26.8,0.0
2002,222,29.0,17.4,23.4,0.0,26.55,0.0
2002,223,29.5,21.2,25.2,0.4,21.75,0.0
2002,224,31.2,20.8,25.9,0.5,24.72,0.0
2002,225,30.8,22.3,25.5,2.8,21.66,0.0
2002,226,25.3,20.1,22.8,8.6,13.17,0.0
2002,227,27.4,18.2,22.7,0.9,19.23,0.0
2002,228,27.8,22.0,24.5,1.1,21.23,0.0
2002,229,29.8,19.4,24.3,0.2,18.73,0.0
2002,230,25.1,17.9,21.8,0.1,25.62,0.0
2002,231,21.7,15.6,18.7,5.3,15.37,0.0
2002,232,22.7,17.1,19.8,0.0,21.39,0.0
2002,233,26.4,16.1,21.3,0.0,20.43,0.0
2002,234,24.5,20.5,22.3,10.9,9.63,0.0
2002,235,22.0,19.4,20.7,0.3,6.62,0.0
2002,236,24.2,20.0,21.7,0.5,17.02,0.0
2002,237,24.1,18.3,21.5,0.1,19.85,0.0
2002,238,26.5,17.2,22.0,0.0,23.12,0.0
2002,239,22.2,18.1,20.4,0.0,22.3,0.0
2002,240,22.1,16.1,19.3,0.0,23.66,0.0
2002,241,24.2,16.9,20.5,0.5,18.45,0.0
2002,242,25.3,16.3,21.1,0.0,18.96,0.0
2002,243,26.6,18.7,22.7,0.0,22.73,0.0
2002,244,27.4,18.7,22.9,0.0,21.73,0.0
2002,245,28.9,19.5,23.7,0.6,17.11,0.0
2002,246,26.3,21.1,23.9,0.0,20.16,0.0
2002,247,23.1,17.6,19.9,0.0,16.51,0.0
2002,248,21.6,16.4,18.7,0.0,18.51,0.0
2002,249,27.8,15.0,21.3,0.0,21.64,0.0
2002,250,30.7,18.5,24.4,0.0,20.03,0.0
2002,251,31.7,20.5,26.0,0.0,21.2,0.0
2002,252,31.2,20.3,26.1,0.0,20.5,0.0
2002,253,30.7,18.6,24.3,4.2,17.7,0.0
2002,254,19.8,16.0,17.6,0.0,17.33,0.0
2002,255,24.3,13.7,18.9,0.0,20.55,0.0
2002,256,26.1,16.5,21.0,0.0,18.81,0.0
2002,257,27.8,17.3,22.5,0.0,20.01,0.0
2002,258,22.5,16.5,18.6,1.6,4.56,0.0
2002,259,22.0,13.7,17.8,0.0,19.92,0.0
2002,260,24.9,14.4,19.6,0.0,19.67,0.0
2002,261,26.7,17.5,21.6,0.0,15.15,0.0
2002,262,29.3,20.4,24.1,4.7,15.73,0.0
2002,263,24.3,20.4,22.5,32.5,6.53,0.0
2002,264,24.8,17.3,20.6,2.7,17.93,0.0
2002,265,20.0,12.3,14.9,5.1,4.09,0.0
2002,266,16.3,10.3,13.2,0.0,16.4,0.0
2002,267,15.6,10.5,13.4,0.0,12.61,0.0
2002,268,18.8,7.8,13.7,0.0,18.27,0.0
2002,269,22.4,12.2,16.9,0.0,16.81,0.0
2002,270,19.5,14.7,16.8,0.1,8.54,0.0
2002,271,18.5,13.4,15.7,0.0,17.44,0.0
2002,272,22.4,14.1,17.4,3.9,8.89,0.0
2002,273,26.9,17.8,21.6,0.0,16.0,0.0
2002,274,26.6,20.2,23.0,0.7,15.89,0.0
2002,275,21.3,15.5,19.0,2.1,6.27,0.0
2002,276,16.5,13.7,15.4,2.0,5.76,0.0
2002,277,25.5,16.0,19.1,15.9,6.4,0.0
2002,278,16.2,10.2,13.4,0.0,9.91,0.0
2002,279,18.8,8.5,13.9,0.3,14.84,0.0
2002,280,13.8,7.6,9.8,0.4,15.78,0.0
2002,281,15.2,5.1,10.1,0.5,12.31,0.0
2002,282,17.7,10.0,13.2,0.2,13.61,0.0
2002,283,18.2,11.6,14.6,0.0,13.66,0.0
2002,284,18.7,11.7,15.1,0.0,14.5,0.0
2002,285,18.5,12.6,15.4,0.0,8.18,0.0
2002,286,15.3,6.4,9.5,4.6,13.24,0.0
2002,287,11.1,3.1,7.3,0.0,15.13,0.0
2002,288,14.7,6.3,10.0,0.0,14.44,0.0
2002,289,9.0,5.5,6.9,1.2,5.12,0.0
2002,290,6.6,3.9,5.3,0.3,9.53,0.0
2002,291,8.6,2.8,5.3,6.8,6.02,0.0
2002,292,10.0,6.4,8.5,2.6,9.21,0.0
2002,293,6.4,4.1,5.4,0.0,6.85,0.0
2002,294,7.8,2.3,4.8,1.1,12.19,0.0
2002,295,8.8,4.3,6.3,5.0,4.26,0.0
2002,296,5.7,2.6,4.3,0.9,9.56,0.0
2002,297,5.3,1.4,3.6,0.0,6.06,0.0
2002,298,6.1,2.4,4.5,4.7,4.49,0.0
2002,299,8.9,5.8,6.9,0.2,5.77,0.0
2002,300,6.8,5.0,5.8,0.0,6.8,0.0
2002,301,6.7,2.6,4.4,0.0,8.31,0.0
2002,302,4.8,2.3,3.5,0.0,5.36,0.0
2002,303,5.9,1.7,3.6,0.0,10.33,0.0
2002,304,5.4,2.0,3.5,0.1,5.04,0.0
2002,305,3.4,0.4,1.8,0.1,10.55,0.0
2002,306,5.0,-0.1,2.1,0.0,8.22,0.0
2002,307,5.4,-0.6,2.3,0.0,9.45,0.0
2002,308,6.7,2.4,4.3,0.0,8.34,0.0
2002,309,5.8,0.7,3.1,4.5,4.02,0.0
2002,310,5.6,1.8,3.6,0.0,5.51,0.0
2002,311,7.6,-1.7,2.4,0.0,9.25,0.0
2002,312,14.4,8.1,10.6,0.0,9.87,0.0
2002,313,15.8,8.8,11.9,0.3,6.35,0.0
2002,314,15.9,12.1,13.9,19.3,3.19,0.0
2002,315,11.3,4.6,6.2,0.3,4.14,0.0
2002,316,4.5,2.6,3.8,0.0,5.04,0.0
2002,317,6.7,1.9,4.0,0.2,6.02,0.0
2002,318,9.8,2.8,7.1,3.5,4.63,0.0
2002,319,1.7,-1.5,-0.0,1.2,4.49,0.0
2002,320,0.2,-1.7,-0.6,0.0,6.76,0.0
2002,321,1.7,-1.0,0.3,1.1,2.75,0.0
2002,322,3.4,-1.7,0.3,0.0,9.05,0.0
2002,323,7.1,1.6,4.2,5.8,5.67,0.0
2002,324,9.4,1.6,5.2,0.0,7.59,0.0
2002,325,5.3,2.8,4.2,3.0,4.14,0.0
2002,326,2.9,-0.4,1.4,0.5,2.85,0.0
2002,327,2.8,-0.9,0.8,0.3,3.62,0.0
2002,328,2.9,0.4,1.7,0.4,5.43,0.0
2002,329,1.6,-1.8,-0.2,0.3,6.99,0.0
2002,330,1.1,-2.4,-1.2,0.6,5.17,0.0
2002,331,-1.3,-4.5,-3.1,0.0,7.23,0.0
2002,332,-0.5,-5.5,-3.3,0.1,6.27,0.0
2002,333,5.6,-2.5,2.2,0.0,4.44,0.0
2002,334,2.5,-5.1,-0.9,1.6,4.11,0.0
2002,335,-3.2,-6.0,-4.8,1.8,5.8,0.0
2002,336,-3.3,-8.2,-5.5,0.2,5.12,0.0
2002,337,-5.7,-8.3,-7.0,0.0,5.85,0.0
2002,338,-4.1,-9.6,-6.7,0.0,7.77,0.0
2002,339,-3.1,-8.2,-5.5,0.0,7.67,0.0
2002,340,-3.0,-6.6,-4.8,0.0,6.25,0.0
2002,341,2.1,-5.2,-0.9,0.0,3.78,0.0
2002,342,-1.3,-8.5,-4.7,0.0,6.87,0.0
2002,343,-3.3,-11.6,-7.6,0.0,7.77,0.0
2002,344,3.3,-5.8,-2.0,0.0,7.59,0.0
2002,345,3.4,-5.9,-1.5,0.0,6.56,0.0
2002,346,4.6,-3.0,0.1,0.0,7.38,0.0
2002,347,2.1,-0.7,0.6,0.0,3.05,0.0
2002,348,2.3,-0.8,1.3,0.0,3.96,0.0
2002,349,2.8,-1.4,0.5,0.4,3.01,0.0
2002,350,-2.1,-5.9,-4.2,0.1,2.79,0.0
2002,351,-1.7,-5.2,-3.4,0.0,7.09,0.0
2002,352,5.6,-2.9,1.8,1.2,3.16,0.0
2002,353,9.7,5.4,7.3,10.8,2.19,0.0
2002,354,5.3,-1.4,0.7,7.3,6.02,0.0
2002,355,0.1,-2.0,-1.2,0.0,5.6,0.0
2002,356,-0.5,-2.6,-1.5,0.0,3.39,0.0
2002,357,-2.0,-5.0,-2.9,0.0,3.72,0.0
2002,358,-1.5,-5.5,-3.6,0.0,7.53,0.0
2002,359,-0.5,-2.4,-1.5,5.0,2.76,0.0
2002,360,-0.7,-3.7,-2.5,0.0,6.25,0.0
2002,361,-0.9,-4.7,-3.3,0.0,6.19,0.0
2002,362,0.8,-3.5,-1.0,1.1,2.45,0.0
2002,363,1.8,-2.5,-0.6,0.0,6.5,0.0
2002,364,9.1,-0.9,2.8,1.3,1.08,0.0
2002,365,9.1,-3.0,1.8,0.2,4.02,0.0
2003,1,-1.7,-3.8,-2.8,0.0,2.88,0.0
2003,2,-3.6,-4.8,-4.2,0.0,4.73,0.0
2003,3,-1.0,-4.4,-2.8,0.8,3.15,0.0
2003,4,-2.1,-4.6,-3.4,0.0,6.0,0.0
2003,5,0.4,-4.7,-2.4,0.0,5.87,0.0
2003,6,-2.1,-8.0,-4.9,1.2,3.72,0.0
2003,7,0.8,-8.6,-2.6,0.1,2.77,0.0
2003,8,4.6,0.3,2.3,0.0,5.68,0.0
2003,9,3.9,-4.1,1.6,2.7,3.18,0.0
2003,10,-5.3,-8.8,-6.9,0.4,5.99,0.0
2003,11,-5.8,-8.6,-7.6,0.0,6.24,0.0
2003,12,-3.6,-8.5,-6.5,0.0,8.59,0.0
2003,13,-2.6,-10.5,-7.5,0.4,8.25,0.0
2003,14,-5.9,-11.8,-9.4,0.0,7.55,0.0
2003,15,-7.9,-12.5,-10.3,0.0,7.08,0.0
2003,16,-4.3,-11.8,-8.6,0.0,6.53,0.0
2003,17,-10.7,-14.5,-13.2,0.0,7.47,0.0
2003,18,-8.1,-13.9,-10.7,0.0,7.72,0.0
2003,19,-8.0,-15.4,-11.2,0.6,6.52,0.0
2003,20,-10.5,-17.0,-13.9,0.0,9.3,0.0
2003,21,-14.0,-19.8,-16.7,0.0,10.05,0.0
2003,22,-16.3,-22.2,-19.4,0.0,9.84,0.0
2003,23,-12.9,-22.2,-18.0,0.0,6.34,0.0
2003,24,-9.6,-19.2,-14.7,0.0,9.38,0.0
2003,25,-5.4,-12.2,-9.0,0.8,5.66,0.0
2003,26,-7.1,-20.8,-15.6,0.9,9.48,0.0
2003,27,-11.6,-25.1,-18.3,0.7,10.21,0.0
2003,28,-3.6,-12.1,-8.1,1.3,6.4,0.0
2003,29,-4.9,-16.6,-10.9,0.5,9.17,0.0
2003,30,-2.9,-21.9,-11.1,0.0,10.81,0.0
2003,31,0.3,-8.5,-3.7,2.3,5.55,0.0
2003,32,0.8,-1.4,-0.5,3.2,6.26,0.0
2003,33,0.2,-3.6,-1.7,0.0,6.58,0.0
2003,34,1.9,-3.3,-1.5,6.1,2.11,0.0
2003,35,6.6,-13.3,-3.8,4.5,7.63,0.0
2003,36,-9.5,-16.4,-13.6,0.0,11.7,0.0
2003,37,-2.7,-15.8,-9.3,0.0,6.99,0.0
2003,38,-10.0,-17.4,-13.3,0.0,12.58,0.0
2003,39,-5.1,-12.7,-9.3,0.0,9.5,0.0
2003,40,-7.0,-13.9,-9.8,0.4,12.92,0.0
2003,41,-7.2,-18.6,-11.3,0.9,7.73,0.0
2003,42,-8.3,-23.4,-15.5,0.1,11.19,0.0
2003,43,-10.6,-17.6,-14.7,1.7,12.27,0.0
2003,44,-11.4,-22.5,-17.2,0.0,13.26,0.0
2003,45,-10.9,-23.6,-16.9,0.0,12.83,0.0
2003,46,-14.0,-18.6,-16.3,0.0,12.56,0.0
2003,47,-13.6,-19.4,-17.1,0.0,13.99,0.0
2003,48,-7.2,-16.8,-12.0,0.0,7.97,0.0
2003,49,0.1,-7.8,-4.2,0.8,9.14,0.0
2003,50,0.1,-5.8,-2.4,0.0,12.15,0.0
2003,51,6.1,-6.8,-0.6,0.0,14.49,0.0
2003,52,6.7,-1.1,1.9,0.0,12.15,0.0
2003,53,-1.7,-7.1,-4.0,3.3,4.89,0.0
2003,54,-7.6,-13.9,-11.1,2.6,13.23,0.0
2003,55,-10.3,-15.4,-13.2,0.4,10.07,0.0
2003,56,-11.4,-21.2,-16.0,0.0,14.7,0.0
2003,57,-6.2,-22.2,-14.0,0.0,16.38,0.0
2003,58,-3.6,-16.3,-10.6,0.0,16.26,0.0
2003,59,-0.9,-12.4,-7.0,0.0,15.98,0.0
2003,60,1.9,-9.0,-3.4,0.0,15.15,0.0
2003,61,-1.3,-19.2,-6.6,0.2,10.47,0.0
2003,62,-11.5,-24.6,-18.0,0.1,17.16,0.0
2003,63,0.3,-13.5,-5.8,2.5,11.82,0.0
2003,64,-8.4,-12.5,-10.8,7.1,13.92,0.0
2003,65,-9.3,-18.8,-13.0,0.0,16.25,0.0
2003,66,-1.7,-19.5,-8.4,0.9,10.02,0.0
2003,67,2.1,-10.6,-3.5,5.9,10.63,0.0
2003,68,-11.3,-18.2,-14.6,0.0,18.49,0.0
2003,69,-9.8,-19.1,-14.6,0.0,19.25,0.0
2003,70,0.3,-15.7,-8.4,0.0,17.02,0.0
2003,71,0.9,-8.8,-4.4,1.5,11.69,0.0
2003,72,-5.7,-10.9,-8.2,0.6,18.59,0.0
2003,73,3.0,-16.8,-6.3,0.0,18.73,0.0
2003,74,7.2,-2.6,2.4,0.0,19.13,0.0
2003,75,16.8,3.6,9.0,0.0,18.76,0.0
2003,76,14.9,2.5,7.9,0.0,15.33,0.0
2003,77,3.2,0.5,1.9,0.0,8.14,0.0
2003,78,8.1,-1.5,2.9,0.6,17.92,0.0
2003,79,14.5,4.4,8.3,2.5,17.06,0.0
2003,80,12.7,2.3,6.3,5.2,9.19,0.0
2003,81,6.7,-0.2,3.0,1.0,13.06,0.0
2003,82,8.7,-1.0,3.8,0.0,14.75,0.0
2003,83,15.4,2.2,8.4,0.1,15.98,0.0
2003,84,13.2,2.4,8.4,4.5,18.98,0.0
2003,85,7.2,-1.3,2.9,0.0,17.19,0.0
2003,86,8.5,-2.0,2.9,0.0,16.56,0.0
2003,87,19.0,4.3,10.3,20.0,12.53,0.0
2003,88,7.6,-2.5,2.0,5.8,11.23,0.0
2003,89,-0.7,-4.6,-2.8,0.0,22.15,0.0
2003,90,0.7,-4.8,-2.2,0.4,21.92,0.0
2003,91,11.0,-1.9,4.5,3.9,18.89,0.0
2003,92,4.5,0.4,2.1,1.0,10.67,0.0
2003,93,1.0,-1.5,-0.6,13.7,2.92,0.0
2003,94,-1.5,-3.4,-2.8,13.8,2.88,0.0
2003,95,-3.0,-6.3,-4.1,9.1,13.64,0.0
2003,96,-3.6,-11.2,-6.5,0.0,23.95,0.0
2003,97,-1.5,-6.1,-4.0,4.4,7.64,0.0
2003,98,-0.8,-4.1,-2.5,0.3,13.69,0.0
2003,99,3.1,-5.9,-1.4,0.0,25.04,0.0
2003,100,11.3,-4.9,3.2,0.0,24.75,0.0
2003,101,14.7,-1.2,6.0,0.0,24.67,0.0
2003,102,3.6,-0.4,1.9,0.0,19.07,0.0
2003,103,7.4,-3.2,2.0,0.0,24.91,0.0
2003,104,20.7,1.2,11.2,0.0,24.32,0.0
2003,105,23.6,8.2,17.6,0.0,23.61,0.0
2003,106,6.6,0.1,1.6,3.5,10.44,0.0
2003,107,5.8,-0.1,2.5,0.0,19.79,0.0
2003,108,8.7,2.9,6.3,13.4,3.16,0.0
2003,109,18.0,7.8,12.2,0.0,20.52,0.0
2003,110,21.3,11.7,15.3,11.5,15.32,0.0
2003,111,12.4,5.7,10.0,2.7,12.51,0.0
2003,112,5.0,0.9,2.8,2.4,12.24,0.0
2003,113,5.9,-1.1,2.2,0.0,27.34,0.0
2003,114,11.7,-0.3,5.5,0.0,26.33,0.0
2003,115,9.9,-0.3,4.6,0.0,25.53,0.0
2003,116,7.5,0.1,3.6,0.0,27.51,0.0
2003,117,18.4,-1.3,8.9,0.0,26.91,0.0
2003,118,21.6,6.3,14.0,0.0,24.72,0.0
2003,119,12.6,2.2,6.9,0.0,25.46,0.0
2003,120,9.4,4.5,7.1,15.6,6.9,0.0
2003,121,10.3,5.7,7.6,14.4,15.07,0.0
2003,122,7.4,3.3,5.3,0.0,24.06,0.0
2003,123,10.4,2.1,5.8,0.0,28.49,0.0
2003,124,14.3,0.9,8.0,0.0,28.03,0.0
2003,125,12.2,8.1,9.3,19.3,4.73,0.0
2003,126,16.1,6.4,12.2,0.0,16.6,0.0
2003,127,9.8,5.4,7.1,0.1,12.39,0.0
2003,128,11.8,5.5,8.4,0.1,17.63,0.0
2003,129,15.1,7.1,10.1,2.8,16.97,0.0
2003,130,21.5,11.2,15.6,2.7,15.09,0.0
2003,131,16.5,8.4,13.5,15.0,13.24,0.0
2003,132,10.0,7.1,8.1,3.8,9.59,0.0
2003,133,14.8,7.1,10.3,0.2,26.62,0.0
2003,134,16.0,5.0,10.6,0.0,28.84,0.0
2003,135,13.4,7.3,10.4,0.2,13.95,0.0
2003,136,14.0,9.5,11.4,8.6,11.21,0.0
2003,137,17.0,10.4,13.1,0.3,20.91,0.0
2003,138,18.2,9.0,13.5,0.0,25.54,0.0
2003,139,20.4,11.3,15.8,0.0,26.02,0.0
2003,140,17.9,8.7,14.8,10.7,7.86,0.0
2003,141,9.0,5.2,7.1,0.0,30.86,0.0
2003,142,14.4,5.2,9.6,0.0,30.03,0.0
2003,143,11.7,6.9,8.9,12.0,10.73,0.0
2003,144,14.9,7.7,11.0,13.7,19.84,0.0
2003,145,14.7,6.3,10.2,0.4,15.45,0.0
2003,146,13.0,7.5,10.0,0.0,18.4,0.0
2003,147,16.4,7.7,11.5,0.2,21.74,0.0
2003,148,21.2,8.4,14.5,0.0,27.14,0.0
2003,149,18.6,12.8,15.3,0.0,26.25,0.0
2003,150,20.1,9.7,14.6,2.5,18.11,0.0
2003,151,12.1,7.1,9.3,8.1,9.58,0.0
2003,152,15.5,6.2,10.7,0.0,30.92,0.0
2003,153,19.5,8.7,13.9,0.0,29.56,0.0
2003,154,16.0,11.3,13.3,0.0,17.89,0.0
2003,155,12.4,9.7,11.0,10.1,6.33,0.0
2003,156,14.7,9.2,11.2,0.6,9.11,0.0
2003,157,22.1,10.6,16.3,0.0,22.4,0.0
2003,158,21.9,14.3,17.6,0.8,20.91,0.0
2003,159,22.1,14.8,17.2,19.0,16.48,0.0
2003,160,18.3,12.3,15.0,2.3,19.54,0.0
2003,161,23.2,11.5,16.9,4.4,17.97,0.0
2003,162,17.9,13.4,16.4,0.8,23.8,0.0
2003,163,17.4,12.5,14.5,1.7,11.2,0.0
2003,164,19.2,13.5,16.0,0.0,16.6,0.0
2003,165,22.6,12.0,17.5,0.0,28.41,0.0
2003,166,19.9,12.7,15.9,0.0,30.79,0.0
2003,167,21.3,12.1,16.4,0.0,31.11,0.0
2003,168,23.3,11.8,18.3,0.2,27.39,0.0
2003,169,25.5,16.2,20.7,0.1,28.17,0.0
2003,170,17.5,12.4,14.6,0.0,30.78,0.0
2003,171,19.5,10.8,15.3,0.0,30.97,0.0
2003,172,22.6,11.3,17.7,0.0,30.81,0.0
2003,173,26.1,12.3,20.3,0.0,31.06,0.0
2003,174,28.1,16.9,22.6,0.0,31.04,0.0
2003,175,30.9,18.7,24.8,0.0,29.61,0.0
2003,176,32.1,22.7,27.3,0.0,29.33,0.0
2003,177,27.3,18.9,23.6,21.6,17.28,0.0
2003,178,23.3,16.1,19.7,0.0,24.3,0.0
2003,179,23.9,14.4,18.7,21.4,20.61,0.0
2003,180,23.1,15.4,19.1,7.6,23.2,0.0
2003,181,23.8,13.2,19.7,0.0,26.08,0.0
2003,182,26.1,17.5,22.1,0.0,25.25,0.0
2003,183,27.4,18.5,23.2,0.0,26.31,0.0
2003,184,29.8,19.6,24.9,0.0,29.3,0.0
2003,185,31.5,21.8,25.6,1.1,26.93,0.0
2003,186,26.5,22.1,24.2,1.3,18.22,0.0
2003,187,27.3,18.5,23.2,0.0,29.33,0.0
2003,188,27.5,19.9,23.7,19.1,19.05,0.0
2003,189,25.5,20.6,23.4,0.0,24.9,0.0
2003,190,21.6,17.4,19.3,0.0,27.75,0.0
2003,191,23.0,17.4,19.9,15.6,8.92,0.0
2003,192,20.0,16.8,18.4,7.4,20.4,0.0
2003,193,22.8,16.0,18.6,2.2,16.89,0.0
2003,194,25.0,14.8,20.4,0.3,27.82,0.0
2003,195,26.6,16.8,22.1,0.0,27.01,0.0
2003,196,24.2,19.6,21.6,15.9,15.73,0.0
2003,197,23.5,15.5,18.8,0.0,25.91,0.0
2003,198,25.1,18.1,20.5,2.5,19.92,0.0
2003,199,21.4,16.1,18.8,0.0,29.49,0.0
2003,200,23.7,13.9,19.2,0.0,29.37,0.0
2003,201,24.7,17.4,20.6,2.8,18.57,0.0
2003,202,21.6,17.1,19.4,8.2,12.47,0.0
2003,203,20.4,17.2,18.7,0.0,22.79,0.0
2003,204,20.9,16.6,18.8,0.0,26.13,0.0
2003,205,24.0,16.6,20.4,0.0,26.55,0.0
2003,206,26.5,16.8,21.9,0.0,28.26,0.0
2003,207,26.8,19.9,23.2,0.3,17.9,0.0
2003,208,25.9,20.2,23.3,0.0,21.62,0.0
2003,209,22.8,16.4,20.0,0.0,25.66,0.0
2003,210,25.4,15.7,20.8,0.0,26.15,0.0
2003,211,27.2,17.3,22.4,0.0,27.17,0.0
2003,212,27.2,18.6,23.3,0.0,23.98,0.0
2003,213,28.3,19.8,23.7,3.4,24.78,0.0
2003,214,25.2,19.4,22.2,10.4,17.34,0.0
2003,215,24.0,18.9,21.1,7.3,16.77,0.0
2003,216,24.4,17.8,21.0,3.6,18.36,0.0
2003,217,24.7,17.9,21.7,0.3,22.48,0.0
2003,218,24.4,18.3,21.5,3.8,21.23,0.0
2003,219,24.3,18.9,21.6,4.3,20.65,0.0
2003,220,22.5,19.0,20.8,3.3,20.06,0.0
2003,221,22.8,17.4,20.3,0.1,20.21,0.0
2003,222,23.8,17.8,21.0,0.4,20.85,0.0
2003,223,24.0,17.8,20.9,10.6,18.76,0.0
2003,224,22.6,18.8,20.5,7.3,17.97,0.0
2003,225,26.1,19.1,22.4,0.0,23.85,0.0
2003,226,28.3,18.6,23.7,0.0,23.32,0.0
2003,227,28.4,22.3,25.3,0.5,21.55,0.0
2003,228,25.4,20.6,23.5,1.0,20.26,0.0
2003,229,21.5,16.8,19.3,0.0,22.5,0.0
2003,230,24.2,14.9,19.8,0.0,24.38,0.0
2003,231,27.2,17.1,22.1,0.0,25.42,0.0
2003,232,28.6,18.2,23.3,0.0,25.09,0.0
2003,233,32.5,20.7,25.0,4.1,21.54,0.0
2003,234,24.5,19.5,22.2,0.0,24.19,0.0
2003,235,21.5,16.8,19.7,0.0,24.25,0.0
2003,236,23.7,12.1,19.5,0.0,19.21,0.0
2003,237,26.4,20.2,23.4,0.0,18.57,0.0
2003,238,28.5,21.6,24.2,2.1,18.32,0.0
2003,239,22.8,17.4,20.7,0.1,22.49,0.0
2003,240,25.4,14.3,19.9,0.0,22.69,0.0
2003,241,25.5,18.8,22.9,1.2,14.89,0.0
2003,242,19.3,14.9,17.1,0.0,22.59,0.0
2003,243,21.7,14.1,18.0,0.0,15.67,0.0
2003,244,21.3,15.6,18.4,0.2,9.27,0.0
2003,245,23.4,15.8,19.8,0.0,21.22,0.0
2003,246,25.3,15.3,20.0,0.0,20.85,0.0
2003,247,18.8,15.2,17.0,0.0,13.41,0.0
2003,248,19.3,14.0,16.8,0.0,17.45,0.0
2003,249,24.5,13.2,18.7,0.0,22.36,0.0
2003,250,24.6,16.6,20.1,0.0,18.93,0.0
2003,251,22.8,16.9,19.6,0.0,18.77,0.0
2003,252,22.7,15.9,19.3,0.0,21.35,0.0
2003,253,23.9,14.4,19.7,0.0,21.0,0.0
2003,254,26.2,15.1,21.1,0.0,20.82,0.0
2003,255,24.8,18.6,21.3,0.0,20.75,0.0
2003,256,26.1,16.8,21.1,0.0,20.24,0.0
2003,257,27.2,19.2,22.3,2.4,16.14,0.0
2003,258,20.5,15.3,17.7,5.0,7.73,0.0
2003,259,22.7,13.6,17.8,0.0,19.41,0.0
2003,260,26.2,15.4,20.7,0.0,19.58,0.0
2003,261,23.0,17.2,20.1,0.0,18.12,0.0
2003,262,20.7,16.1,17.9,23.3,7.21,0.0
2003,263,17.7,12.8,15.5,0.0,19.62,0.0
2003,264,19.5,12.5,15.8,0.0,17.24,0.0
2003,265,18.1,14.8,16.3,23.1,1.97,0.0
2003,266,17.0,12.5,14.6,0.8,15.51,0.0
2003,267,18.8,11.4,14.9,8.2,11.63,0.0
2003,268,14.4,10.5,12.3,0.0,11.71,0.0
2003,269,17.4,7.8,12.8,3.6,14.16,0.0
2003,270,15.7,11.6,13.8,10.3,15.23,0.0
2003,271,14.1,8.6,11.0,1.1,15.13,0.0
2003,272,11.2,7.5,9.1,0.0,14.46,0.0
2003,273,10.3,6.9,8.4,0.3,15.76,0.0
2003,274,9.2,4.3,6.2,0.9,15.85,0.0
2003,275,8.6,3.3,5.8,0.0,14.58,0.0
2003,276,9.5,5.4,7.1,7.2,5.3,0.0
2003,277,9.5,4.1,6.7,0.0,13.96,0.0
2003,278,9.7,3.8,6.9,0.0,13.46,0.0
2003,279,9.7,3.8,6.9,0.0,16.43,0.0
2003,280,17.6,4.5,10.4,0.0,16.19,0.0
2003,281,23.0,12.1,16.7,0.0,15.64,0.0
2003,282,22.9,10.6,16.8,0.1,14.28,0.0
2003,283,22.1,13.2,17.3,0.0,14.78,0.0
2003,284,22.5,14.0,17.5,0.0,14.62,0.0
2003,285,17.0,12.2,14.9,1.8,14.65,0.0
2003,286,18.3,8.8,13.3,0.0,14.99,0.0
2003,287,13.4,9.9,11.5,15.9,2.29,0.0
2003,288,11.6,7.8,9.5,1.5,11.94,0.0
2003,289,10.1,5.6,7.8,0.0,12.41,0.0
2003,290,9.5,4.4,6.8,0.0,11.89,0.0
2003,291,11.8,4.3,8.1,1.5,5.87,0.0
2003,292,10.4,7.3,8.8,0.0,8.94,0.0
2003,293,21.1,6.5,13.3,0.0,12.2,0.0
2003,294,17.8,7.6,11.6,2.3,3.78,0.0
2003,295,7.1,4.3,5.5,0.6,8.19,0.0
2003,296,7.2,3.2,5.1,0.0,9.3,0.0
2003,297,10.7,2.5,6.6,1.0,8.96,0.0
2003,298,11.4,6.8,8.7,7.2,5.8,0.0
2003,299,10.8,6.0,8.6,1.6,9.85,0.0
2003,300,7.1,3.3,5.2,0.0,8.3,0.0
2003,301,8.5,3.1,5.7,4.8,3.88,0.0
2003,302,7.8,2.8,5.7,0.1,9.91,0.0
2003,303,12.9,4.0,8.4,0.0,10.37,0.0
2003,304,19.3,12.9,16.0,0.6,5.7,0.0
2003,305,12.3,8.1,9.5,0.0,2.98,0.0
2003,306,10.4,7.9,9.0,13.7,1.71,0.0
2003,307,9.1,6.4,7.7,10.3,1.73,0.0
2003,308,16.9,6.4,11.0,11.9,2.79,0.0
2003,309,16.9,6.4,10.6,7.8,3.93,0.0
2003,310,6.4,2.8,5.0,0.0,9.22,0.0
2003,311,3.2,-1.6,1.1,0.0,8.61,0.0
2003,312,0.4,-3.2,-1.7,0.0,9.23,0.0
2003,313,2.1,-3.7,-1.2,0.0,10.95,0.0
2003,314,5.5,-1.8,1.3,0.0,8.11,0.0
2003,315,10.2,3.0,7.4,7.6,3.11,0.0
2003,316,12.2,4.4,8.1,4.4,5.63,0.0
2003,317,4.9,-0.1,1.6,1.3,7.22,0.0
2003,318,6.7,-0.6,2.3,0.0,6.43,0.0
2003,319,6.3,-0.8,2.9,0.9,5.92,0.0
2003,320,6.0,2.4,4.2,0.3,2.1,0.0
2003,321,8.6,2.4,5.6,0.0,6.42,0.0
2003,322,14.2,6.6,10.3,26.1,1.19,0.0
2003,323,13.1,4.8,8.4,4.2,6.56,0.0
2003,324,11.3,1.5,6.6,0.0,9.0,0.0
2003,325,11.3,4.0,7.2,0.0,8.3,0.0
2003,326,8.4,3.6,5.7,0.0,2.11,0.0
2003,327,15.6,8.9,13.3,0.1,3.35,0.0
2003,328,14.2,-3.0,3.8,17.8,1.99,0.0
2003,329,2.1,-2.6,-0.5,0.0,7.48,0.0
2003,330,6.1,0.5,2.3,0.0,8.4,0.0
2003,331,4.6,-0.6,2.4,0.5,1.34,0.0
2003,332,4.3,0.8,2.5,9.8,1.28,0.0
2003,333,2.9,-0.5,0.9,0.9,6.61,0.0
2003,334,7.2,1.0,4.0,0.2,7.77,0.0
2003,335,4.9,-1.1,1.1,0.7,7.49,0.0
2003,336,-0.6,-2.6,-1.6,0.0,5.99,0.0
2003,337,1.0,-4.1,-1.9,0.0,8.2,0.0
2003,338,4.3,-4.6,-0.7,0.0,8.11,0.0
2003,339,2.3,-0.3,0.6,0.0,5.64,0.0
2003,340,-0.1,-2.9,-1.3,0.7,3.45,0.0
2003,341,-0.1,-3.2,-1.7,0.2,6.25,0.0
2003,342,1.6,-3.8,-1.3,0.0,4.39,0.0
2003,343,3.1,-0.3,1.6,1.0,2.12,0.0
2003,344,5.7,2.8,4.7,11.6,1.58,0.0
2003,345,5.6,-2.6,0.2,0.4,3.34,0.0
2003,346,-2.7,-5.7,-3.8,0.0,5.8,0.0
2003,347,-2.2,-6.7,-4.7,0.0,7.73,0.0
2003,348,-0.1,-3.1,-1.7,2.8,2.61,0.0
2003,349,1.4,-3.7,-1.5,0.0,6.52,0.0
2003,350,5.5,-1.1,1.6,3.2,2.56,0.0
2003,351,-0.1,-2.8,-1.3,2.8,2.86,0.0
2003,352,-1.6,-3.6,-2.7,0.0,4.16,0.0
2003,353,-0.8,-4.5,-2.8,0.0,5.66,0.0
2003,354,-2.8,-6.2,-4.4,0.0,5.2,0.0
2003,355,3.8,-3.4,-0.2,0.0,6.97,0.0
2003,356,4.8,0.5,2.6,0.0,4.37,0.0
2003,357,1.2,0.2,0.7,6.2,1.79,0.0
2003,358,0.5,-2.8,-0.7,1.7,3.71,0.0
2003,359,-2.7,-3.8,-3.1,2.7,3.08,0.0
2003,360,1.4,-5.1,-2.2,0.0,7.56,0.0
2003,361,4.0,-7.5,-1.9,0.0,7.16,0.0
2003,362,6.8,-0.1,3.5,2.1,3.72,0.0
2003,363,6.4,2.1,5.5,11.3,1.1,0.0
2003,364,1.7,-1.8,-0.3,0.3,6.66,0.0
2003,365,5.0,-2.4,0.9,0.0,7.57,0.0
2004,1,0.8,-3.7,-1.5,0.0,5.07,0.0
2004,2,7.2,0.4,4.6,3.0,3.39,0.0
2004,3,10.8,0.6,6.2,1.6,4.23,0.0
2004,4,-0.2,-2.6,-1.9,2.4,2.68,0.0
2004,5,-1.8,-5.1,-3.0,2.5,3.53,0.0
2004,6,-5.3,-13.3,-10.1,0.5,7.34,0.0
2004,7,-8.1,-12.9,-10.9,0.0,7.34,0.0
2004,8,-5.5,-10.8,-8.3,0.0,6.85,0.0
2004,9,-7.5,-11.7,-9.8,0.0,5.88,0.0
2004,10,-8.1,-13.9,-10.6,0.0,8.11,0.0
2004,11,-1.6,-8.1,-4.4,3.5,2.7,0.0
2004,12,-0.9,-1.8,-1.3,1.4,4.08,0.0
2004,13,-0.4,-14.0,-7.6,0.0,7.59,0.0
2004,14,-6.9,-15.6,-10.9,9.0,2.66,0.0
2004,15,-7.7,-17.5,-14.2,0.6,7.67,0.0
2004,16,-11.1,-17.9,-14.9,0.0,7.08,0.0
2004,17,-4.7,-14.0,-9.3,6.0,2.34,0.0
2004,18,-3.4,-13.9,-8.6,0.0,7.76,0.0
2004,19,-11.1,-16.6,-14.3,0.0,6.34,0.0
2004,20,-12.4,-17.4,-15.4,0.0,7.61,0.0
2004,21,-4.2,-21.2,-12.6,1.0,5.41,0.0
2004,22,-4.2,-19.5,-13.5,0.8,9.19,0.0
2004,23,-15.3,-22.2,-18.9,0.2,8.35,0.0
2004,24,-15.4,-20.0,-17.2,0.0,10.36,0.0
2004,25,-10.3,-23.9,-17.3,0.0,9.68,0.0
2004,26,-8.3,-10.5,-9.7,3.7,3.07,0.0
2004,27,-1.0,-10.2,-5.2,12.3,2.52,0.0
2004,28,-8.9,-14.1,-11.4,0.2,10.41,0.0
2004,29,-13.2,-19.3,-16.5,0.0,10.75,0.0
2004,30,-13.6,-20.7,-17.7,0.0,9.49,0.0
2004,31,-11.6,-17.6,-15.1,0.0,11.17,0.0
2004,32,-7.3,-19.8,-13.0,0.0,11.01,0.0
2004,33,-1.6,-10.4,-6.0,0.0,7.74,0.0
2004,34,2.0,-2.5,0.1,7.0,4.49,0.0
2004,35,-3.0,-12.4,-9.0,0.0,11.99,0.0
2004,36,-5.2,-15.9,-10.6,0.0,7.91,0.0
2004,37,-1.0,-5.3,-3.3,6.6,5.64,0.0
2004,38,-5.8,-11.8,-8.3,0.0,8.02,0.0
2004,39,-4.0,-16.1,-10.4,0.0,12.45,0.0
2004,40,-0.2,-6.1,-3.2,0.1,6.17,0.0
2004,41,-2.6,-6.9,-4.0,0.0,9.08,0.0
2004,42,-3.0,-10.4,-7.2,0.0,11.6,0.0
2004,43,-3.4,-6.4,-4.9,0.3,7.86,0.0
2004,44,-3.3,-7.2,-5.5,0.0,12.93,0.0
2004,45,-5.4,-11.6,-6.9,0.0,11.31,0.0
2004,46,-13.0,-20.4,-16.9,0.0,14.37,0.0
2004,47,-8.6,-21.9,-15.8,0.0,13.89,0.0
2004,48,-2.8,-12.0,-7.8,0.0,13.1,0.0
2004,49,0.8,-15.3,-6.1,0.0,9.7,0.0
2004,50,0.8,-5.3,-1.8,0.0,13.0,0.0
2004,51,5.0,-2.2,1.7,6.6,7.24,0.0
2004,52,3.8,-3.5,-0.9,7.0,7.9,0.0
2004,53,-0.9,-8.5,-4.4,0.0,13.92,0.0
2004,54,-0.4,-5.6,-3.1,3.2,7.68,0.0
2004,55,-2.6,-9.1,-5.2,1.9,14.79,0.0
2004,56,-1.2,-10.7,-6.4,0.0,13.55,0.0
2004,57,0.6,-6.1,-3.3,0.0,14.84,0.0
2004,58,1.5,-9.4,-4.1,0.0,16.32,0.0
2004,59,4.7,-8.2,-2.1,0.0,16.01,0.0
2004,60,7.9,0.1,3.0,0.0,15.02,0.0
2004,61,7.6,1.8,4.8,0.8,7.71,0.0
2004,62,7.6,2.7,5.3,1.2,9.36,0.0
2004,63,4.3,1.6,2.6,0.5,6.48,0.0
2004,64,4.7,0.6,2.4,1.2,9.87,0.0
2004,65,14.1,0.7,6.5,28.8,5.41,0.0
2004,66,2.7,-1.2,0.4,0.0,7.24,0.0
2004,67,5.2,-1.8,0.6,4.5,9.71,0.0
2004,68,0.6,-4.5,-2.4,0.0,15.9,0.0
2004,69,0.7,-7.6,-3.2,0.0,18.34,0.0
2004,70,6.8,-5.3,0.4,0.0,18.18,0.0
2004,71,6.7,-3.8,1.4,1.3,10.19,0.0
2004,72,-3.9,-9.7,-6.6,1.7,17.82,0.0
2004,73,-0.9,-12.4,-6.9,0.0,19.44,0.0
2004,74,5.6,-2.6,0.7,1.1,7.57,0.0
2004,75,-0.2,-3.8,-2.2,0.0,13.95,0.0
2004,76,-2.1,-4.7,-3.7,1.0,8.9,0.0
2004,77,-1.1,-7.4,-4.2,0.0,15.43,0.0
2004,78,3.3,-4.6,-0.9,0.0,14.61,0.0
2004,79,5.6,-4.4,0.8,0.2,15.09,0.0
2004,80,11.6,0.6,4.1,7.6,10.33,0.0
2004,81,0.1,-7.6,-3.8,1.2,12.73,0.0
2004,82,-0.8,-10.6,-6.1,0.0,21.96,0.0
2004,83,4.4,-3.7,0.1,0.6,13.52,0.0
2004,84,7.8,-1.9,3.8,2.8,8.14,0.0
2004,85,18.2,7.7,12.8,0.7,11.52,0.0
2004,86,15.8,6.1,12.2,4.9,7.06,0.0
2004,87,5.7,1.5,3.9,0.0,12.73,0.0
2004,88,13.7,1.5,7.8,0.0,20.91,0.0
2004,89,10.8,7.5,9.5,2.1,5.47,0.0
2004,90,8.3,2.9,6.1,0.7,9.96,0.0
2004,91,4.3,1.0,2.3,0.5,15.47,0.0
2004,92,3.2,-0.4,1.3,0.1,11.39,0.0
2004,93,5.9,1.8,3.5,0.0,13.45,0.0
2004,94,9.9,0.2,3.9,0.7,19.04,0.0
2004,95,0.6,-3.5,-1.7,1.0,22.58,0.0
2004,96,2.4,-5.3,-1.9,0.0,24.42,0.0
2004,97,10.3,-2.9,2.8,2.2,9.49,0.0
2004,98,10.0,-0.8,4.5,0.0,21.39,0.0
2004,99,6.5,0.8,4.3,1.8,12.72,0.0
2004,100,8.6,-0.9,3.4,0.0,21.41,0.0
2004,101,5.5,-1.6,1.6,0.0,22.29,0.0
2004,102,2.3,-1.7,0.1,0.0,12.86,0.0
2004,103,4.9,-1.9,1.1,0.0,22.92,0.0
2004,104,5.0,0.3,2.2,0.9,15.96,0.0
2004,105,9.1,0.1,4.1,0.0,25.3,0.0
2004,106,12.5,0.6,6.6,0.0,24.79,0.0
2004,107,21.5,6.2,13.0,0.0,21.5,0.0
2004,108,15.0,8.0,12.6,7.7,12.0,0.0
2004,109,24.9,6.4,15.2,9.1,16.78,0.0
2004,110,20.9,6.6,16.5,0.1,19.65,0.0
2004,111,9.4,2.6,6.0,0.3,20.96,0.0
2004,112,20.9,7.0,14.6,5.8,15.19,0.0
2004,113,10.6,4.3,7.4,0.0,23.09,0.0
2004,114,12.7,2.5,7.3,0.0,25.1,0.0
2004,115,9.0,2.8,5.3,0.0,24.71,0.0
2004,116,17.5,3.7,9.6,11.4,12.64,0.0
2004,117,15.0,5.7,9.9,1.8,24.97,0.0
2004,118,4.7,1.0,2.9,3.9,17.87,0.0
2004,119,16.5,-0.8,7.3,3.7,17.47,0.0
2004,120,23.0,16.1,19.2,0.0,24.61,0.0
2004,121,17.9,10.9,13.9,8.6,8.83,0.0
2004,122,10.7,4.7,7.0,16.5,7.5,0.0
2004,123,4.8,1.7,3.3,10.5,11.04,0.0
2004,124,6.4,0.8,3.6,0.6,22.27,0.0
2004,125,15.1,1.4,8.1,2.6,19.97,0.0
2004,126,12.6,4.9,8.4,2.6,23.14,0.0
2004,127,23.0,7.2,14.1,1.6,18.19,0.0
2004,128,9.7,5.0,7.8,0.0,28.15,0.0
2004,129,13.4,3.7,7.5,9.8,8.77,0.0
2004,130,17.3,7.4,12.2,14.7,23.28,0.0
2004,131,25.2,12.2,19.4,0.5,25.49,0.0
2004,132,17.3,9.4,12.8,0.6,27.03,0.0
2004,133,26.7,13.5,21.0,0.0,24.65,0.0
2004,134,26.8,18.8,21.7,6.0,18.04,0.0
2004,135,24.8,11.5,19.9,13.0,15.75,0.0
2004,136,10.7,6.3,8.8,0.0,15.4,0.0
2004,137,16.6,4.5,10.6,0.0,29.19,0.0
2004,138,24.1,10.5,16.8,8.8,20.46,0.0
2004,139,18.1,10.3,15.0,2.5,16.75,0.0
2004,140,18.1,7.1,12.8,0.0,30.01,0.0
2004,141,23.9,12.2,18.1,1.5,13.07,0.0
2004,142,13.5,8.9,11.3,17.7,10.1,0.0
2004,143,22.8,10.3,14.1,33.7,8.17,0.0
2004,144,18.6,8.9,12.7,15.4,9.5,0.0
2004,145,17.2,8.9,14.0,7.4,10.1,0.0
2004,146,16.1,7.7,11.5,1.7,14.41,0.0
2004,147,15.3,11.0,13.9,1.0,17.32,0.0
2004,148,21.8,9.2,15.1,1.3,25.25,0.0
2004,149,12.9,7.9,9.8,0.0,26.2,0.0
2004,150,15.4,6.0,10.9,0.0,30.56,0.0
2004,151,18.8,9.4,14.1,0.3,23.95,0.0
2004,152,21.1,13.2,15.6,16.5,9.81,0.0
2004,153,21.1,13.4,16.6,2.4,26.07,0.0
2004,154,17.0,10.8,13.5,0.0,21.06,0.0
2004,155,15.6,10.3,12.8,0.0,29.94,0.0
2004,156,17.5,7.3,12.8,0.0,31.26,0.0
2004,157,20.2,9.6,15.2,0.0,31.11,0.0
2004,158,23.7,14.5,18.8,0.0,20.43,0.0
2004,159,27.6,17.6,22.4,0.0,25.97,0.0
2004,160,29.4,20.6,24.9,0.0,27.99,0.0
2004,161,24.2,15.3,20.9,7.0,11.93,0.0
2004,162,15.3,12.2,13.8,5.0,16.29,0.0
2004,163,17.2,12.7,14.8,0.0,22.35,0.0
2004,164,21.2,12.8,17.0,0.0,26.7,0.0
2004,165,26.5,15.7,20.9,6.9,19.66,0.0
2004,166,25.8,15.9,20.5,23.6,21.52,0.0
2004,167,18.8,14.1,17.0,0.0,25.8,0.0
2004,168,26.3,13.8,20.1,0.0,23.58,0.0
2004,169,25.2,18.3,21.1,0.2,20.98,0.0
2004,170,23.8,17.7,20.4,2.0,21.2,0.0
2004,171,19.3,11.7,14.1,0.2,24.19,0.0
2004,172,19.8,10.8,15.5,0.0,25.26,0.0
2004,173,20.9,13.2,16.5,8.3,13.29,0.0
2004,174,20.4,14.8,17.3,3.9,22.0,0.0
2004,175,23.6,13.0,17.8,4.0,27.28,0.0
2004,176,17.3,11.2,14.8,11.8,16.38,0.0
2004,177,19.3,9.3,14.7,0.0,28.05,0.0
2004,178,18.6,12.4,15.6,0.0,20.73,0.0
2004,179,19.7,13.7,16.8,0.0,26.44,0.0
2004,180,19.7,13.4,16.6,3.0,22.98,0.0
2004,181,22.7,14.8,18.2,2.3,25.63,0.0
2004,182,26.2,14.3,20.5,0.0,28.02,0.0
2004,183,22.6,15.8,19.7,0.6,24.78,0.0
2004,184,20.4,14.8,17.5,0.0,27.95,0.0
2004,185,25.2,14.1,20.0,0.0,29.37,0.0
2004,186,24.8,20.5,22.4,19.8,16.53,0.0
2004,187,20.9,14.9,18.4,0.8,18.93,0.0
2004,188,25.2,13.3,18.8,1.5,18.66,0.0
2004,189,23.5,17.7,20.6,10.2,19.65,0.0
2004,190,17.3,14.9,16.5,0.2,10.43,0.0
2004,191,20.9,14.4,18.1,0.0,18.3,0.0
2004,192,23.8,16.5,20.2,0.0,21.89,0.0
2004,193,27.1,15.5,21.5,0.0,26.54,0.0
2004,194,26.7,20.6,23.4,0.7,23.85,0.0
2004,195,28.9,18.4,23.9,0.4,26.18,0.0
2004,196,22.4,18.1,19.3,21.2,11.19,0.0
2004,197,22.3,17.2,19.7,1.5,22.33,0.0
2004,198,25.1,17.6,21.4,0.0,26.27,0.0
2004,199,23.0,18.4,20.4,1.5,20.32,0.0
2004,200,22.9,17.9,20.2,0.2,27.57,0.0
2004,201,24.8,14.8,20.7,0.0,25.52,0.0
2004,202,27.0,19.2,22.5,1.2,21.36,0.0
2004,203,29.0,19.1,24.5,4.2,23.31,0.0
2004,204,29.2,20.5,24.2,13.4,22.95,0.0
2004,205,19.6,14.4,17.1,0.0,24.86,0.0
2004,206,19.4,13.7,16.5,0.0,24.88,0.0
2004,207,21.6,14.6,18.1,0.0,25.35,0.0
2004,208,22.1,14.2,18.4,0.0,22.05,0.0
2004,209,21.9,16.9,19.1,4.2,12.52,0.0
2004,210,25.0,15.9,20.7,0.3,25.81,0.0
2004,211,26.1,17.3,21.7,0.0,20.51,0.0
2004,212,22.4,17.8,20.2,1.8,8.45,0.0
2004,213,25.3,18.0,21.4,1.4,20.28,0.0
2004,214,26.4,15.2,21.7,0.0,25.72,0.0
2004,215,27.9,20.8,23.3,4.0,18.66,0.0
2004,216,25.2,19.7,22.0,4.6,23.17,0.0
2004,217,22.3,16.2,19.2,13.8,16.88,0.0
2004,218,18.6,16.3,17.4,0.0,19.51,0.0
2004,219,20.1,14.8,17.4,0.0,23.54,0.0
2004,220,22.6,13.6,18.4,0.0,24.38,0.0
2004,221,24.3,16.5,20.5,0.0,25.63,0.0
2004,222,25.1,16.6,21.0,0.3,18.91,0.0
2004,223,22.1,17.2,19.9,2.2,20.61,0.0
2004,224,18.5,13.3,16.0,7.7,15.7,0.0
2004,225,18.2,11.4,14.8,0.2,18.2,0.0
2004,226,17.7,13.3,15.4,1.1,15.25,0.0
2004,227,18.5,13.2,16.1,1.2,21.05,0.0
2004,228,20.3,11.8,16.7,0.6,21.62,0.0
2004,229,22.7,11.4,17.7,0.0,25.0,0.0
2004,230,22.3,16.4,19.4,0.3,18.46,0.0
2004,231,23.8,16.3,20.5,0.7,19.53,0.0
2004,232,21.0,13.7,17.2,1.2,24.97,0.0
2004,233,20.0,13.9,17.0,0.0,12.82,0.0
2004,234,18.7,13.2,16.2,0.0,25.36,0.0
2004,235,24.2,12.3,18.4,0.0,23.02,0.0
2004,236,20.9,15.7,18.4,0.0,15.72,0.0
2004,237,24.8,16.0,20.1,0.0,19.32,0.0
2004,238,26.7,20.2,22.8,2.5,11.53,0.0
2004,239,27.1,21.7,23.9,5.8,12.28,0.0
2004,240,27.3,22.6,24.3,6.2,13.16,0.0
2004,241,22.8,18.9,20.9,1.3,12.26,0.0
2004,242,20.8,17.0,18.5,5.2,9.54,0.0
2004,243,19.7,15.1,17.5,0.1,10.98,0.0
2004,244,22.6,15.0,18.9,0.0,18.95,0.0
2004,245,22.1,16.0,19.1,0.0,15.77,0.0
2004,246,25.8,17.1,21.2,0.2,18.83,0.0
2004,247,27.0,17.9,22.3,0.4,19.34,0.0
2004,248,26.8,17.9,22.6,0.0,20.68,0.0
2004,249,27.1,19.9,23.4,0.2,17.78,0.0
2004,250,27.3,21.6,24.1,2.4,18.22,0.0
2004,251,22.7,17.5,20.1,4.9,19.57,0.0
2004,252,20.6,17.0,18.8,0.0,15.52,0.0
2004,253,19.0,15.5,17.5,0.0,20.59,0.0
2004,254,21.8,13.8,17.7,0.0,20.86,0.0
2004,255,25.6,15.4,20.1,0.0,20.02,0.0
2004,256,25.4,16.9,20.9,0.5,18.63,0.0
2004,257,27.1,18.0,22.4,0.0,20.1,0.0
2004,258,27.8,19.6,22.9,0.0,18.06,0.0
2004,259,27.1,20.0,23.2,0.0,18.49,0.0
2004,260,23.3,16.7,21.5,0.1,16.7,0.0
2004,261,16.4,13.5,15.1,0.0,13.31,0.0
2004,262,18.8,13.1,15.7,0.0,19.22,0.0
2004,263,19.3,12.1,15.6,0.0,18.17,0.0
2004,264,23.0,12.3,17.0,0.0,18.35,0.0
2004,265,25.7,13.8,19.3,0.0,18.86,0.0
2004,266,26.2,14.1,20.1,0.0,19.28,0.0
2004,267,27.6,14.0,21.0,0.0,18.59,0.0
2004,268,27.2,18.2,22.3,0.0,16.37,0.0
2004,269,21.1,15.4,18.2,0.0,11.63,0.0
2004,270,21.3,12.1,17.2,0.0,18.28,0.0
2004,271,22.6,11.9,17.2,0.0,18.17,0.0
2004,272,16.5,13.8,15.2,0.8,8.87,0.0
2004,273,16.2,12.2,14.1,0.0,14.5,0.0
2004,274,19.4,9.5,14.2,0.0,17.78,0.0
2004,275,21.4,10.7,15.8,0.0,16.22,0.0
2004,276,16.3,9.7,12.6,6.3,13.35,0.0
2004,277,16.6,6.9,11.7,0.0,16.74,0.0
2004,278,13.9,7.6,10.5,0.9,14.33,0.0
2004,279,12.0,3.8,8.2,0.0,16.94,0.0
2004,280,19.8,8.1,13.3,0.0,16.18,0.0
2004,281,22.8,12.2,16.6,0.0,15.67,0.0
2004,282,21.6,13.5,16.9,6.5,7.97,0.0
2004,283,17.2,11.5,14.4,3.0,12.38,0.0
2004,284,12.3,9.1,10.5,0.0,11.49,0.0
2004,285,12.3,8.4,10.0,0.0,11.69,0.0
2004,286,14.1,6.8,10.4,0.0,13.38,0.0
2004,287,16.2,8.3,12.2,0.0,9.59,0.0
2004,288,15.3,12.1,13.1,0.0,4.65,0.0
2004,289,13.1,9.3,11.2,4.6,4.74,0.0
2004,290,9.7,4.3,7.3,4.6,10.88,0.0
2004,291,7.8,4.2,6.1,3.0,6.47,0.0
2004,292,9.1,4.5,7.1,0.0,6.96,0.0
2004,293,10.1,7.0,8.7,0.0,6.2,0.0
2004,294,11.3,8.9,9.8,0.0,3.74,0.0
2004,295,11.5,9.4,10.2,0.0,5.14,0.0
2004,296,11.7,8.8,10.3,0.0,6.18,0.0
2004,297,13.7,9.5,11.5,9.7,5.1,0.0
2004,298,13.9,11.0,12.9,0.7,6.69,0.0
2004,299,15.5,10.5,12.3,0.0,9.03,0.0
2004,300,14.3,7.8,11.4,0.0,6.42,0.0
2004,301,12.0,10.7,11.4,0.1,3.82,0.0
2004,302,14.1,9.9,11.6,0.0,10.35,0.0
2004,303,17.7,9.9,13.1,10.3,2.32,0.0
2004,304,21.3,10.6,16.6,2.5,9.45,0.0
2004,305,10.8,8.1,9.9,0.0,3.74,0.0
2004,306,9.3,6.6,7.8,6.1,4.92,0.0
2004,307,9.2,6.4,7.9,11.9,1.77,0.0
2004,308,9.3,6.1,7.4,0.0,6.74,0.0
2004,309,7.7,5.2,6.5,8.7,2.08,0.0
2004,310,8.6,4.3,6.3,0.0,9.94,0.0
2004,311,12.8,6.6,9.1,0.0,9.78,0.0
2004,312,10.4,3.4,8.1,0.3,8.15,0.0
2004,313,4.1,1.2,2.5,0.1,8.95,0.0
2004,314,3.5,-0.5,1.3,0.0,9.17,0.0
2004,315,12.3,1.0,6.6,0.0,5.97,0.0
2004,316,9.8,0.7,4.3,2.0,7.39,0.0
2004,317,4.6,-2.0,1.3,0.0,9.3,0.0
2004,318,4.4,-0.3,1.9,0.0,9.6,0.0
2004,319,6.7,-0.9,2.0,0.0,9.95,0.0
2004,320,6.9,0.2,2.8,0.0,7.06,0.0
2004,321,9.6,1.4,5.7,0.0,5.01,0.0
2004,322,10.1,7.0,8.7,4.0,1.43,0.0
2004,323,12.7,8.0,10.8,0.2,3.94,0.0
2004,324,8.1,6.0,7.1,2.5,2.52,0.0
2004,325,12.0,6.8,9.3,8.2,1.98,0.0
2004,326,8.6,5.3,6.3,0.0,6.66,0.0
2004,327,6.6,1.8,4.1,0.0,8.59,0.0
2004,328,9.5,3.5,6.6,0.0,3.51,0.0
2004,329,5.4,1.0,3.0,15.8,1.46,0.0
2004,330,0.9,-1.9,-0.7,5.0,5.73,0.0
2004,331,2.0,-3.7,-0.7,0.0,7.06,0.0
2004,332,6.5,2.1,4.7,11.4,1.3,0.0
2004,333,5.6,1.4,3.6,4.3,6.25,0.0
2004,334,4.0,-0.1,1.5,0.0,6.29,0.0
2004,335,3.8,-0.5,1.3,1.4,4.71,0.0
2004,336,2.6,0.2,1.7,18.6,7.7,0.0
2004,337,0.6,-1.0,-0.1,0.0,4.83,0.0
2004,338,0.4,-4.9,-3.0,1.2,7.47,0.0
2004,339,4.3,-3.8,1.1,0.8,2.51,0.0
2004,340,1.4,-2.7,-0.8,0.0,7.52,0.0
2004,341,2.2,-1.2,0.9,2.1,1.49,0.0
2004,342,5.1,1.6,3.4,20.0,0.53,0.0
2004,343,4.2,1.4,2.6,0.0,4.67,0.0
2004,344,6.8,2.0,3.8,0.0,5.56,0.0
2004,345,3.6,1.1,2.6,6.9,1.44,0.0
2004,346,1.2,-1.3,-0.2,5.6,2.3,0.0
2004,347,2.5,-1.7,-0.2,8.5,1.55,0.0
2004,348,-0.2,-4.8,-2.2,2.2,2.98,0.0
2004,349,-3.7,-6.5,-5.1,0.0,3.37,0.0
2004,350,-0.8,-6.7,-4.0,0.0,7.8,0.0
2004,351,1.7,-2.8,-0.8,2.0,3.61,0.0
2004,352,-2.7,-6.1,-5.0,0.0,5.13,0.0
2004,353,0.1,-5.4,-2.5,2.0,2.72,0.0
2004,354,-6.3,-15.4,-13.3,0.7,6.54,0.0
2004,355,-8.8,-15.8,-12.5,1.7,6.05,0.0
2004,356,1.6,-8.2,-3.7,0.6,6.2,0.0
2004,357,-2.6,-7.5,-5.6,0.0,4.33,0.0
2004,358,-3.2,-12.7,-7.0,13.3,4.15,0.0
2004,359,-12.8,-16.3,-14.2,0.0,7.57,0.0
2004,360,-11.1,-19.4,-15.2,0.0,5.79,0.0
2004,361,-4.9,-12.5,-9.0,1.5,5.59,0.0
2004,362,-7.5,-12.2,-9.9,0.0,7.14,0.0
2004,363,0.4,-11.4,-5.6,0.0,4.85,0.0
2004,364,0.9,-6.8,-0.8,0.0,6.51,0.0
2004,365,4.5,-6.8,-0.2,0.4,2.96,0.0
2004,366,11.0,0.7,8.1,5.1,3.52,0.0
2005,1,-0.4,-3.3,-2.2,0.0,4.1,0.0
2005,2,9.1,-1.2,3.4,7.3,1.3,0.0
2005,3,1.3,-1.8,-0.3,0.7,3.47,0.0
2005,4,-0.5,-2.4,-1.5,0.0,3.74,0.0
2005,5,-1.8,-5.7,-4.8,1.0,2.64,0.0
2005,6,-3.2,-8.3,-4.9,9.1,2.68,0.0
2005,7,-2.6,-10.0,-6.7,0.0,6.34,0.0
2005,8,-1.7,-7.9,-4.6,0.0,4.99,0.0
2005,9,0.0,-5.9,-2.6,0.0,4.24,0.0
2005,10,0.7,-5.0,-1.7,0.0,7.6,0.0
2005,11,0.6,-3.9,-1.2,0.2,4.41,0.0
2005,12,11.9,-1.2,3.6,10.5,1.51,0.0
2005,13,12.4,-2.5,5.3,39.0,0.71,0.0
2005,14,-3.4,-14.4,-10.4,0.0,8.5,0.0
2005,15,-9.1,-15.2,-12.9,0.0,9.48,0.0
2005,16,-12.7,-15.2,-14.1,0.0,7.64,0.0
2005,17,-14.3,-21.3,-18.0,0.0,9.45,0.0
2005,18,-11.2,-23.8,-17.9,0.0,9.41,0.0
2005,19,-3.4,-11.5,-7.4,6.1,6.06,0.0
2005,20,-9.5,-12.9,-11.3,0.0,5.38,0.0
2005,21,-11.5,-15.0,-12.9,0.0,7.12,0.0
2005,22,-10.9,-15.2,-13.2,7.0,3.63,0.0
2005,23,-13.8,-18.3,-16.5,0.0,9.6,0.0
2005,24,-3.0,-17.6,-8.8,1.3,5.46,0.0
2005,25,-3.0,-7.7,-5.0,2.8,3.48,0.0
2005,26,-3.4,-15.7,-10.4,0.2,6.86,0.0
2005,27,-12.8,-20.1,-16.1,0.0,10.7,0.0
2005,28,-7.4,-23.9,-16.4,0.0,10.93,0.0
2005,29,-3.0,-12.1,-8.8,0.0,8.5,0.0
2005,30,-4.4,-12.5,-8.8,0.0,10.23,0.0
2005,31,-3.9,-17.1,-9.8,0.0,10.13,0.0
2005,32,-1.7,-12.0,-7.2,0.0,9.04,0.0
2005,33,-2.8,-11.3,-7.3,0.0,8.86,0.0
2005,34,1.9,-14.5,-6.7,0.0,10.43,0.0
2005,35,3.6,-11.5,-2.2,0.0,10.99,0.0
2005,36,5.8,-2.4,0.7,0.0,10.13,0.0
2005,37,6.2,0.3,2.8,0.0,7.32,0.0
2005,38,5.1,2.5,3.9,2.8,2.47,0.0
2005,39,3.4,-4.6,-0.4,0.6,3.87,0.0
2005,40,-4.9,-9.3,-6.8,0.5,6.78,0.0
2005,41,-5.4,-10.2,-8.3,0.0,12.47,0.0
2005,42,-1.0,-10.4,-5.0,0.0,9.32,0.0
2005,43,3.7,-2.7,-0.2,0.5,12.42,0.0
2005,44,-2.1,-7.7,-4.4,0.0,11.12,0.0
2005,45,8.2,-3.2,2.7,13.9,1.95,0.0
2005,46,5.3,-0.0,2.1,1.1,5.68,0.0
2005,47,-0.1,-4.2,-2.2,0.8,12.37,0.0
2005,48,-3.6,-11.6,-6.2,0.0,9.57,0.0
2005,49,-8.8,-15.4,-12.3,0.0,13.48,0.0
2005,50,-3.7,-11.5,-7.3,0.0,12.94,0.0
2005,51,-2.7,-9.8,-6.7,10.9,5.11,0.0
2005,52,1.2,-4.2,-1.5,2.0,9.16,0.0
2005,53,-2.8,-8.2,-5.6,0.9,7.11,0.0
2005,54,-5.0,-12.8,-8.6,0.0,14.17,0.0
2005,55,-4.2,-10.3,-7.9,0.0,13.72,0.0
2005,56,-0.4,-7.7,-4.3,2.2,8.01,0.0
2005,57,-3.9,-14.9,-9.8,0.0,14.37,0.0
2005,58,-4.6,-18.2,-10.8,0.0,14.26,0.0
2005,59,0.7,-6.1,-2.8,3.4,10.61,0.0
2005,60,-0.1,-8.1,-4.3,9.5,6.91,0.0
2005,61,-8.4,-10.3,-9.4,1.6,10.32,0.0
2005,62,-6.6,-14.9,-10.9,0.0,17.69,0.0
2005,63,-1.3,-13.4,-8.2,0.0,16.37,0.0
2005,64,0.4,-13.7,-5.8,0.0,17.45,0.0
2005,65,4.9,-2.6,1.1,0.0,14.69,0.0
2005,66,6.2,-9.2,0.5,8.4,5.55,0.0
2005,67,-9.6,-14.3,-12.0,0.0,16.84,0.0
2005,68,-7.2,-16.8,-12.3,0.0,18.34,0.0
2005,69,-1.6,-15.4,-8.5,0.5,16.36,0.0
2005,70,-1.0,-8.6,-4.9,0.8,18.06,0.0
2005,71,-2.7,-9.0,-5.2,0.9,15.73,0.0
2005,72,-4.8,-13.6,-9.7,0.0,19.63,0.0
2005,73,-2.0,-11.6,-7.0,0.0,18.26,0.0
2005,74,0.2,-8.4,-3.7,0.0,16.73,0.0
2005,75,0.7,-9.3,-4.2,0.9,18.01,0.0
2005,76,0.1,-10.0,-4.4,0.0,15.32,0.0
2005,77,-0.5,-6.6,-3.2,0.0,15.22,0.0
2005,78,2.0,-4.0,-1.4,7.7,7.62,0.0
2005,79,1.2,-1.0,0.2,1.9,5.63,0.0
2005,80,1.0,-3.2,-0.9,0.5,18.54,0.0
2005,81,1.0,-4.3,-1.9,0.0,20.46,0.0
2005,82,-1.8,-3.7,-2.8,0.0,11.66,0.0
2005,83,3.8,-6.8,-1.1,0.0,19.14,0.0
2005,84,-0.1,-5.6,-2.5,0.0,17.42,0.0
2005,85,1.7,-11.2,-4.3,0.0,21.88,0.0
2005,86,7.3,-6.7,0.3,0.0,20.91,0.0
2005,87,7.5,-3.1,1.7,0.0,22.03,0.0
2005,88,11.8,-1.9,4.2,0.0,21.14,0.0
2005,89,13.5,3.2,7.6,0.0,16.43,0.0
2005,90,13.2,4.0,9.2,0.6,11.28,0.0
2005,91,10.2,2.3,5.5,0.0,19.34,0.0
2005,92,3.0,1.1,2.2,0.1,13.5,0.0
2005,93,8.6,-0.5,3.4,0.0,21.18,0.0
2005,94,10.8,-0.1,5.0,0.0,23.45,0.0
2005,95,17.9,2.3,9.6,0.0,19.81,0.0
2005,96,15.4,4.0,9.7,0.0,13.42,0.0
2005,97,10.8,2.7,5.8,0.1,17.17,0.0
2005,98,9.0,-0.5,4.0,0.0,24.34,0.0
2005,99,13.9,-0.1,6.5,0.0,24.24,0.0
2005,100,13.0,0.8,7.0,0.0,23.94,0.0
2005,101,9.1,3.4,5.6,0.0,25.19,0.0
2005,102,8.2,1.4,4.4,0.0,25.41,0.0
2005,103,6.9,-0.0,3.7,0.0,25.17,0.0
2005,104,6.8,1.7,4.0,0.0,25.64,0.0
2005,105,12.1,1.9,6.6,0.0,26.1,0.0
2005,106,19.3,2.1,10.5,0.0,25.68,0.0
2005,107,16.1,7.6,11.5,0.0,20.99,0.0
2005,108,20.2,3.8,11.8,0.0,24.18,0.0
2005,109,24.8,11.8,18.1,0.4,23.53,0.0
2005,110,16.2,3.0,9.9,8.2,10.7,0.0
2005,111,8.6,0.7,4.4,0.0,26.64,0.0
2005,112,9.1,-0.1,4.3,0.0,14.18,0.0
2005,113,3.8,0.7,1.6,13.0,5.83,0.0
2005,114,1.1,-0.5,0.4,29.5,4.14,0.0
2005,115,6.8,1.0,3.2,2.4,17.36,0.0
2005,116,8.5,3.6,7.0,4.8,8.35,0.0
2005,117,10.2,2.7,6.2,1.9,20.67,0.0
2005,118,8.8,1.7,4.7,2.8,19.48,0.0
2005,119,8.3,-1.2,4.4,0.0,22.01,0.0
2005,120,9.8,2.5,6.0,0.0,25.53,0.0
2005,121,10.4,1.4,5.9,1.3,25.28,0.0
2005,122,8.7,1.7,4.8,2.6,22.8,0.0
2005,123,6.7,-1.2,3.5,1.6,20.52,0.0
2005,124,12.9,-0.9,6.3,0.0,26.42,0.0
2005,125,16.2,4.9,10.4,0.0,27.67,0.0
2005,126,17.5,5.0,11.8,0.1,23.57,0.0
2005,127,14.1,7.8,11.0,1.3,25.32,0.0
2005,128,20.8,4.2,13.0,0.0,28.17,0.0
2005,129,25.3,12.4,18.1,0.0,24.91,0.0
2005,130,24.4,15.9,19.7,0.0,22.19,0.0
2005,131,16.7,6.9,10.5,2.2,9.89,0.0
2005,132,6.5,1.7,4.5,0.0,28.63,0.0
2005,133,13.4,5.3,9.0,11.4,12.86,0.0
2005,134,17.0,9.7,12.6,5.9,12.91,0.0
2005,135,11.7,7.1,9.2,1.9,19.85,0.0
2005,136,11.6,4.6,7.9,0.0,23.11,0.0
2005,137,13.6,5.6,9.6,0.0,26.72,0.0
2005,138,18.0,7.3,12.3,0.0,20.83,0.0
2005,139,15.0,10.4,12.6,0.0,10.78,0.0
2005,140,17.5,8.3,12.8,0.0,30.21,0.0
2005,141,20.2,7.3,14.2,0.0,28.99,0.0
2005,142,18.5,6.7,13.9,1.0,18.79,0.0
2005,143,13.8,8.9,11.5,5.2,15.43,0.0
2005,144,13.4,7.3,10.3,0.0,17.48,0.0
2005,145,18.3,8.2,13.3,0.0,29.58,0.0
2005,146,22.0,7.8,15.8,0.8,24.19,0.0
2005,147,19.9,8.7,15.4,2.5,25.51,0.0
2005,148,18.7,9.9,14.3,1.9,24.39,0.0
2005,149,19.9,8.8,14.1,1.9,26.72,0.0
2005,150,19.0,9.2,13.9,0.0,26.87,0.0
2005,151,19.5,9.7,14.9,0.0,28.8,0.0
2005,152,21.7,8.3,15.6,0.0,30.41,0.0
2005,153,24.4,13.5,19.1,0.0,28.53,0.0
2005,154,22.5,16.2,19.3,0.0,18.34,0.0
2005,155,24.3,15.1,20.0,0.0,23.79,0.0
2005,156,31.4,19.6,24.7,2.9,27.17,0.0
2005,157,27.0,20.7,23.6,0.0,28.19,0.0
2005,158,26.4,18.8,22.5,0.0,26.37,0.0
2005,159,29.6,21.1,25.0,1.4,27.25,0.0
2005,160,31.7,21.5,26.1,1.2,26.14,0.0
2005,161,30.4,22.6,26.1,5.7,25.42,0.0
2005,162,30.3,22.9,25.9,3.5,23.47,0.0
2005,163,28.9,22.6,25.1,2.4,16.74,0.0
2005,164,26.0,19.5,22.5,14.9,12.34,0.0
2005,165,27.8,18.3,22.4,7.5,20.9,0.0
2005,166,22.1,15.3,19.0,9.7,17.53,0.0
2005,167,16.9,13.7,15.2,3.6,18.58,0.0
2005,168,16.4,13.0,14.6,0.8,17.97,0.0
2005,169,17.1,13.7,15.3,0.0,22.32,0.0
2005,170,19.7,11.8,16.1,0.0,17.73,0.0
2005,171,25.0,14.8,19.8,0.0,28.56,0.0
2005,172,26.2,17.4,21.3,1.6,23.78,0.0
2005,173,20.4,14.4,18.4,0.0,31.42,0.0
2005,174,27.5,11.5,19.9,0.0,30.13,0.0
2005,175,32.4,21.0,26.5,0.0,29.54,0.0
2005,176,26.6,20.7,24.0,0.2,23.85,0.0
2005,177,26.1,18.5,22.1,0.0,24.72,0.0
2005,178,33.0,20.1,26.8,0.0,28.02,0.0
2005,179,31.0,23.2,26.7,2.1,24.24,0.0
2005,180,27.2,20.8,23.4,0.1,23.34,0.0
2005,181,30.7,20.1,25.5,0.3,23.4,0.0
2005,182,25.4,16.2,21.1,0.0,16.14,0.0
2005,183,21.9,13.5,17.8,0.0,30.72,0.0
2005,184,27.4,16.0,21.8,0.0,29.57,0.0
2005,185,29.8,19.9,24.1,1.7,22.09,0.0
2005,186,22.3,17.3,20.4,6.6,18.37,0.0
2005,187,20.8,16.1,18.2,0.0,22.91,0.0
2005,188,23.5,16.2,20.2,0.4,25.05,0.0
2005,189,24.7,18.0,21.0,0.8,25.74,0.0
2005,190,27.5,15.1,22.5,0.0,29.98,0.0
2005,191,29.6,18.9,24.8,0.0,29.38,0.0
2005,192,30.5,19.8,25.8,0.0,28.41,0.0
2005,193,29.9,21.6,25.5,0.0,22.74,0.0
2005,194,29.0,22.0,25.2,0.0,19.5,0.0
2005,195,27.4,21.9,24.2,0.0,27.84,0.0
2005,196,30.4,20.5,25.4,0.0,26.72,0.0
2005,197,28.1,23.3,25.5,5.5,17.13,0.0
2005,198,27.9,21.3,24.7,4.9,20.68,0.0
2005,199,32.1,23.7,26.6,4.1,23.93,0.0
2005,200,25.3,20.6,23.7,0.0,21.15,0.0
2005,201,30.5,18.5,24.5,0.0,28.98,0.0
2005,202,30.5,21.4,26.3,5.1,27.35,0.0
2005,203,25.5,20.6,23.2,14.2,27.29,0.0
2005,204,27.2,17.8,22.9,0.0,26.67,0.0
2005,205,30.3,20.7,24.6,21.6,9.79,0.0
2005,206,29.9,23.5,26.6,0.0,27.59,0.0
2005,207,27.9,19.8,24.2,6.2,13.78,0.0
2005,208,20.4,16.7,18.7,4.5,21.14,0.0
2005,209,23.3,12.6,18.9,0.0,22.31,0.0
2005,210,21.2,16.7,19.1,0.7,17.49,0.0
2005,211,23.0,15.8,19.6,0.0,27.93,0.0
2005,212,28.5,15.9,22.3,0.0,26.5,0.0
2005,213,29.2,21.0,25.0,0.0,23.58,0.0
2005,214,31.0,21.5,26.2,0.0,25.07,0.0
2005,215,31.7,22.5,27.3,0.0,24.67,0.0
2005,216,29.9,22.8,26.0,5.4,19.62,0.0
2005,217,25.8,19.3,22.8,0.0,26.5,0.0
2005,218,28.0,18.6,23.2,0.0,26.68,0.0
2005,219,29.0,19.9,24.6,0.0,26.58,0.0
2005,220,30.1,20.6,25.4,0.0,23.13,0.0
2005,221,32.3,22.5,27.0,0.2,24.63,0.0
2005,222,27.1,22.1,24.8,2.3,16.65,0.0
2005,223,24.8,20.0,22.3,0.0,16.7,0.0
2005,224,27.6,19.3,23.7,3.5,16.79,0.0
2005,225,25.5,20.4,23.2,0.4,15.48,0.0
2005,226,23.3,19.7,21.4,1.1,18.13,0.0
2005,227,25.1,16.8,21.2,0.0,23.92,0.0
2005,228,25.4,18.1,22.1,0.0,20.33,0.0
2005,229,24.0,18.8,21.3,0.0,23.7,0.0
2005,230,27.1,19.4,22.8,1.1,17.78,0.0
2005,231,27.0,19.8,22.7,7.7,18.0,0.0
2005,232,23.4,17.0,20.6,4.3,6.56,0.0
2005,233,23.8,17.7,20.7,0.0,20.85,0.0
2005,234,18.2,14.6,16.7,0.1,11.92,0.0
2005,235,19.6,15.0,17.3,0.8,14.69,0.0
2005,236,22.9,15.3,19.2,0.0,24.1,0.0
2005,237,24.3,15.7,20.4,0.0,18.01,0.0
2005,238,26.5,18.2,22.2,0.2,22.22,0.0
2005,239,25.6,20.4,22.5,8.7,12.6,0.0
2005,240,27.0,17.6,22.4,0.0,20.88,0.0
2005,241,27.2,17.3,22.2,2.3,20.03,0.0
2005,242,24.0,17.6,21.1,1.1,13.9,0.0
2005,243,22.4,18.3,20.9,0.0,19.95,0.0
2005,244,25.5,15.1,20.5,0.0,18.64,0.0
2005,245,22.8,18.5,20.6,0.0,17.34,0.0
2005,246,22.3,16.4,19.1,0.0,18.28,0.0
2005,247,22.0,15.4,18.8,0.0,15.98,0.0
2005,248,24.5,15.2,20.0,0.0,22.19,0.0
2005,249,27.8,16.6,22.0,0.0,21.94,0.0
2005,250,29.1,18.8,23.4,0.0,19.94,0.0
2005,251,22.1,16.3,19.6,1.1,17.41,0.0
2005,252,23.8,14.8,19.7,0.1,20.58,0.0
2005,253,26.0,15.6,21.1,0.0,20.74,0.0
2005,254,30.0,17.6,23.5,0.0,20.53,0.0
2005,255,30.8,20.5,25.2,0.0,18.75,0.0
2005,256,31.7,21.3,26.1,0.0,19.34,0.0
2005,257,25.4,19.1,22.9,1.9,9.37,0.0
2005,258,21.4,17.4,18.9,0.0,17.32,0.0
2005,259,18.7,16.3,17.4,8.7,7.48,0.0
2005,260,21.7,16.2,18.6,0.0,16.05,0.0
2005,261,24.1,11.9,18.8,0.0,16.65,0.0
2005,262,23.6,16.0,20.0,2.0,9.66,0.0
2005,263,22.7,15.9,19.2,0.0,18.35,0.0
2005,264,28.3,16.8,22.0,0.0,18.45,0.0
2005,265,26.3,18.7,21.0,14.5,9.77,0.0
2005,266,18.3,13.8,16.4,0.0,14.6,0.0
2005,267,21.2,12.7,16.7,0.0,18.05,0.0
2005,268,24.7,17.1,20.4,9.4,8.69,0.0
2005,269,19.8,15.2,18.0,14.3,7.37,0.0
2005,270,20.2,11.8,15.9,0.0,18.14,0.0
2005,271,22.9,13.1,17.8,0.7,15.07,0.0
2005,272,17.0,9.4,11.6,12.9,13.09,0.0
2005,273,18.5,8.6,13.1,0.0,17.33,0.0
2005,274,22.4,12.4,16.6,0.0,16.88,0.0
2005,275,25.3,13.9,19.1,0.0,15.52,0.0
2005,276,27.4,19.9,23.0,0.0,13.78,0.0
2005,277,28.0,19.7,23.2,0.2,15.11,0.0
2005,278,27.4,18.9,22.5,0.0,15.29,0.0
2005,279,23.4,12.7,18.6,2.4,8.63,0.0
2005,280,12.6,10.1,11.3,0.0,6.4,0.0
2005,281,10.4,9.3,9.8,0.0,7.18,0.0
2005,282,12.2,9.5,10.6,0.0,11.05,0.0
2005,283,15.1,9.4,12.6,0.0,7.05,0.0
2005,284,16.5,13.6,14.9,0.0,7.46,0.0
2005,285,15.5,13.9,14.6,0.4,2.89,0.0
2005,286,18.5,13.4,15.4,0.0,9.42,0.0
2005,287,19.8,13.5,16.2,0.0,11.21,0.0
2005,288,14.6,11.3,13.4,0.0,11.24,0.0
2005,289,11.9,9.4,10.7,0.0,7.16,0.0
2005,290,13.5,6.6,10.2,3.8,9.26,0.0
2005,291,14.6,9.5,11.8,0.0,12.26,0.0
2005,292,15.1,8.0,10.6,0.0,7.05,0.0
2005,293,12.6,5.0,8.8,0.0,12.34,0.0
2005,294,11.4,7.5,9.1,0.0,10.61,0.0
2005,295,10.4,7.3,8.7,0.7,6.88,0.0
2005,296,8.7,6.3,7.2,7.6,4.98,0.0
2005,297,9.8,6.3,7.6,5.5,6.66,0.0
2005,298,7.9,6.3,7.0,2.9,7.6,0.0
2005,299,6.7,5.0,5.9,0.1,7.0,0.0
2005,300,7.3,4.7,5.9,0.2,7.5,0.0
2005,301,8.8,2.6,5.6,0.7,8.76,0.0
2005,302,12.4,2.9,6.9,0.0,12.23,0.0
2005,303,14.6,6.0,9.6,0.0,11.36,0.0
2005,304,13.7,9.1,11.4,3.0,4.62,0.0
2005,305,10.8,7.1,9.3,13.1,9.3,0.0
2005,306,12.4,3.4,7.9,0.0,10.73,0.0
2005,307,17.2,9.5,13.5,0.0,9.57,0.0
2005,308,18.0,10.3,13.5,0.0,10.32,0.0
2005,309,13.3,7.0,10.3,2.0,8.5,0.0
2005,310,15.1,7.2,11.3,25.5,3.79,0.0
2005,311,12.0,5.1,8.6,0.0,6.74,0.0
2005,312,11.1,6.9,8.8,0.0,7.46,0.0
2005,313,15.2,6.2,9.6,3.3,4.54,0.0
2005,314,5.9,3.0,4.6,0.0,6.79,0.0
2005,315,10.5,1.6,5.7,0.0,10.11,0.0
2005,316,15.2,5.6,9.8,0.0,9.34,0.0
2005,317,15.6,6.2,11.6,3.5,8.64,0.0
2005,318,6.6,4.0,5.2,0.1,6.74,0.0
2005,319,13.9,4.2,6.8,11.8,1.56,0.0
2005,320,15.2,-0.1,5.8,2.9,6.31,0.0
2005,321,-0.2,-3.2,-1.4,1.0,8.92,0.0
2005,322,-0.1,-4.7,-2.6,0.4,5.77,0.0
2005,323,8.2,-0.8,3.3,0.0,9.05,0.0
2005,324,7.7,1.7,4.8,0.0,6.63,0.0
2005,325,5.7,3.3,4.3,0.0,2.81,0.0
2005,326,3.0,-3.5,-0.7,1.3,3.9,0.0
2005,327,-0.5,-4.5,-2.5,3.0,4.38,0.0
2005,328,-0.5,-8.3,-5.5,1.3,7.34,0.0
2005,329,-2.4,-5.6,-4.0,0.5,6.1,0.0
2005,330,-1.9,-6.2,-4.2,0.6,7.95,0.0
2005,331,5.1,-2.6,2.1,2.0,1.94,0.0
2005,332,13.9,5.3,9.9,9.6,4.66,0.0
2005,333,13.5,1.4,6.8,3.4,3.78,0.0
2005,334,1.3,-1.0,0.2,0.7,4.14,0.0
2005,335,-0.3,-1.9,-1.3,1.3,2.84,0.0
2005,336,-1.5,-5.1,-2.7,3.2,6.87,0.0
2005,337,-3.7,-6.6,-5.3,0.3,7.72,0.0
2005,338,-2.9,-5.9,-4.6,1.2,6.25,0.0
2005,339,-5.3,-7.2,-6.3,0.0,4.62,0.0
2005,340,-6.9,-9.6,-8.1,0.0,6.33,0.0
2005,341,-5.3,-10.3,-8.1,0.0,7.22,0.0
2005,342,-4.4,-12.4,-7.9,0.5,7.69,0.0
2005,343,-2.3,-5.2,-3.4,6.4,7.68,0.0
2005,344,-4.3,-8.9,-6.5,0.0,4.54,0.0
2005,345,-2.4,-8.3,-4.8,2.1,4.12,0.0
2005,346,-5.2,-9.3,-7.6,0.0,5.76,0.0
2005,347,-5.2,-16.2,-9.7,0.0,7.69,0.0
2005,348,-3.4,-6.2,-4.6,0.2,4.33,0.0
2005,349,-0.5,-3.1,-1.2,12.4,1.85,0.0
2005,350,-0.8,-4.8,-2.9,0.3,4.72,0.0
2005,351,-2.9,-5.4,-4.3,0.0,5.25,0.0
2005,352,-5.9,-9.3,-6.9,0.0,4.41,0.0
2005,353,-6.8,-11.3,-9.3,0.0,7.64,0.0
2005,354,-3.8,-8.1,-6.5,0.0,6.04,0.0
2005,355,-3.4,-7.6,-5.7,0.0,3.76,0.0
2005,356,0.8,-7.4,-3.6,0.0,4.18,0.0
2005,357,2.8,0.5,1.6,3.6,2.42,0.0
2005,358,2.6,0.4,1.4,7.6,2.64,0.0
2005,359,2.5,0.7,1.4,9.5,1.57,0.0
2005,360,0.8,-4.7,-1.4,0.9,3.07,0.0
2005,361,1.9,-5.1,-1.5,0.0,4.72,0.0
2005,362,2.3,-0.2,1.2,4.4,1.18,0.0
2005,363,2.2,-1.4,0.4,2.2,2.62,0.0
2005,364,-0.8,-2.6,-1.7,0.0,3.44,0.0
2005,365,1.1,-1.9,-0.4,5.6,2.57,0.0
2006,1,2.1,-1.0,0.5,0.3,4.14,0.0
2006,2,2.7,0.2,1.7,4.8,1.58,0.0
2006,3,3.3,1.6,2.3,0.0,2.76,0.0
2006,4,4.9,2.0,3.1,4.9,1.2,0.0
2006,5,1.3,-4.1,-0.3,5.8,2.85,0.0
2006,6,-4.4,-8.1,-6.6,0.0,5.82,0.0
2006,7,0.2,-6.1,-2.3,1.3,4.12,0.0
2006,8,0.7,-6.3,-2.2,0.0,4.7,0.0
2006,9,1.6,-0.9,0.4,0.9,3.38,0.0
2006,10,2.1,-2.8,-0.6,0.0,7.7,0.0
2006,11,7.9,0.3,4.2,2.4,2.96,0.0
2006,12,8.9,1.0,4.3,0.0,8.01,0.0
2006,13,8.4,0.9,5.1,17.0,2.15,0.0
2006,14,0.7,-5.5,-3.2,3.8,4.55,0.0
2006,15,-4.1,-5.7,-5.2,0.0,6.25,0.0
2006,16,-2.2,-5.6,-3.9,0.0,7.71,0.0
2006,17,4.1,-3.6,0.3,7.4,1.17,0.0
2006,18,1.3,-4.4,-1.7,7.7,3.6,0.0
2006,19,3.3,-6.3,-1.4,0.0,6.62,0.0
2006,20,4.5,-0.8,2.1,3.8,6.29,0.0
2006,21,-0.6,-6.1,-2.0,12.7,6.93,0.0
2006,22,2.3,-7.6,-3.2,0.0,9.1,0.0
2006,23,-1.5,-7.3,-3.9,0.0,6.3,0.0
2006,24,2.0,-4.7,-0.9,1.7,6.63,0.0
2006,25,-1.9,-8.1,-5.0,0.6,5.89,0.0
2006,26,-4.5,-10.7,-7.9,0.0,8.61,0.0
2006,27,4.9,-9.3,-0.5,0.0,7.88,0.0
2006,28,6.1,0.0,2.7,0.8,9.66,0.0
2006,29,7.7,3.2,4.6,16.5,1.67,0.0
2006,30,4.8,-1.2,2.7,0.2,4.54,0.0
2006,31,0.1,-3.7,-2.1,0.0,5.89,0.0
2006,32,4.3,-3.2,0.4,0.1,4.5,0.0
2006,33,4.1,-0.7,1.2,0.0,8.73,0.0
2006,34,3.5,-0.1,1.3,1.6,6.05,0.0
2006,35,2.8,-1.1,0.8,17.0,2.81,0.0
2006,36,-0.4,-8.6,-4.5,14.2,6.34,0.0
2006,37,-3.2,-8.8,-6.4,0.0,7.55,0.0
2006,38,-5.4,-9.4,-7.4,0.0,9.24,0.0
2006,39,-5.9,-10.0,-7.8,0.0,6.11,0.0
2006,40,-5.1,-12.2,-9.0,0.0,8.93,0.0
2006,41,-0.9,-11.2,-6.0,0.2,9.09,0.0
2006,42,-2.6,-10.6,-6.8,0.2,9.27,0.0
2006,43,-3.6,-11.7,-7.7,0.0,9.89,0.0
2006,44,-3.2,-9.7,-6.4,0.6,8.23,0.0
2006,45,1.8,-8.3,-3.0,0.0,8.73,0.0
2006,46,1.9,-2.3,0.4,0.0,7.04,0.0
2006,47,4.4,-3.7,-0.9,19.2,2.76,0.0
2006,48,0.7,-11.5,-7.9,2.2,13.24,0.0
2006,49,-12.8,-21.4,-17.2,0.0,14.96,0.0
2006,50,-7.5,-18.3,-13.3,0.0,14.85,0.0
2006,51,-3.4,-12.8,-8.4,0.0,14.19,0.0
2006,52,-1.7,-6.7,-4.2,0.0,11.92,0.0
2006,53,3.4,-9.4,-3.1,0.0,14.07,0.0
2006,54,1.4,-6.5,-2.9,0.2,11.57,0.0
2006,55,-1.9,-11.2,-6.5,0.3,14.3,0.0
2006,56,0.7,-8.2,-3.6,0.6,11.45,0.0
2006,57,-6.9,-12.3,-10.1,0.0,12.83,0.0
2006,58,-6.1,-12.2,-9.8,0.1,13.69,0.0
2006,59,-5.0,-14.9,-10.2,0.0,16.52,0.0
2006,60,-3.8,-13.2,-8.3,0.4,16.42,0.0
2006,61,-4.5,-8.1,-6.4,10.8,5.93,0.0
2006,62,-5.1,-13.6,-8.8,0.0,17.08,0.0
2006,63,-1.9,-11.3,-7.1,0.0,17.25,0.0
2006,64,-0.8,-9.9,-5.3,0.0,15.84,0.0
2006,65,-0.9,-6.8,-4.1,0.0,13.6,0.0
2006,66,1.5,-10.4,-3.9,0.0,17.67,0.0
2006,67,5.4,-2.9,0.8,0.2,8.28,0.0
2006,68,13.8,1.9,7.7,10.1,6.03,0.0
2006,69,9.9,0.0,5.0,19.9,14.42,0.0
2006,70,11.2,-3.2,4.0,0.0,17.49,0.0
2006,71,8.1,2.3,6.7,1.0,11.64,0.0
2006,72,15.9,1.0,6.6,20.9,6.76,0.0
2006,73,2.8,-4.0,-1.5,0.0,11.58,0.0
2006,74,2.3,-4.3,-1.8,0.0,19.74,0.0
2006,75,0.3,-5.7,-3.1,0.0,18.15,0.0
2006,76,-2.0,-7.2,-4.7,0.0,18.17,0.0
2006,77,0.0,-7.6,-4.7,0.0,19.86,0.0
2006,78,2.1,-7.2,-3.7,0.0,18.44,0.0
2006,79,-4.2,-7.3,-5.7,0.0,18.14,0.0
2006,80,-2.4,-8.1,-5.4,0.0,17.99,0.0
2006,81,2.1,-4.7,-1.9,0.0,10.63,0.0
2006,82,2.9,-4.0,-0.7,0.0,15.81,0.0
2006,83,2.2,-3.3,-0.8,0.2,12.7,0.0
2006,84,3.2,-2.5,0.0,0.0,14.02,0.0
2006,85,5.2,-1.4,1.3,0.0,19.4,0.0
2006,86,8.3,-3.4,2.4,0.0,21.0,0.0
2006,87,8.5,-1.0,3.6,0.0,19.24,0.0
2006,88,11.4,-2.4,4.1,0.0,21.72,0.0
2006,89,15.0,1.0,7.6,0.0,19.31,0.0
2006,90,16.4,7.8,12.1,10.1,10.47,0.0
2006,91,9.1,2.4,6.0,1.1,10.59,0.0
2006,92,9.8,-0.6,4.5,0.4,19.85,0.0
2006,93,13.5,-0.3,5.4,18.4,8.57,0.0
2006,94,3.1,-2.0,0.1,1.6,18.41,0.0
2006,95,6.3,-2.5,1.7,0.0,14.68,0.0
2006,96,12.4,-2.1,5.0,0.0,22.83,0.0
2006,97,6.4,-0.4,3.4,12.8,4.11,0.0
2006,98,1.2,-3.9,-1.3,0.0,23.81,0.0
2006,99,9.0,-3.3,2.7,0.0,24.11,0.0
2006,100,14.5,0.9,7.8,0.0,20.35,0.0
2006,101,18.8,5.9,12.1,0.0,21.07,0.0
2006,102,17.6,8.2,13.3,19.2,8.83,0.0
2006,103,19.0,7.0,11.8,0.0,23.63,0.0
2006,104,22.0,8.8,14.0,7.9,17.7,0.0
2006,105,12.9,5.4,9.1,0.0,24.85,0.0
2006,106,9.7,2.9,5.9,0.0,24.29,0.0
2006,107,8.7,3.0,5.8,0.0,25.79,0.0
2006,108,13.4,3.1,7.9,0.0,25.65,0.0
2006,109,16.2,4.7,10.4,0.0,25.91,0.0
2006,110,19.8,4.3,12.2,0.0,24.96,0.0
2006,111,21.8,9.2,14.5,2.3,20.26,0.0
2006,112,18.6,9.0,13.1,4.4,20.48,0.0
2006,113,10.9,5.9,8.7,5.7,11.96,0.0
2006,114,15.8,5.7,10.2,0.8,15.73,0.0
2006,115,12.7,1.6,4.8,3.1,23.05,0.0
2006,116,16.5,0.4,8.1,0.0,26.48,0.0
2006,117,8.3,2.6,5.8,0.0,27.28,0.0
2006,118,11.0,1.0,5.7,0.0,28.36,0.0
2006,119,15.0,3.6,8.9,0.0,25.15,0.0
2006,120,17.5,8.3,12.4,0.0,20.43,0.0
2006,121,18.7,11.3,14.3,0.0,21.77,0.0
2006,122,18.6,9.8,13.9,0.0,19.0,0.0
2006,123,22.2,8.3,15.6,0.0,27.01,0.0
2006,124,19.3,9.5,16.1,0.0,26.99,0.0
2006,125,10.9,6.1,8.4,0.1,12.33,0.0
2006,126,9.6,3.5,6.2,0.0,26.93,0.0
2006,127,18.7,4.6,11.5,0.0,24.89,0.0
2006,128,20.8,8.5,14.9,0.0,28.36,0.0
2006,129,19.9,11.4,15.6,0.0,27.46,0.0
2006,130,23.2,14.0,17.6,0.5,17.59,0.0
2006,131,16.4,11.4,13.9,20.7,13.82,0.0
2006,132,10.9,8.3,9.3,3.4,10.97,0.0
2006,133,13.5,7.7,10.2,2.6,14.07,0.0
2006,134,16.4,9.8,12.9,0.0,22.5,0.0
2006,135,15.0,9.0,11.5,1.2,23.31,0.0
2006,136,14.5,8.6,11.2,2.6,13.2,0.0
2006,137,20.5,10.5,14.6,7.5,26.08,0.0
2006,138,12.1,8.9,9.7,17.6,6.44,0.0
2006,139,11.2,8.7,9.9,5.7,6.29,0.0
2006,140,18.0,7.8,12.4,0.7,27.86,0.0
2006,141,9.8,4.9,7.3,2.5,12.37,0.0
2006,142,10.1,4.2,7.2,0.0,27.97,0.0
2006,143,16.5,4.6,10.6,0.0,30.32,0.0
2006,144,22.9,9.0,16.1,0.0,27.42,0.0
2006,145,25.3,14.9,19.3,9.3,19.16,0.0
2006,146,20.1,14.3,17.5,8.0,17.41,0.0
2006,147,20.2,12.6,16.2,0.0,25.78,0.0
2006,148,29.5,15.0,22.9,0.0,27.88,0.0
2006,149,31.1,21.4,26.1,0.0,27.83,0.0
2006,150,30.4,21.7,25.5,3.6,24.76,0.0
2006,151,25.2,15.4,20.5,16.1,10.4,0.0
2006,152,21.7,15.3,18.1,0.8,25.91,0.0
2006,153,19.6,14.8,16.8,0.0,19.67,0.0
2006,154,18.4,13.2,15.8,3.4,26.83,0.0
2006,155,20.7,13.3,16.8,0.0,30.14,0.0
2006,156,24.0,13.2,19.1,0.0,30.57,0.0
2006,157,26.5,15.2,21.1,0.0,28.0,0.0
2006,158,24.2,18.2,21.1,0.7,20.89,0.0
2006,159,23.1,15.7,19.3,0.2,27.92,0.0
2006,160,17.4,12.6,15.0,1.3,22.48,0.0
2006,161,14.8,10.8,12.9,0.0,30.91,0.0
2006,162,15.2,9.5,12.4,0.0,25.8,0.0
2006,163,16.7,10.6,13.9,0.0,21.36,0.0
2006,164,19.5,9.8,15.7,0.7,20.21,0.0
2006,165,20.9,11.3,16.8,0.0,30.62,0.0
2006,166,23.7,12.2,18.5,0.0,31.01,0.0
2006,167,29.0,16.6,22.7,0.2,24.17,0.0
2006,168,31.8,21.9,26.5,0.0,28.99,0.0
2006,169,27.0,20.4,23.5,26.6,13.11,0.0
2006,170,27.2,18.8,22.4,0.6,26.42,0.0
2006,171,20.7,16.5,18.5,0.0,27.84,0.0
2006,172,25.3,16.0,20.4,5.2,12.58,0.0
2006,173,26.8,20.1,22.9,0.2,24.42,0.0
2006,174,19.1,14.2,17.2,0.0,26.36,0.0
2006,175,21.5,11.2,16.9,0.0,29.53,0.0
2006,176,23.1,13.7,18.4,0.0,26.05,0.0
2006,177,23.6,16.6,20.1,2.3,22.08,0.0
2006,178,24.9,17.0,20.7,9.7,19.53,0.0
2006,179,23.7,17.1,19.8,11.6,23.32,0.0
2006,180,22.3,15.5,18.7,9.4,23.55,0.0
2006,181,25.3,17.2,20.9,1.7,25.5,0.0
2006,182,29.3,17.0,23.4,0.6,26.16,0.0
2006,183,26.9,20.0,23.7,2.4,22.74,0.0
2006,184,29.1,20.3,24.3,0.3,26.46,0.0
2006,185,25.0,18.8,22.2,2.3,23.81,0.0
2006,186,19.4,15.0,17.1,0.0,21.6,0.0
2006,187,21.9,13.6,18.2,0.0,28.51,0.0
2006,188,26.2,15.4,21.0,0.0,30.12,0.0
2006,189,27.5,17.4,22.8,0.0,28.34,0.0
2006,190,28.1,19.6,23.4,6.3,24.02,0.0
2006,191,21.8,18.2,20.0,6.7,23.64,0.0
2006,192,25.8,15.0,20.6,3.7,20.6,0.0
2006,193,24.9,20.6,22.8,4.7,23.32,0.0
2006,194,28.7,18.6,23.8,0.0,28.13,0.0
2006,195,29.4,20.3,24.7,3.9,22.52,0.0
2006,196,31.1,21.7,26.0,4.1,28.49,0.0
2006,197,33.0,23.3,28.0,0.0,27.58,0.0
2006,198,32.3,22.8,27.3,7.4,25.78,0.0
2006,199,24.0,19.3,22.0,4.9,28.86,0.0
2006,200,27.9,16.7,22.6,0.0,28.73,0.0
2006,201,25.2,21.0,23.2,8.4,10.13,0.0
2006,202,22.9,19.1,21.2,1.3,17.77,0.0
2006,203,22.9,18.3,20.4,0.0,25.4,0.0
2006,204,22.3,16.2,19.5,1.1,23.26,0.0
2006,205,27.7,17.5,22.7,0.0,23.66,0.0
2006,206,26.5,20.7,23.6,4.4,18.35,0.0
2006,207,24.1,22.0,23.2,6.3,8.6,0.0
2006,208,27.1,20.6,23.7,2.1,21.22,0.0
2006,209,29.1,20.9,25.3,3.4,25.59,0.0
2006,210,30.0,23.2,26.0,1.3,18.98,0.0
2006,211,28.6,21.4,24.9,5.9,15.0,0.0
2006,212,33.2,22.8,27.9,0.0,25.24,0.0
2006,213,33.5,26.6,29.9,0.0,24.71,0.0
2006,214,33.4,26.3,29.6,1.2,24.43,0.0
2006,215,24.4,20.8,22.3,9.5,9.1,0.0
2006,216,27.3,19.9,23.2,0.0,24.79,0.0
2006,217,26.5,18.5,22.7,0.0,24.92,0.0
2006,218,27.9,20.4,24.3,0.0,18.78,0.0
2006,219,26.8,21.6,24.1,0.0,20.83,0.0
2006,220,22.7,18.0,20.6,0.0,25.47,0.0
2006,221,25.5,13.8,20.4,0.0,26.55,0.0
2006,222,24.1,18.2,21.1,1.8,20.53,0.0
2006,223,19.4,15.6,17.6,0.0,25.47,0.0
2006,224,22.7,14.6,18.6,0.0,27.31,0.0
2006,225,25.5,13.0,20.0,0.0,25.98,0.0
2006,226,24.4,18.5,21.6,0.3,13.42,0.0
2006,227,24.9,17.4,21.0,0.0,24.07,0.0
2006,228,24.1,15.3,20.3,0.0,25.73,0.0
2006,229,25.9,16.2,21.6,0.3,20.48,0.0
2006,230,26.9,19.6,23.5,0.0,16.24,0.0
2006,231,26.5,21.3,23.7,1.3,15.31,0.0
2006,232,21.2,16.8,19.4,0.7,23.03,0.0
2006,233,26.1,12.5,20.1,0.0,24.66,0.0
2006,234,24.4,18.2,21.4,0.0,20.77,0.0
2006,235,24.7,17.1,20.2,0.8,16.31,0.0
2006,236,23.1,15.9,19.9,0.4,19.16,0.0
2006,237,22.0,17.9,19.8,5.4,10.35,0.0
2006,238,24.3,18.1,20.7,7.5,9.71,0.0
2006,239,21.6,17.7,20.2,2.5,14.99,0.0
2006,240,24.1,15.1,19.8,0.0,15.99,0.0
2006,241,23.7,19.4,21.1,0.9,19.28,0.0
2006,242,20.1,16.1,18.1,0.0,21.94,0.0
2006,243,20.3,14.8,17.6,0.0,23.75,0.0
2006,244,21.7,15.4,18.6,0.0,18.62,0.0
2006,245,19.8,15.0,17.9,3.1,7.89,0.0
2006,246,19.2,14.6,16.5,1.9,14.46,0.0
2006,247,21.3,13.3,17.5,0.4,19.59,0.0
2006,248,22.3,14.2,18.4,0.2,14.97,0.0
2006,249,20.8,15.4,18.2,1.6,16.13,0.0
2006,250,24.9,11.8,18.4,0.0,19.62,0.0
2006,251,26.7,17.8,21.3,0.3,18.63,0.0
2006,252,18.6,13.7,15.7,4.6,5.16,0.0
2006,253,15.3,12.4,13.9,0.0,14.05,0.0
2006,254,17.5,13.4,15.4,0.5,11.27,0.0
2006,255,18.7,14.0,16.2,18.4,4.41,0.0
2006,256,19.5,16.0,17.4,4.3,8.51,0.0
2006,257,18.9,14.9,17.1,0.3,14.91,0.0
2006,258,20.4,13.1,16.9,0.0,13.1,0.0
2006,259,22.0,13.7,18.2,0.0,12.46,0.0
2006,260,25.7,15.9,20.4,0.0,17.23,0.0
2006,261,22.0,15.8,18.8,5.5,3.16,0.0
2006,262,15.9,12.2,14.1,0.0,11.15,0.0
2006,263,13.7,9.9,11.9,0.0,13.78,0.0
2006,264,16.6,8.5,12.5,0.0,17.09,0.0
2006,265,18.6,10.6,14.7,1.2,11.23,0.0
2006,266,23.2,15.8,18.6,11.6,9.63,0.0
2006,267,18.3,12.3,14.9,2.8,7.28,0.0
2006,268,18.1,9.1,13.4,0.3,14.28,0.0
2006,269,17.4,9.4,13.2,0.0,17.98,0.0
2006,270,21.6,12.5,15.4,4.1,13.53,0.0
2006,271,11.8,8.8,10.3,0.8,12.47,0.0
2006,272,12.7,6.4,9.6,0.1,15.07,0.0
2006,273,14.3,9.9,11.5,3.2,8.58,0.0
2006,274,15.2,8.8,11.6,0.0,13.56,0.0
2006,275,20.9,9.0,14.6,6.6,11.84,0.0
2006,276,21.4,15.7,18.0,1.1,10.24,0.0
2006,277,19.5,12.6,16.0,13.0,3.96,0.0
2006,278,12.4,9.5,10.7,0.0,7.88,0.0
2006,279,12.4,7.3,9.8,0.0,15.75,0.0
2006,280,16.3,4.8,10.3,0.0,16.55,0.0
2006,281,19.9,8.1,13.4,0.0,16.23,0.0
2006,282,15.3,11.0,12.9,0.0,11.51,0.0
2006,283,12.9,10.4,11.5,0.9,8.85,0.0
2006,284,16.3,8.2,12.8,20.7,3.98,0.0
2006,285,7.6,0.9,3.3,0.7,14.03,0.0
2006,286,5.7,0.6,2.9,1.9,11.34,0.0
2006,287,7.7,2.6,4.8,0.9,11.23,0.0
2006,288,9.8,3.0,6.1,0.0,14.29,0.0
2006,289,12.1,3.5,8.2,0.0,4.96,0.0
2006,290,11.9,9.3,10.6,19.5,1.11,0.0
2006,291,15.8,10.1,12.8,0.0,6.57,0.0
2006,292,13.5,7.0,8.9,3.6,4.1,0.0
2006,293,7.5,5.6,6.5,0.0,7.01,0.0
2006,294,9.5,4.5,6.9,0.4,5.06,0.0
2006,295,10.2,4.3,7.7,12.8,6.3,0.0
2006,296,6.3,1.9,3.9,0.0,10.85,0.0
2006,297,5.6,2.1,3.6,0.0,9.1,0.0
2006,298,5.9,2.3,4.0,0.0,8.56,0.0
2006,299,7.9,0.0,4.5,0.0,10.71,0.0
2006,300,6.6,4.7,5.6,2.2,3.33,0.0
2006,301,5.4,3.9,4.6,8.1,5.45,0.0
2006,302,7.4,2.7,4.7,0.0,10.52,0.0
2006,303,15.6,2.2,8.6,0.0,11.71,0.0
2006,304,14.3,3.5,11.0,0.0,9.27,0.0
2006,305,4.3,0.9,2.5,0.0,10.22,0.0
2006,306,2.2,-0.7,0.6,0.0,9.44,0.0
2006,307,2.3,-1.6,-0.0,0.0,9.43,0.0
2006,308,4.5,-2.2,1.1,0.0,8.27,0.0
2006,309,10.5,2.1,5.4,0.0,10.86,0.0
2006,310,13.3,3.4,7.4,0.0,6.61,0.0
2006,311,9.8,7.6,8.3,3.7,3.35,0.0
2006,312,11.3,7.4,9.0,0.0,4.96,0.0
2006,313,15.1,6.3,10.5,0.3,9.52,0.0
2006,314,7.1,4.2,5.5,1.5,6.12,0.0
2006,315,5.2,3.6,4.5,13.0,2.33,0.0
2006,316,4.6,2.7,3.3,0.0,5.66,0.0
2006,317,5.4,0.8,3.1,0.0,4.32,0.0
2006,318,5.7,0.6,3.2,0.0,3.96,0.0
2006,319,7.3,2.4,4.6,0.2,5.8,0.0
2006,320,6.0,1.7,5.0,22.1,0.89,0.0
2006,321,4.6,1.7,3.1,2.4,4.01,0.0
2006,322,4.8,2.0,3.4,0.0,4.94,0.0
2006,323,2.8,1.2,2.1,0.4,3.88,0.0
2006,324,3.8,-0.2,1.7,0.0,5.99,0.0
2006,325,5.8,-0.6,1.6,0.0,7.57,0.0
2006,326,7.6,-0.9,2.5,0.0,8.96,0.0
2006,327,7.5,-1.6,2.8,0.0,8.85,0.0
2006,328,9.2,-0.4,3.6,0.0,8.78,0.0
2006,329,11.2,2.2,6.1,0.0,6.9,0.0
2006,330,13.0,7.3,9.6,0.0,4.04,0.0
2006,331,13.6,8.6,10.3,2.2,4.72,0.0
2006,332,13.7,7.9,10.2,1.5,4.48,0.0
2006,333,15.4,10.9,13.2,11.3,2.36,0.0
2006,334,14.0,1.4,4.9,23.9,1.09,0.0
2006,335,3.9,-1.5,1.3,25.9,1.25,0.0
2006,336,0.4,-1.8,-1.0,0.2,6.97,0.0
2006,337,-1.1,-5.1,-3.9,0.0,3.43,0.0
2006,338,-3.3,-6.6,-5.2,0.4,5.12,0.0
2006,339,-3.4,-7.4,-5.4,0.1,7.77,0.0
2006,340,2.7,-3.1,0.0,1.3,3.43,0.0
2006,341,-2.8,-8.8,-6.8,0.0,7.24,0.0
2006,342,-3.9,-7.2,-5.8,0.0,7.76,0.0
2006,343,1.0,-4.9,-2.1,0.0,7.55,0.0
2006,344,6.2,0.1,2.7,2.3,7.28,0.0
2006,345,5.4,2.0,3.6,2.0,1.9,0.0
2006,346,6.8,3.3,5.3,12.5,2.05,0.0
2006,347,8.0,1.4,4.5,4.0,2.47,0.0
2006,348,8.8,1.7,5.2,0.5,3.45,0.0
2006,349,5.9,1.6,4.3,0.0,4.61,0.0
2006,350,6.5,-1.6,2.2,0.0,5.59,0.0
2006,351,9.2,2.8,6.9,0.0,6.24,0.0
2006,352,2.3,-1.0,1.2,0.0,5.69,0.0
2006,353,1.7,-2.4,-0.7,0.0,7.1,0.0
2006,354,5.4,-0.5,1.9,0.0,6.92,0.0
2006,355,4.7,0.0,2.7,0.5,5.37,0.0
2006,356,9.5,3.3,5.9,8.4,1.27,0.0
2006,357,6.8,3.1,4.1,0.0,2.56,0.0
2006,358,4.7,-0.5,2.1,0.0,7.65,0.0
2006,359,5.4,0.4,2.3,0.4,4.83,0.0
2006,360,2.8,0.0,1.5,0.3,3.05,0.0
2006,361,2.3,-1.0,0.4,0.0,7.02,0.0
2006,362,3.4,0.4,1.5,1.1,2.9,0.0
2006,363,3.3,1.3,2.1,0.0,4.9,0.0
2006,364,4.0,1.3,2.2,0.3,3.47,0.0
2006,365,7.9,0.4,2.8,11.2,1.98,0.0
2007,1,9.4,1.1,5.1,2.9,2.16,0.0
2007,2,4.4,-1.3,1.1,0.0,7.03,0.0
2007,3,7.0,0.7,3.2,0.0,7.32,0.0
2007,4,10.3,2.9,6.1,0.6,6.58,0.0
2007,5,9.8,6.3,8.2,2.8,3.56,0.0
2007,6,6.2,2.1,4.0,6.0,3.78,0.0
2007,7,3.7,-0.5,1.5,1.1,5.67,0.0
2007,8,0.8,-1.5,0.2,3.0,7.03,0.0
2007,9,-1.1,-4.3,-2.3,0.0,6.29,0.0
2007,10,-3.4,-6.0,-4.7,0.0,6.28,0.0
2007,11,5.2,-3.6,1.5,0.0,6.47,0.0
2007,12,5.4,0.2,3.7,5.1,0.97,0.0
2007,13,-0.2,-3.3,-2.4,0.0,3.05,0.0
2007,14,-0.3,-2.5,-1.6,0.8,2.7,0.0
2007,15,-0.6,-3.6,-1.5,17.3,1.84,0.0
2007,16,-4.1,-8.7,-7.0,0.0,7.28,0.0
2007,17,-3.5,-13.5,-8.7,0.0,8.95,0.0
2007,18,-1.5,-8.1,-4.6,0.0,5.57,0.0
2007,19,-2.2,-8.1,-4.4,0.5,7.26,0.0
2007,20,-7.6,-13.4,-9.4,0.0,6.93,0.0
2007,21,-4.1,-15.9,-9.1,2.2,3.42,0.0
2007,22,-3.6,-7.5,-5.3,0.5,4.6,0.0
2007,23,-1.5,-5.2,-2.7,0.1,5.3,0.0
2007,24,-3.3,-11.8,-7.6,0.0,8.67,0.0
2007,25,-9.7,-15.2,-11.5,0.0,8.81,0.0
2007,26,-2.6,-18.8,-11.6,3.7,3.0,0.0
2007,27,0.0,-5.0,-1.9,0.6,5.71,0.0
2007,28,-5.9,-11.1,-7.3,0.2,6.7,0.0
2007,29,-6.2,-17.6,-11.8,0.0,9.46,0.0
2007,30,-6.3,-13.4,-9.9,0.1,8.9,0.0
2007,31,-5.9,-12.8,-9.8,0.0,9.08,0.0
2007,32,-3.7,-11.0,-7.9,0.0,8.54,0.0
2007,33,-5.7,-13.5,-8.9,0.0,6.85,0.0
2007,34,-9.8,-16.1,-13.6,0.7,8.74,0.0
2007,35,-16.4,-21.2,-18.6,0.0,10.28,0.0
2007,36,-13.2,-22.2,-18.1,0.0,11.25,0.0
2007,37,-13.1,-21.0,-16.8,0.0,11.53,0.0
2007,38,-10.3,-19.8,-15.3,0.0,12.49,0.0
2007,39,-8.3,-16.6,-13.1,0.0,12.72,0.0
2007,40,-9.0,-18.2,-13.9,0.0,12.68,0.0
2007,41,-9.9,-15.7,-13.0,0.0,12.45,0.0
2007,42,-6.1,-13.7,-9.9,0.0,10.66,0.0
2007,43,-8.6,-13.3,-10.8,0.0,11.09,0.0
2007,44,-12.6,-14.7,-13.9,1.1,7.24,0.0
2007,45,-13.2,-16.3,-14.7,2.4,11.82,0.0
2007,46,-10.9,-20.2,-16.1,0.0,13.78,0.0
2007,47,-6.7,-16.2,-12.0,0.0,13.87,0.0
2007,48,-4.9,-13.9,-9.8,0.0,9.12,0.0
2007,49,-9.2,-18.5,-12.6,0.0,13.63,0.0
2007,50,2.1,-22.0,-10.0,0.0,11.61,0.0
2007,51,2.0,-6.5,-0.6,0.0,9.02,0.0
2007,52,3.7,-8.9,-3.0,0.0,13.91,0.0
2007,53,1.5,-8.5,-1.3,1.5,7.4,0.0
2007,54,-9.3,-15.2,-12.4,0.0,14.79,0.0
2007,55,-8.5,-15.8,-12.3,0.0,15.2,0.0
2007,56,-1.1,-9.7,-4.6,6.7,3.37,0.0
2007,57,2.1,-2.0,-0.4,3.6,8.4,0.0
2007,58,0.9,-2.3,-0.7,0.2,8.01,0.0
2007,59,-1.5,-7.1,-3.9,0.0,15.64,0.0
2007,60,0.1,-5.9,-2.7,13.9,4.24,0.0
2007,61,2.2,-2.1,0.3,9.9,12.57,0.0
2007,62,-0.5,-5.6,-2.9,0.2,10.85,0.0
2007,63,-2.5,-10.4,-6.6,0.0,16.05,0.0
2007,64,-4.8,-17.3,-10.0,0.0,16.81,0.0
2007,65,-13.0,-22.5,-17.4,0.9,16.15,0.0
2007,66,-7.3,-16.2,-11.9,1.2,15.87,0.0
2007,67,-4.1,-15.9,-10.5,0.0,17.27,0.0
2007,68,5.2,-8.3,-2.3,0.0,16.97,0.0
2007,69,5.6,0.4,3.2,5.8,17.41,0.0
2007,70,4.7,-5.7,-0.1,0.0,18.47,0.0
2007,71,8.2,0.1,3.5,2.8,9.42,0.0
2007,72,18.4,3.1,10.2,0.0,16.44,0.0
2007,73,13.0,2.7,9.6,2.9,7.66,0.0
2007,74,2.3,-6.6,-2.7,0.0,16.58,0.0
2007,75,-2.1,-6.4,-4.8,0.0,19.12,0.0
2007,76,-0.9,-7.0,-4.1,0.0,19.76,0.0
2007,77,2.2,-5.4,-2.2,0.0,19.68,0.0
2007,78,7.8,-2.6,2.2,2.3,11.71,0.0
2007,79,-0.8,-10.2,-6.4,0.0,20.64,0.0
2007,80,11.4,-6.6,0.8,7.2,7.06,0.0
2007,81,13.5,2.0,10.4,3.4,9.72,0.0
2007,82,9.7,-1.9,3.7,0.0,20.04,0.0
2007,83,12.6,2.7,6.1,4.8,9.92,0.0
2007,84,11.8,0.1,5.9,0.6,12.0,0.0
2007,85,20.6,9.2,15.6,0.5,16.91,0.0
2007,86,11.6,5.5,8.7,0.0,12.86,0.0
2007,87,5.0,1.8,3.5,0.0,17.43,0.0
2007,88,9.1,-0.0,3.9,0.0,22.52,0.0
2007,89,7.2,-0.2,3.3,0.0,15.35,0.0
2007,90,7.4,2.6,4.7,0.0,6.57,0.0
2007,91,18.4,5.6,10.7,9.5,15.62,0.0
2007,92,9.8,5.0,7.1,0.0,13.81,0.0
2007,93,7.5,1.0,4.2,18.3,5.84,0.0
2007,94,7.3,-6.5,1.9,3.8,10.25,0.0
2007,95,-3.4,-7.7,-6.1,0.7,16.37,0.0
2007,96,-3.0,-8.1,-6.3,0.3,14.76,0.0
2007,97,-1.6,-8.9,-5.5,0.4,15.11,0.0
2007,98,0.2,-5.7,-3.3,0.0,14.67,0.0
2007,99,1.9,-5.3,-2.5,0.0,21.58,0.0
2007,100,3.4,-4.9,-1.1,0.0,24.66,0.0
2007,101,3.8,-2.4,0.0,9.0,9.06,0.0
2007,102,6.4,-0.0,3.3,10.1,8.46,0.0
2007,103,6.3,-0.8,1.9,0.0,20.02,0.0
2007,104,4.5,-2.5,1.2,0.0,20.33,0.0
2007,105,5.9,-1.0,2.3,0.0,25.13,0.0
2007,106,9.1,-0.0,4.1,0.0,23.84,0.0
2007,107,8.5,1.6,4.9,0.0,24.92,0.0
2007,108,6.0,2.7,4.3,6.1,10.07,0.0
2007,109,11.0,2.4,6.6,0.0,25.49,0.0
2007,110,15.4,1.0,8.4,0.0,26.36,0.0
2007,111,19.6,2.1,11.2,0.0,26.06,0.0
2007,112,23.9,9.9,16.6,0.0,26.02,0.0
2007,113,18.4,8.9,15.6,5.6,15.31,0.0
2007,114,12.7,4.2,8.5,0.0,25.61,0.0
2007,115,9.8,4.6,6.6,0.7,14.98,0.0
2007,116,9.0,5.3,6.7,12.3,3.81,0.0
2007,117,10.0,6.3,8.2,10.0,7.75,0.0
2007,118,16.4,6.3,10.2,0.0,22.85,0.0
2007,119,20.2,5.3,13.2,0.0,26.56,0.0
2007,120,14.5,7.0,10.3,1.3,26.42,0.0
2007,121,11.2,5.8,7.7,10.2,9.62,0.0
2007,122,12.9,4.6,8.2,0.0,25.09,0.0
2007,123,13.5,4.7,8.6,0.0,28.36,0.0
2007,124,16.0,5.3,10.3,0.0,28.52,0.0
2007,125,12.4,6.3,9.3,0.0,26.37,0.0
2007,126,13.7,5.6,9.3,0.0,29.4,0.0
2007,127,20.8,5.9,13.1,0.0,28.59,0.0
2007,128,24.9,13.6,18.6,0.0,26.65,0.0
2007,129,19.0,13.9,16.4,24.4,7.33,0.0
2007,130,21.7,10.7,15.2,0.0,19.31,0.0
2007,131,14.1,9.9,12.3,0.0,24.42,0.0
2007,132,9.8,5.4,7.9,0.0,27.06,0.0
2007,133,15.1,3.0,9.4,0.0,30.04,0.0
2007,134,21.9,8.3,14.6,0.4,19.46,0.0
2007,135,23.9,9.7,18.0,31.5,18.75,0.0
2007,136,9.7,6.0,8.3,10.9,13.94,0.0
2007,137,12.2,5.6,8.5,1.8,23.69,0.0
2007,138,17.8,3.6,11.9,0.0,30.41,0.0
2007,139,20.7,9.9,15.5,0.0,23.36,0.0
2007,140,14.2,5.7,8.4,0.1,19.9,0.0
2007,141,15.2,3.0,9.3,0.0,26.99,0.0
2007,142,24.2,9.7,16.6,0.0,27.95,0.0
2007,143,28.5,15.6,21.9,0.0,28.74,0.0
2007,144,28.7,19.3,23.9,0.0,28.39,0.0
2007,145,22.6,12.9,19.4,0.1,20.34,0.0
2007,146,16.8,10.0,13.6,0.4,18.24,0.0
2007,147,22.3,14.7,18.3,5.5,22.19,0.0
2007,148,20.7,12.0,15.8,0.0,29.98,0.0
2007,149,26.1,12.5,19.3,0.0,27.15,0.0
2007,150,29.0,17.6,23.1,0.2,25.45,0.0
2007,151,28.7,20.4,24.3,0.0,24.0,0.0
2007,152,26.9,19.9,23.2,0.0,25.12,0.0
2007,153,28.9,17.5,23.0,4.0,26.9,0.0
2007,154,23.8,18.6,21.2,7.3,12.94,0.0
2007,155,22.4,15.5,19.0,24.3,16.24,0.0
2007,156,14.6,9.9,11.2,2.7,15.4,0.0
2007,157,18.3,7.2,13.3,0.0,27.23,0.0
2007,158,29.5,14.2,22.4,0.6,29.26,0.0
2007,159,26.4,16.3,23.4,0.5,21.37,0.0
2007,160,21.3,10.9,17.1,0.0,31.06,0.0
2007,161,24.2,14.1,19.3,0.0,28.54,0.0
2007,162,22.9,14.1,19.0,0.0,31.04,0.0
2007,163,24.6,14.5,20.0,0.0,29.99,0.0
2007,164,27.1,15.8,21.3,0.0,30.28,0.0
2007,165,27.2,15.2,21.3,0.0,29.21,0.0
2007,166,26.0,18.1,22.1,0.0,29.89,0.0
2007,167,29.3,18.2,23.2,1.2,26.63,0.0
2007,168,23.8,18.8,21.7,0.0,28.52,0.0
2007,169,31.2,18.1,24.9,0.0,25.63,0.0
2007,170,26.0,20.7,23.8,1.5,21.7,0.0
2007,171,23.8,16.2,19.7,0.0,31.04,0.0
2007,172,23.2,17.8,21.0,0.0,30.25,0.0
2007,173,19.3,14.4,16.8,0.0,30.39,0.0
2007,174,23.1,13.2,18.3,0.0,30.15,0.0
2007,175,26.9,15.7,21.6,0.0,30.08,0.0
2007,176,29.6,18.7,24.2,0.0,29.94,0.0
2007,177,31.1,21.6,26.7,0.0,25.33,0.0
2007,178,29.5,22.7,25.8,3.7,23.72,0.0
2007,179,22.9,14.6,18.2,0.9,19.56,0.0
2007,180,21.9,13.0,17.7,0.0,30.87,0.0
2007,181,20.5,13.9,17.8,0.4,25.39,0.0
2007,182,17.6,13.5,15.8,0.0,26.79,0.0
2007,183,20.4,10.8,16.2,0.0,27.89,0.0
2007,184,25.5,15.6,20.4,0.0,25.62,0.0
2007,185,24.5,16.7,20.9,7.4,18.9,0.0
2007,186,25.8,19.0,21.9,2.1,24.79,0.0
2007,187,23.8,18.4,21.2,0.0,26.64,0.0
2007,188,29.5,18.1,23.7,0.0,29.02,0.0
2007,189,32.9,22.1,27.3,0.0,26.9,0.0
2007,190,28.0,20.4,25.2,4.1,21.0,0.0
2007,191,31.8,19.6,24.8,2.9,25.21,0.0
2007,192,22.9,18.0,20.4,1.0,22.08,0.0
2007,193,22.4,16.5,19.5,0.0,25.52,0.0
2007,194,20.6,14.3,17.8,0.1,25.52,0.0
2007,195,22.2,15.0,18.2,5.4,14.43,0.0
2007,196,21.9,14.5,18.3,0.5,25.06,0.0
2007,197,23.9,14.5,19.7,0.1,23.64,0.0
2007,198,25.6,16.6,21.4,1.2,22.67,0.0
2007,199,26.7,18.2,22.6,0.8,21.93,0.0
2007,200,23.2,16.3,20.2,8.3,21.74,0.0
2007,201,18.5,15.2,17.2,0.8,27.62,0.0
2007,202,22.1,13.5,18.2,0.0,28.54,0.0
2007,203,24.8,13.9,19.9,0.0,28.31,0.0
2007,204,26.7,15.5,21.9,0.0,28.0,0.0
2007,205,26.7,18.1,22.4,0.5,20.7,0.0
2007,206,26.1,19.0,22.4,0.0,24.92,0.0
2007,207,24.9,17.7,21.4,5.2,23.02,0.0
2007,208,26.8,17.9,22.4,0.0,22.9,0.0
2007,209,24.5,20.1,22.3,0.4,24.04,0.0
2007,210,26.4,18.7,22.4,0.0,28.06,0.0
2007,211,29.3,17.3,23.8,0.0,27.57,0.0
2007,212,30.8,20.4,26.1,0.0,26.85,0.0
2007,213,33.1,21.0,27.6,0.0,26.99,0.0
2007,214,32.7,23.4,28.2,0.0,24.96,0.0
2007,215,29.9,21.7,26.0,0.1,27.72,0.0
2007,216,24.6,18.2,21.5,0.0,26.07,0.0
2007,217,27.5,17.8,22.9,0.0,25.22,0.0
2007,218,30.0,21.0,25.4,0.0,24.45,0.0
2007,219,27.0,22.5,24.3,12.9,8.19,0.0
2007,220,26.1,20.9,24.1,0.0,23.6,0.0
2007,221,26.5,19.8,23.0,0.0,20.25,0.0
2007,222,25.1,20.2,22.7,0.0,23.77,0.0
2007,223,27.8,18.1,23.3,0.0,25.92,0.0
2007,224,28.1,21.2,23.9,4.9,16.59,0.0
2007,225,23.5,18.6,21.3,0.0,26.62,0.0
2007,226,27.0,16.5,21.7,0.4,20.07,0.0
2007,227,25.6,19.8,22.5,1.8,18.59,0.0
2007,228,26.1,18.7,22.4,0.7,22.91,0.0
2007,229,23.4,15.8,19.1,0.0,20.86,0.0
2007,230,20.5,13.9,17.3,0.0,18.98,0.0
2007,231,19.1,15.4,17.2,0.1,6.88,0.0
2007,232,19.2,16.6,17.7,18.4,8.62,0.0
2007,233,20.7,16.6,18.7,0.0,9.54,0.0
2007,234,27.8,17.6,22.5,1.3,16.26,0.0
2007,235,27.8,21.7,24.5,1.8,11.15,0.0
2007,236,27.1,22.2,24.1,37.7,11.25,0.0
2007,237,23.7,19.7,21.4,4.3,14.04,0.0
2007,238,21.8,16.6,19.3,0.0,19.12,0.0
2007,239,24.6,14.0,19.8,0.0,23.91,0.0
2007,240,29.0,17.6,23.0,0.0,21.81,0.0
2007,241,28.0,21.6,23.8,4.5,18.04,0.0
2007,242,21.3,16.8,19.5,0.0,21.28,0.0
2007,243,22.3,14.1,18.5,0.0,21.31,0.0
2007,244,23.1,15.1,19.6,0.0,20.3,0.0
2007,245,25.9,16.9,21.2,0.0,22.51,0.0
2007,246,25.1,18.7,21.6,0.0,20.55,0.0
2007,247,25.2,17.6,21.4,0.0,15.99,0.0
2007,248,29.9,19.1,24.1,0.0,20.22,0.0
2007,249,29.6,21.4,25.1,0.6,19.01,0.0
2007,250,28.5,21.5,24.1,1.9,13.98,0.0
2007,251,21.0,16.2,18.9,0.0,21.4,0.0
2007,252,22.7,18.3,20.2,0.1,15.08,0.0
2007,253,19.7,15.4,17.6,8.8,8.27,0.0
2007,254,17.9,13.2,15.0,15.0,14.66,0.0
2007,255,17.1,11.7,14.4,0.0,13.2,0.0
2007,256,21.0,11.3,15.9,0.0,19.73,0.0
2007,257,17.9,10.9,15.4,3.1,12.25,0.0
2007,258,13.0,8.5,10.8,0.0,14.27,0.0
2007,259,16.9,8.0,12.6,0.0,20.56,0.0
2007,260,20.5,10.6,15.1,0.0,20.17,0.0
2007,261,25.5,14.2,19.0,0.0,19.17,0.0
2007,262,27.5,17.3,21.6,0.0,18.77,0.0
2007,263,20.9,16.0,18.3,0.0,17.44,0.0
2007,264,28.2,15.3,21.1,0.0,17.06,0.0
2007,265,23.0,16.2,19.7,1.8,19.16,0.0
2007,266,23.1,13.4,18.2,0.0,19.09,0.0
2007,267,29.0,13.9,20.9,0.0,18.18,0.0
2007,268,27.6,21.6,24.0,2.9,11.01,0.0
2007,269,21.0,16.1,18.4,4.7,11.02,0.0
2007,270,20.2,14.8,16.8,3.8,13.61,0.0
2007,271,18.5,13.6,15.7,0.2,14.11,0.0
2007,272,20.7,10.8,15.9,0.0,16.82,0.0
2007,273,23.2,15.5,18.6,0.0,16.22,0.0
2007,274,19.1,15.8,17.6,5.3,6.26,0.0
2007,275,20.0,15.2,17.7,0.0,8.16,0.0
2007,276,21.6,16.2,19.6,0.6,15.45,0.0
2007,277,24.2,10.1,17.5,0.0,16.89,0.0
2007,278,27.1,17.2,21.5,0.0,11.15,0.0
2007,279,28.1,20.1,23.7,1.4,14.38,0.0
2007,280,28.7,19.8,23.8,0.0,13.81,0.0
2007,281,29.3,21.1,24.4,0.0,14.04,0.0
2007,282,22.8,16.0,19.3,0.1,15.43,0.0
2007,283,15.4,9.6,11.6,0.4,8.71,0.0
2007,284,12.1,9.2,10.4,3.8,4.37,0.0
2007,285,9.9,7.0,8.6,0.1,13.39,0.0
2007,286,12.7,6.6,9.7,0.0,13.35,0.0
2007,287,13.5,7.1,10.3,0.0,12.86,0.0
2007,288,15.6,9.9,12.5,0.4,8.7,0.0
2007,289,14.6,12.5,13.3,7.6,3.66,0.0
2007,290,19.1,13.4,15.5,1.9,11.35,0.0
2007,291,22.1,14.1,17.7,6.0,5.99,0.0
2007,292,19.5,13.6,16.7,6.0,8.97,0.0
2007,293,16.8,11.9,14.0,0.0,12.46,0.0
2007,294,23.3,13.9,18.1,0.0,13.45,0.0
2007,295,22.2,13.4,18.2,0.8,12.55,0.0
2007,296,12.4,9.7,10.8,7.4,7.74,0.0
2007,297,11.5,8.1,9.6,0.0,7.06,0.0
2007,298,11.9,8.5,10.0,0.0,11.77,0.0
2007,299,13.5,9.1,11.5,3.3,4.0,0.0
2007,300,13.4,7.3,11.1,10.8,3.95,0.0
2007,301,8.7,5.1,6.7,0.0,10.93,0.0
2007,302,13.3,4.3,8.7,0.0,10.5,0.0
2007,303,16.1,6.2,10.4,0.0,11.82,0.0
2007,304,15.9,9.4,12.1,1.5,9.16,0.0
2007,305,8.8,4.8,7.0,0.0,7.1,0.0
2007,306,11.9,2.1,6.5,0.0,11.64,0.0
2007,307,11.0,4.8,7.4,0.0,11.33,0.0
2007,308,8.8,3.8,5.9,0.0,8.99,0.0
2007,309,11.2,3.7,6.3,2.8,6.06,0.0
2007,310,5.7,2.1,3.8,2.8,5.12,0.0
2007,311,3.1,0.2,1.7,0.0,7.65,0.0
2007,312,5.8,1.2,3.2,0.0,7.27,0.0
2007,313,7.0,3.3,5.0,1.8,3.66,0.0
2007,314,7.4,1.2,4.3,0.0,7.69,0.0
2007,315,7.6,4.1,5.5,0.0,3.5,0.0
2007,316,13.8,6.0,9.2,2.0,2.83,0.0
2007,317,12.4,1.9,7.7,0.0,9.96,0.0
2007,318,12.3,7.4,10.2,0.0,8.99,0.0
2007,319,6.6,1.2,3.9,0.7,5.4,0.0
2007,320,3.1,0.2,1.5,0.0,6.12,0.0
2007,321,3.2,0.2,1.6,0.4,4.7,0.0
2007,322,3.7,0.5,1.7,0.0,8.64,0.0
2007,323,6.7,-0.2,2.7,1.6,3.04,0.0
2007,324,8.8,5.4,6.9,0.5,5.9,0.0
2007,325,6.4,3.0,5.2,9.4,2.12,0.0
2007,326,1.9,-2.4,-0.3,13.3,3.87,0.0
2007,327,-1.7,-4.5,-3.1,0.0,8.64,0.0
2007,328,0.8,-3.9,-1.9,0.0,5.44,0.0
2007,329,3.4,-1.3,0.6,0.0,8.11,0.0
2007,330,3.0,0.1,1.2,3.1,3.29,0.0
2007,331,1.8,-3.0,-0.7,1.4,6.19,0.0
2007,332,3.0,-9.5,-2.6,0.1,4.15,0.0
2007,333,3.5,-4.3,-1.3,0.5,3.51,0.0
2007,334,-0.6,-6.8,-3.9,0.6,5.08,0.0
2007,335,-3.3,-7.8,-5.4,4.3,5.22,0.0
2007,336,3.5,-3.2,1.1,21.4,1.44,0.0
2007,337,1.4,-4.0,-2.1,2.7,3.79,0.0
2007,338,-4.0,-5.8,-4.8,0.0,4.0,0.0
2007,339,-4.4,-8.8,-5.8,0.7,6.75,0.0
2007,340,-3.9,-8.8,-6.5,0.0,6.31,0.0
2007,341,-0.1,-5.6,-3.0,2.1,6.89,0.0
2007,342,-1.5,-7.3,-4.7,0.0,6.99,0.0
2007,343,-3.4,-6.6,-4.6,0.1,2.64,0.0
2007,344,-1.6,-7.6,-3.8,0.4,6.48,0.0
2007,345,-0.1,-9.5,-3.4,15.2,1.25,0.0
2007,346,-0.2,-11.2,-3.8,0.2,7.49,0.0
2007,347,0.2,-11.8,-3.4,0.1,2.74,0.0
2007,348,-0.5,-7.1,-3.8,0.0,4.29,0.0
2007,349,-3.4,-7.2,-5.5,1.3,2.94,0.0
2007,350,-2.9,-5.9,-4.1,16.5,1.75,0.0
2007,351,-3.4,-6.9,-5.4,0.0,6.53,0.0
2007,352,-0.2,-6.9,-4.0,0.0,6.67,0.0
2007,353,1.0,-2.3,-0.2,0.0,3.76,0.0
2007,354,1.4,-4.0,-1.2,0.0,6.09,0.0
2007,355,1.7,-1.9,-0.2,0.0,5.45,0.0
2007,356,4.9,2.1,3.5,0.3,2.97,0.0
2007,357,8.2,-6.4,1.8,7.5,3.04,0.0
2007,358,-0.6,-6.3,-3.2,1.1,3.62,0.0
2007,359,-0.1,-4.7,-2.8,0.0,6.08,0.0
2007,360,2.3,-7.8,-2.6,0.0,7.46,0.0
2007,361,2.6,-2.3,-0.6,1.2,5.32,0.0
2007,362,2.5,-3.2,-1.1,6.4,2.27,0.0
2007,363,2.8,-2.4,-0.9,0.0,4.69,0.0
2007,364,-1.0,-3.9,-2.7,0.0,5.99,0.0
2007,365,0.5,-7.3,-3.5,0.2,6.64,0.0
2008,1,-0.3,-3.5,-1.2,5.5,4.99,0.0
2008,2,-3.8,-11.1,-7.2,0.0,5.73,0.0
2008,3,-6.0,-15.7,-10.4,0.0,7.34,0.0
2008,4,-2.0,-8.8,-5.7,0.0,7.44,0.0
2008,5,3.0,-5.2,-0.3,2.4,1.71,0.0
2008,6,10.1,2.7,5.5,0.1,2.47,0.0
2008,7,13.1,9.7,11.5,9.1,1.45,0.0
2008,8,12.5,10.2,11.2,16.9,0.85,0.0
2008,9,10.2,-0.2,3.4,14.3,7.88,0.0
2008,10,2.8,-1.5,0.5,2.4,4.6,0.0
2008,11,6.1,0.0,2.3,5.6,3.79,0.0
2008,12,2.2,-0.8,0.4,0.0,6.63,0.0
2008,13,2.5,-0.4,0.7,0.6,3.39,0.0
2008,14,1.6,-1.4,-0.2,1.3,5.17,0.0
2008,15,-0.9,-4.0,-2.2,4.3,4.58,0.0
2008,16,-0.6,-10.7,-5.0,0.0,8.14,0.0
2008,17,1.8,-3.8,-1.3,0.8,5.58,0.0
2008,18,0.8,-7.7,-5.1,0.5,8.83,0.0
2008,19,-4.9,-15.0,-10.3,0.5,7.7,0.0
2008,20,-12.0,-16.6,-14.8,0.0,8.78,0.0
2008,21,-8.2,-15.5,-12.1,0.2,6.3,0.0
2008,22,-5.3,-9.9,-7.2,5.6,6.11,0.0
2008,23,-9.2,-13.0,-10.8,0.2,8.15,0.0
2008,24,-10.1,-14.6,-12.1,0.4,9.85,0.0
2008,25,-6.2,-13.9,-10.4,0.0,10.01,0.0
2008,26,-4.3,-11.5,-8.3,1.6,4.22,0.0
2008,27,-2.0,-11.3,-6.7,0.0,6.56,0.0
2008,28,3.7,-6.5,-1.5,2.9,9.56,0.0
2008,29,8.3,3.4,5.4,1.8,4.95,0.0
2008,30,7.1,-14.2,-8.7,4.0,11.0,0.0
2008,31,-5.7,-14.9,-10.6,0.0,10.07,0.0
2008,32,-0.4,-5.1,-2.6,7.9,3.23,0.0
2008,33,-0.6,-5.7,-3.2,0.0,5.19,0.0
2008,34,-0.4,-8.5,-3.5,0.0,9.1,0.0
2008,35,3.6,-2.6,0.1,3.9,6.53,0.0
2008,36,4.6,-1.1,2.3,0.3,5.15,0.0
2008,37,-0.9,-4.0,-1.9,18.0,2.48,0.0
2008,38,-4.6,-11.4,-7.4,7.6,9.25,0.0
2008,39,0.1,-11.1,-4.3,0.0,8.63,0.0
2008,40,2.2,-2.8,-0.6,3.2,7.3,0.0
2008,41,-2.1,-20.9,-14.5,0.0,11.64,0.0
2008,42,-14.9,-22.1,-19.5,0.0,13.35,0.0
2008,43,-7.0,-19.9,-13.0,6.3,5.73,0.0
2008,44,-6.6,-11.4,-8.9,0.8,12.42,0.0
2008,45,-1.9,-11.4,-6.7,2.3,7.26,0.0
2008,46,-2.6,-15.1,-11.0,1.4,13.93,0.0
2008,47,-4.7,-20.1,-12.5,0.0,13.62,0.0
2008,48,7.1,-7.3,0.4,15.0,2.76,0.0
2008,49,5.6,-6.5,-1.6,2.2,8.11,0.0
2008,50,-6.7,-12.7,-9.9,2.0,12.09,0.0
2008,51,-10.8,-18.7,-13.4,0.4,14.04,0.0
2008,52,-6.9,-23.2,-15.1,0.0,14.16,0.0
2008,53,-5.0,-13.0,-9.2,0.0,15.02,0.0
2008,54,-3.8,-17.4,-9.3,0.0,15.01,0.0
2008,55,0.4,-10.7,-5.2,0.0,15.57,0.0
2008,56,0.6,-6.2,-2.6,0.0,8.23,0.0
2008,57,-0.8,-7.8,-3.1,2.8,6.24,0.0
2008,58,-8.5,-15.7,-12.9,0.0,12.59,0.0
2008,59,-9.8,-19.4,-14.5,0.0,16.46,0.0
2008,60,-0.2,-13.1,-6.5,4.2,5.55,0.0
2008,61,-2.2,-5.8,-4.2,0.0,10.5,0.0
2008,62,2.6,-12.9,-4.2,0.8,8.55,0.0
2008,63,10.9,-2.1,5.3,6.9,4.31,0.0
2008,64,-3.2,-9.1,-6.8,0.0,14.27,0.0
2008,65,-1.7,-8.1,-5.5,1.4,16.23,0.0
2008,66,1.8,-4.5,-1.4,0.1,13.19,0.0
2008,67,-3.9,-10.6,-7.5,0.0,10.06,0.0
2008,68,-9.2,-11.7,-10.1,1.7,9.19,0.0
2008,69,-4.9,-14.0,-10.2,0.0,17.72,0.0
2008,70,-1.4,-12.0,-6.6,0.0,18.63,0.0
2008,71,4.7,-11.0,-2.6,1.1,15.8,0.0
2008,72,-0.1,-4.5,-2.6,0.0,11.04,0.0
2008,73,5.6,-4.5,-0.3,1.0,8.89,0.0
2008,74,9.7,-1.2,3.8,0.0,17.13,0.0
2008,75,1.1,-3.6,-1.0,0.0,11.89,0.0
2008,76,-1.9,-5.6,-3.4,0.0,15.84,0.0
2008,77,2.3,-9.1,-2.9,0.0,15.38,0.0
2008,78,4.8,-1.0,2.0,7.4,3.3,0.0
2008,79,3.0,-0.1,1.2,1.4,7.55,0.0
2008,80,0.6,-4.3,-2.0,0.0,16.08,0.0
2008,81,-2.5,-7.7,-5.1,0.0,14.87,0.0
2008,82,-2.4,-7.1,-5.2,0.0,19.55,0.0
2008,83,-1.0,-7.9,-4.8,0.0,17.79,0.0
2008,84,0.3,-9.7,-4.9,0.0,22.07,0.0
2008,85,5.6,-3.5,0.9,3.7,6.8,0.0
2008,86,5.6,-3.0,1.6,0.0,17.9,0.0
2008,87,1.3,-2.4,-0.9,0.3,12.94,0.0
2008,88,0.7,-4.1,-2.0,0.0,21.67,0.0
2008,89,2.0,-6.9,-2.4,0.0,23.0,0.0
2008,90,5.9,-2.9,1.1,1.4,13.18,0.0
2008,91,11.9,3.0,6.1,8.1,2.93,0.0
2008,92,13.0,-1.5,6.4,5.8,12.48,0.0
2008,93,5.2,-4.5,-0.1,0.0,23.92,0.0
2008,94,10.2,-2.1,3.6,0.0,22.11,0.0
2008,95,5.0,0.8,2.7,1.7,9.7,0.0
2008,96,14.5,-2.3,6.2,0.0,21.68,0.0
2008,97,13.3,2.7,7.8,0.0,22.81,0.0
2008,98,17.3,5.4,9.7,0.1,17.35,0.0
2008,99,11.0,2.4,6.4,0.0,19.14,0.0
2008,100,12.1,3.8,8.5,1.9,19.02,0.0
2008,101,5.8,-1.0,2.2,3.7,17.11,0.0
2008,102,17.2,3.3,8.9,26.1,13.43,0.0
2008,103,5.9,1.2,3.8,1.7,11.44,0.0
2008,104,1.1,-0.6,0.4,0.0,20.58,0.0
2008,105,5.3,-0.9,1.9,0.0,25.81,0.0
2008,106,12.4,-3.0,5.1,0.0,25.3,0.0
2008,107,18.2,5.9,11.5,0.0,25.45,0.0
2008,108,19.8,9.3,14.1,0.0,21.66,0.0
2008,109,22.1,9.4,15.7,0.0,24.04,0.0
2008,110,18.9,10.2,14.6,0.0,18.27,0.0
2008,111,19.3,6.9,12.8,0.0,24.1,0.0
2008,112,19.7,8.8,13.7,0.0,20.34,0.0
2008,113,21.6,11.3,16.0,0.0,23.98,0.0
2008,114,16.2,8.4,13.3,0.0,24.97,0.0
2008,115,19.3,6.2,12.5,0.0,24.9,0.0
2008,116,24.3,10.5,17.3,3.9,20.01,0.0
2008,117,18.8,9.9,14.0,1.1,24.22,0.0
2008,118,13.2,6.6,10.0,0.0,23.7,0.0
2008,119,6.6,2.4,4.4,0.0,24.35,0.0
2008,120,5.4,1.0,3.1,0.0,23.95,0.0
2008,121,11.1,-1.0,5.1,0.0,27.42,0.0
2008,122,14.0,3.6,8.6,0.7,19.83,0.0
2008,123,17.4,6.0,11.4,15.0,8.41,0.0
2008,124,19.0,10.0,15.9,2.0,13.84,0.0
2008,125,14.8,4.9,9.7,4.2,28.04,0.0
2008,126,19.9,6.4,12.9,0.0,24.17,0.0
2008,127,15.2,4.5,9.2,0.0,22.48,0.0
2008,128,15.9,10.1,13.8,8.8,7.39,0.0
2008,129,9.9,5.6,7.7,0.0,24.53,0.0
2008,130,13.1,4.5,8.4,0.0,26.85,0.0
2008,131,15.6,5.7,10.5,0.0,28.41,0.0
2008,132,11.6,8.2,9.9,8.4,7.01,0.0
2008,133,12.3,7.0,9.4,2.6,18.4,0.0
2008,134,18.7,5.7,11.7,0.0,25.34,0.0
2008,135,14.6,8.1,12.3,6.9,7.64,0.0
2008,136,12.1,5.0,8.6,0.0,28.71,0.0
2008,137,18.7,4.4,11.7,0.2,27.0,0.0
2008,138,16.8,11.3,13.6,2.2,27.33,0.0
2008,139,10.8,6.6,8.9,5.6,20.35,0.0
2008,140,13.7,4.7,8.5,0.0,18.36,0.0
2008,141,15.6,6.3,10.5,0.2,24.86,0.0
2008,142,10.2,4.3,6.9,3.1,11.82,0.0
2008,143,12.2,5.9,8.9,0.8,18.46,0.0
2008,144,13.1,7.3,10.2,0.0,23.68,0.0
2008,145,13.7,7.7,10.8,0.0,29.5,0.0
2008,146,21.5,4.6,13.8,0.0,28.25,0.0
2008,147,25.7,16.1,20.7,0.3,22.78,0.0
2008,148,14.5,6.0,7.7,0.0,24.42,0.0
2008,149,14.5,5.0,9.9,0.0,30.93,0.0
2008,150,21.5,9.2,15.4,0.0,29.97,0.0
2008,151,21.5,11.8,16.2,5.8,8.56,0.0
2008,152,21.0,14.1,17.9,11.7,23.13,0.0
2008,153,20.5,11.4,15.2,0.0,21.61,0.0
2008,154,24.9,12.0,18.7,0.0,27.23,0.0
2008,155,17.0,12.1,13.9,8.7,12.11,0.0
2008,156,20.4,13.1,16.6,0.0,21.77,0.0
2008,157,24.7,16.3,20.2,4.5,9.09,0.0
2008,158,31.3,21.1,26.0,4.6,26.96,0.0
2008,159,30.0,21.6,25.7,0.3,28.36,0.0
2008,160,28.2,22.3,24.7,11.5,17.45,0.0
2008,161,27.0,21.9,24.4,0.1,19.74,0.0
2008,162,23.4,17.2,20.4,8.3,16.89,0.0
2008,163,19.2,14.5,17.5,0.0,23.31,0.0
2008,164,24.9,14.3,20.2,0.0,20.78,0.0
2008,165,28.6,20.4,23.8,8.6,20.16,0.0
2008,166,24.9,18.7,21.8,1.0,27.25,0.0
2008,167,26.4,18.0,21.1,8.4,26.05,0.0
2008,168,18.9,14.2,16.9,13.6,21.68,0.0
2008,169,15.1,11.9,13.3,10.1,13.51,0.0
2008,170,15.9,10.8,13.2,1.6,17.15,0.0
2008,171,17.6,11.9,14.5,0.4,13.45,0.0
2008,172,23.0,11.6,17.5,0.0,27.93,0.0
2008,173,24.1,16.5,19.6,4.3,23.1,0.0
2008,174,22.5,14.3,18.3,5.6,24.84,0.0
2008,175,20.7,13.5,17.4,1.6,24.83,0.0
2008,176,23.1,13.7,18.8,0.3,24.48,0.0
2008,177,26.6,16.4,20.7,2.0,23.38,0.0
2008,178,28.5,17.9,22.2,0.7,23.68,0.0
2008,179,26.8,16.9,22.4,0.8,24.29,0.0
2008,180,27.0,20.8,23.0,7.1,23.04,0.0
2008,181,22.1,17.8,19.3,2.2,20.12,0.0
2008,182,20.7,15.7,17.8,0.8,24.94,0.0
2008,183,26.0,13.2,19.9,0.0,30.65,0.0
2008,184,27.6,18.4,22.3,7.3,22.05,0.0
2008,185,20.1,14.4,16.9,3.2,28.41,0.0
2008,186,20.8,12.6,17.3,0.0,28.85,0.0
2008,187,24.7,12.7,19.6,0.0,30.37,0.0
2008,188,27.1,16.2,21.9,0.0,30.74,0.0
2008,189,29.4,20.0,24.4,0.0,24.25,0.0
2008,190,27.0,22.1,24.4,8.4,18.62,0.0
2008,191,24.5,19.4,22.2,0.0,27.24,0.0
2008,192,26.4,15.6,21.2,0.3,26.9,0.0
2008,193,24.7,18.6,21.6,12.6,23.09,0.0
2008,194,28.8,21.1,24.1,6.1,20.63,0.0
2008,195,24.1,19.1,21.5,0.0,25.01,0.0
2008,196,20.9,17.2,19.0,0.1,20.87,0.0
2008,197,27.8,13.8,21.3,0.0,29.26,0.0
2008,198,28.9,20.0,24.1,2.5,26.87,0.0
2008,199,29.4,20.9,24.9,1.4,23.0,0.0
2008,200,27.4,22.8,24.7,0.8,14.12,0.0
2008,201,25.6,20.0,22.8,12.7,17.47,0.0
2008,202,24.6,20.8,22.4,6.8,15.52,0.0
2008,203,24.3,19.6,21.7,3.7,22.35,0.0
2008,204,22.4,19.1,20.6,3.1,20.53,0.0
2008,205,22.5,18.7,20.6,1.3,24.98,0.0
2008,206,24.6,17.5,21.0,0.0,26.27,0.0
2008,207,26.8,18.5,22.5,0.0,23.64,0.0
2008,208,26.2,19.7,22.7,0.9,26.19,0.0
2008,209,26.4,17.9,22.2,0.0,23.63,0.0
2008,210,24.0,17.8,21.2,0.0,25.58,0.0
2008,211,27.9,17.0,22.8,0.0,24.62,0.0
2008,212,27.7,20.9,24.3,2.3,19.45,0.0
2008,213,25.5,19.9,22.7,0.0,21.55,0.0
2008,214,26.1,17.8,22.0,1.6,22.97,0.0
2008,215,22.3,18.2,20.2,6.3,22.82,0.0
2008,216,24.5,17.8,21.2,0.0,24.25,0.0
2008,217,28.4,18.6,23.3,1.9,21.38,0.0
2008,218,27.5,21.2,24.1,5.1,20.62,0.0
2008,219,25.5,19.7,22.8,0.1,23.88,0.0
2008,220,22.3,17.0,19.7,7.6,21.63,0.0
2008,221,21.3,16.4,18.5,3.1,24.84,0.0
2008,222,22.0,15.2,17.3,12.1,15.7,0.0
2008,223,17.0,13.7,15.4,9.0,11.02,0.0
2008,224,20.5,15.9,18.0,0.6,21.56,0.0
2008,225,23.0,13.5,19.0,0.0,22.64,0.0
2008,226,22.5,15.0,19.3,2.6,20.27,0.0
2008,227,21.0,16.7,18.7,3.5,20.03,0.0
2008,228,21.0,16.1,18.3,0.4,19.01,0.0
2008,229,25.7,15.8,20.6,0.0,24.97,0.0
2008,230,26.9,18.2,22.5,0.0,22.36,0.0
2008,231,28.6,20.1,23.5,0.7,22.55,0.0
2008,232,19.9,15.4,17.5,0.1,20.78,0.0
2008,233,22.7,13.7,18.3,0.0,24.99,0.0
2008,234,26.1,15.3,21.0,0.0,24.04,0.0
2008,235,28.6,20.5,23.9,1.9,15.12,0.0
2008,236,30.7,22.9,25.9,0.3,18.82,0.0
2008,237,23.1,18.8,21.7,0.7,18.89,0.0
2008,238,18.5,15.5,17.3,0.0,19.33,0.0
2008,239,21.9,14.3,18.1,0.0,24.53,0.0
2008,240,24.7,15.2,20.0,0.0,22.92,0.0
2008,241,21.8,17.2,19.4,0.1,11.47,0.0
2008,242,25.2,16.9,20.8,0.0,17.38,0.0
2008,243,26.0,17.0,21.7,0.0,21.78,0.0
2008,244,27.6,15.7,22.3,0.0,22.92,0.0
2008,245,27.6,18.2,23.0,0.0,22.69,0.0
2008,246,28.4,17.6,23.1,0.0,22.3,0.0
2008,247,26.4,18.3,21.7,2.1,17.23,0.0
2008,248,21.6,16.8,19.2,10.5,9.04,0.0
2008,249,21.0,17.7,19.7,15.9,7.49,0.0
2008,250,20.0,14.3,17.5,0.0,18.58,0.0
2008,251,20.3,15.5,17.5,1.0,14.37,0.0
2008,252,19.7,14.4,16.3,6.9,11.5,0.0
2008,253,16.5,12.1,14.5,6.6,18.36,0.0
2008,254,18.3,10.7,14.9,0.0,15.89,0.0
2008,255,20.7,12.3,16.6,0.0,20.19,0.0
2008,256,22.2,17.2,19.7,2.5,6.6,0.0
2008,257,20.7,18.7,19.4,31.2,2.47,0.0
2008,258,22.3,16.1,19.8,57.1,2.2,0.0
2008,259,15.8,11.5,13.6,5.1,11.76,0.0
2008,260,17.8,10.5,13.9,0.0,20.2,0.0
2008,261,20.4,13.7,16.3,0.0,18.08,0.0
2008,262,16.1,11.5,14.2,0.0,17.02,0.0
2008,263,21.8,10.0,15.6,0.0,19.09,0.0
2008,264,24.5,14.4,18.5,2.6,18.48,0.0
2008,265,17.5,12.8,15.9,0.0,16.43,0.0
2008,266,19.9,10.4,15.2,0.0,18.43,0.0
2008,267,22.9,13.0,17.4,0.0,18.66,0.0
2008,268,25.5,14.5,19.2,0.0,18.39,0.0
2008,269,24.1,14.8,19.4,0.0,18.02,0.0
2008,270,22.6,14.0,18.4,0.0,18.08,0.0
2008,271,20.7,13.7,17.1,0.0,14.84,0.0
2008,272,20.0,12.6,16.0,0.5,12.06,0.0
2008,273,17.2,13.0,15.1,2.3,10.13,0.0
2008,274,15.8,12.4,14.2,12.5,12.3,0.0
2008,275,11.9,9.1,10.6,2.7,11.59,0.0
2008,276,12.6,7.8,9.5,2.2,13.11,0.0
2008,277,10.6,5.4,8.3,0.0,11.26,0.0
2008,278,11.9,6.8,9.4,0.0,12.08,0.0
2008,279,13.3,6.2,9.9,0.0,14.67,0.0
2008,280,12.4,8.7,10.7,0.0,13.9,0.0
2008,281,14.6,6.7,10.5,0.0,14.89,0.0
2008,282,15.4,11.1,13.3,12.9,2.71,0.0
2008,283,17.4,10.8,13.6,0.0,16.03,0.0
2008,284,17.0,8.1,12.3,0.0,15.45,0.0
2008,285,19.1,11.1,14.5,0.0,13.35,0.0
2008,286,23.5,12.2,17.0,0.0,14.39,0.0
2008,287,23.1,14.4,18.0,0.0,11.84,0.0
2008,288,19.8,11.6,16.0,0.8,13.19,0.0
2008,289,14.5,9.0,11.6,4.8,4.54,0.0
2008,290,11.5,9.2,10.5,1.6,7.44,0.0
2008,291,11.1,7.7,9.3,0.0,10.37,0.0
2008,292,11.1,6.6,8.7,0.2,9.9,0.0
2008,293,13.4,5.0,8.7,0.0,13.42,0.0
2008,294,11.6,7.1,9.0,10.0,3.08,0.0
2008,295,8.1,5.0,6.2,0.4,10.49,0.0
2008,296,7.0,3.9,5.2,0.0,11.06,0.0
2008,297,10.0,3.2,6.4,0.0,12.66,0.0
2008,298,11.3,5.5,8.0,1.7,7.39,0.0
2008,299,9.8,7.3,8.4,0.2,7.35,0.0
2008,300,11.0,5.6,8.4,3.2,8.25,0.0
2008,301,8.3,4.2,5.7,3.6,9.47,0.0
2008,302,5.3,2.8,3.9,0.4,8.32,0.0
2008,303,4.4,1.0,2.6,1.1,7.3,0.0
2008,304,10.0,0.0,4.6,0.0,11.84,0.0
2008,305,16.2,7.1,10.9,0.0,11.39,0.0
2008,306,8.4,3.4,6.4,0.0,11.42,0.0
2008,307,8.4,2.0,5.1,1.0,10.35,0.0
2008,308,16.6,6.4,12.1,11.5,7.97,0.0
2008,309,18.6,10.2,13.9,0.0,10.29,0.0
2008,310,19.1,9.9,13.8,0.0,10.79,0.0
2008,311,17.8,9.6,13.1,0.0,10.59,0.0
2008,312,14.2,10.2,11.8,5.7,3.99,0.0
2008,313,9.7,3.2,5.2,1.3,8.59,0.0
2008,314,4.5,0.8,3.1,1.1,7.95,0.0
2008,315,3.9,-0.4,1.6,0.0,7.67,0.0
2008,316,4.2,0.2,2.1,0.0,7.25,0.0
2008,317,7.9,1.8,4.5,4.9,6.27,0.0
2008,318,11.2,6.0,8.6,8.3,3.39,0.0
2008,319,11.4,7.6,10.1,1.1,2.73,0.0
2008,320,7.3,2.8,4.9,7.3,1.56,0.0
2008,321,2.6,0.1,1.4,1.4,6.47,0.0
2008,322,0.5,-1.9,-0.7,0.0,8.04,0.0
2008,323,-0.8,-2.7,-1.9,0.3,6.59,0.0
2008,324,-0.9,-4.1,-2.6,1.3,3.02,0.0
2008,325,0.8,-3.8,-0.8,1.1,6.15,0.0
2008,326,-2.7,-5.6,-4.3,0.1,8.33,0.0
2008,327,-1.8,-5.8,-4.3,0.0,7.36,0.0
2008,328,0.9,-6.2,-3.1,0.0,7.88,0.0
2008,329,2.2,-0.9,0.2,6.8,2.77,0.0
2008,330,1.4,0.1,0.9,6.4,3.27,0.0
2008,331,1.5,-0.6,0.4,0.0,5.02,0.0
2008,332,1.8,-1.6,-0.1,0.2,6.26,0.0
2008,333,1.9,-0.5,0.6,0.1,6.67,0.0
2008,334,2.2,-4.8,-0.9,0.0,8.08,0.0
2008,335,2.4,-4.6,-0.2,10.3,3.26,0.0
2008,336,0.9,-2.8,-0.3,12.1,2.89,0.0
2008,337,-1.9,-4.4,-3.2,0.0,7.28,0.0
2008,338,2.5,-4.1,-0.1,2.2,4.74,0.0
2008,339,0.4,-7.4,-3.5,2.6,6.99,0.0
2008,340,-6.2,-10.4,-8.3,0.0,6.54,0.0
2008,341,-2.8,-10.4,-6.7,2.6,3.5,0.0
2008,342,-6.3,-12.2,-9.8,0.0,6.61,0.0
2008,343,-2.7,-11.8,-7.0,1.7,6.82,0.0
2008,344,1.1,-2.3,-0.2,12.8,1.41,0.0
2008,345,0.2,-7.9,-4.6,2.5,4.99,0.0
2008,346,-1.7,-13.8,-7.4,0.0,7.01,0.0
2008,347,-4.4,-14.3,-7.9,0.0,7.17,0.0
2008,348,0.1,-14.1,-6.7,0.6,3.97,0.0
2008,349,5.8,0.3,2.6,2.5,1.34,0.0
2008,350,8.5,-11.6,-2.1,6.1,4.35,0.0
2008,351,-6.9,-13.5,-11.0,1.0,5.07,0.0
2008,352,-3.3,-7.1,-5.4,4.5,6.94,0.0
2008,353,-5.5,-9.9,-7.5,0.0,7.37,0.0
2008,354,-3.6,-7.7,-5.3,16.1,1.49,0.0
2008,355,-6.0,-8.0,-7.1,0.0,4.1,0.0
2008,356,-7.0,-11.2,-8.7,5.2,4.9,0.0
2008,357,-8.2,-12.3,-10.7,0.1,6.38,0.0
2008,358,-3.6,-12.9,-9.7,5.7,2.37,0.0
2008,359,3.8,-3.1,0.6,10.9,1.11,0.0
2008,360,-1.8,-10.2,-5.5,0.1,7.3,0.0
2008,361,2.6,-9.8,-3.2,1.3,2.15,0.0
2008,362,13.6,3.4,10.6,10.6,1.65,0.0
2008,363,13.5,-2.3,3.5,10.4,4.22,0.0
2008,364,4.6,-3.4,-0.6,0.3,6.42,0.0
2008,365,-2.7,-5.9,-4.6,1.8,3.74,0.0
2008,366,-4.1,-10.4,-7.9,2.8,5.89,0.0
2009,1,-3.6,-13.2,-8.4,0.0,4.45,0.0
2009,2,-1.9,-7.5,-3.9,0.3,5.04,0.0
2009,3,-2.5,-8.8,-5.9,0.0,6.29,0.0
2009,4,-0.8,-5.0,-2.9,1.8,1.27,0.0
2009,5,-1.5,-9.9,-6.5,0.0,8.39,0.0
2009,6,-1.5,-10.2,-5.6,0.0,6.42,0.0
2009,7,-1.2,-4.6,-2.5,5.9,2.61,0.0
2009,8,-4.9,-8.9,-6.7,0.1,7.06,0.0
2009,9,-6.7,-12.5,-9.1,0.0,6.41,0.0
2009,10,-4.8,-11.6,-7.5,0.3,4.11,0.0
2009,11,-4.9,-9.8,-7.0,0.0,5.32,0.0
2009,12,-4.5,-10.3,-7.2,0.0,5.56,0.0
2009,13,-4.7,-19.5,-9.8,4.0,6.06,0.0
2009,14,-15.2,-22.4,-18.8,0.0,5.18,0.0
2009,15,-17.6,-23.4,-20.4,0.0,9.23,0.0
2009,16,-15.3,-23.3,-19.9,0.0,9.36,0.0
2009,17,-9.1,-19.7,-15.2,7.2,3.55,0.0
2009,18,-7.5,-9.8,-8.4,1.6,5.89,0.0
2009,19,-8.3,-11.8,-10.0,0.0,5.97,0.0
2009,20,-11.9,-18.6,-13.7,0.0,6.55,0.0
2009,21,-5.1,-20.0,-11.2,0.0,8.61,0.0
2009,22,-2.5,-5.9,-4.7,0.0,7.59,0.0
2009,23,-1.0,-9.7,-4.0,0.0,6.28,0.0
2009,24,-11.1,-18.5,-15.1,0.0,10.44,0.0
2009,25,-13.0,-18.8,-16.0,0.0,9.07,0.0
2009,26,-11.1,-22.5,-16.3,0.0,10.03,0.0
2009,27,-9.0,-17.5,-13.5,0.0,10.15,0.0
2009,28,-8.1,-10.8,-9.4,4.9,4.9,0.0
2009,29,-4.5,-12.3,-8.8,0.5,5.71,0.0
2009,30,-8.0,-15.4,-10.7,0.0,9.33,0.0
2009,31,-3.3,-18.4,-11.8,0.6,6.2,0.0
2009,32,2.2,-2.4,0.1,0.0,11.02,0.0
2009,33,-1.3,-10.9,-5.3,0.2,10.56,0.0
2009,34,-6.6,-13.1,-9.4,4.1,5.16,0.0
2009,35,-13.4,-20.3,-16.7,0.0,10.12,0.0
2009,36,-8.2,-27.2,-17.4,0.0,11.71,0.0
2009,37,-2.1,-14.6,-8.7,0.0,12.09,0.0
2009,38,8.8,-5.7,3.7,0.0,8.45,0.0
2009,39,2.0,-3.2,-1.0,0.0,11.38,0.0
2009,40,3.3,-6.7,-1.5,0.5,9.0,0.0
2009,41,14.3,1.5,7.6,1.3,9.55,0.0
2009,42,8.9,5.9,7.5,30.2,1.36,0.0
2009,43,6.6,0.7,2.3,14.4,6.54,0.0
2009,44,0.5,-8.2,-4.7,1.5,11.07,0.0
2009,45,-5.3,-8.9,-7.2,0.0,8.39,0.0
2009,46,-4.5,-10.1,-7.7,0.0,12.71,0.0
2009,47,-3.6,-9.3,-6.9,0.0,13.94,0.0
2009,48,2.8,-8.1,-2.3,0.0,12.26,0.0
2009,49,3.2,-0.8,0.7,5.4,3.34,0.0
2009,50,-1.7,-13.5,-10.0,1.5,11.11,0.0
2009,51,-4.9,-14.3,-10.1,0.0,14.34,0.0
2009,52,-2.3,-15.1,-7.4,8.1,4.83,0.0
2009,53,-4.7,-8.7,-6.5,0.2,9.95,0.0
2009,54,-9.3,-15.2,-11.5,0.0,13.69,0.0
2009,55,-2.4,-20.0,-10.4,0.0,14.39,0.0
2009,56,3.7,-7.8,-2.3,1.7,11.07,0.0
2009,57,3.1,-1.5,1.1,5.4,8.81,0.0
2009,58,8.6,-10.8,-2.2,16.0,8.65,0.0
2009,59,-11.4,-16.6,-13.8,0.0,16.9,0.0
2009,60,-11.0,-16.9,-14.2,0.0,16.82,0.0
2009,61,-13.7,-16.8,-15.3,0.0,17.0,0.0
2009,62,-6.7,-17.7,-12.8,0.0,17.27,0.0
2009,63,0.8,-14.1,-6.8,0.0,17.29,0.0
2009,64,8.6,-3.9,2.3,0.0,10.81,0.0
2009,65,12.7,2.1,9.6,0.4,13.36,0.0
2009,66,3.7,-2.6,1.2,16.2,3.63,0.0
2009,67,3.3,-2.2,1.1,10.6,8.61,0.0
2009,68,3.1,-3.9,-0.5,1.6,16.74,0.0
2009,69,6.2,-1.8,1.0,8.8,2.96,0.0
2009,70,10.1,-6.8,-0.2,7.5,15.93,0.0
2009,71,-5.7,-11.6,-8.3,0.0,18.26,0.0
2009,72,2.4,-8.4,-3.7,0.0,18.71,0.0
2009,73,7.3,-3.4,1.0,0.0,19.4,0.0
2009,74,9.8,-3.3,2.6,0.0,19.4,0.0
2009,75,9.7,-2.3,2.9,0.0,18.01,0.0
2009,76,17.0,-0.6,7.8,0.0,18.51,0.0
2009,77,12.1,3.0,7.6,0.7,14.59,0.0
2009,78,3.1,-6.1,-2.6,0.0,16.28,0.0
2009,79,0.5,-7.1,-3.6,0.0,21.18,0.0
2009,80,7.0,-3.7,1.4,0.0,14.31,0.0
2009,81,2.8,-4.1,0.2,0.0,17.96,0.0
2009,82,1.3,-5.4,-2.4,0.0,19.95,0.0
2009,83,6.3,-2.5,1.7,0.0,17.96,0.0
2009,84,9.3,2.9,6.3,4.6,3.82,0.0
2009,85,9.1,-0.0,4.3,0.0,13.02,0.0
2009,86,10.7,-1.5,4.3,1.0,17.74,0.0
2009,87,4.4,-2.4,0.8,0.0,19.65,0.0
2009,88,7.5,-1.4,3.2,17.1,5.08,0.0
2009,89,3.9,-3.1,-0.3,0.2,22.03,0.0
2009,90,7.8,-2.8,2.2,1.0,18.67,0.0
2009,91,9.6,3.4,6.5,0.9,17.91,0.0
2009,92,14.4,2.8,7.9,0.0,18.08,0.0
2009,93,6.1,1.0,2.5,40.0,2.26,0.0
2009,94,7.4,-0.1,2.9,0.0,23.79,0.0
2009,95,3.8,-2.2,0.3,0.0,17.78,0.0
2009,96,-0.0,-2.5,-1.3,10.4,8.69,0.0
2009,97,-1.0,-4.1,-2.5,0.0,13.03,0.0
2009,98,8.0,-3.1,1.9,0.0,23.48,0.0
2009,99,8.3,-3.7,2.4,0.0,20.72,0.0
2009,100,4.4,-2.4,0.4,0.0,24.26,0.0
2009,101,4.2,-1.9,0.7,0.0,25.56,0.0
2009,102,3.0,-3.3,-0.5,0.0,25.78,0.0
2009,103,5.3,-3.2,1.3,0.0,16.43,0.0
2009,104,6.4,1.6,3.9,1.3,11.31,0.0
2009,105,8.7,1.9,4.9,0.0,24.78,0.0
2009,106,9.8,0.3,4.8,0.0,25.85,0.0
2009,107,17.6,-0.9,8.7,0.0,26.15,0.0
2009,108,20.2,3.5,11.1,0.0,24.68,0.0
2009,109,10.1,3.2,6.4,0.0,21.95,0.0
2009,110,7.1,3.9,6.2,18.1,2.53,0.0
2009,111,9.8,3.0,5.8,5.7,16.95,0.0
2009,112,7.8,2.1,4.5,2.3,15.58,0.0
2009,113,10.8,0.6,5.3,0.0,26.96,0.0
2009,114,22.7,7.1,14.1,3.1,18.85,0.0
2009,115,23.3,6.0,17.6,15.3,16.0,0.0
2009,116,14.8,3.9,8.0,3.0,14.31,0.0
2009,117,24.3,13.0,18.7,7.6,18.95,0.0
2009,118,15.6,3.7,6.5,14.2,15.44,0.0
2009,119,12.6,4.3,8.1,0.0,26.97,0.0
2009,120,16.4,8.8,12.3,13.0,8.95,0.0
2009,121,14.6,6.6,12.1,0.0,17.76,0.0
2009,122,14.8,3.5,9.7,0.0,23.77,0.0
2009,123,17.5,5.4,11.3,0.0,24.84,0.0
2009,124,14.3,5.3,9.6,0.0,28.68,0.0
2009,125,17.3,5.0,11.2,0.0,25.9,0.0
2009,126,19.2,8.2,13.7,0.0,19.97,0.0
2009,127,18.5,10.8,14.4,1.7,14.26,0.0
2009,128,22.0,10.7,16.6,0.0,25.74,0.0
2009,129,10.6,7.1,8.7,6.7,14.7,0.0
2009,130,10.7,4.4,7.4,0.0,19.26,0.0
2009,131,11.9,3.1,7.6,0.0,29.16,0.0
2009,132,15.9,4.3,10.2,0.0,29.76,0.0
2009,133,18.4,8.5,13.5,0.7,18.22,0.0
2009,134,18.3,10.8,16.0,7.6,28.2,0.0
2009,135,18.1,8.1,13.1,0.0,20.23,0.0
2009,136,16.5,8.7,12.8,12.5,16.3,0.0
2009,137,12.3,4.9,8.4,0.0,30.65,0.0
2009,138,16.5,3.4,10.2,0.0,30.46,0.0
2009,139,22.2,11.2,16.2,0.0,28.83,0.0
2009,140,26.0,13.9,19.7,0.0,29.56,0.0
2009,141,25.7,15.1,20.9,0.0,29.92,0.0
2009,142,14.9,9.7,12.0,0.0,18.24,0.0
2009,143,21.9,6.7,14.3,0.9,21.57,0.0
2009,144,15.7,9.9,12.6,0.0,21.73,0.0
2009,145,14.3,8.2,10.9,0.0,30.45,0.0
2009,146,19.7,9.8,14.3,0.0,22.24,0.0
2009,147,16.1,11.7,14.2,28.9,6.02,0.0
2009,148,19.7,12.3,16.8,5.6,15.28,0.0
2009,149,20.8,11.4,14.8,0.5,26.71,0.0
2009,150,20.2,6.9,12.9,3.8,26.07,0.0
2009,151,13.0,6.0,9.5,0.8,30.73,0.0
2009,152,20.1,7.7,13.4,4.9,15.34,0.0
2009,153,13.0,7.8,10.1,0.0,19.31,0.0
2009,154,13.5,6.9,10.5,0.0,29.47,0.0
2009,155,16.4,5.5,11.9,0.0,31.6,0.0
2009,156,21.4,7.8,15.3,0.0,31.1,0.0
2009,157,16.3,9.8,12.2,0.0,26.91,0.0
2009,158,17.3,8.6,12.2,2.5,22.24,0.0
2009,159,18.7,10.6,14.4,22.6,7.73,0.0
2009,160,18.1,11.8,15.0,0.4,18.68,0.0
2009,161,18.3,11.4,14.5,0.0,20.67,0.0
2009,162,17.8,11.6,14.2,0.0,21.87,0.0
2009,163,19.3,11.3,15.1,0.0,30.39,0.0
2009,164,20.5,11.4,16.0,0.0,21.61,0.0
2009,165,23.2,13.0,17.5,2.3,26.86,0.0
2009,166,19.9,12.9,16.4,0.0,30.82,0.0
2009,167,23.5,9.8,17.2,0.0,29.97,0.0
2009,168,19.0,15.7,17.7,10.5,7.82,0.0
2009,169,20.8,14.2,17.3,0.0,27.34,0.0
2009,170,23.8,14.8,18.9,8.9,11.82,0.0
2009,171,24.0,16.9,19.9,40.5,18.61,0.0
2009,172,21.7,15.2,18.4,0.2,20.25,0.0
2009,173,24.4,14.7,19.2,0.0,27.26,0.0
2009,174,26.5,15.7,21.0,0.0,27.36,0.0
2009,175,29.6,18.8,24.4,0.3,26.53,0.0
2009,176,27.5,21.3,23.9,1.3,24.38,0.0
2009,177,22.7,18.3,20.7,0.3,29.57,0.0
2009,178,24.8,15.1,20.2,0.7,26.18,0.0
2009,179,25.1,19.3,21.5,7.2,22.03,0.0
2009,180,19.9,15.9,18.4,4.2,16.03,0.0
2009,181,19.1,14.7,16.5,19.9,14.19,0.0
2009,182,19.2,14.7,16.8,0.8,15.45,0.0
2009,183,20.3,14.5,17.1,2.8,17.23,0.0
2009,184,19.9,15.6,17.5,0.4,15.67,0.0
2009,185,21.3,13.0,17.1,0.0,29.91,0.0
2009,186,23.8,14.6,19.0,3.8,25.87,0.0
2009,187,22.1,13.4,18.0,0.0,22.83,0.0
2009,188,18.2,13.4,15.7,0.1,17.57,0.0
2009,189,19.0,13.8,16.5,0.0,23.01,0.0
2009,190,23.2,13.4,18.7,0.0,26.02,0.0
2009,191,26.7,16.7,21.9,0.0,20.28,0.0
2009,192,26.0,17.4,22.2,3.5,25.01,0.0
2009,193,22.4,12.1,17.8,0.0,25.18,0.0
2009,194,20.9,13.0,17.5,0.0,25.5,0.0
2009,195,22.5,13.8,18.3,0.0,29.99,0.0
2009,196,26.1,16.1,21.0,0.3,19.18,0.0
2009,197,24.4,18.4,21.5,0.6,25.47,0.0
2009,198,19.8,15.3,17.8,2.3,21.14,0.0
2009,199,19.8,13.5,16.4,3.1,21.49,0.0
2009,200,20.8,14.0,17.2,0.1,23.35,0.0
2009,201,23.0,13.7,18.7,3.3,24.72,0.0
2009,202,23.8,16.6,20.0,1.0,25.44,0.0
2009,203,22.8,17.0,19.8,11.3,17.29,0.0
2009,204,21.8,17.0,19.1,6.5,14.29,0.0
2009,205,24.4,16.1,19.8,3.1,22.51,0.0
2009,206,22.6,18.7,19.9,21.3,12.45,0.0
2009,207,21.0,16.6,18.9,7.6,19.25,0.0
2009,208,25.0,16.7,20.4,0.9,24.12,0.0
2009,209,26.2,19.9,22.5,0.0,19.63,0.0
2009,210,23.7,18.9,21.0,0.0,24.85,0.0
2009,211,23.9,16.2,20.1,0.0,22.11,0.0
2009,212,22.3,17.2,19.8,0.0,24.32,0.0
2009,213,25.1,16.6,20.8,0.0,19.44,0.0
2009,214,22.7,16.7,19.6,0.8,25.48,0.0
2009,215,26.0,15.9,20.9,0.7,19.85,0.0
2009,216,27.3,18.8,22.6,3.4,22.86,0.0
2009,217,21.9,15.3,18.9,0.0,21.73,0.0
2009,218,21.7,14.9,18.8,0.2,20.96,0.0
2009,219,21.4,15.4,18.7,0.0,22.35,0.0
2009,220,21.4,17.6,19.4,33.8,5.91,0.0
2009,221,30.9,18.3,25.2,5.7,22.87,0.0
2009,222,26.1,21.1,23.6,7.2,17.44,0.0
2009,223,23.1,18.7,21.0,2.1,19.15,0.0
2009,224,23.5,17.5,20.6,0.0,22.7,0.0
2009,225,25.9,16.6,21.3,0.0,24.65,0.0
2009,226,28.0,18.7,23.4,0.0,24.94,0.0
2009,227,28.9,20.1,24.5,0.0,23.9,0.0
2009,228,29.4,20.9,25.0,0.7,20.71,0.0
2009,229,27.9,22.3,24.7,4.3,14.45,0.0
2009,230,26.4,21.2,23.4,2.0,20.8,0.0
2009,231,24.8,17.6,21.4,0.0,24.76,0.0
2009,232,26.9,20.5,23.3,6.0,16.87,0.0
2009,233,22.8,18.6,20.8,0.2,17.73,0.0
2009,234,18.9,15.2,17.3,0.3,13.69,0.0
2009,235,19.6,16.0,17.8,2.0,14.27,0.0
2009,236,22.2,14.2,18.5,0.0,19.35,0.0
2009,237,26.4,16.1,21.2,0.0,22.98,0.0
2009,238,21.5,15.4,18.2,3.1,18.24,0.0
2009,239,19.8,15.0,17.2,0.0,14.53,0.0
2009,240,19.1,15.3,16.9,7.0,9.57,0.0
2009,241,19.4,15.0,16.7,6.0,15.12,0.0
2009,242,16.6,12.6,14.2,0.0,14.37,0.0
2009,243,17.7,9.9,14.3,0.0,22.6,0.0
2009,244,20.2,9.3,15.3,0.0,23.1,0.0
2009,245,21.5,11.1,16.8,0.0,23.13,0.0
2009,246,22.6,11.6,17.6,0.0,22.62,0.0
2009,247,22.5,14.0,18.8,0.0,18.19,0.0
2009,248,23.2,13.5,19.1,0.1,18.94,0.0
2009,249,23.6,15.4,19.7,0.0,18.32,0.0
2009,250,24.0,16.5,20.3,0.0,19.32,0.0
2009,251,23.4,17.6,20.4,0.0,18.85,0.0
2009,252,25.1,18.1,21.4,0.0,20.79,0.0
2009,253,24.1,17.4,20.7,0.0,20.1,0.0
2009,254,22.7,17.2,19.5,0.0,16.21,0.0
2009,255,21.5,14.3,17.9,0.0,17.69,0.0
2009,256,22.5,14.3,18.9,0.5,15.02,0.0
2009,257,24.3,15.8,20.3,0.0,16.5,0.0
2009,258,21.7,15.3,19.2,0.3,15.17,0.0
2009,259,16.8,14.0,15.3,0.0,13.23,0.0
2009,260,19.3,10.0,15.1,0.0,19.63,0.0
2009,261,19.1,12.8,15.6,0.3,13.25,0.0
2009,262,17.1,10.0,13.7,0.0,20.04,0.0
2009,263,21.0,8.5,15.3,0.0,19.5,0.0
2009,264,23.8,18.1,19.9,9.9,6.34,0.0
2009,265,24.5,17.5,20.8,1.1,12.18,0.0
2009,266,23.3,19.3,21.2,2.2,13.05,0.0
2009,267,20.0,15.3,17.5,0.0,13.54,0.0
2009,268,18.6,14.5,16.2,0.0,16.12,0.0
2009,269,17.7,12.9,15.3,3.9,6.87,0.0
2009,270,20.1,14.1,17.0,0.3,14.14,0.0
2009,271,16.2,11.2,13.3,16.0,9.62,0.0
2009,272,13.4,10.5,12.1,7.6,7.52,0.0
2009,273,10.2,8.0,8.9,0.0,9.51,0.0
2009,274,11.9,7.1,9.3,0.0,16.14,0.0
2009,275,12.0,8.4,10.2,10.6,2.31,0.0
2009,276,13.7,8.4,10.8,0.7,11.19,0.0
2009,277,14.2,8.1,10.9,0.7,13.71,0.0
2009,278,13.9,8.6,11.0,0.0,12.41,0.0
2009,279,13.7,7.7,10.8,7.2,6.02,0.0
2009,280,13.1,9.1,11.0,1.4,9.27,0.0
2009,281,16.7,7.8,11.6,1.7,12.51,0.0
2009,282,10.9,7.9,9.7,15.7,1.63,0.0
2009,283,10.9,4.5,8.1,0.5,12.57,0.0
2009,284,5.7,2.2,4.0,0.0,11.79,0.0
2009,285,8.9,1.0,5.1,1.3,9.21,0.0
2009,286,8.1,4.1,6.3,0.4,10.41,0.0
2009,287,5.6,4.3,5.1,1.0,5.27,0.0
2009,288,6.5,4.1,5.1,0.0,9.66,0.0
2009,289,6.0,3.6,4.6,0.0,6.6,0.0
2009,290,6.4,3.3,5.0,0.3,9.84,0.0
2009,291,8.2,1.5,4.6,0.0,13.46,0.0
2009,292,14.1,3.9,8.6,0.0,12.2,0.0
2009,293,13.2,9.5,11.2,0.0,4.23,0.0
2009,294,16.1,11.0,12.9,0.0,4.04,0.0
2009,295,13.8,6.8,10.2,2.3,2.06,0.0
2009,296,13.7,5.6,8.2,19.1,1.52,0.0
2009,297,13.2,6.6,8.9,0.1,2.75,0.0
2009,298,12.6,4.3,8.1,0.0,11.1,0.0
2009,299,14.3,8.8,10.8,0.5,5.44,0.0
2009,300,11.9,9.2,10.1,1.4,7.25,0.0
2009,301,13.0,9.0,10.4,2.9,5.53,0.0
2009,302,13.5,8.6,10.7,0.0,9.17,0.0
2009,303,18.5,10.0,14.2,29.4,1.99,0.0
2009,304,18.4,6.2,9.7,6.5,7.5,0.0
2009,305,8.2,4.0,6.1,0.0,7.51,0.0
2009,306,8.8,4.0,6.5,3.4,5.42,0.0
2009,307,6.9,3.0,5.0,0.1,9.08,0.0
2009,308,6.3,0.7,3.5,0.0,6.84,0.0
2009,309,6.3,2.6,4.1,0.8,9.76,0.0
2009,310,6.8,-1.2,3.5,0.0,10.11,0.0
2009,311,16.0,5.8,10.6,0.0,10.15,0.0
2009,312,16.2,4.3,10.5,0.0,8.69,0.0
2009,313,16.7,9.2,12.9,0.0,5.32,0.0
2009,314,11.0,5.0,7.8,0.0,9.54,0.0
2009,315,8.8,3.7,5.8,0.0,10.54,0.0
2009,316,8.6,0.2,4.1,0.0,10.31,0.0
2009,317,11.3,3.1,6.5,0.0,9.94,0.0
2009,318,15.9,6.8,10.7,0.0,9.24,0.0
2009,319,11.0,5.4,8.8,1.0,6.86,0.0
2009,320,7.4,4.6,5.7,0.0,7.59,0.0
2009,321,7.4,4.1,5.5,0.0,9.71,0.0
2009,322,11.0,4.3,7.3,1.2,8.46,0.0
2009,323,10.5,5.9,8.6,3.8,2.24,0.0
2009,324,8.3,4.1,6.2,0.1,4.08,0.0
2009,325,10.7,5.0,7.7,0.0,6.04,0.0
2009,326,10.8,3.8,6.7,0.0,6.94,0.0
2009,327,10.4,4.9,6.9,0.0,7.22,0.0
2009,328,10.2,6.0,7.9,0.0,3.7,0.0
2009,329,9.4,7.0,8.2,4.1,4.74,0.0
2009,330,7.7,2.2,5.6,2.8,5.91,0.0
2009,331,5.4,1.9,3.4,4.0,4.01,0.0
2009,332,6.1,2.1,3.7,0.0,7.77,0.0
2009,333,6.1,-0.2,2.8,3.9,3.92,0.0
2009,334,3.5,0.6,2.0,0.0,7.04,0.0
2009,335,6.5,1.3,4.1,0.8,7.21,0.0
2009,336,8.7,3.2,5.4,0.9,7.14,0.0
2009,337,5.7,-0.2,3.4,4.5,2.92,0.0
2009,338,0.3,-3.2,-1.2,0.3,7.41,0.0
2009,339,-1.5,-3.9,-2.9,0.0,5.16,0.0
2009,340,1.8,-3.6,-1.4,0.0,7.51,0.0
2009,341,0.8,-1.8,-0.8,0.0,4.94,0.0
2009,342,1.3,-3.5,-0.8,0.1,4.75,0.0
2009,343,4.8,-1.7,1.5,19.2,3.13,0.0
2009,344,-2.1,-9.9,-5.8,0.5,4.55,0.0
2009,345,-7.7,-10.8,-9.3,0.0,6.04,0.0
2009,346,0.9,-8.9,-4.5,0.0,7.67,0.0
2009,347,2.4,-0.6,0.6,6.6,3.35,0.0
2009,348,2.3,-1.1,0.5,4.0,2.61,0.0
2009,349,0.2,-8.3,-2.9,0.6,4.59,0.0
2009,350,-7.0,-10.3,-8.8,0.0,6.49,0.0
2009,351,-2.8,-9.3,-6.3,0.0,5.29,0.0
2009,352,-0.3,-5.0,-2.2,0.0,4.41,0.0
2009,353,-1.5,-4.0,-2.2,0.0,2.98,0.0
2009,354,-2.2,-8.7,-5.2,0.0,6.96,0.0
2009,355,-2.6,-8.1,-5.0,0.0,6.45,0.0
2009,356,-2.8,-8.8,-5.7,0.1,4.8,0.0
2009,357,-2.4,-5.0,-3.9,0.0,5.17,0.0
2009,358,-0.4,-3.6,-2.3,0.0,3.91,0.0
2009,359,4.4,-0.2,1.7,8.8,0.97,0.0
2009,360,4.5,-3.3,-0.3,2.0,4.99,0.0
2009,361,-1.5,-4.8,-3.1,0.2,4.99,0.0
2009,362,-1.6,-9.0,-5.3,1.7,4.19,0.0
2009,363,-6.2,-10.1,-8.3,0.0,6.69,0.0
2009,364,-2.3,-8.9,-5.9,0.1,4.79,0.0
2009,365,1.5,-3.1,-1.2,0.4,5.04,0.0
2010,1,-2.8,-10.2,-6.8,0.0,4.98,0.0
2010,2,-10.3,-15.0,-13.3,0.0,5.1,0.0
2010,3,-7.8,-13.9,-10.8,1.7,3.21,0.0
2010,4,-6.6,-8.6,-7.8,1.2,3.52,0.0
2010,5,-6.2,-8.1,-7.1,0.8,3.71,0.0
2010,6,-5.3,-6.9,-6.3,0.0,4.33,0.0
2010,7,-2.8,-9.3,-5.8,2.8,2.97,0.0
2010,8,-4.6,-10.8,-7.1,1.9,3.7,0.0
2010,9,-7.4,-10.7,-8.9,0.0,4.95,0.0
2010,10,-4.4,-13.8,-9.4,0.0,8.13,0.0
2010,11,-4.0,-9.7,-7.2,1.2,4.36,0.0
2010,12,-4.8,-9.3,-7.0,0.0,4.59,0.0
2010,13,-0.8,-7.4,-3.4,0.0,6.4,0.0
2010,14,3.8,-4.4,-0.6,0.0,8.18,0.0
2010,15,1.6,-2.0,-0.2,0.0,7.03,0.0
2010,16,1.0,-2.6,-1.3,0.0,6.74,0.0
2010,17,-0.4,-8.2,-3.3,0.0,7.39,0.0
2010,18,-0.5,-9.1,-4.3,0.0,4.18,0.0
2010,19,0.2,-4.4,-1.9,0.8,5.32,0.0
2010,20,-4.1,-5.9,-5.0,0.0,5.76,0.0
2010,21,-1.5,-7.0,-4.4,0.0,9.27,0.0
2010,22,0.4,-4.3,-2.5,0.0,8.48,0.0
2010,23,1.6,-5.0,-1.6,0.0,6.26,0.0
2010,24,5.6,1.6,3.3,5.1,2.2,0.0
2010,25,4.7,-1.3,1.5,1.1,3.66,0.0
2010,26,-0.1,-5.8,-2.1,0.0,5.98,0.0
2010,27,-3.8,-6.2,-5.1,0.0,8.59,0.0
2010,28,-6.2,-15.8,-11.2,0.3,9.78,0.0
2010,29,-11.2,-18.1,-14.8,0.0,10.97,0.0
2010,30,-6.7,-12.9,-10.3,0.0,10.84,0.0
2010,31,-4.2,-12.7,-8.7,0.0,8.94,0.0
2010,32,-4.8,-14.4,-9.9,0.0,9.06,0.0
2010,33,-2.0,-10.8,-6.4,1.0,6.39,0.0
2010,34,-3.0,-7.8,-5.2,0.0,8.86,0.0
2010,35,-1.0,-10.7,-5.7,0.0,10.5,0.0
2010,36,-1.0,-6.7,-3.7,0.0,7.68,0.0
2010,37,-7.2,-11.5,-9.8,0.0,8.51,0.0
2010,38,-5.7,-10.7,-8.7,0.0,9.86,0.0
2010,39,-4.6,-12.3,-8.8,0.0,12.24,0.0
2010,40,-6.8,-8.8,-7.8,4.0,4.57,0.0
2010,41,-6.3,-8.5,-7.2,6.6,6.68,0.0
2010,42,-5.6,-12.2,-9.3,0.0,11.76,0.0
2010,43,-5.4,-14.6,-10.0,0.0,10.87,0.0
2010,44,-5.5,-15.5,-10.1,0.0,11.66,0.0
2010,45,-3.4,-10.1,-6.7,0.0,12.25,0.0
2010,46,-4.8,-9.3,-6.9,0.1,11.2,0.0
2010,47,-3.7,-7.7,-5.1,2.3,6.92,0.0
2010,48,-1.1,-5.6,-3.6,0.0,6.8,0.0
2010,49,1.1,-4.6,-2.4,0.0,12.87,0.0
2010,50,-0.5,-7.0,-4.1,0.0,14.31,0.0
2010,51,-0.1,-9.4,-4.5,0.0,14.17,0.0
2010,52,0.4,-7.9,-2.9,0.0,12.8,0.0
2010,53,-3.1,-4.7,-4.1,8.2,3.85,0.0
2010,54,-1.7,-7.5,-4.3,0.0,9.71,0.0
2010,55,-1.2,-11.6,-5.9,0.1,10.42,0.0
2010,56,-3.6,-9.5,-7.5,2.1,9.1,0.0
2010,57,-2.7,-9.2,-6.8,6.4,4.17,0.0
2010,58,-0.6,-3.6,-2.3,1.0,5.84,0.0
2010,59,-0.0,-1.7,-0.8,0.0,8.74,0.0
2010,60,-0.9,-5.8,-4.0,0.0,8.94,0.0
2010,61,-2.8,-8.1,-5.3,0.0,15.38,0.0
2010,62,-2.7,-5.6,-4.4,0.0,15.27,0.0
2010,63,-3.5,-8.5,-5.8,0.0,15.58,0.0
2010,64,-1.3,-8.8,-5.1,0.0,17.7,0.0
2010,65,4.2,-11.6,-2.7,0.0,17.89,0.0
2010,66,6.0,-3.1,1.0,0.0,17.49,0.0
2010,67,7.8,-4.3,1.8,0.0,17.74,0.0
2010,68,10.7,-2.8,2.8,0.0,17.49,0.0
2010,69,11.0,0.6,5.1,0.0,12.6,0.0
2010,70,13.3,3.6,7.6,1.1,15.8,0.0
2010,71,12.1,5.4,7.3,5.4,6.33,0.0
2010,72,6.2,3.5,5.0,9.9,3.19,0.0
2010,73,4.6,2.4,3.3,4.3,10.38,0.0
2010,74,6.6,1.8,3.6,0.0,15.78,0.0
2010,75,10.6,-2.3,3.6,0.0,19.61,0.0
2010,76,13.4,-1.8,5.3,0.0,19.95,0.0
2010,77,14.4,2.7,7.7,0.0,18.41,0.0
2010,78,14.8,3.2,7.3,0.0,16.44,0.0
2010,79,2.8,-1.8,-0.2,0.9,6.47,0.0
2010,80,3.3,-2.1,-0.2,0.0,15.6,0.0
2010,81,4.8,-2.2,1.2,0.3,19.37,0.0
2010,82,3.9,-0.8,1.5,0.6,15.75,0.0
2010,83,10.4,-2.1,3.6,0.0,20.49,0.0
2010,84,4.4,-5.4,0.2,0.0,16.04,0.0
2010,85,-1.2,-7.6,-4.7,0.0,22.1,0.0
2010,86,6.9,-4.8,0.3,0.0,19.41,0.0
2010,87,4.7,-0.1,2.0,5.9,6.43,0.0
2010,88,4.6,-2.1,1.0,0.0,20.13,0.0
2010,89,9.2,-3.5,2.3,0.0,22.82,0.0
2010,90,18.0,1.1,9.0,0.0,20.75,0.0
2010,91,23.0,9.8,15.7,0.0,21.21,0.0
2010,92,24.2,12.7,18.1,0.0,19.5,0.0
2010,93,22.4,8.5,15.6,2.4,15.38,0.0
2010,94,17.5,6.8,12.0,0.0,22.27,0.0
2010,95,19.0,9.7,14.1,3.2,23.11,0.0
2010,96,12.9,6.8,9.6,12.7,8.42,0.0
2010,97,8.0,5.4,6.2,3.4,5.17,0.0
2010,98,9.0,1.6,6.4,15.4,9.43,0.0
2010,99,4.3,-0.3,1.9,0.4,12.82,0.0
2010,100,17.5,-1.8,7.1,0.2,19.64,0.0
2010,101,15.4,2.0,8.5,0.0,24.24,0.0
2010,102,11.3,0.2,6.0,0.0,23.54,0.0
2010,103,11.3,4.7,7.3,0.0,21.96,0.0
2010,104,17.0,4.1,9.8,1.6,20.4,0.0
2010,105,24.1,9.3,16.5,0.0,23.25,0.0
2010,106,17.9,4.4,12.9,1.5,18.02,0.0
2010,107,5.4,2.5,4.0,0.2,12.35,0.0
2010,108,8.5,3.2,5.6,0.0,18.27,0.0
2010,109,11.2,2.8,6.8,0.0,26.31,0.0
2010,110,14.9,3.5,9.1,0.0,25.33,0.0
2010,111,12.1,4.4,7.9,0.0,25.5,0.0
2010,112,7.9,1.7,4.6,0.0,26.78,0.0
2010,113,14.2,-0.8,6.7,0.0,26.84,0.0
2010,114,15.9,6.1,10.5,0.4,15.86,0.0
2010,115,11.3,7.6,8.5,22.0,4.07,0.0
2010,116,9.6,6.2,8.2,0.0,27.52,0.0
2010,117,6.4,2.7,4.5,0.0,27.0,0.0
2010,118,12.0,2.2,7.0,0.0,25.6,0.0
2010,119,15.6,3.4,9.4,1.2,22.96,0.0
2010,120,25.5,10.9,17.9,0.0,25.48,0.0
2010,121,22.2,17.3,19.7,2.9,11.9,0.0
2010,122,19.9,12.4,15.7,14.2,10.29,0.0
2010,123,21.1,12.7,16.6,1.7,25.23,0.0
2010,124,19.4,11.5,15.8,0.3,25.92,0.0
2010,125,20.8,14.2,16.9,1.5,17.39,0.0
2010,126,13.8,6.5,11.2,0.0,20.48,0.0
2010,127,8.7,4.6,6.8,17.9,7.67,0.0
2010,128,8.0,4.2,6.0,4.1,14.86,0.0
2010,129,9.8,2.2,5.3,0.0,26.2,0.0
2010,130,11.1,2.7,6.6,0.0,29.33,0.0
2010,131,7.7,5.0,6.3,13.3,4.91,0.0
2010,132,11.6,5.8,8.3,0.0,17.33,0.0
2010,133,12.1,6.6,9.1,31.6,4.24,0.0
2010,134,17.4,10.8,13.5,0.7,25.2,0.0
2010,135,13.9,7.9,10.9,0.0,20.29,0.0
2010,136,15.8,5.1,11.0,0.0,29.51,0.0
2010,137,17.3,8.5,12.8,0.0,21.63,0.0
2010,138,18.3,11.0,13.7,0.0,20.76,0.0
2010,139,21.9,7.7,15.4,0.0,29.4,0.0
2010,140,25.4,10.7,18.3,0.0,29.51,0.0
2010,141,21.1,14.1,17.9,0.0,14.58,0.0
2010,142,20.5,15.4,17.5,7.4,13.59,0.0
2010,143,26.2,14.8,20.3,0.0,27.66,0.0
2010,144,27.3,16.9,22.3,0.0,28.39,0.0
2010,145,26.9,17.5,22.2,0.0,27.57,0.0
2010,146,28.1,17.2,22.8,0.0,26.34,0.0
2010,147,25.3,17.7,21.2,0.0,28.28,0.0
2010,148,22.1,15.5,18.8,0.0,24.47,0.0
2010,149,22.2,13.6,17.9,0.0,29.17,0.0
2010,150,29.4,13.0,21.8,0.0,27.27,0.0
2010,151,28.5,18.1,22.9,9.2,19.0,0.0
2010,152,25.4,14.5,19.6,5.7,30.26,0.0
2010,153,22.1,15.8,19.0,32.5,8.6,0.0
2010,154,18.0,13.9,15.6,3.0,12.92,0.0
2010,155,21.8,11.4,16.5,6.0,15.56,0.0
2010,156,24.0,16.4,19.8,5.0,24.5,0.0
2010,157,16.0,12.2,13.9,16.6,13.49,0.0
2010,158,16.7,10.9,13.7,0.0,29.39,0.0
2010,159,18.6,8.6,14.2,0.0,26.63,0.0
2010,160,23.6,13.9,18.3,2.7,16.87,0.0
2010,161,18.7,14.2,16.8,0.0,24.38,0.0
2010,162,23.5,13.6,18.8,1.8,24.93,0.0
2010,163,23.3,16.3,21.0,2.3,15.9,0.0
2010,164,20.6,15.6,18.0,0.0,23.59,0.0
2010,165,21.6,16.0,18.4,0.1,17.1,0.0
2010,166,22.2,16.9,19.2,0.0,16.27,0.0
2010,167,20.8,16.8,19.5,12.5,20.78,0.0
2010,168,22.6,14.0,18.1,0.0,30.81,0.0
2010,169,28.9,16.9,22.9,0.0,26.46,0.0
2010,170,27.7,21.7,24.6,0.1,25.62,0.0
2010,171,23.0,18.2,20.6,0.2,27.41,0.0
2010,172,26.3,16.7,21.2,0.0,27.42,0.0
2010,173,27.4,20.7,23.3,11.0,21.07,0.0
2010,174,27.7,20.0,23.5,8.1,14.92,0.0
2010,175,23.1,18.6,21.2,6.0,22.81,0.0
2010,176,25.1,15.8,20.7,0.0,29.06,0.0
2010,177,25.7,20.2,22.0,4.8,14.5,0.0
2010,178,26.0,18.2,21.4,11.9,12.16,0.0
2010,179,24.2,17.8,21.6,2.7,23.35,0.0
2010,180,18.3,13.6,15.9,0.0,21.96,0.0
2010,181,19.3,12.2,15.5,0.0,25.01,0.0
2010,182,19.5,13.1,16.4,0.0,30.58,0.0
2010,183,25.5,12.0,19.0,0.0,30.38,0.0
2010,184,28.4,17.1,22.7,0.0,30.9,0.0
2010,185,30.9,18.8,25.1,0.0,29.14,0.0
2010,186,31.4,24.4,27.7,0.0,23.91,0.0
2010,187,32.7,23.8,28.1,0.0,26.53,0.0
2010,188,30.0,23.7,26.8,1.3,23.77,0.0
2010,189,30.0,22.1,25.0,12.9,15.97,0.0
2010,190,25.6,21.0,23.2,0.0,23.12,0.0
2010,191,25.6,18.7,22.7,0.0,26.23,0.0
2010,192,29.0,19.9,24.4,1.2,26.76,0.0
2010,193,24.3,19.8,22.0,6.9,12.69,0.0
2010,194,25.2,20.1,22.5,0.0,22.74,0.0
2010,195,27.1,19.3,23.3,0.0,27.48,0.0
2010,196,31.4,22.3,25.2,14.0,18.19,0.0
2010,197,28.8,20.6,24.9,0.0,27.71,0.0
2010,198,29.0,21.2,25.2,0.0,25.72,0.0
2010,199,28.7,19.2,23.8,3.2,21.38,0.0
2010,200,24.2,19.7,22.2,0.8,23.71,0.0
2010,201,26.1,19.3,23.1,0.1,25.26,0.0
2010,202,26.9,21.6,24.0,0.1,23.61,0.0
2010,203,26.0,19.4,22.5,10.9,13.8,0.0
2010,204,28.1,21.0,25.3,26.8,16.33,0.0
2010,205,27.7,21.4,24.0,7.3,10.98,0.0
2010,206,23.4,20.0,21.7,0.1,26.24,0.0
2010,207,26.1,17.8,22.2,0.0,27.93,0.0
2010,208,27.6,18.9,23.7,0.0,23.53,0.0
2010,209,27.1,21.7,24.4,9.3,17.95,0.0
2010,210,23.4,18.3,21.0,0.0,24.46,0.0
2010,211,22.8,18.3,20.7,0.0,23.58,0.0
2010,212,23.1,18.7,20.4,1.8,15.63,0.0
2010,213,25.1,18.0,21.8,5.0,17.4,0.0
2010,214,28.2,20.3,24.1,0.4,19.66,0.0
2010,215,29.6,21.7,25.7,0.0,23.93,0.0
2010,216,29.3,22.5,26.0,0.5,20.64,0.0
2010,217,26.4,20.7,23.7,0.4,22.75,0.0
2010,218,21.9,16.9,19.3,0.7,20.08,0.0
2010,219,25.6,14.0,20.1,0.0,22.15,0.0
2010,220,29.1,21.0,23.6,8.0,17.93,0.0
2010,221,25.4,22.4,23.8,9.5,10.46,0.0
2010,222,27.3,21.9,24.4,0.4,21.1,0.0
2010,223,28.1,20.2,24.1,2.6,19.97,0.0
2010,224,27.7,21.7,24.7,4.3,22.36,0.0
2010,225,28.8,21.5,25.0,0.0,21.8,0.0
2010,226,27.5,22.5,25.0,1.1,11.36,0.0
2010,227,29.1,22.7,25.4,0.4,20.44,0.0
2010,228,24.5,19.9,22.0,0.0,23.53,0.0
2010,229,23.9,18.3,20.9,0.0,20.33,0.0
2010,230,25.5,14.3,20.6,0.0,24.57,0.0
2010,231,25.4,18.5,21.1,3.0,19.06,0.0
2010,232,26.3,17.5,21.3,0.5,17.29,0.0
2010,233,24.8,21.7,23.0,0.6,7.9,0.0
2010,234,23.4,19.9,21.4,0.0,15.44,0.0
2010,235,22.1,18.8,20.5,0.1,12.62,0.0
2010,236,23.0,17.5,20.7,0.0,12.96,0.0
2010,237,23.3,18.2,21.0,0.1,18.69,0.0
2010,238,19.6,15.6,17.6,0.0,17.42,0.0
2010,239,24.3,13.4,18.9,0.0,24.12,0.0
2010,240,28.9,17.9,22.9,0.0,23.53,0.0
2010,241,31.6,18.5,24.7,0.0,23.56,0.0
2010,242,31.5,22.8,27.1,0.0,20.43,0.0
2010,243,31.7,23.7,27.5,0.0,20.15,0.0
2010,244,30.5,23.0,25.9,1.8,17.46,0.0
2010,245,25.6,20.0,22.4,8.0,10.25,0.0
2010,246,23.0,15.9,20.7,3.5,18.65,0.0
2010,247,15.7,12.1,13.8,0.7,13.58,0.0
2010,248,19.4,11.4,15.0,0.0,17.0,0.0
2010,249,23.2,14.4,18.5,1.9,14.46,0.0
2010,250,26.8,18.3,22.4,0.0,21.2,0.0
2010,251,17.5,14.3,15.9,0.0,11.53,0.0
2010,252,16.8,12.2,14.5,0.0,13.26,0.0
2010,253,17.6,13.4,15.2,0.0,12.72,0.0
2010,254,20.0,13.3,16.0,2.7,10.84,0.0
2010,255,21.9,12.8,17.0,0.0,17.47,0.0
2010,256,21.8,14.2,17.9,1.2,19.14,0.0
2010,257,18.6,12.5,15.4,0.0,15.97,0.0
2010,258,17.2,10.4,14.2,0.1,20.25,0.0
2010,259,18.7,14.0,15.7,14.4,8.29,0.0
2010,260,16.6,12.3,14.4,0.0,9.86,0.0
2010,261,19.7,12.9,15.5,1.2,8.28,0.0
2010,262,17.2,12.0,14.6,0.0,15.81,0.0
2010,263,17.9,10.7,14.9,0.0,14.21,0.0
2010,264,28.1,14.4,20.8,4.9,16.06,0.0
2010,265,19.4,15.4,17.7,7.0,10.99,0.0
2010,266,26.8,13.9,20.1,0.0,11.29,0.0
2010,267,25.5,15.9,22.5,0.0,9.57,0.0
2010,268,15.3,10.4,12.5,0.0,5.89,0.0
2010,269,12.9,9.9,11.1,0.3,6.42,0.0
2010,270,15.6,9.3,12.7,5.8,9.23,0.0
2010,271,15.7,13.4,14.4,9.0,3.85,0.0
2010,272,20.2,9.8,15.1,0.0,17.18,0.0
2010,273,18.4,13.3,15.4,1.1,12.11,0.0
2010,274,15.2,10.9,12.8,0.0,15.24,0.0
2010,275,11.5,9.2,9.8,20.7,3.37,0.0
2010,276,10.8,8.1,9.2,0.0,11.36,0.0
2010,277,12.1,8.6,9.9,0.0,13.96,0.0
2010,278,15.5,8.4,11.8,0.0,14.47,0.0
2010,279,17.9,11.1,14.1,0.0,15.96,0.0
2010,280,18.0,11.1,14.4,0.0,16.32,0.0
2010,281,21.6,10.6,15.5,0.0,15.85,0.0
2010,282,15.9,11.3,13.7,0.0,15.53,0.0
2010,283,19.7,9.1,14.0,0.0,14.82,0.0
2010,284,16.3,11.7,13.9,2.5,9.68,0.0
2010,285,14.3,8.3,11.4,0.0,13.04,0.0
2010,286,13.9,8.8,11.4,6.6,4.89,0.0
2010,287,14.1,9.0,11.4,0.7,12.73,0.0
2010,288,13.2,8.0,10.5,1.3,11.14,0.0
2010,289,14.7,7.7,11.1,0.0,14.0,0.0
2010,290,14.1,9.3,11.5,0.0,13.56,0.0
2010,291,11.0,7.8,9.3,0.0,10.67,0.0
2010,292,13.2,6.0,9.3,0.0,12.81,0.0
2010,293,16.3,7.4,10.7,0.9,12.94,0.0
2010,294,8.7,4.9,7.0,0.5,11.96,0.0
2010,295,11.3,3.8,7.2,0.0,12.01,0.0
2010,296,14.8,7.2,11.0,7.1,6.72,0.0
2010,297,19.1,10.8,14.5,4.3,7.65,0.0
2010,298,19.2,14.8,16.3,2.7,7.21,0.0
2010,299,18.6,13.4,15.5,7.3,4.15,0.0
2010,300,17.0,12.2,14.2,0.3,12.31,0.0
2010,301,12.5,6.5,8.3,0.0,4.98,0.0
2010,302,8.8,4.5,6.4,0.1,8.7,0.0
2010,303,12.2,5.2,7.7,0.0,8.15,0.0
2010,304,5.4,3.5,4.5,0.0,7.42,0.0
2010,305,7.2,1.3,4.4,0.0,9.21,0.0
2010,306,7.4,1.5,4.3,0.0,10.08,0.0
2010,307,6.0,-0.1,2.7,0.4,5.45,0.0
2010,308,7.2,3.3,4.8,1.0,7.19,0.0
2010,309,3.9,0.7,2.4,1.1,6.24,0.0
2010,310,3.9,0.0,1.9,0.3,8.4,0.0
2010,311,9.6,0.7,4.2,0.0,10.59,0.0
2010,312,11.7,1.5,6.2,0.0,10.48,0.0
2010,313,10.9,4.1,6.7,0.0,10.44,0.0
2010,314,10.3,3.4,6.5,0.0,7.63,0.0
2010,315,12.9,2.8,7.1,0.0,10.31,0.0
2010,316,13.0,4.0,8.1,0.0,7.64,0.0
2010,317,12.0,7.0,9.0,0.6,8.06,0.0
2010,318,10.2,4.6,6.9,4.2,5.58,0.0
2010,319,8.0,3.5,5.3,0.0,7.23,0.0
2010,320,9.4,2.3,5.7,3.5,8.38,0.0
2010,321,8.9,4.7,6.6,13.0,7.28,0.0
2010,322,4.9,1.1,3.5,0.0,8.0,0.0
2010,323,5.5,-2.7,1.9,0.0,5.75,0.0
2010,324,5.6,0.5,2.8,0.0,6.81,0.0
2010,325,10.2,0.4,4.0,0.1,3.07,0.0
2010,326,15.6,11.3,13.6,5.2,3.27,0.0
2010,327,14.4,-0.0,5.1,6.6,4.1,0.0
2010,328,3.4,-0.6,1.4,0.0,6.02,0.0
2010,329,6.0,2.1,4.0,12.1,1.23,0.0
2010,330,0.6,-4.2,-2.2,0.5,5.77,0.0
2010,331,2.6,-2.1,-0.1,0.0,6.11,0.0
2010,332,3.0,-1.6,-0.1,0.0,7.72,0.0
2010,333,6.1,-0.8,2.4,0.0,6.21,0.0
2010,334,11.4,2.4,7.3,11.7,1.76,0.0
2010,335,2.0,-2.3,-0.1,0.0,3.77,0.0
2010,336,0.3,-2.3,-1.3,0.0,5.52,0.0
2010,337,0.4,-2.9,-1.7,0.0,6.49,0.0
2010,338,-0.3,-2.6,-1.8,0.0,3.59,0.0
2010,339,-2.4,-3.5,-3.0,0.0,3.05,0.0
2010,340,-3.0,-4.8,-3.7,0.2,3.19,0.0
2010,341,-4.4,-5.7,-4.9,0.0,3.2,0.0
2010,342,-3.9,-6.4,-4.9,0.0,5.56,0.0
2010,343,-3.1,-8.0,-5.6,0.0,7.43,0.0
2010,344,1.6,-3.8,-1.3,2.1,4.08,0.0
2010,345,2.3,-2.4,0.1,0.0,4.42,0.0
2010,346,2.1,-7.0,-0.9,20.4,1.06,0.0
2010,347,-7.7,-11.4,-10.0,6.1,4.4,0.0
2010,348,-8.1,-11.7,-10.0,0.1,6.88,0.0
2010,349,-5.3,-10.3,-7.9,0.0,6.24,0.0
2010,350,-4.7,-11.3,-7.8,0.0,6.46,0.0
2010,351,-3.6,-5.6,-4.7,0.0,5.56,0.0
2010,352,-4.5,-7.4,-6.1,0.0,4.33,0.0
2010,353,-5.0,-9.3,-6.9,0.0,5.31,0.0
2010,354,-2.5,-11.2,-7.0,0.0,6.3,0.0
2010,355,-1.3,-4.9,-3.1,0.0,3.37,0.0
2010,356,-1.1,-4.0,-2.5,0.1,3.79,0.0
2010,357,-2.7,-4.3,-3.5,0.0,3.95,0.0
2010,358,-2.8,-5.0,-3.9,0.0,3.14,0.0
2010,359,-2.7,-3.5,-3.0,0.1,3.01,0.0
2010,360,-3.1,-6.1,-4.6,0.0,3.06,0.0
2010,361,-5.8,-7.1,-6.4,0.0,4.72,0.0
2010,362,-2.0,-6.4,-4.3,0.0,3.31,0.0
2010,363,0.5,-7.6,-3.8,0.0,7.85,0.0
2010,364,3.9,-3.8,1.1,1.8,2.7,0.0
2010,365,8.9,4.1,6.1,1.0,1.82,0.0
2011,1,9.7,-5.8,4.9,5.9,2.89,0.0
2011,2,-4.9,-8.2,-6.2,0.0,6.93,0.0
2011,3,-1.5,-9.3,-5.8,0.0,5.79,0.0
2011,4,0.1,-5.6,-2.6,2.9,5.2,0.0
2011,5,-5.8,-9.4,-7.2,0.0,7.21,0.0
2011,6,-3.3,-8.4,-6.1,0.9,4.48,0.0
2011,7,-7.2,-11.7,-9.3,0.0,6.02,0.0
2011,8,-5.3,-11.0,-8.2,0.2,6.33,0.0
2011,9,-6.3,-12.2,-9.6,0.0,7.79,0.0
2011,10,-5.3,-12.2,-8.5,0.0,5.82,0.0
2011,11,-3.5,-6.6,-4.8,2.4,4.11,0.0
2011,12,-4.2,-9.0,-6.8,1.0,3.57,0.0
2011,13,-7.0,-10.1,-8.6,0.0,6.55,0.0
2011,14,-4.1,-10.1,-7.1,0.0,7.28,0.0
2011,15,-3.1,-11.5,-6.2,3.8,5.4,0.0
2011,16,-12.7,-19.6,-15.3,0.0,8.14,0.0
2011,17,-4.9,-21.8,-12.7,0.4,7.5,0.0
2011,18,0.2,-5.1,-1.8,7.5,3.65,0.0
2011,19,-5.8,-14.7,-10.6,0.0,4.57,0.0
2011,20,-7.0,-21.8,-13.9,0.5,6.26,0.0
2011,21,-7.5,-19.2,-15.4,0.4,9.66,0.0
2011,22,-9.8,-23.5,-16.6,0.5,6.89,0.0
2011,23,-14.2,-20.9,-18.1,0.0,10.07,0.0
2011,24,-7.1,-25.4,-14.7,0.5,5.68,0.0
2011,25,-1.9,-6.3,-3.3,0.0,5.25,0.0
2011,26,-1.8,-5.1,-3.2,0.0,4.96,0.0
2011,27,-3.0,-10.6,-6.4,0.2,6.35,0.0
2011,28,-4.2,-7.7,-6.0,0.0,6.44,0.0
2011,29,-7.2,-11.2,-8.4,3.2,6.81,0.0
2011,30,-8.7,-14.4,-11.7,0.0,10.2,0.0
2011,31,-10.9,-16.4,-13.6,0.0,8.19,0.0
2011,32,-9.6,-12.4,-11.3,1.0,7.82,0.0
2011,33,-10.1,-12.1,-11.0,18.9,4.04,0.0
2011,34,-6.1,-16.4,-11.6,0.0,12.05,0.0
2011,35,-4.4,-11.4,-8.6,0.0,11.64,0.0
2011,36,-4.0,-10.3,-6.9,0.0,9.19,0.0
2011,37,-0.6,-5.1,-2.8,1.5,6.11,0.0
2011,38,-2.0,-8.8,-3.9,0.9,5.87,0.0
2011,39,-9.6,-15.3,-12.6,0.0,12.39,0.0
2011,40,-10.9,-15.7,-13.8,0.0,12.59,0.0
2011,41,-11.1,-19.6,-15.4,0.0,13.38,0.0
2011,42,-6.3,-19.4,-12.6,0.0,13.0,0.0
2011,43,-4.0,-7.6,-5.8,0.5,12.33,0.0
2011,44,4.1,-4.7,0.6,0.7,7.7,0.0
2011,45,3.9,-8.2,-0.4,0.5,7.89,0.0
2011,46,-1.0,-16.8,-8.1,0.0,13.0,0.0
2011,47,5.2,-5.2,1.2,0.2,10.48,0.0
2011,48,10.2,2.3,6.8,1.2,5.67,0.0
2011,49,10.5,-0.8,5.1,0.0,14.18,0.0
2011,50,-1.7,-10.0,-5.9,0.0,14.58,0.0
2011,51,-0.4,-8.2,-5.1,4.9,9.67,0.0
2011,52,-6.6,-14.2,-11.6,3.5,11.76,0.0
2011,53,-9.5,-15.7,-13.1,0.0,15.65,0.0
2011,54,-2.9,-20.5,-10.7,0.0,15.33,0.0
2011,55,0.8,-7.1,-2.8,1.1,13.53,0.0
2011,56,-2.9,-12.1,-6.8,1.0,12.05,0.0
2011,57,-2.2,-14.3,-7.7,3.6,10.49,0.0
2011,58,2.4,-5.7,-1.9,0.3,8.82,0.0
2011,59,-0.3,-6.4,-2.9,3.4,16.02,0.0
2011,60,2.2,-12.8,-4.5,0.0,15.81,0.0
2011,61,0.4,-11.7,-6.1,0.0,16.08,0.0
2011,62,-4.5,-16.2,-9.6,0.0,10.2,0.0
2011,63,5.0,-5.1,-0.6,4.5,5.91,0.0
2011,64,1.8,-3.6,-0.8,20.8,4.36,0.0
2011,65,-4.3,-11.3,-8.8,0.0,16.87,0.0
2011,66,-5.8,-13.1,-9.5,0.0,17.37,0.0
2011,67,2.8,-7.7,-2.7,0.0,16.37,0.0
2011,68,3.4,-0.8,1.1,10.4,2.37,0.0
2011,69,3.5,-0.1,1.3,3.8,3.14,0.0
2011,70,1.6,-1.6,-0.3,6.5,6.81,0.0
2011,71,4.3,-5.2,-0.2,2.1,8.68,0.0
2011,72,0.2,-3.5,-1.4,0.0,8.51,0.0
2011,73,0.4,-7.9,-3.9,0.0,19.45,0.0
2011,74,4.1,-8.1,-1.8,0.3,15.78,0.0
2011,75,10.2,0.5,4.8,2.5,19.02,0.0
2011,76,15.7,4.1,9.9,1.0,15.58,0.0
2011,77,13.2,0.7,6.4,1.0,12.72,0.0
2011,78,2.1,-3.9,-1.2,0.0,18.57,0.0
2011,79,5.1,-4.0,-0.3,3.8,10.01,0.0
2011,80,7.3,2.2,4.6,9.3,12.06,0.0
2011,81,2.8,-1.9,0.7,1.3,11.46,0.0
2011,82,-2.4,-6.0,-4.7,18.8,5.81,0.0
2011,83,-5.4,-12.1,-8.5,0.2,20.09,0.0
2011,84,-6.8,-18.2,-11.9,0.0,22.62,0.0
2011,85,-6.8,-17.4,-11.7,0.0,22.32,0.0
2011,86,-5.1,-14.3,-9.2,0.0,22.95,0.0
2011,87,-2.4,-15.7,-8.1,0.0,23.08,0.0
2011,88,0.8,-11.4,-4.8,0.0,22.91,0.0
2011,89,1.9,-5.6,-2.0,0.0,19.73,0.0
2011,90,3.7,-7.1,-1.6,0.0,21.48,0.0
2011,91,6.0,-2.7,0.8,0.0,20.87,0.0
2011,92,6.6,-4.6,1.0,0.7,19.99,0.0
2011,93,5.5,-3.1,1.0,12.3,7.78,0.0
2011,94,13.8,2.3,6.9,3.1,8.76,0.0
2011,95,5.6,-0.3,2.2,0.0,18.54,0.0
2011,96,6.3,-0.1,2.4,0.3,14.1,0.0
2011,97,7.8,-3.0,2.2,0.0,23.44,0.0
2011,98,9.0,0.8,4.0,0.0,14.19,0.0
2011,99,13.1,-0.5,6.3,0.0,23.8,0.0
2011,100,24.4,6.2,13.8,12.6,16.71,0.0
2011,101,20.1,5.4,13.7,0.0,17.27,0.0
2011,102,6.4,0.1,3.1,0.0,25.9,0.0
2011,103,11.8,-2.0,4.9,0.0,24.66,0.0
2011,104,4.1,-0.2,2.6,0.0,23.53,0.0
2011,105,6.7,-0.6,2.9,0.0,23.53,0.0
2011,106,12.1,2.7,7.8,14.9,8.12,0.0
2011,107,4.2,0.6,2.2,1.2,20.05,0.0
2011,108,3.1,-2.1,-0.1,0.0,17.3,0.0
2011,109,5.1,-1.2,1.3,11.6,14.34,0.0
2011,110,3.9,1.1,2.3,10.1,8.64,0.0
2011,111,6.8,0.1,3.0,0.0,24.0,0.0
2011,112,8.3,0.9,4.2,1.4,17.27,0.0
2011,113,15.3,4.5,9.8,8.4,21.42,0.0
2011,114,10.1,2.9,6.7,0.1,19.03,0.0
2011,115,12.8,4.4,7.8,0.0,15.31,0.0
2011,116,20.8,5.5,11.3,17.7,13.02,0.0
2011,117,18.0,9.9,13.1,15.6,9.21,0.0
2011,118,9.5,4.4,7.3,18.4,7.19,0.0
2011,119,8.9,2.9,5.6,1.7,25.47,0.0
2011,120,13.9,1.2,7.9,0.0,24.85,0.0
2011,121,20.0,9.5,14.1,2.8,17.27,0.0
2011,122,13.4,4.5,9.4,0.6,19.53,0.0
2011,123,5.5,2.6,3.8,0.7,9.24,0.0
2011,124,11.2,2.3,6.8,0.0,28.01,0.0
2011,125,15.7,4.7,10.1,0.0,28.39,0.0
2011,126,14.9,8.4,11.2,3.8,21.47,0.0
2011,127,12.3,4.1,8.4,0.0,25.47,0.0
2011,128,14.3,3.6,8.8,0.0,28.37,0.0
2011,129,16.3,5.4,10.4,0.0,26.39,0.0
2011,130,16.4,9.2,12.8,0.3,18.02,0.0
2011,131,21.9,9.6,15.6,0.0,25.7,0.0
2011,132,23.1,12.5,17.5,1.9,24.33,0.0
2011,133,22.1,11.6,17.8,4.6,16.97,0.0
2011,134,10.9,7.8,9.3,33.3,2.67,0.0
2011,135,8.7,6.5,7.3,3.3,11.58,0.0
2011,136,7.6,4.1,6.2,0.0,20.34,0.0
2011,137,10.9,6.3,8.4,2.4,15.6,0.0
2011,138,16.4,9.3,12.5,1.6,13.3,0.0
2011,139,17.9,10.5,13.1,6.8,16.2,0.0
2011,140,17.8,8.6,12.7,0.0,22.32,0.0
2011,141,20.3,9.4,14.3,0.0,22.61,0.0
2011,142,27.6,14.6,20.4,4.7,25.2,0.0
2011,143,24.3,18.6,20.4,8.2,17.6,0.0
2011,144,18.0,8.2,12.7,0.0,18.0,0.0
2011,145,14.3,6.8,10.4,15.0,13.2,0.0
2011,146,9.5,6.8,8.0,20.2,3.97,0.0
2011,147,10.7,7.0,9.1,0.1,11.08,0.0
2011,148,18.6,10.5,14.5,0.2,11.82,0.0
2011,149,22.6,12.2,16.9,7.2,18.98,0.0
2011,150,26.9,12.7,20.1,0.0,26.07,0.0
2011,151,30.6,21.1,25.6,2.3,28.22,0.0
2011,152,22.1,15.3,19.9,0.0,30.69,0.0
2011,153,16.0,9.5,12.6,0.0,31.18,0.0
2011,154,22.2,8.1,15.6,0.0,29.84,0.0
2011,155,27.6,16.2,20.1,13.9,20.17,0.0
2011,156,22.3,13.4,17.9,0.0,28.74,0.0
2011,157,27.6,12.1,20.2,0.0,29.46,0.0
2011,158,30.7,20.3,25.3,6.2,27.5,0.0
2011,159,31.3,24.3,27.7,0.0,27.74,0.0
2011,160,26.2,12.2,16.8,2.1,10.77,0.0
2011,161,14.8,10.2,12.2,9.0,11.89,0.0
2011,162,20.5,12.8,16.8,2.8,12.94,0.0
2011,163,16.9,12.6,14.8,0.1,17.89,0.0
2011,164,17.6,12.9,15.4,0.0,29.0,0.0
2011,165,18.9,12.4,15.7,0.0,30.79,0.0
2011,166,22.4,12.3,17.8,0.0,28.05,0.0
2011,167,21.5,16.8,19.0,2.7,17.03,0.0
2011,168,23.3,14.3,18.9,0.7,26.02,0.0
2011,169,23.0,14.0,18.5,0.0,29.37,0.0
2011,170,21.7,14.8,18.0,0.0,27.73,0.0
2011,171,24.7,16.0,20.3,0.0,26.9,0.0
2011,172,25.2,18.6,21.2,12.8,18.11,0.0
2011,173,27.8,19.1,22.2,20.7,20.17,0.0
2011,174,21.0,18.2,19.3,3.6,9.55,0.0
2011,175,20.2,16.6,18.2,4.3,14.17,0.0
2011,176,22.3,15.3,18.0,0.2,17.91,0.0
2011,177,21.3,14.2,18.2,0.0,30.73,0.0
2011,178,24.8,13.4,19.0,8.3,20.17,0.0
2011,179,20.4,16.0,19.3,0.2,23.39,0.0
2011,180,20.8,13.9,16.7,0.0,21.38,0.0
2011,181,23.1,12.8,18.6,0.0,29.83,0.0
2011,182,28.8,15.7,22.2,0.0,29.82,0.0
2011,183,30.7,21.2,24.6,8.5,22.72,0.0
2011,184,26.0,18.8,22.5,0.0,29.26,0.0
2011,185,25.3,17.1,21.8,0.0,29.99,0.0
2011,186,28.7,18.7,23.8,0.0,28.02,0.0
2011,187,25.2,19.2,22.0,5.2,22.11,0.0
2011,188,23.4,16.3,20.2,0.0,24.57,0.0
2011,189,26.3,15.4,21.8,0.0,27.25,0.0
2011,190,25.7,17.6,22.2,0.0,28.13,0.0
2011,191,30.3,21.4,25.6,0.2,22.84,0.0
2011,192,30.6,22.4,25.8,2.5,20.38,0.0
2011,193,27.3,20.9,23.8,0.9,23.78,0.0
2011,194,20.8,17.3,19.2,0.3,26.54,0.0
2011,195,23.2,14.6,19.3,0.0,23.55,0.0
2011,196,25.8,17.4,21.6,0.0,28.66,0.0
2011,197,29.6,18.7,24.4,0.0,27.06,0.0
2011,198,32.1,22.0,27.3,0.0,27.6,0.0
2011,199,29.4,23.3,25.9,11.4,12.29,0.0
2011,200,28.6,20.9,25.0,0.0,25.8,0.0
2011,201,31.5,22.9,27.0,0.7,18.31,0.0
2011,202,34.0,25.5,29.8,0.0,26.19,0.0
2011,203,29.0,21.3,24.5,1.6,15.15,0.0
2011,204,29.5,22.0,25.1,3.2,19.84,0.0
2011,205,27.0,22.0,24.2,0.0,20.43,0.0
2011,206,26.8,21.0,23.6,3.2,25.11,0.0
2011,207,23.9,19.0,22.1,0.0,25.16,0.0
2011,208,25.6,16.8,21.8,0.5,20.54,0.0
2011,209,28.0,20.5,24.4,4.3,13.69,0.0
2011,210,29.2,22.7,25.5,13.4,21.07,0.0
2011,211,27.7,20.1,24.6,0.0,23.93,0.0
2011,212,30.1,22.2,25.6,0.4,23.16,0.0
2011,213,28.4,22.0,25.4,0.3,25.75,0.0
2011,214,26.2,21.4,23.7,2.3,10.93,0.0
2011,215,25.3,20.7,22.8,8.0,18.73,0.0
2011,216,25.3,19.1,22.0,0.0,24.61,0.0
2011,217,26.5,19.8,23.3,0.2,20.06,0.0
2011,218,26.9,21.6,24.2,0.9,14.23,0.0
2011,219,28.0,21.3,23.6,6.5,20.34,0.0
2011,220,24.2,19.9,21.9,0.2,23.48,0.0
2011,221,25.1,18.1,21.3,4.4,22.47,0.0
2011,222,21.0,18.2,19.7,0.4,19.03,0.0
2011,223,24.3,15.7,20.0,0.0,23.46,0.0
2011,224,25.6,17.1,21.7,0.0,21.95,0.0
2011,225,25.9,19.4,22.2,2.8,18.72,0.0
2011,226,22.0,17.9,19.9,4.9,15.51,0.0
2011,227,23.3,17.8,20.5,0.0,25.61,0.0
2011,228,26.1,16.0,21.2,0.0,25.32,0.0
2011,229,26.7,18.3,22.3,0.0,20.07,0.0
2011,230,27.0,19.1,22.9,0.0,24.71,0.0
2011,231,27.6,17.9,23.0,0.0,24.99,0.0
2011,232,28.3,19.6,22.0,15.9,15.55,0.0
2011,233,22.9,17.2,19.7,2.2,19.58,0.0
2011,234,21.0,15.0,18.1,0.0,21.51,0.0
2011,235,26.3,14.9,20.6,0.0,22.5,0.0
2011,236,28.8,19.3,22.6,17.7,16.69,0.0
2011,237,22.1,17.8,20.2,0.0,16.56,0.0
2011,238,23.8,14.3,19.6,0.0,23.55,0.0
2011,239,23.8,17.5,20.5,0.2,20.09,0.0
2011,240,20.8,16.6,19.2,0.0,22.19,0.0
2011,241,23.3,15.5,19.3,0.0,20.85,0.0
2011,242,25.4,16.4,20.9,0.0,22.4,0.0
2011,243,24.3,18.4,21.1,3.3,11.33,0.0
2011,244,27.7,19.4,23.1,1.3,21.94,0.0
2011,245,32.2,22.1,26.3,0.0,18.14,0.0
2011,246,26.8,21.5,23.9,12.1,12.18,0.0
2011,247,23.8,18.5,21.6,7.0,14.4,0.0
2011,248,17.7,13.8,14.7,0.4,12.79,0.0
2011,249,15.9,13.6,14.6,0.0,12.47,0.0
2011,250,18.5,14.1,16.3,0.7,13.86,0.0
2011,251,19.7,15.8,17.7,0.0,12.88,0.0
2011,252,23.0,16.7,19.6,0.0,19.06,0.0
2011,253,24.1,15.7,19.8,0.0,21.0,0.0
2011,254,25.1,15.5,20.3,0.0,18.89,0.0
2011,255,26.9,17.9,22.2,0.0,18.33,0.0
2011,256,22.3,16.2,19.6,1.1,9.89,0.0
2011,257,18.3,11.5,14.4,1.2,12.57,0.0
2011,258,13.5,8.8,11.2,0.0,17.11,0.0
2011,259,13.4,8.9,11.2,0.0,12.71,0.0
2011,260,16.1,10.6,13.1,0.0,18.57,0.0
2011,261,19.3,10.8,14.9,0.0,18.78,0.0
2011,262,17.9,14.7,16.1,26.6,3.2,0.0
2011,263,18.9,11.2,15.3,0.0,18.37,0.0
2011,264,22.3,14.4,18.1,2.0,13.13,0.0
2011,265,18.1,12.9,15.6,0.1,12.21,0.0
2011,266,15.3,13.1,14.0,9.8,4.29,0.0
2011,267,17.9,10.6,14.4,0.0,14.82,0.0
2011,268,21.2,13.4,16.9,0.4,13.91,0.0
2011,269,21.4,17.0,18.6,12.5,6.38,0.0
2011,270,20.1,12.3,16.7,0.0,17.23,0.0
2011,271,19.1,13.9,16.2,1.2,11.99,0.0
2011,272,17.0,10.8,13.8,5.8,11.85,0.0
2011,273,12.6,6.3,9.4,17.1,2.55,0.0
2011,274,9.5,8.3,8.8,2.0,9.54,0.0
2011,275,13.0,8.3,10.6,0.0,16.52,0.0
2011,276,13.9,10.8,12.4,0.9,9.46,0.0
2011,277,17.7,10.6,14.1,0.0,16.58,0.0
2011,278,19.8,10.9,14.8,0.0,14.71,0.0
2011,279,21.1,11.8,15.9,0.0,16.06,0.0
2011,280,24.0,12.5,17.5,0.0,15.86,0.0
2011,281,24.7,14.4,18.7,0.0,15.9,0.0
2011,282,24.4,15.5,19.4,0.0,15.45,0.0
2011,283,23.4,12.8,18.0,0.0,13.56,0.0
2011,284,23.4,14.3,18.3,0.0,14.57,0.0
2011,285,19.9,14.1,16.0,6.2,6.45,0.0
2011,286,17.8,13.6,15.4,0.3,7.73,0.0
2011,287,14.9,10.6,13.1,6.6,7.39,0.0
2011,288,11.4,7.3,9.5,5.1,4.79,0.0
2011,289,12.8,9.9,10.9,0.0,8.38,0.0
2011,290,12.2,8.4,10.3,0.0,10.18,0.0
2011,291,11.1,7.2,9.4,0.0,8.11,0.0
2011,292,9.6,8.7,9.3,22.8,1.68,0.0
2011,293,9.8,7.1,8.7,36.7,1.07,0.0
2011,294,9.0,6.1,7.4,0.0,4.77,0.0
2011,295,12.1,4.6,8.3,0.0,12.44,0.0
2011,296,15.3,5.6,10.2,0.0,11.98,0.0
2011,297,13.2,8.0,10.6,4.5,12.36,0.0
2011,298,8.9,5.2,7.4,10.5,3.64,0.0
2011,299,9.4,7.0,8.4,3.2,2.52,0.0
2011,300,6.9,3.5,5.8,0.9,6.71,0.0
2011,301,8.1,1.0,4.8,0.0,12.14,0.0
2011,302,8.8,2.8,5.2,2.4,9.71,0.0
2011,303,9.0,1.2,4.7,0.5,9.2,0.0
2011,304,11.7,6.3,8.2,2.2,10.41,0.0
2011,305,12.9,4.2,8.2,0.0,10.9,0.0
2011,306,16.4,8.6,11.7,0.0,10.03,0.0
2011,307,10.9,5.9,7.7,4.8,3.72,0.0
2011,308,9.1,3.9,6.3,0.0,9.49,0.0
2011,309,9.8,2.4,5.3,0.0,11.3,0.0
2011,310,14.8,4.7,9.3,0.0,10.6,0.0
2011,311,14.9,11.4,12.8,0.0,8.98,0.0
2011,312,11.0,8.1,9.0,7.5,1.73,0.0
2011,313,14.0,7.4,11.2,12.8,2.34,0.0
2011,314,6.4,2.5,4.6,0.2,9.29,0.0
2011,315,4.7,1.2,2.9,0.0,7.51,0.0
2011,316,12.1,2.6,6.5,0.0,10.03,0.0
2011,317,14.8,9.3,12.5,0.5,3.37,0.0
2011,318,13.7,6.2,9.5,1.0,5.57,0.0
2011,319,12.0,5.0,8.2,0.0,9.76,0.0
2011,320,9.5,2.2,5.6,0.0,8.1,0.0
2011,321,1.9,-0.9,0.4,0.0,8.8,0.0
2011,322,6.3,-2.0,1.8,0.0,8.19,0.0
2011,323,9.6,4.1,6.5,0.8,6.44,0.0
2011,324,11.1,1.7,5.5,2.6,3.21,0.0
2011,325,4.2,-0.4,1.7,0.0,6.99,0.0
2011,326,3.5,-0.7,1.7,1.4,4.4,0.0
2011,327,5.6,2.3,3.5,2.1,7.67,0.0
2011,328,7.5,2.3,4.4,0.0,5.91,0.0
2011,329,12.5,5.3,8.4,0.0,8.12,0.0
2011,330,13.4,8.6,10.8,0.0,4.75,0.0
2011,331,12.7,2.5,8.4,12.7,0.97,0.0
2011,332,4.1,1.4,2.6,0.2,5.96,0.0
2011,333,3.4,1.4,2.6,43.5,0.87,0.0
2011,334,1.9,-1.1,0.5,13.8,7.74,0.0
2011,335,2.7,-3.3,-0.3,0.0,7.43,0.0
2011,336,0.6,-5.9,-1.2,4.5,8.08,0.0
2011,337,5.0,-5.7,1.3,0.9,2.74,0.0
2011,338,10.5,5.4,7.7,6.0,2.0,0.0
2011,339,5.4,1.8,2.6,0.0,2.35,0.0
2011,340,2.0,0.2,1.4,0.0,2.82,0.0
2011,341,1.0,-2.4,-0.6,0.0,6.46,0.0
2011,342,2.0,-2.3,-0.6,0.0,7.16,0.0
2011,343,-0.6,-5.6,-2.3,0.5,6.98,0.0
2011,344,-3.6,-6.9,-5.4,0.0,7.21,0.0
2011,345,3.2,-6.5,-2.7,0.0,7.61,0.0
2011,346,4.6,-2.3,0.3,0.0,6.77,0.0
2011,347,5.1,0.1,1.8,0.0,4.84,0.0
2011,348,8.0,1.0,3.1,6.8,0.58,0.0
2011,349,11.2,0.9,8.4,2.7,3.53,0.0
2011,350,0.9,-1.6,-0.1,0.0,3.42,0.0
2011,351,-1.5,-3.8,-2.6,0.0,5.35,0.0
2011,352,0.9,-3.3,-1.2,0.7,6.12,0.0
2011,353,5.5,-0.2,3.1,0.0,2.97,0.0
2011,354,1.3,-1.4,-0.3,0.0,6.11,0.0
2011,355,3.5,0.0,1.6,0.1,1.26,0.0
2011,356,3.2,-0.4,1.5,1.3,4.0,0.0
2011,357,-1.2,-3.8,-3.1,0.1,3.81,0.0
2011,358,1.2,-3.9,-1.8,0.0,5.65,0.0
2011,359,3.9,-1.9,0.8,0.0,6.17,0.0
2011,360,4.8,-1.9,1.0,0.0,7.46,0.0
2011,361,2.0,-1.2,1.2,8.1,1.48,0.0
2011,362,-2.6,-12.3,-6.9,0.3,5.41,0.0
2011,363,0.4,-13.2,-3.7,3.2,1.81,0.0
2011,364,2.9,-0.1,1.3,6.8,4.08,0.0
2011,365,2.9,0.6,2.0,1.2,2.94,0.0
2012,1,5.6,-1.1,1.9,7.0,1.69,0.0
2012,2,-1.4,-7.9,-4.1,0.0,6.79,0.0
2012,3,-8.3,-10.9,-9.8,0.0,6.47,0.0
2012,4,0.1,-9.1,-4.0,0.0,7.16,0.0
2012,5,2.0,-3.4,-0.8,0.0,6.36,0.0
2012,6,8.2,0.4,4.2,0.0,4.44,0.0
2012,7,3.2,-1.4,1.2,0.0,6.39,0.0
2012,8,0.8,-3.4,-1.5,0.0,8.08,0.0
2012,9,3.4,-2.4,0.2,0.0,5.67,0.0
2012,10,4.0,-1.3,0.9,0.0,8.23,0.0
2012,11,6.8,-0.5,2.3,0.0,7.92,0.0
2012,12,3.2,0.3,2.0,9.5,1.03,0.0
2012,13,0.2,-9.9,-4.5,2.4,4.38,0.0
2012,14,-7.8,-12.4,-10.1,0.0,6.79,0.0
2012,15,-5.6,-13.0,-9.3,0.0,8.49,0.0
2012,16,3.5,-6.8,-2.0,0.7,6.85,0.0
2012,17,2.5,-6.4,-0.0,13.1,1.33,0.0
2012,18,-7.1,-11.4,-8.8,0.0,9.25,0.0
2012,19,-4.8,-14.1,-8.4,0.6,8.06,0.0
2012,20,-10.5,-19.1,-14.4,1.6,7.87,0.0
2012,21,-7.5,-14.5,-10.7,0.2,8.19,0.0
2012,22,0.9,-15.6,-5.1,0.0,7.18,0.0
2012,23,7.9,0.5,4.7,8.5,3.41,0.0
2012,24,0.2,-3.6,-1.2,0.0,5.23,0.0
2012,25,0.1,-4.2,-2.2,0.0,6.07,0.0
2012,26,2.6,-3.4,-0.9,0.3,7.49,0.0
2012,27,2.1,-2.8,0.0,4.3,6.13,0.0
2012,28,0.7,-3.4,-1.5,2.1,5.77,0.0
2012,29,-1.9,-6.0,-3.7,0.0,7.36,0.0
2012,30,-0.9,-7.5,-4.4,1.9,4.22,0.0
2012,31,9.8,-0.9,4.6,0.0,8.52,0.0
2012,32,8.4,0.4,3.3,0.0,5.98,0.0
2012,33,0.7,-1.4,-0.3,0.0,5.91,0.0
2012,34,2.6,-0.9,0.4,0.0,5.23,0.0
2012,35,2.8,-2.4,-0.2,0.0,10.3,0.0
2012,36,2.7,-2.5,-0.6,0.0,8.12,0.0
2012,37,5.3,-1.9,0.9,0.0,11.65,0.0
2012,38,-0.6,-5.6,-2.5,0.0,5.85,0.0
2012,39,0.8,-6.5,-3.4,0.0,11.91,0.0
2012,40,3.5,-4.6,-1.5,0.0,12.64,0.0
2012,41,1.5,-7.5,-2.4,3.1,6.09,0.0
2012,42,-8.2,-13.7,-11.1,2.0,8.69,0.0
2012,43,-2.8,-11.5,-7.6,0.0,13.0,0.0
2012,44,1.4,-5.9,-2.9,0.0,13.49,0.0
2012,45,1.2,-3.1,-1.2,0.0,6.83,0.0
2012,46,4.8,-2.9,0.4,0.0,10.16,0.0
2012,47,3.6,-0.5,1.6,5.0,4.74,0.0
2012,48,3.5,-2.4,0.0,0.0,12.59,0.0
2012,49,-0.6,-5.0,-1.8,1.7,8.9,0.0
2012,50,-2.3,-9.8,-5.5,0.0,14.34,0.0
2012,51,2.2,-7.6,-3.0,0.0,14.6,0.0
2012,52,3.7,-3.3,0.6,0.7,5.85,0.0
2012,53,4.4,-1.1,1.4,0.0,10.93,0.0
2012,54,4.1,-3.1,-0.1,0.0,13.09,0.0
2012,55,-0.3,-2.7,-0.9,12.5,3.6,0.0
2012,56,-2.5,-8.1,-4.7,0.0,13.66,0.0
2012,57,-0.1,-11.0,-5.4,0.0,14.23,0.0
2012,58,1.7,-4.6,0.1,0.0,11.59,0.0
2012,59,0.8,-9.4,-3.8,0.0,14.61,0.0
2012,60,2.1,-1.3,0.4,9.8,3.97,0.0
2012,61,2.6,-1.4,0.3,0.8,7.98,0.0
2012,62,5.1,-1.5,1.7,13.5,9.91,0.0
2012,63,7.1,-4.1,0.6,4.5,11.71,0.0
2012,64,-5.2,-10.0,-8.2,0.0,11.32,0.0
2012,65,-5.6,-12.2,-9.4,0.0,17.87,0.0
2012,66,8.5,-9.0,0.8,0.0,15.93,0.0
2012,67,15.4,8.4,11.7,0.4,13.86,0.0
2012,68,13.9,-1.6,6.7,3.3,9.11,0.0
2012,69,-1.2,-6.6,-2.7,0.7,17.41,0.0
2012,70,6.1,-7.5,-1.3,0.0,15.8,0.0
2012,71,15.1,3.5,8.2,0.0,18.11,0.0
2012,72,15.2,6.1,9.4,12.0,7.34,0.0
2012,73,13.5,6.2,9.4,0.3,17.7,0.0
2012,74,18.4,-0.1,9.6,0.0,18.27,0.0
2012,75,19.6,12.5,15.3,2.5,13.1,0.0
2012,76,13.1,5.6,8.7,0.0,10.68,0.0
2012,77,22.6,6.6,14.7,0.0,15.71,0.0
2012,78,20.1,10.8,15.1,0.0,14.76,0.0
2012,79,21.6,11.3,15.4,0.0,15.66,0.0
2012,80,24.5,12.9,17.9,0.0,16.26,0.0
2012,81,25.7,13.8,19.3,0.0,19.2,0.0
2012,82,19.3,10.6,15.2,0.0,16.6,0.0
2012,83,17.4,9.8,13.0,0.0,14.46,0.0
2012,84,11.6,7.8,9.3,2.1,3.25,0.0
2012,85,13.3,4.8,9.2,0.0,18.49,0.0
2012,86,3.4,-2.4,-0.0,0.0,21.78,0.0
2012,87,8.6,-3.5,2.3,0.0,17.36,0.0
2012,88,12.8,4.0,9.8,0.0,10.65,0.0
2012,89,3.7,-0.3,2.0,0.0,12.02,0.0
2012,90,2.7,-1.5,0.8,3.9,7.16,0.0
2012,91,5.8,-0.2,2.5,0.0,21.92,0.0
2012,92,8.1,1.2,4.5,1.1,9.96,0.0
2012,93,8.6,1.1,4.4,0.0,23.54,0.0
2012,94,12.4,1.5,6.5,0.0,11.44,0.0
2012,95,8.4,2.9,5.4,0.0,23.52,0.0
2012,96,3.4,0.5,1.8,0.0,16.74,0.0
2012,97,7.3,0.7,3.6,0.0,24.36,0.0
2012,98,12.8,0.9,6.3,0.0,24.24,0.0
2012,99,12.0,4.8,8.0,0.3,18.75,0.0
2012,100,11.5,3.2,7.0,0.0,22.87,0.0
2012,101,7.0,1.9,4.0,0.7,15.86,0.0
2012,102,6.8,1.7,4.0,0.4,22.11,0.0
2012,103,9.6,-0.5,4.6,0.0,21.95,0.0
2012,104,14.0,-0.9,6.9,0.0,24.47,0.0
2012,105,19.2,7.3,12.7,0.7,16.45,0.0
2012,106,21.7,12.4,15.8,6.3,6.77,0.0
2012,107,19.4,6.2,15.5,6.2,10.48,0.0
2012,108,7.5,1.5,4.3,0.0,24.42,0.0
2012,109,14.6,1.3,7.7,0.0,25.24,0.0
2012,110,11.4,4.5,8.8,3.5,22.88,0.0
2012,111,13.7,2.7,6.2,16.6,8.41,0.0
2012,112,5.9,2.5,3.7,0.0,21.37,0.0
2012,113,7.1,2.6,4.8,0.0,25.86,0.0
2012,114,8.8,3.5,6.2,0.0,24.87,0.0
2012,115,11.6,4.5,7.6,0.0,22.44,0.0
2012,116,13.4,3.0,8.4,0.0,25.15,0.0
2012,117,9.2,3.6,7.5,1.6,12.19,0.0
2012,118,7.5,1.7,4.2,0.0,27.35,0.0
2012,119,7.7,0.9,4.1,0.0,16.02,0.0
2012,120,11.0,-0.7,5.7,0.0,28.35,0.0
2012,121,10.4,4.1,7.5,8.6,5.7,0.0
2012,122,14.1,7.0,10.1,0.0,18.29,0.0
2012,123,23.5,7.1,14.8,1.1,17.83,0.0
2012,124,26.7,10.8,17.5,24.7,20.16,0.0
2012,125,18.0,10.1,14.0,0.0,11.97,0.0
2012,126,12.4,7.4,9.7,0.0,25.57,0.0
2012,127,17.6,7.1,12.1,0.0,23.32,0.0
2012,128,17.2,8.9,12.8,7.5,13.04,0.0
2012,129,17.5,11.1,13.7,0.5,18.74,0.0
2012,130,12.2,7.5,10.5,3.7,20.91,0.0
2012,131,13.2,6.7,9.9,0.0,28.86,0.0
2012,132,20.9,7.0,14.2,0.0,28.92,0.0
2012,133,18.1,11.9,14.8,3.0,14.33,0.0
2012,134,17.2,10.2,13.3,0.0,29.14,0.0
2012,135,21.9,7.1,15.1,0.0,29.69,0.0
2012,136,25.3,12.5,18.8,0.6,28.62,0.0
2012,137,16.2,8.9,11.6,3.5,29.66,0.0
2012,138,14.4,4.9,10.5,0.0,29.8,0.0
2012,139,21.8,9.1,15.4,0.0,29.2,0.0
2012,140,27.7,12.7,20.3,0.0,29.48,0.0
2012,141,29.1,16.3,22.9,0.0,29.41,0.0
2012,142,23.1,13.4,18.7,6.8,19.64,0.0
2012,143,15.7,11.3,13.4,0.0,26.79,0.0
2012,144,22.2,10.0,16.2,0.0,27.37,0.0
2012,145,27.2,15.9,21.8,0.0,27.81,0.0
2012,146,25.6,20.4,23.5,0.0,28.77,0.0
2012,147,21.0,14.5,17.7,0.0,20.7,0.0
2012,148,26.7,15.0,20.2,7.6,19.32,0.0
2012,149,31.3,20.5,25.7,1.5,26.22,0.0
2012,150,25.0,19.9,23.5,0.0,24.91,0.0
2012,151,18.8,11.7,15.4,3.9,18.67,0.0
2012,152,13.2,10.0,11.7,1.2,12.77,0.0
2012,153,14.0,10.6,12.1,22.1,5.21,0.0
2012,154,17.0,8.8,12.1,8.2,10.42,0.0
2012,155,18.9,12.4,14.8,1.9,21.93,0.0
2012,156,16.5,11.6,14.0,0.5,25.33,0.0
2012,157,18.4,11.8,15.0,0.0,28.89,0.0
2012,158,21.9,10.7,17.0,1.1,26.15,0.0
2012,159,23.9,15.0,19.5,0.0,29.5,0.0
2012,160,25.7,14.5,20.6,0.3,25.38,0.0
2012,161,29.2,17.8,23.3,1.6,23.99,0.0
2012,162,30.3,19.4,25.1,0.0,30.27,0.0
2012,163,26.8,21.0,23.7,1.4,19.39,0.0
2012,164,22.7,14.9,20.6,0.0,25.01,0.0
2012,165,16.5,10.6,13.8,0.0,30.88,0.0
2012,166,23.4,11.0,17.6,0.0,30.2,0.0
2012,167,27.9,15.9,22.3,0.0,29.4,0.0
2012,168,29.7,18.8,24.2,0.0,24.13,0.0
2012,169,24.4,20.5,22.1,17.3,12.13,0.0
2012,170,28.5,15.6,23.1,0.0,24.32,0.0
2012,171,31.9,24.2,28.0,0.0,26.9,0.0
2012,172,31.9,23.9,28.1,0.0,29.31,0.0
2012,173,28.7,22.4,25.3,2.9,23.02,0.0
2012,174,23.3,17.8,20.9,2.6,26.3,0.0
2012,175,24.3,16.1,20.8,0.0,26.28,0.0
2012,176,26.1,19.1,21.8,1.5,20.08,0.0
2012,177,19.3,16.2,17.7,0.0,26.24,0.0
2012,178,24.2,15.0,19.6,0.0,29.24,0.0
2012,179,28.4,15.5,22.7,0.0,30.16,0.0
2012,180,33.6,21.0,26.7,3.2,27.65,0.0
2012,181,31.5,22.5,26.7,0.0,29.29,0.0
2012,182,30.7,21.5,25.6,0.0,28.05,0.0
2012,183,28.2,19.8,23.9,0.0,29.23,0.0
2012,184,30.5,19.0,25.3,0.0,28.42,0.0
2012,185,33.3,23.3,26.8,0.1,21.46,0.0
2012,186,32.5,23.4,27.3,1.8,25.9,0.0
2012,187,32.3,21.6,27.7,0.0,27.5,0.0
2012,188,33.0,25.4,29.0,0.0,29.04,0.0
2012,189,27.1,22.4,24.9,0.0,24.21,0.0
2012,190,24.9,19.8,22.4,0.1,26.22,0.0
2012,191,24.3,17.3,21.1,0.9,21.44,0.0
2012,192,24.1,18.7,21.6,0.0,26.23,0.0
2012,193,26.2,16.0,22.0,0.0,29.98,0.0
2012,194,29.1,17.3,24.1,0.0,30.17,0.0
2012,195,30.9,19.0,26.1,0.0,25.66,0.0
2012,196,30.4,22.2,26.8,0.0,26.94,0.0
2012,197,29.6,22.3,25.5,1.2,21.53,0.0
2012,198,32.1,20.7,26.8,0.0,24.61,0.0
2012,199,33.9,24.5,28.8,1.9,22.29,0.0
2012,200,26.5,22.3,24.1,0.8,18.91,0.0
2012,201,22.0,19.2,20.6,13.0,5.19,0.0
2012,202,23.8,18.0,20.9,0.0,29.11,0.0
2012,203,27.9,14.6,21.8,1.9,23.9,0.0
2012,204,29.5,20.9,25.5,0.4,22.6,0.0
2012,205,33.7,23.4,28.0,0.0,26.43,0.0
2012,206,26.0,19.3,22.7,0.0,26.49,0.0
2012,207,28.3,15.5,22.6,0.9,20.15,0.0
2012,208,25.2,21.2,23.0,26.1,11.48,0.0
2012,209,24.1,20.1,21.6,2.7,15.38,0.0
2012,210,23.6,18.6,21.6,0.9,27.85,0.0
2012,211,25.9,17.0,21.7,0.0,27.73,0.0
2012,212,29.8,19.4,24.6,0.0,26.46,0.0
2012,213,25.7,20.1,23.3,4.9,20.11,0.0
2012,214,25.3,19.5,22.5,0.0,26.83,0.0
2012,215,28.8,20.0,23.3,2.9,15.34,0.0
2012,216,28.2,19.9,24.2,0.8,22.37,0.0
2012,217,30.5,22.3,26.4,2.8,22.31,0.0
2012,218,26.0,20.5,23.6,4.6,22.91,0.0
2012,219,26.1,15.9,21.6,0.0,27.41,0.0
2012,220,28.8,17.6,22.9,0.2,24.06,0.0
2012,221,25.0,19.4,22.2,1.7,26.39,0.0
2012,222,20.9,17.6,19.3,19.5,4.56,0.0
2012,223,18.7,17.4,17.9,33.2,4.57,0.0
2012,224,20.4,16.3,18.2,6.7,13.35,0.0
2012,225,23.6,17.3,20.1,0.0,20.21,0.0
2012,226,23.1,17.2,19.9,0.8,15.48,0.0
2012,227,22.7,16.6,19.5,2.2,19.94,0.0
2012,228,23.8,17.1,20.5,0.0,21.32,0.0
2012,229,27.4,18.3,21.4,5.0,15.0,0.0
2012,230,20.8,16.1,18.2,0.3,20.63,0.0
2012,231,21.5,13.3,17.6,0.0,24.56,0.0
2012,232,21.6,14.3,18.1,0.1,22.87,0.0
2012,233,20.6,14.4,17.8,0.0,24.0,0.0
2012,234,22.5,14.1,18.5,0.0,22.05,0.0
2012,235,25.0,15.3,20.3,0.0,24.26,0.0
2012,236,27.4,15.7,21.8,0.0,24.49,0.0
2012,237,29.1,18.7,23.7,0.0,23.96,0.0
2012,238,30.3,19.8,25.0,0.0,22.38,0.0
2012,239,29.8,21.1,25.1,0.0,19.7,0.0
2012,240,26.6,20.1,23.1,7.3,19.42,0.0
2012,241,22.2,17.6,20.2,0.5,17.94,0.0
2012,242,22.6,14.2,19.1,0.0,23.19,0.0
2012,243,28.3,16.8,22.5,0.0,23.47,0.0
2012,244,29.8,21.6,24.5,0.0,20.31,0.0
2012,245,25.5,18.5,21.7,0.0,21.33,0.0
2012,246,24.6,18.9,21.4,0.0,22.62,0.0
2012,247,27.7,18.3,23.0,0.0,21.58,0.0
2012,248,26.5,21.0,23.5,0.3,14.99,0.0
2012,249,28.0,19.1,22.7,5.5,16.73,0.0
2012,250,25.2,18.6,22.2,0.0,19.79,0.0
2012,251,24.1,17.7,20.7,5.2,11.53,0.0
2012,252,19.5,14.8,16.8,14.0,16.85,0.0
2012,253,18.4,13.6,15.8,0.0,18.58,0.0
2012,254,20.0,13.0,16.5,0.0,21.23,0.0
2012,255,25.0,14.2,19.2,0.0,20.23,0.0
2012,256,27.2,16.8,21.6,0.0,20.96,0.0
2012,257,24.8,15.6,20.5,3.2,13.15,0.0
2012,258,18.8,13.9,16.1,9.6,16.8,0.0
2012,259,17.3,12.3,14.8,0.0,16.66,0.0
2012,260,23.8,12.1,17.5,0.0,17.87,0.0
2012,261,24.3,15.0,19.3,0.0,18.22,0.0
2012,262,19.0,10.2,13.8,4.5,11.38,0.0
2012,263,16.8,7.9,12.0,0.7,19.21,0.0
2012,264,19.2,11.1,15.1,4.0,15.49,0.0
2012,265,18.2,11.2,14.2,1.3,13.58,0.0
2012,266,14.0,9.5,11.4,4.1,15.86,0.0
2012,267,12.3,7.5,9.7,0.1,16.01,0.0
2012,268,15.4,6.7,11.2,0.0,15.96,0.0
2012,269,21.4,12.1,16.2,0.0,18.02,0.0
2012,270,16.0,11.9,14.1,0.0,12.27,0.0
2012,271,15.9,9.5,12.9,0.0,12.25,0.0
2012,272,16.5,8.0,12.7,0.0,16.19,0.0
2012,273,17.5,8.7,13.0,0.0,16.66,0.0
2012,274,15.3,10.6,12.7,0.2,11.66,0.0
2012,275,16.9,7.6,12.3,0.0,15.77,0.0
2012,276,18.8,11.2,14.8,2.4,15.25,0.0
2012,277,18.9,14.8,16.4,4.1,4.85,0.0
2012,278,21.5,14.6,17.5,1.1,13.53,0.0
2012,279,17.3,10.3,13.0,1.4,14.82,0.0
2012,280,10.2,6.6,8.6,0.3,11.71,0.0
2012,281,8.9,4.3,6.7,0.3,13.84,0.0
2012,282,12.4,3.6,7.6,0.0,14.8,0.0
2012,283,15.5,6.6,10.5,0.0,14.07,0.0
2012,284,12.0,5.1,7.5,4.2,13.2,0.0
2012,285,14.1,3.1,7.2,0.5,9.41,0.0
2012,286,7.6,3.9,5.7,0.0,12.72,0.0
2012,287,12.9,3.5,7.0,6.7,4.53,0.0
2012,288,18.2,13.5,16.4,21.3,2.16,0.0
2012,289,15.0,7.2,8.7,6.9,5.39,0.0
2012,290,12.1,4.7,8.2,0.0,12.72,0.0
2012,291,20.1,8.4,14.1,1.5,13.56,0.0
2012,292,15.8,10.3,13.1,4.3,6.16,0.0
2012,293,12.7,8.7,10.1,4.9,7.07,0.0
2012,294,10.5,7.4,8.8,4.3,5.23,0.0
2012,295,13.9,6.6,10.0,0.0,12.99,0.0
2012,296,18.8,6.7,12.3,6.7,11.89,0.0
2012,297,17.0,13.0,14.4,18.5,6.38,0.0
2012,298,20.9,13.0,16.3,1.2,8.91,0.0
2012,299,22.8,15.5,18.6,0.0,12.13,0.0
2012,300,19.2,6.9,10.7,4.4,6.09,0.0
2012,301,9.0,5.5,6.9,0.0,8.32,0.0
2012,302,7.0,5.4,6.2,0.0,6.4,0.0
2012,303,5.8,4.1,5.1,5.9,3.15,0.0
2012,304,5.9,3.9,5.1,20.5,1.2,0.0
2012,305,6.6,4.2,5.4,8.9,1.68,0.0
2012,306,6.2,4.0,4.9,2.4,4.31,0.0
2012,307,4.0,2.7,3.4,0.0,3.95,0.0
2012,308,3.6,1.9,2.8,0.0,4.49,0.0
2012,309,3.5,1.8,2.4,0.0,5.58,0.0
2012,310,2.4,0.9,1.7,0.0,4.23,0.0
2012,311,3.9,-0.3,1.7,0.0,6.36,0.0
2012,312,5.8,1.1,3.1,0.0,8.28,0.0
2012,313,6.4,1.2,3.3,0.0,8.44,0.0
2012,314,8.1,1.9,4.8,0.0,5.18,0.0
2012,315,10.4,6.3,8.2,1.0,3.15,0.0
2012,316,17.1,9.8,13.5,0.0,8.97,0.0
2012,317,15.2,1.3,8.4,10.3,1.27,0.0
2012,318,1.6,-1.3,0.4,0.0,7.26,0.0
2012,319,3.0,-2.8,0.1,0.0,8.26,0.0
2012,320,5.2,-1.0,1.8,0.0,8.44,0.0
2012,321,7.0,-0.4,2.8,0.0,7.6,0.0
2012,322,8.4,-0.4,3.4,0.0,8.65,0.0
2012,323,9.3,1.6,4.6,0.0,8.07,0.0
2012,324,9.5,1.4,5.1,0.0,6.91,0.0
2012,325,10.9,1.6,5.7,0.3,7.47,0.0
2012,326,10.5,0.5,5.1,0.0,7.7,0.0
2012,327,14.2,5.6,9.2,0.3,8.69,0.0
2012,328,11.1,0.2,5.3,1.5,3.45,0.0
2012,329,0.7,-1.2,-0.3,0.0,5.67,0.0
2012,330,1.4,-2.2,-0.6,1.5,5.17,0.0
2012,331,0.6,-2.3,-0.8,0.0,6.36,0.0
2012,332,-0.1,-3.4,-2.1,0.0,7.97,0.0
2012,333,1.3,-2.2,-0.9,0.0,7.06,0.0
2012,334,4.9,-2.8,1.3,0.0,7.44,0.0
2012,335,2.0,0.5,1.3,1.5,1.53,0.0
2012,336,7.9,-0.2,2.9,0.3,6.35,0.0
2012,337,11.1,5.4,9.5,12.0,1.9,0.0
2012,338,14.4,2.9,8.2,0.0,4.24,0.0
2012,339,15.5,4.3,10.1,1.0,3.07,0.0
2012,340,3.3,-1.8,0.0,0.0,4.11,0.0
2012,341,3.0,-2.3,-0.1,0.2,4.9,0.0
2012,342,5.4,0.9,2.7,1.1,3.51,0.0
2012,343,3.3,-0.6,1.6,3.6,2.6,0.0
2012,344,1.0,-0.5,0.4,6.0,2.7,0.0
2012,345,1.8,-3.0,-0.0,0.1,3.25,0.0
2012,346,-0.4,-3.8,-2.5,0.0,6.71,0.0
2012,347,2.6,-2.7,-0.5,0.0,6.99,0.0
2012,348,5.4,-0.6,1.8,0.0,7.26,0.0
2012,349,3.6,-0.6,1.4,0.0,6.58,0.0
2012,350,4.7,0.2,2.4,2.2,4.06,0.0
2012,351,9.2,3.9,6.7,6.9,2.05,0.0
2012,352,5.1,2.5,4.1,0.0,3.53,0.0
2012,353,3.5,-0.2,1.7,0.0,5.27,0.0
2012,354,3.9,-1.4,1.0,0.0,6.26,0.0
2012,355,5.2,0.3,2.6,11.8,1.38,0.0
2012,356,5.5,-2.2,0.1,7.1,1.75,0.0
2012,357,-0.6,-2.9,-2.0,0.0,3.5,0.0
2012,358,-1.4,-3.3,-2.3,0.0,4.22,0.0
2012,359,-1.0,-5.2,-2.8,1.0,2.69,0.0
2012,360,-1.5,-3.2,-2.3,0.0,6.35,0.0
2012,361,-1.9,-2.9,-2.3,3.4,2.61,0.0
2012,362,-2.1,-4.7,-3.0,4.5,3.21,0.0
2012,363,-3.9,-8.6,-5.9,0.0,4.71,0.0
2012,364,-1.4,-6.8,-4.0,0.3,4.55,0.0
2012,365,-2.6,-7.1,-4.8,0.0,4.36,0.0
2012,366,1.0,-5.1,-2.4,0.0,4.19,0.0
2013,1,-5.1,-8.4,-6.9,0.0,6.67,0.0
2013,2,-4.6,-9.7,-7.4,0.0,6.3,0.0
2013,3,-2.1,-7.7,-4.8,0.0,5.31,0.0
2013,4,-1.9,-4.3,-3.2,0.0,3.97,0.0
2013,5,0.5,-7.7,-2.9,0.1,7.62,0.0
2013,6,1.4,-2.4,-0.1,1.6,4.93,0.0
2013,7,1.6,-5.3,-1.8,0.0,7.41,0.0
2013,8,3.0,-2.0,-0.2,0.0,7.71,0.0
2013,9,4.4,-0.5,1.9,0.7,7.1,0.0
2013,10,4.1,-6.6,-0.5,0.0,7.69,0.0
2013,11,10.9,0.9,6.0,12.7,2.52,0.0
2013,12,13.1,5.8,9.0,0.0,5.66,0.0
2013,13,5.1,-0.1,2.1,12.6,2.16,0.0
2013,14,-0.7,-5.3,-3.8,0.4,8.11,0.0
2013,15,-2.0,-7.4,-4.9,0.0,9.03,0.0
2013,16,1.1,-6.4,-3.1,0.0,7.98,0.0
2013,17,-1.7,-9.2,-5.0,0.0,7.4,0.0
2013,18,1.3,-10.8,-6.2,0.1,5.73,0.0
2013,19,4.0,1.7,2.8,0.6,3.51,0.0
2013,20,3.2,-11.2,-6.4,2.0,6.99,0.0
2013,21,-9.9,-15.7,-11.6,0.0,8.51,0.0
2013,22,-13.7,-18.6,-16.2,0.0,9.06,0.0
2013,23,-9.1,-16.6,-13.3,0.0,7.14,0.0
2013,24,-10.8,-15.0,-12.5,0.0,9.13,0.0
2013,25,-6.4,-14.7,-10.3,1.5,4.65,0.0
2013,26,-4.5,-13.8,-9.3,0.0,7.82,0.0
2013,27,-1.5,-12.4,-6.8,1.7,7.37,0.0
2013,28,4.5,-3.5,0.9,6.8,1.78,0.0
2013,29,11.7,-1.8,5.2,8.4,1.99,0.0
2013,30,12.2,1.4,5.7,25.0,2.97,0.0
2013,31,0.9,-12.1,-8.1,0.6,9.43,0.0
2013,32,-7.6,-14.7,-11.7,0.0,9.7,0.0
2013,33,-9.0,-12.0,-10.8,1.1,8.06,0.0
2013,34,-6.7,-13.6,-10.8,0.3,8.35,0.0
2013,35,-8.4,-14.9,-12.3,0.0,10.54,0.0
2013,36,-3.4,-14.5,-9.0,0.1,6.72,0.0
2013,37,-4.8,-13.4,-9.0,0.0,11.89,0.0
2013,38,-1.0,-6.0,-3.2,6.0,4.28,0.0
2013,39,-3.2,-10.3,-7.7,10.5,7.16,0.0
2013,40,-5.1,-16.5,-10.4,0.0,12.9,0.0
2013,41,3.0,-9.2,-3.8,4.3,7.95,0.0
2013,42,4.8,-0.3,2.4,3.9,6.09,0.0
2013,43,-0.5,-4.7,-2.6,0.0,7.14,0.0
2013,44,2.1,-6.7,-2.5,0.0,13.12,0.0
2013,45,2.7,-3.1,-0.2,2.8,6.43,0.0
2013,46,-0.7,-9.4,-6.5,1.1,9.46,0.0
2013,47,-8.1,-15.9,-11.3,0.0,11.11,0.0
2013,48,-10.7,-15.0,-12.5,0.0,12.65,0.0
2013,49,4.2,-17.0,-5.6,0.0,11.48,0.0
2013,50,5.2,-10.1,-0.7,4.4,9.19,0.0
2013,51,-8.7,-14.6,-12.1,0.0,12.99,0.0
2013,52,-9.0,-15.4,-12.6,0.0,14.38,0.0
2013,53,-1.0,-10.0,-5.1,3.6,5.06,0.0
2013,54,-0.1,-2.7,-1.1,0.3,8.57,0.0
2013,55,0.6,-4.7,-2.4,0.7,8.85,0.0
2013,56,1.0,-4.1,-1.7,0.0,12.08,0.0
2013,57,2.5,-4.7,-1.4,8.7,10.21,0.0
2013,58,1.7,0.1,0.9,9.3,5.75,0.0
2013,59,0.1,-3.3,-0.8,4.0,6.42,0.0
2013,60,-4.0,-8.8,-7.7,0.0,10.25,0.0
2013,61,-7.7,-10.9,-9.3,0.0,9.4,0.0
2013,62,-7.6,-11.8,-9.9,0.0,13.13,0.0
2013,63,-5.2,-17.5,-11.5,0.0,17.73,0.0
2013,64,-3.5,-14.8,-7.3,0.0,17.24,0.0
2013,65,1.4,-4.6,-1.8,0.0,16.28,0.0
2013,66,0.0,-5.6,-2.2,0.0,13.05,0.0
2013,67,1.7,-9.3,-4.4,0.0,17.59,0.0
2013,68,3.6,-5.5,-0.5,0.1,12.73,0.0
2013,69,12.2,1.5,6.2,1.4,8.2,0.0
2013,70,10.4,3.0,7.8,9.7,4.65,0.0
2013,71,2.4,-1.3,0.8,0.0,9.06,0.0
2013,72,-1.8,-6.7,-3.8,0.4,13.6,0.0
2013,73,0.8,-8.0,-4.2,0.0,19.77,0.0
2013,74,2.5,-4.4,-0.7,1.6,11.14,0.0
2013,75,-4.2,-7.8,-5.6,2.5,11.46,0.0
2013,76,-5.5,-9.0,-7.2,0.0,18.13,0.0
2013,77,0.8,-8.4,-3.3,5.7,8.69,0.0
2013,78,0.3,-6.2,-3.6,0.0,14.1,0.0
2013,79,-3.5,-7.4,-5.7,0.0,15.29,0.0
2013,80,-1.3,-8.1,-4.8,1.3,13.0,0.0
2013,81,1.2,-7.9,-4.3,0.0,19.48,0.0
2013,82,0.4,-9.8,-4.2,0.0,18.98,0.0
2013,83,-1.0,-9.1,-3.9,0.0,13.59,0.0
2013,84,1.3,-2.6,-0.8,0.0,16.21,0.0
2013,85,4.1,-2.6,0.2,0.0,20.7,0.0
2013,86,5.1,-2.9,0.7,0.1,14.6,0.0
2013,87,6.6,-1.6,1.8,0.0,18.21,0.0
2013,88,7.2,-3.8,1.2,0.0,22.05,0.0
2013,89,10.9,-3.7,3.5,0.0,22.43,0.0
2013,90,11.1,3.6,6.3,2.0,14.92,0.0
2013,91,2.7,-4.8,-2.1,0.0,18.59,0.0
2013,92,1.9,-5.7,-2.4,0.0,19.93,0.0
2013,93,2.0,-5.6,-2.3,0.0,24.15,0.0
2013,94,10.5,-2.4,3.8,0.0,23.58,0.0
2013,95,3.5,-3.0,0.2,0.0,22.37,0.0
2013,96,5.7,-4.5,0.3,0.6,9.77,0.0
2013,97,9.6,0.9,7.1,1.4,15.45,0.0
2013,98,9.0,-1.3,3.1,7.6,9.67,0.0
2013,99,9.5,-1.8,2.9,23.4,12.29,0.0
2013,100,1.7,0.2,0.9,14.7,2.21,0.0
2013,101,1.0,-1.1,0.0,19.4,3.01,0.0
2013,102,4.4,-0.1,1.9,18.2,6.94,0.0
2013,103,4.9,-0.8,2.0,1.4,14.48,0.0
2013,104,5.3,-1.8,1.4,0.0,18.78,0.0
2013,105,18.1,1.9,10.1,5.2,17.31,0.0
2013,106,11.9,3.2,8.4,12.1,21.33,0.0
2013,107,7.6,-0.3,3.5,7.3,21.41,0.0
2013,108,20.5,3.9,11.3,40.5,5.94,0.0
2013,109,14.7,2.1,7.7,20.3,12.54,0.0
2013,110,2.3,-3.2,-0.4,0.0,16.82,0.0
2013,111,5.1,-4.0,0.8,0.0,25.93,0.0
2013,112,13.1,0.5,6.6,0.0,26.63,0.0
2013,113,16.6,5.8,10.7,5.4,16.66,0.0
2013,114,6.4,0.9,2.4,16.6,7.09,0.0
2013,115,8.5,0.9,4.4,2.2,19.09,0.0
2013,116,13.0,-1.8,6.4,0.3,25.62,0.0
2013,117,18.5,6.7,12.2,0.2,27.05,0.0
2013,118,15.2,7.3,10.8,1.7,11.97,0.0
2013,119,16.7,8.4,12.2,0.0,17.45,0.0
2013,120,20.6,11.2,15.6,0.6,20.81,0.0
2013,121,24.2,13.2,18.5,0.0,26.61,0.0
2013,122,21.6,13.1,17.2,0.0,26.99,0.0
2013,123,20.7,12.4,15.9,0.0,22.76,0.0
2013,124,18.9,10.6,15.1,0.0,26.95,0.0
2013,125,19.6,9.2,14.0,0.0,25.82,0.0
2013,126,19.9,9.1,14.0,0.0,28.91,0.0
2013,127,19.5,7.4,13.8,0.0,27.09,0.0
2013,128,21.2,8.0,14.7,0.0,27.54,0.0
2013,129,21.3,8.6,14.6,0.0,27.27,0.0
2013,130,11.4,4.7,7.1,13.4,3.63,0.0
2013,131,15.7,4.3,7.5,2.1,18.08,0.0
2013,132,6.6,3.0,4.7,1.4,24.91,0.0
2013,133,9.7,1.6,5.4,0.0,25.05,0.0
2013,134,13.6,5.8,9.3,0.5,11.71,0.0
2013,135,21.5,9.7,16.5,0.0,28.01,0.0
2013,136,17.6,8.5,13.7,0.0,29.45,0.0
2013,137,16.0,6.5,10.8,0.0,21.94,0.0
2013,138,19.5,10.6,14.9,0.0,23.24,0.0
2013,139,25.7,12.2,19.0,0.0,27.8,0.0
2013,140,29.1,17.4,22.5,6.1,26.55,0.0
2013,141,25.9,18.2,21.7,5.1,19.41,0.0
2013,142,20.5,17.0,19.0,23.8,5.89,0.0
2013,143,16.4,5.7,8.8,1.9,5.76,0.0
2013,144,7.2,4.0,5.6,0.0,24.33,0.0
2013,145,10.8,3.3,7.6,0.0,30.79,0.0
2013,146,13.5,4.4,9.6,0.0,31.08,0.0
2013,147,18.0,3.5,11.9,0.0,28.29,0.0
2013,148,19.7,11.9,15.6,14.5,9.57,0.0
2013,149,25.4,18.3,20.9,4.9,19.84,0.0
2013,150,28.7,18.7,23.6,0.1,26.29,0.0
2013,151,24.7,20.0,22.4,10.4,13.91,0.0
2013,152,25.3,19.2,21.4,4.5,16.17,0.0
2013,153,20.0,11.5,16.3,4.3,18.54,0.0
2013,154,17.9,7.8,12.0,0.0,29.27,0.0
2013,155,15.9,7.7,12.1,0.0,29.5,0.0
2013,156,17.8,11.2,13.8,0.0,22.34,0.0
2013,157,16.3,11.9,13.8,0.5,18.14,0.0
2013,158,13.5,9.9,11.9,0.0,13.36,0.0
2013,159,19.1,11.7,15.1,0.2,19.83,0.0
2013,160,22.0,11.6,17.2,0.0,24.26,0.0
2013,161,20.9,15.2,17.6,14.7,9.6,0.0
2013,162,23.3,14.2,17.8,2.8,20.76,0.0
2013,163,22.4,14.4,18.4,1.1,19.34,0.0
2013,164,19.3,13.4,16.4,0.3,25.61,0.0
2013,165,16.5,12.7,14.7,0.0,31.34,0.0
2013,166,23.6,9.4,17.4,0.0,25.24,0.0
2013,167,25.2,17.2,20.7,12.5,20.02,0.0
2013,168,21.8,13.1,18.1,9.0,26.09,0.0
2013,169,17.3,12.0,14.4,0.5,31.38,0.0
2013,170,19.5,10.5,15.2,0.0,31.52,0.0
2013,171,24.4,13.2,18.9,0.0,30.54,0.0
2013,172,27.8,16.4,22.4,0.1,24.91,0.0
2013,173,26.2,20.9,23.3,1.5,15.29,0.0
2013,174,30.1,20.1,24.8,0.6,23.95,0.0
2013,175,29.8,21.6,25.7,0.2,27.4,0.0
2013,176,26.0,22.0,23.9,5.7,19.24,0.0
2013,177,27.8,19.0,23.3,0.0,27.46,0.0
2013,178,27.1,20.4,22.9,11.2,20.77,0.0
2013,179,21.2,17.9,19.5,21.0,13.06,0.0
2013,180,20.3,16.5,18.2,2.3,22.94,0.0
2013,181,22.3,16.7,19.1,0.0,27.69,0.0
2013,182,19.3,15.8,17.4,1.3,23.34,0.0
2013,183,20.5,15.8,17.8,0.0,26.37,0.0
2013,184,26.0,15.1,20.5,5.0,21.51,0.0
2013,185,26.0,20.0,23.0,0.0,21.72,0.0
2013,186,27.0,19.1,23.1,0.0,26.56,0.0
2013,187,27.5,20.8,24.1,1.1,21.71,0.0
2013,188,26.9,22.0,24.0,2.9,17.18,0.0
2013,189,26.6,21.4,23.5,8.2,13.54,0.0
2013,190,28.0,20.5,24.2,0.9,21.49,0.0
2013,191,26.7,20.0,23.5,12.9,24.44,0.0
2013,192,20.5,16.5,18.8,0.0,27.51,0.0
2013,193,23.4,14.9,19.2,0.0,30.05,0.0
2013,194,26.4,16.2,21.9,0.0,29.48,0.0
2013,195,28.7,18.9,24.4,0.0,25.9,0.0
2013,196,29.6,22.3,26.3,0.2,24.58,0.0
2013,197,31.4,22.6,27.4,0.0,25.67,0.0
2013,198,32.3,25.0,28.4,0.2,26.1,0.0
2013,199,32.1,24.8,28.3,1.9,25.03,0.0
2013,200,31.4,23.5,27.7,7.4,24.92,0.0
2013,201,25.5,18.7,22.1,1.2,23.22,0.0
2013,202,23.0,16.9,20.0,0.0,27.9,0.0
2013,203,26.3,19.1,22.2,0.5,16.7,0.0
2013,204,22.4,16.5,20.7,4.7,11.37,0.0
2013,205,18.4,14.3,16.4,0.0,25.01,0.0
2013,206,23.1,12.4,18.3,0.0,27.42,0.0
2013,207,25.3,16.5,21.0,1.1,23.19,0.0
2013,208,20.9,16.3,19.1,26.6,11.74,0.0
2013,209,18.3,12.8,15.6,3.4,19.98,0.0
2013,210,20.2,13.5,16.9,3.9,18.54,0.0
2013,211,22.5,14.2,18.9,0.0,24.93,0.0
2013,212,21.9,17.4,19.4,12.1,13.01,0.0
2013,213,22.9,17.3,19.8,1.3,22.8,0.0
2013,214,23.3,15.7,19.3,0.9,22.32,0.0
2013,215,21.7,15.7,18.9,0.0,22.68,0.0
2013,216,18.7,14.7,16.8,0.1,22.94,0.0
2013,217,20.7,11.7,16.8,0.5,17.57,0.0
2013,218,24.0,16.6,20.3,1.3,15.76,0.0
2013,219,25.2,19.5,21.9,4.7,17.61,0.0
2013,220,21.7,17.0,19.4,0.0,24.12,0.0
2013,221,25.1,15.8,20.2,0.0,24.75,0.0
2013,222,21.5,15.2,18.7,0.0,26.04,0.0
2013,223,23.2,15.1,19.5,0.0,20.09,0.0
2013,224,24.0,15.5,19.5,3.5,17.32,0.0
2013,225,18.2,13.9,16.0,0.0,17.46,0.0
2013,226,19.4,13.1,16.2,0.0,19.56,0.0
2013,227,21.6,12.6,17.5,0.0,20.96,0.0
2013,228,23.4,14.9,19.3,0.0,22.9,0.0
2013,229,25.0,13.6,19.9,0.0,25.95,0.0
2013,230,25.7,14.5,20.9,0.0,24.92,0.0
2013,231,26.8,16.5,22.0,0.0,25.31,0.0
2013,232,28.2,18.2,23.4,0.0,20.06,0.0
2013,233,30.0,20.0,25.0,0.0,24.03,0.0
2013,234,27.1,21.1,23.6,0.0,19.19,0.0
2013,235,22.9,18.0,20.4,0.0,22.82,0.0
2013,236,25.9,15.7,21.0,0.0,24.22,0.0
2013,237,29.7,17.8,23.8,0.0,22.84,0.0
2013,238,28.5,23.2,25.2,1.2,14.84,0.0
2013,239,27.1,22.1,24.3,15.3,8.82,0.0
2013,240,26.4,21.5,23.7,8.1,19.61,0.0
2013,241,27.7,19.8,23.7,0.0,22.68,0.0
2013,242,28.9,21.4,24.5,1.6,17.23,0.0
2013,243,22.8,19.1,21.3,0.7,15.46,0.0
2013,244,25.0,17.5,21.4,0.0,14.22,0.0
2013,245,21.6,17.2,19.2,0.0,14.52,0.0
2013,246,22.6,15.7,18.7,0.0,22.17,0.0
2013,247,23.5,15.8,18.7,0.0,16.83,0.0
2013,248,16.7,12.1,15.1,0.0,17.5,0.0
2013,249,23.0,10.2,16.3,0.0,21.59,0.0
2013,250,24.6,16.8,20.1,5.8,11.94,0.0
2013,251,19.9,14.5,17.6,0.0,18.05,0.0
2013,252,23.7,13.1,17.6,5.3,11.24,0.0
2013,253,32.4,21.5,27.1,0.0,20.56,0.0
2013,254,29.3,22.7,26.0,1.0,18.62,0.0
2013,255,23.0,15.0,19.8,0.2,16.59,0.0
2013,256,14.5,11.4,12.4,0.4,11.33,0.0
2013,257,18.4,10.6,14.1,0.0,20.79,0.0
2013,258,17.3,12.9,14.3,3.0,5.82,0.0
2013,259,13.6,10.4,12.1,0.0,13.26,0.0
2013,260,18.0,7.5,12.9,0.0,19.33,0.0
2013,261,23.4,10.5,16.5,0.0,19.7,0.0
2013,262,26.5,16.3,20.8,0.3,16.53,0.0
2013,263,24.4,19.2,21.2,11.1,7.15,0.0
2013,264,18.9,13.1,16.0,2.6,8.2,0.0
2013,265,12.8,10.3,11.2,0.0,8.44,0.0
2013,266,14.9,9.9,12.0,0.0,11.72,0.0
2013,267,16.5,9.2,12.8,0.0,17.78,0.0
2013,268,19.2,9.3,14.6,0.0,17.84,0.0
2013,269,21.0,11.3,16.1,0.0,18.46,0.0
2013,270,21.9,10.1,16.4,0.0,17.46,0.0
2013,271,22.8,13.3,17.6,0.0,17.72,0.0
2013,272,17.1,13.4,16.3,4.8,4.34,0.0
2013,273,19.1,11.9,15.6,0.0,11.03,0.0
2013,274,23.9,13.0,18.2,0.0,16.97,0.0
2013,275,21.6,14.2,18.2,0.0,17.61,0.0
2013,276,24.3,12.4,17.9,0.4,13.65,0.0
2013,277,22.1,17.7,19.5,2.6,8.05,0.0
2013,278,21.2,16.9,18.7,13.3,5.38,0.0
2013,279,21.6,14.0,18.8,24.4,6.06,0.0
2013,280,14.2,10.6,12.6,4.0,8.52,0.0
2013,281,18.2,7.9,13.1,0.0,15.73,0.0
2013,282,19.6,10.6,14.6,0.0,15.96,0.0
2013,283,19.3,8.9,14.2,0.0,15.86,0.0
2013,284,19.3,9.3,14.4,0.0,15.59,0.0
2013,285,21.8,12.1,16.5,0.0,14.62,0.0
2013,286,16.5,13.6,15.3,0.0,14.85,0.0
2013,287,14.0,10.3,12.3,0.0,13.03,0.0
2013,288,17.3,9.4,13.5,3.3,9.01,0.0
2013,289,16.0,12.4,14.0,0.7,7.25,0.0
2013,290,12.1,9.6,10.8,11.6,2.02,0.0
2013,291,14.3,7.0,10.4,0.3,12.55,0.0
2013,292,9.7,6.3,8.4,3.3,7.38,0.0
2013,293,11.0,5.2,8.1,0.9,10.6,0.0
2013,294,11.7,6.3,10.1,2.4,7.85,0.0
2013,295,7.9,2.7,5.3,0.2,10.21,0.0
2013,296,6.5,2.6,4.5,0.0,12.72,0.0
2013,297,7.5,1.8,4.3,0.3,11.57,0.0
2013,298,7.4,2.4,4.8,0.0,11.33,0.0
2013,299,9.8,4.9,6.7,2.6,7.63,0.0
2013,300,8.8,3.1,5.8,0.0,9.94,0.0
2013,301,6.2,3.6,5.1,0.0,8.17,0.0
2013,302,6.6,2.7,4.5,0.0,7.21,0.0
2013,303,13.2,2.4,7.7,0.0,11.25,0.0
2013,304,15.4,10.1,13.4,39.5,0.94,0.0
2013,305,14.9,7.8,10.0,2.9,3.11,0.0
2013,306,7.7,4.4,6.0,4.3,5.39,0.0
2013,307,5.0,2.3,3.7,0.0,7.94,0.0
2013,308,6.8,1.7,3.9,0.0,9.2,0.0
2013,309,11.6,6.0,8.9,0.0,3.09,0.0
2013,310,13.0,6.0,10.8,13.4,1.3,0.0
2013,311,5.8,2.5,4.3,0.0,7.53,0.0
2013,312,5.2,1.0,2.8,0.0,8.43,0.0
2013,313,10.7,1.9,6.2,1.3,4.41,0.0
2013,314,6.8,3.2,5.2,0.0,8.72,0.0
2013,315,4.6,-1.2,2.3,3.9,2.93,0.0
2013,316,0.5,-2.2,-1.2,0.0,8.42,0.0
2013,317,3.9,-3.4,-0.3,0.0,9.88,0.0
2013,318,7.2,0.8,3.5,0.0,9.72,0.0
2013,319,9.4,4.2,6.1,0.0,6.43,0.0
2013,320,11.0,3.3,7.1,0.0,5.86,0.0
2013,321,14.9,9.0,13.1,13.2,2.18,0.0
2013,322,7.2,1.1,4.2,3.5,3.8,0.0
2013,323,2.1,-2.2,0.7,0.0,6.72,0.0
2013,324,4.8,-2.2,1.0,0.0,7.51,0.0
2013,325,8.0,2.3,4.9,2.9,2.85,0.0
2013,326,6.0,-0.9,3.4,3.4,1.84,0.0
2013,327,-1.1,-6.6,-3.4,0.1,8.53,0.0
2013,328,-4.5,-7.6,-6.1,0.0,7.62,0.0
2013,329,-1.1,-5.9,-3.4,0.0,4.0,0.0
2013,330,1.5,-1.4,-0.5,0.3,4.8,0.0
2013,331,-1.8,-5.3,-4.0,0.3,5.25,0.0
2013,332,-3.3,-7.3,-5.1,0.2,5.27,0.0
2013,333,-0.6,-6.9,-3.5,0.0,7.67,0.0
2013,334,4.3,-3.1,0.1,0.0,6.94,0.0
2013,335,3.3,0.0,1.4,1.6,2.66,0.0
2013,336,2.0,-1.5,-0.3,0.0,6.88,0.0
2013,337,1.3,-3.1,-0.3,1.9,2.56,0.0
2013,338,8.4,0.7,4.2,5.6,3.07,0.0
2013,339,11.9,-1.9,4.7,0.3,3.63,0.0
2013,340,-2.2,-5.6,-3.9,0.0,3.8,0.0
2013,341,-5.4,-7.8,-6.4,0.0,5.97,0.0
2013,342,-2.7,-9.2,-6.3,0.4,4.27,0.0
2013,343,-0.4,-6.3,-2.6,3.1,3.69,0.0
2013,344,-6.8,-11.8,-8.9,0.0,5.64,0.0
2013,345,-7.6,-11.9,-9.2,0.0,7.02,0.0
2013,346,-6.8,-14.0,-10.8,0.0,5.9,0.0
2013,347,-6.0,-8.8,-7.1,0.2,5.74,0.0
2013,348,-5.7,-8.3,-7.0,7.5,2.38,0.0
2013,349,-5.7,-11.1,-7.4,0.7,4.91,0.0
2013,350,-9.1,-17.3,-11.8,0.0,8.03,0.0
2013,351,-3.0,-17.5,-8.1,2.4,4.86,0.0
2013,352,-3.6,-9.0,-6.4,0.0,6.7,0.0
2013,353,0.4,-5.5,-2.0,0.1,4.55,0.0
2013,354,-0.2,-1.2,-0.5,9.3,1.47,0.0
2013,355,-0.0,-1.3,-0.4,4.5,2.5,0.0
2013,356,-1.1,-4.1,-1.8,18.5,1.94,0.0
2013,357,-4.4,-11.5,-6.6,0.1,4.98,0.0
2013,358,-11.3,-17.9,-12.7,0.0,7.12,0.0
2013,359,-6.3,-20.2,-11.6,0.9,4.56,0.0
2013,360,-4.4,-7.9,-6.0,2.7,6.98,0.0
2013,361,1.0,-7.8,-4.1,0.2,6.47,0.0
2013,362,3.2,-0.8,1.7,0.0,7.47,0.0
2013,363,2.3,-10.7,-1.2,0.0,4.39,0.0
2013,364,-10.7,-16.5,-13.1,0.0,8.19,0.0
2013,365,-10.5,-12.9,-11.8,1.0,7.7,0.0
2014,1,-10.1,-17.3,-13.6,0.0,5.71,0.0
2014,2,-10.8,-13.3,-11.6,0.6,3.9,0.0
2014,3,-12.2,-17.5,-14.5,0.0,8.18,0.0
2014,4,-2.0,-13.5,-7.0,1.7,4.92,0.0
2014,5,-2.2,-4.9,-3.2,17.2,2.75,0.0
2014,6,-5.2,-20.5,-12.1,4.5,5.41,0.0
2014,7,-15.0,-22.7,-19.3,0.0,8.54,0.0
2014,8,-11.1,-17.8,-14.8,0.0,8.2,0.0
2014,9,-9.1,-20.8,-14.6,0.0,8.73,0.0
2014,10,3.4,-8.5,-2.3,2.6,5.07,0.0
2014,11,4.8,-0.4,3.1,9.2,2.01,0.0
2014,12,2.3,-1.7,-0.1,0.0,6.47,0.0
2014,13,5.3,1.1,3.1,1.2,4.72,0.0
2014,14,2.0,-1.7,0.1,1.1,7.42,0.0
2014,15,-0.3,-6.4,-4.5,0.1,5.02,0.0
2014,16,-3.7,-8.4,-6.1,1.2,4.43,0.0
2014,17,-2.0,-6.3,-3.6,2.2,8.04,0.0
2014,18,-5.1,-9.5,-7.2,0.0,7.33,0.0
2014,19,-1.9,-10.6,-5.9,0.2,3.38,0.0
2014,20,-2.0,-15.3,-9.5,2.1,8.97,0.0
2014,21,-13.7,-17.8,-15.6,0.0,8.66,0.0
2014,22,-11.6,-22.3,-16.9,0.0,6.01,0.0
2014,23,-12.1,-17.2,-14.2,0.2,7.5,0.0
2014,24,-8.6,-20.8,-14.9,0.1,6.39,0.0
2014,25,-5.0,-16.4,-9.3,1.9,9.75,0.0
2014,26,-8.2,-18.9,-13.9,1.0,5.65,0.0
2014,27,-8.4,-19.0,-14.6,0.3,9.31,0.0
2014,28,-13.7,-20.9,-17.8,0.0,10.81,0.0
2014,29,-9.6,-17.5,-13.7,0.0,9.32,0.0
2014,30,-3.3,-12.3,-8.2,1.0,6.39,0.0
2014,31,-2.3,-7.7,-4.7,0.1,8.17,0.0
2014,32,-3.7,-9.5,-6.3,7.9,2.62,0.0
2014,33,-5.4,-8.4,-7.1,0.0,7.36,0.0
2014,34,-8.9,-18.8,-12.3,0.0,11.55,0.0
2014,35,-6.1,-14.5,-10.7,0.0,8.57,0.0
2014,36,-6.3,-11.6,-8.0,5.0,5.04,0.0
2014,37,-8.6,-17.0,-12.6,0.0,9.03,0.0
2014,38,-10.2,-15.5,-13.1,0.0,11.55,0.0
2014,39,-8.9,-16.4,-12.8,0.0,12.15,0.0
2014,40,-7.6,-14.7,-11.3,0.8,9.14,0.0
2014,41,-10.6,-15.7,-12.8,0.0,12.14,0.0
2014,42,-12.9,-19.9,-16.3,0.0,13.55,0.0
2014,43,-6.8,-19.8,-13.7,0.1,11.49,0.0
2014,44,-3.3,-12.5,-7.5,0.1,8.43,0.0
2014,45,-2.6,-9.2,-5.8,0.3,10.4,0.0
2014,46,-6.3,-15.6,-11.2,0.0,14.12,0.0
2014,47,-7.7,-15.7,-11.8,1.4,9.46,0.0
2014,48,-6.2,-20.5,-12.5,4.6,9.02,0.0
2014,49,1.1,-7.8,-4.3,3.1,13.89,0.0
2014,50,3.7,-2.7,0.7,0.5,11.7,0.0
2014,51,1.8,-3.3,-0.6,7.9,4.31,0.0
2014,52,6.1,-3.2,1.0,1.8,11.33,0.0
2014,53,-1.0,-6.2,-3.8,0.0,13.14,0.0
2014,54,-4.5,-8.7,-6.6,0.0,12.54,0.0
2014,55,-6.8,-10.4,-8.9,0.0,12.36,0.0
2014,56,-5.9,-13.3,-10.3,0.2,14.14,0.0
2014,57,-10.1,-17.5,-13.9,0.0,15.88,0.0
2014,58,-12.3,-19.2,-15.2,0.8,14.51,0.0
2014,59,-10.0,-23.9,-16.2,0.0,16.65,0.0
2014,60,-6.9,-11.0,-8.5,3.3,9.07,0.0
2014,61,-11.5,-16.9,-14.7,1.2,16.48,0.0
2014,62,-13.5,-21.0,-17.3,0.0,17.65,0.0
2014,63,-7.4,-16.7,-12.1,1.8,10.27,0.0
2014,64,-9.2,-13.9,-11.7,0.0,13.44,0.0
2014,65,-5.0,-15.1,-10.3,0.0,18.52,0.0
2014,66,4.7,-11.8,-3.8,0.0,17.58,0.0
2014,67,1.4,-6.3,-3.7,0.0,9.18,0.0
2014,68,0.4,-11.2,-4.9,0.0,13.45,0.0
2014,69,8.4,-0.4,3.1,0.0,17.24,0.0
2014,70,5.0,0.1,2.3,0.4,10.18,0.0
2014,71,-0.2,-12.6,-7.1,6.5,9.19,0.0
2014,72,-4.3,-17.2,-10.7,0.0,18.95,0.0
2014,73,9.5,-5.0,2.3,0.0,17.5,0.0
2014,74,2.6,-8.5,-2.1,0.0,10.88,0.0
2014,75,-9.5,-15.8,-12.1,0.0,19.86,0.0
2014,76,-4.9,-18.7,-11.5,0.0,19.69,0.0
2014,77,4.5,-6.6,-1.4,0.0,18.64,0.0
2014,78,6.3,0.1,3.0,6.7,4.11,0.0
2014,79,1.2,-1.9,-0.4,0.0,12.0,0.0
2014,80,2.1,-6.2,-1.5,1.1,19.7,0.0
2014,81,1.2,-7.9,-1.9,9.6,12.66,0.0
2014,82,-6.5,-13.4,-10.0,0.0,20.54,0.0
2014,83,-3.6,-16.1,-8.9,0.0,18.89,0.0
2014,84,-3.8,-10.0,-6.6,1.2,18.46,0.0
2014,85,-3.8,-17.1,-10.1,0.0,22.64,0.0
2014,86,3.1,-6.8,-0.6,4.3,7.47,0.0
2014,87,7.5,0.1,4.4,8.7,11.01,0.0
2014,88,0.6,-2.5,-1.1,0.0,12.18,0.0
2014,89,1.9,-5.1,-1.8,0.0,22.99,0.0
2014,90,10.8,-5.7,2.8,0.0,22.5,0.0
2014,91,11.7,0.0,4.6,1.9,11.7,0.0
2014,92,5.2,-3.1,0.5,0.0,23.43,0.0
2014,93,2.2,-4.0,-0.9,0.5,7.49,0.0
2014,94,6.0,1.0,3.3,6.6,4.26,0.0
2014,95,5.3,-3.3,0.6,0.2,23.84,0.0
2014,96,11.5,-2.5,4.2,0.0,23.6,0.0
2014,97,8.6,-1.9,3.7,1.2,16.29,0.0
2014,98,11.7,0.7,5.1,2.4,21.68,0.0
2014,99,10.4,-0.5,4.9,0.0,24.06,0.0
2014,100,16.1,6.1,10.1,0.3,15.86,0.0
2014,101,14.1,0.8,8.0,0.1,22.1,0.0
2014,102,10.1,0.9,6.2,7.9,13.44,0.0
2014,103,16.0,6.8,12.0,10.4,9.98,0.0
2014,104,16.0,0.0,9.8,7.9,10.29,0.0
2014,105,-0.6,-3.2,-1.8,4.3,17.72,0.0
2014,106,4.3,-4.6,-0.4,0.0,25.02,0.0
2014,107,13.4,-0.4,5.9,0.0,24.18,0.0
2014,108,10.2,1.8,5.8,0.7,17.64,0.0
2014,109,7.5,-0.3,3.3,0.0,26.02,0.0
2014,110,18.3,1.6,9.0,0.0,24.4,0.0
2014,111,21.7,10.2,14.6,2.5,16.49,0.0
2014,112,12.7,3.8,7.3,4.2,14.57,0.0
2014,113,5.9,1.1,3.3,0.0,27.36,0.0
2014,114,9.9,-0.6,4.6,0.0,21.42,0.0
2014,115,7.0,2.6,5.2,3.2,7.23,0.0
2014,116,4.8,1.8,3.6,0.4,13.69,0.0
2014,117,7.2,0.7,3.8,0.0,25.77,0.0
2014,118,10.0,3.3,6.6,0.1,22.4,0.0
2014,119,13.9,6.0,9.3,13.7,7.81,0.0
2014,120,14.7,7.9,10.8,3.1,15.23,0.0
2014,121,11.0,6.2,8.9,2.6,18.6,0.0
2014,122,11.8,4.6,7.7,1.3,10.76,0.0
2014,123,10.4,6.1,8.1,6.2,13.4,0.0
2014,124,10.0,4.1,6.9,0.8,22.98,0.0
2014,125,10.0,0.8,5.5,0.0,17.94,0.0
2014,126,10.0,2.4,6.0,0.0,28.22,0.0
2014,127,13.1,4.6,7.6,8.1,9.62,0.0
2014,128,23.1,7.3,15.3,1.8,23.98,0.0
2014,129,22.4,16.7,19.4,0.9,11.16,0.0
2014,130,17.8,9.2,13.7,0.0,28.12,0.0
2014,131,22.5,5.9,14.6,0.0,26.72,0.0
2014,132,22.1,14.3,18.1,4.4,13.22,0.0
2014,133,25.9,16.8,20.6,30.2,17.95,0.0
2014,134,15.9,6.5,9.4,8.2,11.92,0.0
2014,135,9.7,5.3,6.9,22.4,4.92,0.0
2014,136,9.8,3.5,6.1,0.0,18.3,0.0
2014,137,11.7,3.5,7.2,0.3,25.42,0.0
2014,138,17.1,5.4,11.2,0.0,29.13,0.0
2014,139,19.7,8.9,14.2,0.0,27.44,0.0
2014,140,17.3,10.7,13.3,9.8,11.6,0.0
2014,141,21.9,9.7,15.7,2.3,24.58,0.0
2014,142,16.1,10.5,13.2,0.0,16.16,0.0
2014,143,15.4,8.8,11.9,0.0,19.54,0.0
2014,144,19.9,9.7,14.5,0.0,29.39,0.0
2014,145,24.2,11.2,17.9,0.0,29.52,0.0
2014,146,25.7,14.2,20.3,0.0,25.13,0.0
2014,147,24.0,13.7,19.3,4.0,18.78,0.0
2014,148,14.3,9.3,11.9,0.0,26.48,0.0
2014,149,17.8,7.1,13.1,0.0,29.85,0.0
2014,150,23.0,9.3,15.5,0.0,27.9,0.0
2014,151,22.6,10.5,16.5,0.0,30.45,0.0
2014,152,27.4,13.1,20.0,0.0,29.52,0.0
2014,153,27.0,18.6,22.1,9.8,22.14,0.0
2014,154,21.5,17.5,20.0,0.0,25.44,0.0
2014,155,20.5,13.6,17.2,0.0,22.85,0.0
2014,156,18.1,10.7,14.0,0.0,31.3,0.0
2014,157,22.7,8.8,16.1,0.0,29.04,0.0
2014,158,25.3,12.3,19.3,0.0,30.47,0.0
2014,159,18.5,12.7,16.1,0.4,20.4,0.0
2014,160,19.4,10.1,14.7,0.0,30.13,0.0
2014,161,20.0,11.1,15.6,0.0,22.64,0.0
2014,162,22.6,14.7,17.5,10.8,12.31,0.0
2014,163,24.1,16.6,20.6,0.3,20.63,0.0
2014,164,20.0,12.3,15.7,0.0,15.43,0.0
2014,165,17.1,9.9,12.8,0.0,28.24,0.0
2014,166,23.8,9.3,16.5,0.0,31.21,0.0
2014,167,27.6,18.0,22.7,0.0,27.62,0.0
2014,168,26.4,18.1,22.0,11.8,20.34,0.0
2014,169,22.7,14.4,17.7,13.3,13.73,0.0
2014,170,18.8,12.8,15.8,1.0,30.51,0.0
2014,171,19.2,11.5,15.1,0.3,14.4,0.0
2014,172,21.3,13.1,16.9,0.0,28.24,0.0
2014,173,24.7,13.6,19.3,0.0,27.72,0.0
2014,174,24.2,16.9,20.5,10.8,12.92,0.0
2014,175,22.2,16.2,20.1,18.1,9.11,0.0
2014,176,16.7,14.0,15.3,0.0,15.63,0.0
2014,177,21.5,12.9,17.1,0.0,29.35,0.0
2014,178,24.4,12.2,18.7,0.0,29.37,0.0
2014,179,28.7,17.1,23.1,0.0,28.61,0.0
2014,180,27.7,20.9,24.2,6.7,23.22,0.0
2014,181,28.5,21.3,24.9,0.0,22.74,0.0
2014,182,27.3,22.2,24.6,1.3,27.5,0.0
2014,183,23.4,16.4,20.4,0.1,21.57,0.0
2014,184,17.3,13.4,15.0,13.6,14.3,0.0
2014,185,21.3,11.1,16.8,0.0,29.99,0.0
2014,186,24.3,12.7,19.2,0.0,30.22,0.0
2014,187,26.4,16.0,21.4,0.4,27.25,0.0
2014,188,27.3,20.4,23.4,3.6,24.73,0.0
2014,189,21.9,18.1,20.3,15.9,12.76,0.0
2014,190,19.3,13.8,16.8,0.2,20.36,0.0
2014,191,19.5,12.7,16.5,0.0,26.85,0.0
2014,192,24.7,12.3,18.9,0.0,28.16,0.0
2014,193,27.9,17.8,22.7,0.4,25.05,0.0
2014,194,25.4,17.0,22.0,28.8,24.28,0.0
2014,195,23.2,16.2,19.6,2.3,23.18,0.0
2014,196,18.7,15.0,16.6,11.5,19.54,0.0
2014,197,19.4,13.5,15.9,0.9,20.21,0.0
2014,198,21.8,14.1,18.1,0.0,27.66,0.0
2014,199,23.4,14.9,19.5,0.0,24.94,0.0
2014,200,23.1,16.7,19.4,0.2,19.95,0.0
2014,201,23.9,14.8,19.4,0.0,24.26,0.0
2014,202,27.1,17.6,22.4,0.0,23.04,0.0
2014,203,29.9,19.4,24.4,1.9,27.9,0.0
2014,204,21.6,15.6,17.6,2.9,19.21,0.0
2014,205,20.5,14.3,17.4,0.0,24.96,0.0
2014,206,23.7,14.0,19.1,0.0,26.07,0.0
2014,207,25.3,17.1,21.2,0.1,21.47,0.0
2014,208,25.1,17.6,20.9,13.8,18.27,0.0
2014,209,17.7,14.9,15.9,3.6,12.07,0.0
2014,210,20.4,13.5,16.4,4.3,19.01,0.0
2014,211,19.8,14.0,16.8,0.2,22.83,0.0
2014,212,22.7,14.3,18.5,1.3,21.53,0.0
2014,213,24.9,16.2,20.4,1.2,23.4,0.0
2014,214,24.0,15.9,20.1,0.0,23.5,0.0
2014,215,24.9,14.8,19.9,0.1,23.8,0.0
2014,216,23.5,18.3,20.5,0.4,21.49,0.0
2014,217,22.4,16.0,18.8,5.8,20.79,0.0
2014,218,22.7,13.2,18.5,0.0,26.39,0.0
2014,219,22.4,16.0,19.1,0.1,26.3,0.0
2014,220,22.4,13.3,18.3,0.0,25.59,0.0
2014,221,23.5,14.6,19.1,0.0,26.95,0.0
2014,222,25.3,16.1,20.7,0.0,24.39,0.0
2014,223,24.4,18.3,20.4,42.3,11.47,0.0
2014,224,22.5,15.5,18.8,25.4,15.46,0.0
2014,225,20.5,14.2,16.9,0.0,23.98,0.0
2014,226,18.4,12.9,15.3,0.0,23.3,0.0
2014,227,21.1,11.5,16.1,0.0,26.7,0.0
2014,228,23.0,14.5,18.1,4.4,14.26,0.0
2014,229,20.6,15.3,17.9,0.3,20.49,0.0
2014,230,21.1,14.6,17.7,0.0,22.8,0.0
2014,231,26.5,16.8,20.7,15.0,13.53,0.0
2014,232,24.5,19.5,21.5,5.8,17.62,0.0
2014,233,23.2,17.8,20.2,0.0,17.07,0.0
2014,234,22.2,16.5,18.9,0.0,19.05,0.0
2014,235,22.8,16.8,19.3,0.0,16.68,0.0
2014,236,23.2,17.5,20.2,0.1,12.43,0.0
2014,237,26.8,18.8,22.7,0.0,15.75,0.0
2014,238,27.7,18.4,23.5,0.1,15.28,0.0
2014,239,20.7,15.8,17.8,0.0,19.91,0.0
2014,240,18.2,12.9,15.7,0.0,19.23,0.0
2014,241,22.9,13.8,17.9,1.3,11.94,0.0
2014,242,27.1,18.3,22.3,7.5,14.61,0.0
2014,243,25.1,19.8,22.0,0.0,17.41,0.0
2014,244,28.1,19.5,22.7,4.5,17.78,0.0
2014,245,24.1,19.1,21.6,0.0,19.28,0.0
2014,246,25.2,16.7,20.8,0.0,20.13,0.0
2014,247,26.3,18.9,22.6,0.0,16.77,0.0
2014,248,30.3,17.0,24.2,18.2,18.58,0.0
2014,249,21.1,16.3,18.2,2.3,18.8,0.0
2014,250,21.6,13.1,17.7,0.0,22.19,0.0
2014,251,22.8,14.2,18.5,0.0,21.54,0.0
2014,252,24.4,16.5,20.0,0.0,17.32,0.0
2014,253,21.3,17.7,19.9,16.7,3.01,0.0
2014,254,20.7,11.2,13.1,0.0,9.71,0.0
2014,255,12.0,10.1,11.0,1.0,6.38,0.0
2014,256,11.9,8.4,10.5,16.4,12.86,0.0
2014,257,14.3,7.3,11.0,0.0,13.28,0.0
2014,258,15.2,9.9,12.3,6.6,7.72,0.0
2014,259,15.8,9.3,12.6,0.0,14.85,0.0
2014,260,17.9,8.8,13.5,0.0,18.19,0.0
2014,261,14.0,8.5,11.4,0.0,10.26,0.0
2014,262,17.8,6.1,11.8,0.0,19.29,0.0
2014,263,23.6,13.0,17.6,10.7,11.3,0.0
2014,264,17.6,10.8,14.9,10.0,8.26,0.0
2014,265,15.3,8.9,11.3,0.0,17.37,0.0
2014,266,20.1,10.1,14.7,0.0,18.73,0.0
2014,267,20.9,11.8,16.2,0.0,18.52,0.0
2014,268,21.5,13.1,17.0,0.0,17.41,0.0
2014,269,21.5,11.1,16.5,0.0,18.24,0.0
2014,270,20.8,11.1,15.4,0.0,14.77,0.0
2014,271,20.9,11.6,15.9,0.0,11.39,0.0
2014,272,22.9,12.7,16.7,2.9,15.74,0.0
2014,273,13.0,11.2,12.0,3.9,3.26,0.0
2014,274,18.4,13.0,15.3,0.1,9.21,0.0
2014,275,20.1,14.1,16.7,0.4,9.13,0.0
2014,276,19.2,12.2,16.5,13.6,4.11,0.0
2014,277,11.8,6.5,8.3,3.1,14.9,0.0
2014,278,10.8,6.2,8.4,0.2,9.75,0.0
2014,279,16.3,7.9,11.0,4.0,12.55,0.0
2014,280,16.9,8.0,11.9,0.0,15.26,0.0
2014,281,11.5,8.1,9.8,0.1,10.57,0.0
2014,282,11.6,6.0,8.5,0.0,12.57,0.0
2014,283,10.6,5.2,8.1,0.0,10.67,0.0
2014,284,10.4,5.1,7.9,0.0,14.09,0.0
2014,285,13.2,4.6,8.9,0.0,15.67,0.0
2014,286,18.9,9.3,14.3,4.4,5.28,0.0
2014,287,18.5,16.3,17.5,18.1,2.42,0.0
2014,288,17.8,13.1,15.2,1.7,10.21,0.0
2014,289,14.6,11.5,13.1,1.9,8.23,0.0
2014,290,15.0,9.8,12.5,1.2,5.21,0.0
2014,291,9.1,5.6,6.7,1.4,3.18,0.0
2014,292,8.4,3.7,6.0,0.0,11.43,0.0
2014,293,12.4,6.9,9.4,5.3,4.79,0.0
2014,294,9.0,6.3,7.3,2.0,2.57,0.0
2014,295,8.7,4.8,6.6,0.0,9.4,0.0
2014,296,10.1,1.9,5.9,0.0,11.96,0.0
2014,297,13.1,2.2,8.0,0.0,7.52,0.0
2014,298,16.0,8.3,11.6,0.0,11.9,0.0
2014,299,11.7,6.4,9.1,0.0,12.92,0.0
2014,300,15.0,2.6,9.1,0.6,8.13,0.0
2014,301,16.8,10.1,14.5,4.5,4.6,0.0
2014,302,9.9,6.7,8.0,0.0,6.77,0.0
2014,303,8.0,4.5,6.3,0.5,5.24,0.0
2014,304,6.1,2.3,4.5,9.0,2.34,0.0
2014,305,2.6,1.1,1.5,0.0,5.32,0.0
2014,306,5.6,-0.3,2.5,0.0,11.92,0.0
2014,307,11.8,2.9,7.4,0.0,10.41,0.0
2014,308,13.6,7.1,10.9,1.1,2.8,0.0
2014,309,8.7,5.9,6.9,0.0,6.97,0.0
2014,310,8.7,3.7,6.1,7.3,4.48,0.0
2014,311,3.4,0.9,2.1,0.0,6.93,0.0
2014,312,5.2,1.3,2.9,3.9,2.72,0.0
2014,313,5.9,0.1,3.1,0.1,6.01,0.0
2014,314,9.8,3.4,6.4,1.2,5.0,0.0
2014,315,12.1,3.5,9.1,2.4,3.28,0.0
2014,316,3.0,-0.7,1.0,0.0,5.08,0.0
2014,317,0.5,-2.2,-1.0,0.0,8.74,0.0
2014,318,0.6,-2.6,-1.4,0.0,8.2,0.0
2014,319,-0.1,-3.2,-1.7,0.1,5.61,0.0
2014,320,0.1,-3.2,-1.6,1.3,5.64,0.0
2014,321,-0.8,-6.9,-2.9,0.2,3.91,0.0
2014,322,-3.6,-8.5,-6.5,0.1,8.71,0.0
2014,323,-3.7,-9.4,-6.5,1.1,5.1,0.0
2014,324,-5.0,-8.1,-6.3,0.0,9.02,0.0
2014,325,-4.8,-10.0,-7.5,0.0,8.99,0.0
2014,326,6.1,-6.6,0.6,1.8,1.91,0.0
2014,327,8.2,5.9,7.1,4.0,2.29,0.0
2014,328,10.8,0.3,7.5,24.1,1.34,0.0
2014,329,1.0,-1.0,-0.1,0.0,6.1,0.0
2014,330,0.4,-2.9,-1.1,0.0,4.27,0.0
2014,331,-0.5,-6.2,-2.2,0.0,6.24,0.0
2014,332,-3.5,-6.7,-5.2,1.1,5.83,0.0
2014,333,5.4,-3.8,0.8,0.4,5.48,0.0
2014,334,10.3,0.2,6.8,0.9,1.75,0.0
2014,335,-0.3,-5.9,-3.4,0.0,7.21,0.0
2014,336,-0.3,-5.3,-2.9,0.0,5.64,0.0
2014,337,1.5,-2.7,-0.9,0.2,7.06,0.0
2014,338,-1.9,-4.6,-3.3,0.0,7.61,0.0
2014,339,2.0,-2.5,-0.3,0.0,2.16,0.0
2014,340,1.6,-1.6,0.4,0.0,4.4,0.0
2014,341,0.9,-2.4,-1.1,0.0,6.66,0.0
2014,342,3.8,-1.4,1.2,0.3,4.36,0.0
2014,343,2.6,-0.5,0.9,0.9,2.96,0.0
2014,344,-0.8,-2.9,-2.3,0.0,3.07,0.0
2014,345,1.9,-3.2,-1.0,0.0,5.94,0.0
2014,346,1.3,-1.2,-0.2,0.0,3.7,0.0
2014,347,3.6,-1.3,1.3,0.0,4.36,0.0
2014,348,5.7,2.4,3.7,0.0,3.23,0.0
2014,349,8.7,4.2,6.2,0.0,2.21,0.0
2014,350,5.7,3.9,4.8,6.7,0.85,0.0
2014,351,3.8,-1.3,0.3,3.4,3.39,0.0
2014,352,-1.2,-2.7,-1.9,0.0,2.66,0.0
2014,353,-1.4,-4.0,-2.9,0.0,5.8,0.0
2014,354,-1.7,-4.3,-3.1,0.0,4.57,0.0
2014,355,1.6,-5.6,-2.6,0.0,6.45,0.0
2014,356,2.2,-2.4,-0.6,0.0,6.48,0.0
2014,357,4.9,0.9,3.0,2.7,1.39,0.0
2014,358,4.4,0.7,3.2,30.3,0.75,0.0
2014,359,2.5,0.4,1.1,3.9,4.21,0.0
2014,360,5.7,-0.5,1.7,0.0,6.68,0.0
2014,361,8.4,0.9,4.7,0.0,2.51,0.0
2014,362,2.5,-2.5,-0.4,0.0,4.87,0.0
2014,363,-2.7,-5.8,-4.1,0.0,6.25,0.0
2014,364,-6.3,-9.4,-7.5,0.0,6.12,0.0
2014,365,-7.6,-10.5,-9.1,0.0,7.1,0.0
2015,1,-2.3,-7.2,-4.5,0.0,4.38,0.0
2015,2,-1.9,-6.3,-4.2,0.0,7.71,0.0
2015,3,-0.1,-4.8,-1.7,14.5,1.02,0.0
2015,4,-0.0,-9.1,-1.9,6.5,3.1,0.0
2015,5,-9.7,-17.0,-14.8,0.0,7.76,0.0
2015,6,-9.9,-16.5,-12.9,0.0,6.56,0.0
2015,7,-12.6,-17.0,-15.1,0.0,7.59,0.0
2015,8,-12.4,-17.3,-14.8,2.9,5.11,0.0
2015,9,-11.2,-16.5,-12.8,0.9,7.46,0.0
2015,10,-9.8,-18.1,-14.6,0.0,8.54,0.0
2015,11,-2.3,-12.6,-7.6,0.0,7.35,0.0
2015,12,-4.0,-12.4,-6.4,0.0,6.68,0.0
2015,13,-10.0,-16.3,-12.3,0.0,7.14,0.0
2015,14,-8.8,-23.5,-16.0,0.0,8.28,0.0
2015,15,-1.7,-11.3,-6.4,0.1,7.48,0.0
2015,16,-1.5,-12.8,-7.7,0.0,9.18,0.0
2015,17,3.9,-17.8,-5.5,0.0,5.58,0.0
2015,18,3.3,-2.4,0.9,2.0,3.59,0.0
2015,19,-3.2,-7.0,-5.4,0.0,6.51,0.0
2015,20,-4.0,-10.7,-6.5,0.0,5.21,0.0
2015,21,-4.2,-6.5,-5.4,0.0,4.55,0.0
2015,22,-2.4,-11.3,-6.4,0.0,9.04,0.0
2015,23,0.9,-5.5,-2.9,0.0,8.84,0.0
2015,24,2.0,-3.0,-0.9,0.0,4.95,0.0
2015,25,-1.6,-8.8,-6.9,0.0,6.11,0.0
2015,26,-6.4,-11.4,-8.9,0.0,9.25,0.0
2015,27,-6.9,-13.2,-9.5,0.0,7.59,0.0
2015,28,-2.4,-15.4,-8.0,0.0,10.4,0.0
2015,29,-1.3,-4.6,-2.8,5.7,3.23,0.0
2015,30,-3.8,-15.5,-11.2,0.0,9.32,0.0
2015,31,-1.3,-17.3,-8.9,0.0,7.79,0.0
2015,32,-4.4,-9.9,-8.7,6.8,3.77,0.0
2015,33,-9.8,-16.8,-12.1,4.2,7.99,0.0
2015,34,-5.9,-16.8,-10.6,0.7,9.65,0.0
2015,35,-5.7,-12.3,-7.1,2.0,7.47,0.0
2015,36,-11.8,-19.0,-15.1,0.0,12.47,0.0
2015,37,-4.7,-12.0,-8.0,0.0,10.22,0.0
2015,38,-0.8,-5.7,-3.2,0.2,6.29,0.0
2015,39,-0.2,-7.3,-2.9,2.2,2.91,0.0
2015,40,-7.6,-9.8,-8.9,0.0,6.1,0.0
2015,41,-4.6,-11.6,-8.2,0.0,10.0,0.0
2015,42,-1.0,-8.7,-5.4,0.5,5.35,0.0
2015,43,-7.3,-18.3,-14.0,0.3,12.23,0.0
2015,44,-7.7,-23.6,-15.2,1.2,10.47,0.0
2015,45,-8.0,-20.3,-13.3,0.0,12.56,0.0
2015,46,-20.5,-24.5,-22.6,0.0,11.74,0.0
2015,47,-13.6,-28.7,-21.4,0.0,14.18,0.0
2015,48,-8.0,-21.4,-15.0,0.0,12.14,0.0
2015,49,-11.5,-18.5,-14.4,1.0,8.05,0.0
2015,50,-16.7,-22.6,-20.2,0.0,13.8,0.0
2015,51,-12.6,-28.7,-20.3,0.0,14.98,0.0
2015,52,-5.0,-14.2,-8.9,1.1,10.97,0.0
2015,53,-7.7,-17.1,-10.2,0.0,11.3,0.0
2015,54,-14.6,-24.5,-19.3,0.0,16.06,0.0
2015,55,-7.5,-16.3,-11.8,1.0,11.34,0.0
2015,56,-7.4,-17.1,-13.6,0.0,16.12,0.0
2015,57,-14.0,-19.6,-16.0,0.0,13.33,0.0
2015,58,-10.2,-24.7,-17.4,0.0,16.71,0.0
2015,59,-5.8,-17.0,-12.0,0.0,16.97,0.0
2015,60,-4.9,-13.3,-9.0,0.0,12.96,0.0
2015,61,-4.4,-10.8,-6.9,0.0,16.5,0.0
2015,62,-1.4,-12.6,-6.1,6.8,3.46,0.0
2015,63,-2.4,-11.2,-5.1,0.0,13.27,0.0
2015,64,-12.0,-18.2,-14.9,0.0,17.31,0.0
2015,65,-5.3,-17.8,-11.8,0.0,17.66,0.0
2015,66,1.5,-9.0,-4.2,0.0,14.48,0.0
2015,67,2.9,-5.2,-1.9,0.0,17.78,0.0
2015,68,5.3,-6.0,0.3,0.0,18.07,0.0
2015,69,7.5,-1.1,3.0,0.0,13.17,0.0
2015,70,6.6,-0.1,3.0,0.0,18.48,0.0
2015,71,3.3,-6.6,-0.9,0.0,18.26,0.0
2015,72,10.6,-1.4,3.3,0.0,17.48,0.0
2015,73,5.4,1.1,4.0,0.0,10.32,0.0
2015,74,6.9,-1.1,2.1,0.0,18.06,0.0
2015,75,11.8,3.5,7.2,0.7,9.52,0.0
2015,76,4.2,-2.9,0.9,0.7,18.67,0.0
2015,77,3.0,-3.9,-1.3,0.0,19.47,0.0
2015,78,1.5,-5.8,-2.3,0.0,18.32,0.0
2015,79,8.6,-3.6,2.5,0.0,18.1,0.0
2015,80,4.7,-4.5,1.8,3.9,13.24,0.0
2015,81,-1.5,-8.2,-5.1,0.0,20.91,0.0
2015,82,-5.2,-8.5,-7.0,0.0,17.42,0.0
2015,83,1.1,-8.9,-4.3,0.0,21.73,0.0
2015,84,8.8,-3.1,2.1,4.4,9.17,0.0
2015,85,4.4,-0.8,2.0,0.4,11.13,0.0
2015,86,-1.5,-7.6,-5.5,1.3,12.27,0.0
2015,87,-1.6,-7.8,-4.7,0.0,21.56,0.0
2015,88,6.4,-4.4,0.5,0.7,17.99,0.0
2015,89,6.2,-1.9,3.0,0.8,17.19,0.0
2015,90,3.5,-2.9,0.3,2.8,18.35,0.0
2015,91,9.8,-2.6,2.8,0.0,22.64,0.0
2015,92,15.0,4.7,9.0,3.7,10.83,0.0
2015,93,6.9,-0.4,4.3,1.2,14.44,0.0
2015,94,4.9,-4.0,-0.1,0.5,19.87,0.0
2015,95,2.8,-2.0,-0.1,1.8,8.41,0.0
2015,96,7.7,-0.4,2.4,0.8,23.09,0.0
2015,97,6.8,0.2,3.0,0.6,17.56,0.0
2015,98,3.8,0.9,2.5,7.9,4.85,0.0
2015,99,14.6,1.7,6.0,16.6,3.47,0.0
2015,100,15.9,2.8,8.8,1.9,13.63,0.0
2015,101,11.6,0.5,5.4,0.0,23.86,0.0
2015,102,17.5,2.6,9.9,0.0,24.66,0.0
2015,103,15.5,7.0,11.3,2.4,10.28,0.0
2015,104,14.9,3.7,9.3,0.0,24.96,0.0
2015,105,11.0,1.3,6.1,0.0,25.98,0.0
2015,106,16.5,4.0,9.5,0.2,20.61,0.0
2015,107,17.9,5.8,11.1,0.0,24.01,0.0
2015,108,10.0,4.6,7.7,0.0,26.33,0.0
2015,109,13.1,3.4,7.8,1.3,22.22,0.0
2015,110,16.2,6.3,11.1,17.6,12.53,0.0
2015,111,7.9,3.4,5.7,1.7,19.97,0.0
2015,112,4.4,1.2,2.9,0.4,20.32,0.0
2015,113,3.3,-1.3,1.0,0.1,12.01,0.0
2015,114,7.1,-1.5,2.0,0.0,27.67,0.0
2015,115,6.7,-1.4,2.4,0.0,26.1,0.0
2015,116,8.1,1.2,4.4,0.0,24.43,0.0
2015,117,7.2,2.3,4.5,0.6,14.79,0.0
2015,118,11.8,1.0,6.5,0.0,26.07,0.0
2015,119,13.9,3.6,8.0,0.0,24.29,0.0
2015,120,10.2,4.0,7.2,0.0,22.04,0.0
2015,121,15.8,4.8,10.1,0.0,27.76,0.0
2015,122,20.3,5.9,13.0,0.0,26.19,0.0
2015,123,23.3,11.4,17.4,0.0,23.61,0.0
2015,124,18.8,9.9,15.8,3.1,16.08,0.0
2015,125,11.5,6.4,9.2,0.1,10.52,0.0
2015,126,18.3,4.5,11.5,0.0,24.72,0.0
2015,127,26.1,10.2,18.1,0.0,25.41,0.0
2015,128,26.9,16.4,21.5,0.0,22.69,0.0
2015,129,20.5,10.7,14.9,1.1,7.91,0.0
2015,130,10.6,7.3,8.5,15.3,5.05,0.0
2015,131,22.7,7.2,14.2,10.0,14.64,0.0
2015,132,15.8,7.3,11.3,0.0,11.4,0.0
2015,133,9.8,4.9,7.4,0.0,27.4,0.0
2015,134,15.3,2.1,9.2,0.0,27.78,0.0
2015,135,19.3,9.0,13.3,7.4,7.93,0.0
2015,136,18.1,11.1,13.8,0.0,20.15,0.0
2015,137,24.8,10.9,17.7,0.0,18.13,0.0
2015,138,26.4,19.0,22.3,0.0,23.89,0.0
2015,139,17.7,5.9,10.5,0.0,12.82,0.0
2015,140,12.4,3.6,7.8,0.0,28.04,0.0
2015,141,17.9,7.8,12.7,0.3,28.22,0.0
2015,142,11.4,5.6,8.7,0.0,29.96,0.0
2015,143,21.4,3.3,12.8,0.0,30.31,0.0
2015,144,25.2,12.0,18.1,0.0,21.99,0.0
2015,145,24.7,14.2,20.0,0.9,13.12,0.0
2015,146,27.0,18.1,22.4,3.7,26.43,0.0
2015,147,23.8,17.3,20.5,2.2,22.41,0.0
2015,148,24.9,13.6,19.4,0.0,26.21,0.0
2015,149,25.9,16.3,21.2,0.9,21.59,0.0
2015,150,21.8,9.0,16.3,15.7,6.13,0.0
2015,151,9.6,7.5,8.3,7.5,14.3,0.0
2015,152,13.6,6.4,9.9,0.0,29.21,0.0
2015,153,17.6,6.3,12.4,0.0,31.37,0.0
2015,154,21.7,9.6,15.5,0.0,31.03,0.0
2015,155,23.2,11.9,18.1,0.2,17.63,0.0
2015,156,19.2,12.4,16.4,0.0,16.4,0.0
2015,157,15.0,8.3,11.8,0.0,31.55,0.0
2015,158,24.3,8.9,16.7,8.2,18.57,0.0
2015,159,23.7,16.2,19.5,11.6,21.28,0.0
2015,160,22.5,12.8,17.1,0.4,24.83,0.0
2015,161,27.1,17.0,21.3,0.0,28.44,0.0
2015,162,21.2,13.2,16.9,0.0,22.16,0.0
2015,163,14.7,11.3,12.9,19.7,11.35,0.0
2015,164,18.1,10.0,14.0,0.4,13.23,0.0
2015,165,23.3,16.0,19.4,10.8,12.0,0.0
2015,166,24.6,18.0,20.7,0.4,17.2,0.0
2015,167,21.0,13.9,17.8,0.4,30.28,0.0
2015,168,23.8,10.0,17.4,0.0,25.72,0.0
2015,169,25.2,14.7,19.8,1.4,19.59,0.0
2015,170,16.0,11.1,13.8,0.0,31.54,0.0
2015,171,23.5,7.7,16.5,0.0,28.2,0.0
2015,172,23.2,16.4,20.1,0.0,24.84,0.0
2015,173,27.7,14.3,20.3,15.8,20.97,0.0
2015,174,21.1,16.4,19.3,1.5,22.11,0.0
2015,175,25.1,12.0,19.4,0.0,28.49,0.0
2015,176,22.6,14.5,18.6,0.0,24.68,0.0
2015,177,20.4,13.4,16.6,0.0,26.77,0.0
2015,178,18.9,14.9,16.2,2.8,10.96,0.0
2015,179,20.2,13.2,16.7,0.6,25.78,0.0
2015,180,24.5,15.1,20.0,0.0,25.38,0.0
2015,181,21.9,14.9,18.3,0.3,17.18,0.0
2015,182,18.9,15.4,16.9,1.8,19.16,0.0
2015,183,19.1,13.4,16.3,0.0,31.15,0.0
2015,184,21.8,10.4,16.7,0.0,29.87,0.0
2015,185,25.5,12.2,19.5,0.0,28.34,0.0
2015,186,26.9,15.6,21.9,0.0,27.05,0.0
2015,187,29.4,17.7,23.7,0.0,30.13,0.0
2015,188,23.0,15.6,19.3,11.6,7.56,0.0
2015,189,19.5,13.1,16.4,0.0,24.97,0.0
2015,190,20.7,14.1,17.6,0.0,24.37,0.0
2015,191,26.0,12.7,20.0,0.0,28.65,0.0
2015,192,27.7,17.4,22.7,0.0,27.27,0.0
2015,193,26.8,18.4,23.2,0.0,25.29,0.0
2015,194,27.4,18.5,22.3,2.7,19.49,0.0
2015,195,21.3,17.1,20.0,27.3,11.78,0.0
2015,196,17.1,12.8,15.1,0.0,30.3,0.0
2015,197,24.5,10.1,17.7,0.0,28.88,0.0
2015,198,27.1,17.0,21.8,19.8,15.46,0.0
2015,199,29.8,18.0,23.8,13.9,22.95,0.0
2015,200,28.6,19.9,24.3,0.0,23.66,0.0
2015,201,27.2,19.0,23.0,0.6,26.28,0.0
2015,202,23.6,17.1,20.5,1.8,23.52,0.0
2015,203,23.5,16.5,19.8,0.0,26.33,0.0
2015,204,24.7,15.6,20.2,0.0,26.58,0.0
2015,205,28.6,16.1,22.7,0.0,24.05,0.0
2015,206,27.0,20.8,23.5,1.0,19.84,0.0
2015,207,27.1,16.6,22.7,0.0,26.0,0.0
2015,208,29.1,17.2,23.9,0.0,26.07,0.0
2015,209,30.1,18.3,24.8,0.0,27.41,0.0
2015,210,30.3,21.3,25.4,4.0,19.99,0.0
2015,211,28.1,20.2,24.0,0.0,28.1,0.0
2015,212,27.0,18.4,22.6,0.0,22.89,0.0
2015,213,25.3,17.5,21.9,0.0,24.23,0.0
2015,214,29.0,18.0,23.2,6.2,17.86,0.0
2015,215,23.2,17.4,20.6,2.4,21.5,0.0
2015,216,22.6,16.8,19.1,1.6,19.61,0.0
2015,217,20.9,15.3,18.1,0.0,23.55,0.0
2015,218,22.1,14.4,18.4,0.0,23.33,0.0
2015,219,23.4,15.6,19.4,0.0,22.98,0.0
2015,220,23.2,17.6,20.0,0.4,15.53,0.0
2015,221,26.2,18.0,21.8,0.0,23.07,0.0
2015,222,21.4,18.0,20.3,15.9,9.35,0.0
2015,223,21.9,17.3,19.1,0.7,21.63,0.0
2015,224,22.1,15.8,18.6,0.3,23.05,0.0
2015,225,28.7,15.5,21.9,0.6,24.08,0.0
2015,226,27.8,20.4,23.4,4.5,19.98,0.0
2015,227,27.5,19.7,23.2,0.3,18.07,0.0
2015,228,30.6,20.4,25.4,0.0,24.46,0.0
2015,229,30.6,21.7,26.0,0.3,23.52,0.0
2015,230,27.0,21.0,23.2,12.7,15.75,0.0
2015,231,29.0,22.0,24.6,3.7,19.91,0.0
2015,232,21.6,17.1,19.5,25.4,17.58,0.0
2015,233,22.2,15.2,18.3,0.0,21.02,0.0
2015,234,25.6,16.0,20.9,0.0,22.81,0.0
2015,235,26.0,17.2,21.0,4.8,19.7,0.0
2015,236,20.9,15.0,17.5,0.0,18.58,0.0
2015,237,18.0,14.0,15.7,0.7,11.75,0.0
2015,238,17.9,14.0,15.9,0.0,8.56,0.0
2015,239,17.7,14.5,16.3,0.3,11.4,0.0
2015,240,22.2,13.0,17.8,0.0,16.6,0.0
2015,241,21.8,16.7,19.1,4.3,8.67,0.0
2015,242,24.6,16.9,20.8,0.8,17.18,0.0
2015,243,26.1,17.9,21.6,0.0,22.83,0.0
2015,244,29.1,18.3,23.3,0.0,22.41,0.0
2015,245,28.1,21.0,23.9,4.8,16.9,0.0
2015,246,25.7,20.3,21.7,29.5,10.74,0.0
2015,247,24.3,19.3,21.6,14.9,10.68,0.0
2015,248,27.4,19.3,22.8,3.7,17.97,0.0
2015,249,29.0,20.2,24.4,0.0,19.97,0.0
2015,250,29.2,23.1,25.5,0.3,17.26,0.0
2015,251,27.4,20.8,23.4,8.4,11.24,0.0
2015,252,21.2,16.7,19.5,1.3,16.41,0.0
2015,253,23.0,14.4,18.7,0.0,18.1,0.0
2015,254,18.0,14.1,15.9,0.0,12.76,0.0
2015,255,14.7,12.0,13.2,0.9,13.82,0.0
2015,256,15.5,11.3,13.1,0.0,12.88,0.0
2015,257,22.6,9.8,16.1,0.0,20.91,0.0
2015,258,26.8,16.4,20.9,0.0,19.88,0.0
2015,259,26.6,17.5,21.6,0.0,20.29,0.0
2015,260,26.3,17.2,21.5,0.0,19.84,0.0
2015,261,23.3,19.0,20.4,10.4,6.96,0.0
2015,262,20.7,15.2,18.4,10.9,11.87,0.0
2015,263,18.5,11.0,15.1,0.0,16.7,0.0
2015,264,20.0,11.7,16.1,0.0,19.36,0.0
2015,265,21.6,11.8,16.7,0.0,19.28,0.0
2015,266,22.6,12.4,17.5,0.0,18.66,0.0
2015,267,21.8,15.9,18.3,0.0,15.25,0.0
2015,268,21.7,16.1,18.3,0.0,17.37,0.0
2015,269,20.9,14.4,17.6,0.0,17.24,0.0
2015,270,22.8,15.4,18.9,0.0,15.87,0.0
2015,271,24.1,18.5,21.2,0.0,13.44,0.0
2015,272,20.5,13.8,16.3,2.1,3.8,0.0
2015,273,14.3,11.0,12.4,0.0,16.23,0.0
2015,274,10.9,9.0,10.1,0.0,13.1,0.0
2015,275,11.7,8.5,10.1,0.0,16.77,0.0
2015,276,10.6,8.0,8.9,5.6,7.98,0.0
2015,277,12.0,9.0,10.7,4.6,2.28,0.0
2015,278,15.2,11.6,12.9,1.0,6.0,0.0
2015,279,15.7,12.2,13.6,0.0,6.28,0.0
2015,280,16.6,10.8,13.6,0.0,12.71,0.0
2015,281,19.0,7.3,13.1,5.1,11.82,0.0
2015,282,15.8,10.9,13.2,3.2,6.4,0.0
2015,283,15.5,7.3,11.5,0.0,15.66,0.0
2015,284,21.3,11.8,15.8,0.0,15.0,0.0
2015,285,21.5,14.2,17.5,0.0,11.35,0.0
2015,286,16.0,10.1,12.3,1.9,4.7,0.0
2015,287,11.4,8.7,10.1,0.0,8.64,0.0
2015,288,16.1,8.4,11.7,1.0,12.62,0.0
2015,289,9.3,4.5,7.6,0.5,12.39,0.0
2015,290,6.2,2.5,3.9,0.7,12.29,0.0
2015,291,6.0,1.8,3.6,0.4,9.82,0.0
2015,292,17.1,3.1,10.0,0.0,13.44,0.0
2015,293,16.8,12.2,14.3,2.6,6.94,0.0
2015,294,19.4,11.6,14.9,2.5,11.07,0.0
2015,295,16.8,8.2,12.7,0.0,10.83,0.0
2015,296,10.0,5.6,8.1,0.0,12.07,0.0
2015,297,19.1,9.2,12.9,16.0,5.52,0.0
2015,298,11.6,7.7,9.3,0.0,10.75,0.0
2015,299,11.5,5.5,8.3,0.0,9.55,0.0
2015,300,12.3,7.1,9.5,0.0,10.28,0.0
2015,301,13.8,9.3,11.4,20.4,1.04,0.0
2015,302,10.6,3.1,6.4,2.5,4.94,0.0
2015,303,7.4,5.3,6.5,0.0,5.63,0.0
2015,304,9.7,6.3,7.6,9.2,3.22,0.0
2015,305,13.1,8.2,10.4,0.7,10.05,0.0
2015,306,18.6,5.7,11.6,0.0,10.64,0.0
2015,307,18.7,10.7,14.0,0.0,10.95,0.0
2015,308,20.9,10.8,15.0,0.0,10.89,0.0
2015,309,20.5,13.9,17.0,0.1,7.99,0.0
2015,310,17.8,9.4,13.7,5.9,6.01,0.0
2015,311,9.2,4.9,7.2,0.2,9.28,0.0
2015,312,8.7,2.8,5.5,0.0,10.88,0.0
2015,313,10.8,2.8,6.0,0.0,10.78,0.0
2015,314,8.5,3.7,6.5,6.1,3.4,0.0
2015,315,11.9,4.0,8.0,0.0,9.67,0.0
2015,316,10.4,7.8,8.8,7.0,2.11,0.0
2015,317,7.6,2.8,4.7,1.7,6.29,0.0
2015,318,6.8,2.6,4.5,0.0,8.16,0.0
2015,319,14.1,6.2,9.4,0.0,9.41,0.0
2015,320,13.6,6.5,9.2,0.0,8.21,0.0
2015,321,13.1,7.0,9.8,0.0,8.07,0.0
2015,322,14.8,13.2,13.9,4.9,4.28,0.0
2015,323,14.3,3.6,9.8,2.2,6.76,0.0
2015,324,4.4,1.8,3.0,0.0,8.91,0.0
2015,325,1.8,0.0,1.1,13.3,1.7,0.0
2015,326,-0.1,-4.5,-2.4,0.7,8.89,0.0
2015,327,0.1,-5.6,-3.0,0.0,7.53,0.0
2015,328,3.0,-2.3,0.2,0.0,6.56,0.0
2015,329,8.8,-2.2,4.0,0.0,8.28,0.0
2015,330,13.0,7.6,10.0,2.9,2.41,0.0
2015,331,13.2,1.2,6.6,14.9,0.77,0.0
2015,332,1.0,-2.9,-0.3,0.0,6.34,0.0
2015,333,2.8,-3.6,-0.5,0.0,7.66,0.0
2015,334,3.5,-0.4,1.3,0.0,6.04,0.0
2015,335,6.5,1.5,4.1,2.7,1.09,0.0
2015,336,5.6,0.3,2.9,0.2,6.55,0.0
2015,337,4.4,0.5,2.4,0.0,4.78,0.0
2015,338,6.5,1.4,3.3,0.0,7.91,0.0
2015,339,6.9,0.5,3.0,0.0,7.67,0.0
2015,340,5.7,-0.1,1.9,0.0,7.27,0.0
2015,341,5.0,-1.2,1.8,0.0,3.55,0.0
2015,342,3.8,0.7,2.4,0.0,2.48,0.0
2015,343,8.2,3.3,5.6,0.5,1.92,0.0
2015,344,11.1,2.7,6.8,0.0,3.61,0.0
2015,345,10.9,4.0,7.4,0.1,7.14,0.0
2015,346,7.5,2.6,5.5,1.0,1.5,0.0
2015,347,13.9,6.7,10.5,9.3,1.76,0.0
2015,348,13.8,8.0,11.7,8.6,2.89,0.0
2015,349,7.9,2.6,5.0,0.0,2.44,0.0
2015,350,8.8,2.6,4.9,1.7,2.5,0.0
2015,351,9.0,0.1,3.1,0.0,3.22,0.0
2015,352,0.1,-3.2,-0.8,0.0,6.16,0.0
2015,353,-2.2,-4.1,-3.3,0.0,5.61,0.0
2015,354,4.4,-3.5,0.2,0.0,5.91,0.0
2015,355,5.5,3.9,4.9,13.1,0.67,0.0
2015,356,7.4,3.7,5.7,0.3,2.97,0.0
2015,357,14.6,3.7,8.7,1.4,2.04,0.0
2015,358,14.9,4.3,7.7,2.1,7.26,0.0
2015,359,5.4,1.0,3.6,0.3,7.21,0.0
2015,360,4.2,-1.2,1.9,4.4,4.96,0.0
2015,361,3.0,-0.9,1.6,2.5,2.67,0.0
2015,362,-1.4,-3.3,-2.5,16.8,2.0,0.0
2015,363,4.2,-1.2,2.3,8.1,1.67,0.0
2015,364,0.9,-1.1,0.0,1.0,2.82,0.0
2015,365,-0.6,-2.2,-1.4,0.0,4.42,0.0
2016,1,-2.6,-5.0,-3.9,0.0,4.38,0.0
2016,2,0.6,-3.1,-1.6,0.0,5.81,0.0
2016,3,-0.7,-5.2,-2.8,0.0,3.92,0.0
2016,4,-5.2,-7.9,-6.8,0.0,3.6,0.0
2016,5,-3.2,-9.9,-6.6,0.0,8.31,0.0
2016,6,0.7,-5.9,-3.4,0.0,7.8,0.0
2016,7,2.6,-4.4,-0.8,0.0,6.62,0.0
2016,8,3.9,-0.4,1.3,5.0,4.54,0.0
2016,9,5.4,1.8,4.2,3.6,1.65,0.0
2016,10,3.8,-8.0,-2.5,11.7,2.48,0.0
2016,11,-8.8,-12.3,-10.3,0.3,7.81,0.0
2016,12,-6.4,-10.7,-8.3,3.4,5.48,0.0
2016,13,-7.8,-13.7,-11.0,1.2,7.07,0.0
2016,14,-2.3,-9.8,-6.5,0.0,6.09,0.0
2016,15,5.2,-2.3,1.4,4.1,5.34,0.0
2016,16,1.5,-5.5,-3.2,1.4,3.81,0.0
2016,17,-5.0,-12.6,-10.1,0.0,7.12,0.0
2016,18,-9.0,-13.1,-11.2,0.2,7.41,0.0
2016,19,-7.2,-13.2,-10.5,0.0,8.92,0.0
2016,20,-6.5,-10.2,-8.4,0.2,5.32,0.0
2016,21,-4.3,-12.3,-8.3,0.0,8.88,0.0
2016,22,-3.0,-9.5,-6.3,0.0,8.09,0.0
2016,23,-3.8,-7.3,-5.0,0.0,5.88,0.0
2016,24,-0.8,-8.5,-4.4,0.3,5.93,0.0
2016,25,3.4,-3.7,-0.4,0.6,7.64,0.0
2016,26,4.9,-1.0,2.2,3.6,4.86,0.0
2016,27,-0.2,-4.3,-2.4,0.1,6.18,0.0
2016,28,3.2,-3.5,-0.8,0.9,5.75,0.0
2016,29,-4.3,-9.2,-7.4,0.0,6.17,0.0
2016,30,5.9,-7.6,0.6,0.0,7.88,0.0
2016,31,9.8,0.7,4.3,6.6,4.36,0.0
2016,32,4.4,-2.5,1.1,1.1,9.04,0.0
2016,33,1.8,-3.2,-0.3,10.8,5.81,0.0
2016,34,8.9,0.6,5.3,7.9,7.82,0.0
2016,35,-0.2,-3.2,-1.8,0.9,6.81,0.0
2016,36,1.0,-5.5,-2.6,0.3,6.52,0.0
2016,37,2.8,-3.7,-1.1,0.0,10.49,0.0
2016,38,5.7,-1.3,2.0,0.1,6.07,0.0
2016,39,3.3,-0.9,1.0,2.4,5.93,0.0
2016,40,-0.5,-3.7,-1.8,16.7,3.03,0.0
2016,41,-4.7,-13.4,-9.3,2.6,9.01,0.0
2016,42,-11.1,-16.2,-14.2,0.0,13.17,0.0
2016,43,-7.4,-15.5,-11.2,0.1,11.89,0.0
2016,44,-14.8,-20.9,-17.7,0.0,13.47,0.0
2016,45,-8.7,-22.5,-15.7,0.0,13.96,0.0
2016,46,-3.2,-12.0,-7.5,0.6,7.71,0.0
2016,47,-2.3,-9.3,-4.8,0.0,7.14,0.0
2016,48,-3.1,-11.1,-6.1,0.8,12.82,0.0
2016,49,-1.4,-19.7,-9.6,0.0,14.46,0.0
2016,50,10.7,-4.4,3.0,0.7,10.39,0.0
2016,51,8.6,1.1,5.0,0.9,12.05,0.0
2016,52,1.9,-2.7,0.1,0.0,5.61,0.0
2016,53,-0.3,-4.5,-2.6,0.0,12.66,0.0
2016,54,3.1,-3.8,-1.0,0.0,12.58,0.0
2016,55,-0.8,-2.1,-1.3,22.4,2.12,0.0
2016,56,-1.1,-6.6,-2.7,6.8,8.07,0.0
2016,57,-2.9,-8.8,-5.9,0.0,11.82,0.0
2016,58,4.5,-5.4,-0.7,0.0,12.46,0.0
2016,59,11.3,3.2,6.6,4.0,13.07,0.0
2016,60,5.1,-7.4,-1.7,0.5,9.5,0.0
2016,61,-4.6,-8.0,-6.0,17.5,3.22,0.0
2016,62,-5.1,-10.0,-7.4,2.5,13.82,0.0
2016,63,-2.4,-11.6,-6.9,0.0,12.89,0.0
2016,64,-1.6,-9.7,-5.8,0.0,15.98,0.0
2016,65,0.2,-9.1,-3.6,0.6,10.25,0.0
2016,66,3.2,-13.3,-3.6,0.0,15.69,0.0
2016,67,11.7,2.2,5.7,0.1,15.98,0.0
2016,68,17.5,5.5,10.7,0.0,10.7,0.0
2016,69,16.8,11.1,13.1,2.2,6.59,0.0
2016,70,9.9,2.0,4.9,0.0,5.8,0.0
2016,71,4.3,-1.0,1.5,0.0,15.06,0.0
2016,72,14.2,0.1,6.4,0.0,15.72,0.0
2016,73,7.3,2.8,4.9,3.8,5.81,0.0
2016,74,9.7,3.3,7.0,2.2,4.17,0.0
2016,75,8.6,2.4,4.9,0.0,16.74,0.0
2016,76,10.8,2.6,6.6,10.8,9.66,0.0
2016,77,8.0,3.1,5.8,0.6,16.29,0.0
2016,78,2.6,-3.3,0.3,0.0,11.22,0.0
2016,79,-0.4,-4.2,-2.5,0.0,17.67,0.0
2016,80,2.2,-4.1,-1.3,0.0,20.03,0.0
2016,81,3.6,-3.2,-0.2,0.0,16.78,0.0
2016,82,10.8,-3.3,3.2,0.5,10.29,0.0
2016,83,2.9,-0.9,0.5,13.9,5.01,0.0
2016,84,1.5,-0.7,0.3,31.9,1.94,0.0
2016,85,1.3,-4.1,-1.9,0.3,16.66,0.0
2016,86,5.0,-6.4,-0.2,0.0,21.75,0.0
2016,87,14.8,-1.5,6.0,2.2,20.9,0.0
2016,88,7.3,1.0,3.8,17.6,13.02,0.0
2016,89,4.6,-1.0,1.5,0.0,22.84,0.0
2016,90,12.9,0.0,6.7,1.8,15.72,0.0
2016,91,15.6,9.5,12.7,28.1,5.23,0.0
2016,92,8.4,3.0,5.4,0.0,11.95,0.0
2016,93,2.9,-3.9,-0.4,4.0,12.78,0.0
2016,94,-1.3,-5.4,-3.2,6.1,9.86,0.0
2016,95,-1.9,-7.1,-4.2,3.3,18.89,0.0
2016,96,0.1,-7.7,-4.3,0.0,24.76,0.0
2016,97,4.0,-2.3,0.8,18.9,5.09,0.0
2016,98,1.7,-2.2,-0.2,1.1,10.6,0.0
2016,99,-0.3,-5.1,-3.0,0.1,21.67,0.0
2016,100,-3.0,-8.2,-4.8,0.0,14.54,0.0
2016,101,2.1,-8.4,-2.4,6.6,6.65,0.0
2016,102,8.7,1.1,4.9,0.8,15.07,0.0
2016,103,3.9,-1.8,1.0,0.0,19.24,0.0
2016,104,7.3,-3.3,1.8,0.0,18.3,0.0
2016,105,9.0,-1.5,3.8,0.0,25.5,0.0
2016,106,13.3,-0.0,6.4,0.0,25.7,0.0
2016,107,17.0,3.5,10.1,0.0,25.69,0.0
2016,108,19.7,5.7,12.2,0.0,25.92,0.0
2016,109,22.8,6.8,13.4,0.0,24.24,0.0
2016,110,9.1,2.4,5.5,0.0,21.54,0.0
2016,111,15.7,3.2,9.1,0.0,25.6,0.0
2016,112,14.0,8.4,10.5,2.7,4.44,0.0
2016,113,12.1,3.3,6.8,4.6,13.66,0.0
2016,114,6.7,1.6,4.1,0.0,26.24,0.0
2016,115,12.9,0.6,6.2,0.0,20.14,0.0
2016,116,12.1,5.7,8.1,2.2,15.88,0.0
2016,117,6.8,2.5,4.6,6.3,15.82,0.0
2016,118,7.7,1.1,4.2,0.0,27.72,0.0
2016,119,7.2,2.1,4.4,1.4,11.34,0.0
2016,120,8.9,4.1,5.8,0.0,15.19,0.0
2016,121,11.9,1.4,6.7,1.3,21.34,0.0
2016,122,7.2,5.2,6.2,6.8,7.57,0.0
2016,123,11.1,4.3,7.2,0.3,25.33,0.0
2016,124,16.4,1.5,9.9,0.0,26.35,0.0
2016,125,14.3,8.0,11.0,1.9,16.08,0.0
2016,126,12.4,5.3,8.8,0.0,28.4,0.0
2016,127,18.4,4.9,11.5,0.0,28.38,0.0
2016,128,14.0,7.5,10.9,4.2,15.23,0.0
2016,129,14.4,5.2,9.2,0.2,26.86,0.0
2016,130,11.8,3.4,7.5,0.0,28.48,0.0
2016,131,13.3,5.0,8.9,0.0,17.73,0.0
2016,132,18.3,8.4,12.9,0.0,23.99,0.0
2016,133,22.9,11.1,15.9,13.0,17.13,0.0
2016,134,17.4,10.5,14.1,4.9,21.67,0.0
2016,135,9.7,2.5,6.8,15.7,18.35,0.0
2016,136,7.7,1.4,4.5,0.5,23.86,0.0
2016,137,17.0,4.0,9.4,1.6,24.24,0.0
2016,138,12.8,4.5,8.7,0.0,29.95,0.0
2016,139,14.6,3.8,9.2,0.0,29.44,0.0
2016,140,16.8,4.9,11.3,0.0,30.0,0.0
2016,141,18.8,7.1,13.3,0.0,27.97,0.0
2016,142,17.8,9.5,13.3,0.0,21.95,0.0
2016,143,13.8,8.0,11.3,0.0,30.78,0.0
2016,144,21.8,5.8,14.0,0.0,31.0,0.0
2016,145,26.6,12.3,19.5,0.0,30.13,0.0
2016,146,24.6,14.7,19.1,0.3,24.09,0.0
2016,147,26.5,16.0,21.7,0.8,22.12,0.0
2016,148,25.1,17.3,20.8,0.0,22.58,0.0
2016,149,29.5,20.1,24.4,0.5,24.0,0.0
2016,150,27.4,20.7,23.0,4.6,21.18,0.0
2016,151,25.1,17.5,20.8,0.0,26.37,0.0
2016,152,18.1,13.1,16.1,0.0,30.09,0.0
2016,153,24.3,12.8,17.7,0.0,23.93,0.0
2016,154,24.5,16.1,20.3,0.3,30.32,0.0
2016,155,22.9,12.5,17.6,0.0,28.81,0.0
2016,156,25.5,14.4,19.2,4.9,26.97,0.0
2016,157,21.1,15.0,17.3,18.5,18.42,0.0
2016,158,22.2,14.7,17.8,1.9,26.1,0.0
2016,159,17.6,11.3,14.4,0.3,19.4,0.0
2016,160,16.4,8.9,12.1,0.0,25.93,0.0
2016,161,20.6,9.6,14.6,0.0,30.55,0.0
2016,162,23.8,11.6,17.9,0.0,29.92,0.0
2016,163,30.7,18.9,24.3,0.0,28.22,0.0
2016,164,18.9,12.7,15.4,0.0,31.65,0.0
2016,165,18.5,10.5,14.2,0.1,20.92,0.0
2016,166,21.1,11.9,16.3,0.0,26.7,0.0
2016,167,17.7,14.3,16.1,8.3,8.63,0.0
2016,168,19.2,15.0,16.5,18.7,12.29,0.0
2016,169,24.8,13.6,19.4,0.0,31.08,0.0
2016,170,28.5,13.3,22.0,0.0,30.42,0.0
2016,171,30.2,19.0,24.9,0.0,28.87,0.0
2016,172,30.4,17.8,25.0,0.0,27.05,0.0
2016,173,23.9,13.1,19.4,0.0,24.11,0.0
2016,174,22.4,14.1,18.7,0.0,29.76,0.0
2016,175,20.7,14.3,17.3,0.0,27.19,0.0
2016,176,25.0,13.0,19.4,0.0,30.91,0.0
2016,177,28.5,15.4,22.3,0.0,30.72,0.0
2016,178,29.6,20.2,24.4,0.9,17.75,0.0
2016,179,29.4,18.0,23.1,0.0,25.45,0.0
2016,180,17.6,14.4,16.2,0.1,20.84,0.0
2016,181,23.1,12.0,17.7,0.0,31.42,0.0
2016,182,26.2,13.3,20.6,0.0,31.0,0.0
2016,183,20.6,14.8,17.5,15.2,18.57,0.0
2016,184,23.8,13.6,18.7,0.0,27.05,0.0
2016,185,25.0,15.0,20.4,0.0,29.59,0.0
2016,186,26.3,15.8,21.6,0.0,30.17,0.0
2016,187,27.8,19.9,23.6,0.0,22.09,0.0
2016,188,30.0,20.1,24.9,1.9,19.8,0.0
2016,189,26.5,20.0,22.9,0.2,25.56,0.0
2016,190,29.5,18.0,22.6,15.9,24.13,0.0
2016,191,21.8,18.0,19.8,1.1,21.06,0.0
2016,192,24.7,16.6,20.7,0.0,27.81,0.0
2016,193,27.0,18.6,22.6,3.2,15.63,0.0
2016,194,31.3,21.2,26.4,0.0,28.11,0.0
2016,195,31.5,22.5,26.3,1.0,26.14,0.0
2016,196,28.6,22.3,24.7,0.0,26.05,0.0
2016,197,22.8,16.4,19.7,0.0,17.36,0.0
2016,198,22.7,14.5,18.6,0.0,24.59,0.0
2016,199,26.5,16.3,21.5,1.8,19.25,0.0
2016,200,26.7,18.7,22.9,0.9,27.29,0.0
2016,201,22.1,17.2,19.4,0.2,28.27,0.0
2016,202,29.0,13.9,21.8,0.0,29.01,0.0
2016,203,30.6,22.3,26.6,0.0,19.55,0.0
2016,204,33.4,23.1,27.8,0.0,27.79,0.0
2016,205,29.9,21.0,25.5,0.0,28.7,0.0
2016,206,26.9,19.5,23.1,33.4,7.32,0.0
2016,207,28.6,22.4,25.1,3.3,25.41,0.0
2016,208,27.9,18.9,23.7,0.0,26.55,0.0
2016,209,29.3,21.0,24.6,1.6,25.77,0.0
2016,210,24.2,19.7,21.9,0.2,23.45,0.0
2016,211,23.1,18.7,20.4,0.4,21.19,0.0
2016,212,21.6,17.4,19.3,10.7,16.24,0.0
2016,213,23.4,17.7,20.2,7.1,19.23,0.0
2016,214,23.9,18.2,21.0,0.3,21.88,0.0
2016,215,28.2,17.3,23.1,0.0,25.92,0.0
2016,216,29.8,20.2,25.1,0.0,26.01,0.0
2016,217,31.0,21.5,26.3,0.0,27.23,0.0
2016,218,29.9,21.7,25.5,2.2,21.87,0.0
2016,219,26.3,18.9,22.7,0.0,23.89,0.0
2016,220,23.5,18.0,20.9,0.0,25.39,0.0
2016,221,25.1,14.9,20.5,0.0,27.45,0.0
2016,222,28.8,17.6,23.4,0.0,21.55,0.0
2016,223,30.8,20.8,26.1,0.0,24.4,0.0
2016,224,30.1,21.6,26.3,8.0,18.85,0.0
2016,225,29.1,22.5,26.2,2.8,17.16,0.0
2016,226,26.5,20.1,22.8,40.7,9.95,0.0
2016,227,24.9,19.6,22.1,0.1,20.16,0.0
2016,228,26.4,19.9,23.1,0.4,17.06,0.0
2016,229,23.2,20.0,22.0,59.7,17.51,0.0
2016,230,27.5,19.5,22.4,3.0,19.35,0.0
2016,231,26.6,19.1,22.9,0.0,23.68,0.0
2016,232,27.8,20.7,23.4,9.9,19.3,0.0
2016,233,27.4,20.9,23.3,17.0,16.62,0.0
2016,234,21.4,17.2,19.3,0.0,18.49,0.0
2016,235,22.0,14.4,18.5,0.0,18.46,0.0
2016,236,26.0,16.8,21.3,0.0,24.04,0.0
2016,237,27.4,18.7,22.7,1.1,19.74,0.0
2016,238,26.4,21.4,23.6,2.4,14.88,0.0
2016,239,25.1,19.4,22.4,0.0,21.2,0.0
2016,240,23.0,18.4,21.0,10.4,6.25,0.0
2016,241,25.2,20.3,22.7,0.0,17.71,0.0
2016,242,24.3,17.7,21.0,0.0,23.21,0.0
2016,243,27.4,18.6,22.5,0.6,19.78,0.0
2016,244,21.7,17.8,19.9,0.5,20.2,0.0
2016,245,18.5,15.3,17.1,0.6,17.85,0.0
2016,246,19.0,14.6,16.4,0.0,22.26,0.0
2016,247,22.0,13.5,17.7,0.0,22.85,0.0
2016,248,23.9,14.3,19.2,0.0,22.54,0.0
2016,249,27.6,16.4,22.0,0.0,19.69,0.0
2016,250,29.7,21.6,25.4,0.0,18.79,0.0
2016,251,28.5,23.1,25.1,12.7,13.83,0.0
2016,252,26.6,22.4,24.2,4.3,14.45,0.0
2016,253,24.7,19.1,21.6,0.0,16.48,0.0
2016,254,22.3,16.6,19.8,33.2,8.69,0.0
2016,255,20.0,13.9,16.8,0.0,19.43,0.0
2016,256,23.4,14.1,18.6,0.0,20.8,0.0
2016,257,24.7,16.4,20.0,0.5,14.72,0.0
2016,258,18.5,14.2,16.8,0.0,14.92,0.0
2016,259,20.2,11.7,16.1,0.0,19.97,0.0
2016,260,22.9,13.9,18.3,0.0,18.85,0.0
2016,261,22.7,19.6,20.8,14.4,5.98,0.0
2016,262,22.7,16.9,19.7,0.0,16.23,0.0
2016,263,26.6,15.3,20.7,0.0,19.31,0.0
2016,264,23.8,17.5,20.8,0.0,19.57,0.0
2016,265,25.3,15.6,20.3,0.0,14.77,0.0
2016,266,25.7,17.7,21.4,0.0,10.83,0.0
2016,267,20.8,14.1,17.6,0.0,7.62,0.0
2016,268,16.1,12.8,14.2,0.0,17.39,0.0
2016,269,19.9,11.4,15.4,0.0,17.4,0.0
2016,270,17.7,13.8,15.7,13.2,8.11,0.0
2016,271,16.4,12.3,13.7,0.5,9.88,0.0
2016,272,18.9,12.2,15.7,0.0,14.04,0.0
2016,273,17.6,15.3,16.3,2.5,6.6,0.0
2016,274,17.6,14.2,15.9,6.3,7.98,0.0
2016,275,15.7,13.7,14.8,5.1,2.77,0.0
2016,276,18.6,12.1,15.2,1.4,12.02,0.0
2016,277,17.5,13.9,15.8,0.5,8.66,0.0
2016,278,20.4,14.4,17.2,0.1,12.67,0.0
2016,279,23.0,15.7,18.7,1.1,15.43,0.0
2016,280,24.0,13.9,19.5,0.4,12.59,0.0
2016,281,24.6,15.7,20.3,2.2,14.54,0.0
2016,282,14.4,9.6,11.0,0.0,12.17,0.0
2016,283,11.4,7.4,9.1,0.0,11.28,0.0
2016,284,14.4,4.3,9.4,0.0,15.61,0.0
2016,285,19.5,9.1,13.4,0.3,12.72,0.0
2016,286,22.4,11.9,16.0,10.3,13.06,0.0
2016,287,10.6,8.3,9.6,3.6,10.52,0.0
2016,288,14.9,5.2,10.3,0.0,14.7,0.0
2016,289,20.3,9.6,14.7,0.0,12.69,0.0
2016,290,18.7,15.4,17.7,15.2,2.68,0.0
2016,291,21.9,15.3,18.7,3.5,4.42,0.0
2016,292,23.7,14.2,20.3,0.1,10.04,0.0
2016,293,19.1,10.8,14.9,0.0,12.34,0.0
2016,294,14.2,10.5,12.8,4.1,3.83,0.0
2016,295,10.5,7.2,9.2,0.0,7.95,0.0
2016,296,9.4,5.7,7.1,0.0,7.62,0.0
2016,297,14.0,6.6,9.8,2.8,11.9,0.0
2016,298,10.1,7.4,8.5,0.2,8.34,0.0
2016,299,7.8,4.8,6.4,0.0,7.73,0.0
2016,300,5.8,2.4,3.8,6.0,3.23,0.0
2016,301,5.9,2.6,4.8,8.2,3.56,0.0
2016,302,11.4,2.1,6.7,0.0,10.37,0.0
2016,303,17.5,10.3,14.5,0.5,4.76,0.0
2016,304,9.9,7.0,8.0,1.9,3.78,0.0
2016,305,9.8,3.8,7.1,0.0,7.34,0.0
2016,306,20.6,7.2,13.9,1.2,8.51,0.0
2016,307,14.1,9.7,11.7,2.5,3.2,0.0
2016,308,12.4,8.2,10.1,1.3,8.84,0.0
2016,309,10.6,6.8,8.6,0.0,10.26,0.0
2016,310,15.8,7.9,10.9,0.0,10.85,0.0
2016,311,15.4,5.4,10.5,0.0,9.92,0.0
2016,312,17.0,7.6,11.4,0.0,10.74,0.0
2016,313,13.6,9.0,10.7,0.3,4.42,0.0
2016,314,8.6,4.4,6.7,0.5,7.05,0.0
2016,315,14.3,5.0,9.4,0.0,10.18,0.0
2016,316,10.8,4.1,6.4,0.0,4.37,0.0
2016,317,7.7,1.1,4.4,0.0,10.11,0.0
2016,318,12.0,4.6,7.4,0.0,10.32,0.0
2016,319,12.8,5.7,8.6,0.0,9.06,0.0
2016,320,12.7,5.6,8.8,0.0,7.74,0.0
2016,321,10.7,6.1,8.4,0.7,5.95,0.0
2016,322,14.1,5.2,9.3,0.0,8.6,0.0
2016,323,18.6,12.6,15.2,0.0,8.04,0.0
2016,324,15.9,0.3,5.8,4.3,4.91,0.0
2016,325,0.5,-1.3,-0.5,0.5,3.13,0.0
2016,326,0.6,-1.8,-0.9,0.0,5.14,0.0
2016,327,1.3,-1.0,-0.2,0.0,6.54,0.0
2016,328,2.4,-1.9,0.5,8.8,2.06,0.0
2016,329,4.9,1.3,3.2,6.4,4.29,0.0
2016,330,5.9,2.2,3.8,1.7,4.24,0.0
2016,331,5.0,1.9,3.0,1.0,5.91,0.0
2016,332,7.1,0.8,3.1,0.0,7.38,0.0
2016,333,8.0,2.8,5.1,5.8,2.0,0.0
2016,334,13.0,7.8,9.9,7.5,6.84,0.0
2016,335,11.4,5.4,8.3,1.8,6.56,0.0
2016,336,5.8,2.3,4.0,0.5,4.48,0.0
2016,337,4.5,1.5,3.2,0.0,4.33,0.0
2016,338,4.0,2.4,3.1,0.0,4.29,0.0
2016,339,3.9,0.7,2.0,4.1,4.48,0.0
2016,340,5.1,0.6,2.2,3.1,6.74,0.0
2016,341,4.5,-1.4,1.7,4.4,3.08,0.0
2016,342,2.3,-0.9,0.4,0.0,5.79,0.0
2016,343,-0.6,-2.6,-1.7,0.0,4.15,0.0
2016,344,-1.6,-3.8,-2.7,0.0,6.58,0.0
2016,345,-3.5,-5.6,-4.6,0.0,6.64,0.0
2016,346,-2.0,-5.8,-4.0,11.0,1.68,0.0
2016,347,-0.3,-4.5,-1.9,3.1,5.07,0.0
2016,348,-3.9,-10.6,-5.7,0.0,3.74,0.0
2016,349,-7.1,-12.3,-10.1,0.3,7.14,0.0
2016,350,-9.3,-13.6,-11.8,0.0,7.27,0.0
2016,351,-7.5,-12.7,-10.2,2.2,5.16,0.0
2016,352,-4.6,-7.6,-5.6,7.6,3.76,0.0
2016,353,-4.4,-12.2,-8.5,0.6,6.8,0.0
2016,354,-8.8,-15.5,-12.4,0.0,7.32,0.0
2016,355,-2.4,-13.3,-7.3,0.0,6.27,0.0
2016,356,-0.1,-2.9,-1.5,0.2,4.14,0.0
2016,357,1.8,-2.2,-0.2,0.2,5.44,0.0
2016,358,2.0,-2.5,-0.6,0.3,5.11,0.0
2016,359,2.4,-0.2,0.9,3.2,5.63,0.0
2016,360,0.9,-0.6,0.1,0.0,3.71,0.0
2016,361,12.0,-0.5,6.0,9.9,2.26,0.0
2016,362,1.7,-4.2,-2.4,0.0,3.06,0.0
2016,363,0.1,-6.4,-3.3,0.0,6.5,0.0
2016,364,2.2,-1.7,0.4,0.1,5.63,0.0
2016,365,-1.7,-3.8,-2.7,0.0,6.17,0.0
2016,366,2.9,-3.8,-0.3,1.2,2.35,0.0
2017,1,1.9,-5.7,-2.2,0.0,7.73,0.0
2017,2,3.2,-3.6,-0.1,4.8,6.59,0.0
2017,3,4.2,1.8,2.7,9.0,1.18,0.0
2017,4,1.5,-9.6,-5.4,2.1,3.55,0.0
2017,5,-9.4,-13.3,-10.7,0.2,3.92,0.0
2017,6,-10.4,-15.1,-13.0,0.0,7.08,0.0
2017,7,-10.0,-13.0,-11.5,0.2,4.51,0.0
2017,8,-7.3,-12.9,-10.6,0.0,7.95,0.0
2017,9,-2.1,-9.9,-6.0,0.9,5.67,0.0
2017,10,7.7,-4.1,0.6,14.3,1.45,0.0
2017,11,6.4,-5.2,0.9,2.8,4.26,0.0
2017,12,1.5,-4.9,-2.7,6.8,2.59,0.0
2017,13,-5.9,-9.4,-7.9,0.0,5.87,0.0
2017,14,-2.0,-8.5,-5.5,0.0,5.8,0.0
2017,15,0.2,-8.1,-4.6,0.0,8.8,0.0
2017,16,4.2,-5.0,-1.5,1.0,5.61,0.0
2017,17,3.2,-0.2,1.4,17.6,1.07,0.0
2017,18,4.1,0.2,1.8,0.0,4.03,0.0
2017,19,3.8,-1.5,0.5,0.0,6.05,0.0
2017,20,3.2,-1.8,0.8,0.4,1.94,0.0
2017,21,9.5,1.1,4.8,0.4,4.87,0.0
2017,22,7.9,1.6,5.2,0.8,3.19,0.0
2017,23,5.2,3.0,3.9,1.2,1.86,0.0
2017,24,3.0,1.0,1.8,4.2,2.32,0.0
2017,25,3.8,-0.2,1.4,3.5,2.92,0.0
2017,26,3.5,-1.9,0.8,4.9,5.46,0.0
2017,27,0.9,-3.2,-1.4,0.2,7.25,0.0
2017,28,0.1,-4.7,-2.0,1.4,4.0,0.0
2017,29,-3.0,-7.8,-5.4,0.1,7.45,0.0
2017,30,-4.6,-9.0,-7.0,0.0,10.8,0.0
2017,31,-0.1,-6.7,-3.1,2.8,3.83,0.0
2017,32,1.8,-5.6,-2.1,0.5,10.4,0.0
2017,33,-6.1,-8.2,-7.0,0.0,6.53,0.0
2017,34,-6.9,-9.1,-8.0,0.0,6.18,0.0
2017,35,-0.5,-9.9,-5.7,0.0,10.43,0.0
2017,36,1.1,-4.7,-1.7,0.2,5.06,0.0
2017,37,4.8,-6.6,-2.1,0.0,10.34,0.0
2017,38,2.8,-0.2,1.0,15.1,1.07,0.0
2017,39,1.1,-7.6,-3.5,0.0,5.86,0.0
2017,40,-6.0,-9.6,-8.1,0.0,9.44,0.0
2017,41,-0.5,-10.1,-5.4,0.8,4.55,0.0
2017,42,5.8,-2.2,0.4,0.0,9.83,0.0
2017,43,2.8,-3.3,-0.4,7.9,4.3,0.0
2017,44,2.8,-4.2,-1.4,0.0,12.71,0.0
2017,45,6.1,-2.1,1.5,0.8,10.48,0.0
2017,46,-1.0,-5.3,-2.9,1.4,4.73,0.0
2017,47,-2.3,-8.0,-5.4,0.5,11.87,0.0
2017,48,7.6,-5.8,-0.2,0.0,11.52,0.0
2017,49,14.4,2.0,8.1,0.0,13.6,0.0
2017,50,10.8,-0.2,4.6,0.0,13.58,0.0
2017,51,8.4,-1.6,3.1,0.0,11.92,0.0
2017,52,12.8,3.1,7.5,1.5,4.23,0.0
2017,53,17.8,6.3,11.4,0.1,10.44,0.0
2017,54,14.1,2.8,9.8,6.3,9.24,0.0
2017,55,11.8,0.9,4.9,20.4,2.71,0.0
2017,56,11.8,-4.4,2.0,4.0,10.27,0.0
2017,57,3.7,-5.7,-1.0,0.0,13.22,0.0
2017,58,6.4,-2.3,2.2,0.0,15.17,0.0
2017,59,13.5,1.5,6.3,3.0,5.97,0.0
2017,60,9.6,-5.1,2.9,14.2,2.55,0.0
2017,61,-2.7,-9.2,-6.3,1.0,15.06,0.0
2017,62,-3.8,-10.0,-6.7,0.8,13.5,0.0
2017,63,-1.9,-12.1,-7.2,0.0,15.94,0.0
2017,64,6.1,-8.4,-2.1,1.0,15.01,0.0
2017,65,13.9,1.1,7.8,2.3,5.55,0.0
2017,66,16.4,4.2,10.8,2.0,9.61,0.0
2017,67,6.2,0.4,4.1,0.0,12.89,0.0
2017,68,3.2,-3.8,-0.7,0.0,14.63,0.0
2017,69,-3.2,-9.6,-6.5,0.0,14.63,0.0
2017,70,-4.4,-9.6,-7.3,0.4,8.86,0.0
2017,71,-3.5,-9.9,-7.1,0.0,11.75,0.0
2017,72,-3.2,-8.2,-5.7,3.3,7.34,0.0
2017,73,-6.6,-8.9,-7.4,0.4,9.34,0.0
2017,74,-0.2,-7.9,-5.0,0.0,17.65,0.0
2017,75,4.1,-6.8,-2.0,0.0,19.09,0.0
2017,76,7.4,-6.7,-0.1,1.6,15.34,0.0
2017,77,4.8,-0.9,1.3,1.6,8.67,0.0
2017,78,7.9,-3.2,2.1,0.0,18.91,0.0
2017,79,10.8,0.2,4.6,0.6,13.45,0.0
2017,80,7.8,-4.8,2.9,0.0,20.26,0.0
2017,81,-2.0,-6.2,-4.5,0.0,18.31,0.0
2017,82,6.8,-6.8,-0.4,0.0,16.07,0.0
2017,83,15.8,2.0,6.5,6.4,11.7,0.0
2017,84,4.4,1.0,2.3,2.2,6.49,0.0
2017,85,10.8,1.9,6.5,8.9,7.01,0.0
2017,86,9.9,4.4,8.1,0.3,5.43,0.0
2017,87,6.9,0.2,3.9,0.1,15.39,0.0
2017,88,7.1,-0.4,2.7,0.0,18.84,0.0
2017,89,3.2,1.1,2.1,13.8,3.71,0.0
2017,90,2.7,1.2,1.9,4.5,2.96,0.0
2017,91,11.6,-1.0,4.7,0.0,21.16,0.0
2017,92,15.6,-1.0,7.3,0.0,21.12,0.0
2017,93,14.2,7.0,8.8,12.9,10.13,0.0
2017,94,10.2,4.2,6.6,9.7,3.92,0.0
2017,95,7.9,0.2,4.5,4.4,6.94,0.0
2017,96,2.7,0.9,1.5,31.0,5.43,0.0
2017,97,7.1,-0.3,2.3,1.0,23.5,0.0
2017,98,13.6,-1.8,5.8,0.0,24.11,0.0
2017,99,21.9,7.8,14.8,0.7,20.12,0.0
2017,100,23.5,4.7,16.6,8.0,15.95,0.0
2017,101,13.2,2.5,7.0,13.3,12.33,0.0
2017,102,11.6,1.8,6.4,0.0,22.0,0.0
2017,103,9.6,0.9,5.1,0.0,10.05,0.0
2017,104,14.6,0.2,7.1,0.0,24.84,0.0
2017,105,25.1,6.9,15.7,5.3,19.31,0.0
2017,106,19.5,9.4,16.0,5.2,15.84,0.0
2017,107,8.9,1.3,5.8,0.0,19.89,0.0
2017,108,16.1,-0.3,7.6,0.0,22.6,0.0
2017,109,19.5,6.8,13.8,1.1,20.72,0.0
2017,110,13.6,4.8,7.8,22.4,5.27,0.0
2017,111,10.5,6.7,8.0,0.8,9.84,0.0
2017,112,11.9,2.4,7.0,0.0,26.72,0.0
2017,113,18.0,3.0,8.0,0.0,26.54,0.0
2017,114,17.6,1.1,9.1,0.0,25.44,0.0
2017,115,17.9,7.3,12.1,2.5,13.47,0.0
2017,116,23.1,11.1,17.2,0.0,21.37,0.0
2017,117,21.2,8.6,16.7,3.6,14.07,0.0
2017,118,18.0,6.1,11.3,0.0,23.48,0.0
2017,119,8.2,4.3,5.8,0.4,19.8,0.0
2017,120,6.4,3.3,4.6,23.3,2.43,0.0
2017,121,20.5,4.9,12.5,18.2,13.04,0.0
2017,122,9.9,5.5,7.7,4.2,10.22,0.0
2017,123,14.1,3.3,7.9,0.0,27.73,0.0
2017,124,9.6,4.1,6.2,8.4,8.19,0.0
2017,125,7.3,3.7,5.7,1.2,10.96,0.0
2017,126,11.1,4.3,8.0,0.0,20.25,0.0
2017,127,9.4,3.0,6.1,0.0,29.21,0.0
2017,128,11.8,0.3,5.3,0.0,29.51,0.0
2017,129,11.7,-1.0,6.0,0.3,23.95,0.0
2017,130,17.0,4.9,10.2,0.2,25.05,0.0
2017,131,15.2,6.2,10.2,0.9,26.19,0.0
2017,132,16.1,3.0,9.9,0.0,28.17,0.0
2017,133,16.6,6.0,11.1,0.2,18.46,0.0
2017,134,12.8,6.8,9.9,0.1,23.43,0.0
2017,135,18.4,3.0,11.3,0.0,29.4,0.0
2017,136,27.5,10.8,17.8,4.0,22.36,0.0
2017,137,28.6,19.4,24.1,0.0,24.1,0.0
2017,138,25.2,11.1,22.1,0.6,23.48,0.0
2017,139,9.2,4.9,7.1,0.0,19.13,0.0
2017,140,15.1,5.7,10.5,0.1,20.46,0.0
2017,141,20.9,9.4,15.6,12.3,10.9,0.0
2017,142,17.8,9.6,13.3,0.0,19.47,0.0
2017,143,18.9,12.1,14.6,11.8,12.82,0.0
2017,144,19.0,10.9,14.1,7.8,21.03,0.0
2017,145,14.4,9.6,12.2,4.7,4.05,0.0
2017,146,18.8,8.8,13.4,0.0,18.54,0.0
2017,147,22.2,9.3,15.8,0.0,25.37,0.0
2017,148,23.9,13.4,18.2,2.6,20.78,0.0
2017,149,22.1,12.9,17.7,0.3,25.98,0.0
2017,150,19.0,11.0,15.4,5.9,24.48,0.0
2017,151,17.8,10.1,14.3,0.2,20.53,0.0
2017,152,20.0,7.4,13.7,0.0,27.46,0.0
2017,153,21.0,7.9,14.6,1.3,27.59,0.0
2017,154,22.5,8.7,15.7,0.5,28.11,0.0
2017,155,25.6,12.4,18.6,6.9,24.35,0.0
2017,156,16.3,10.6,13.2,0.0,26.15,0.0
2017,157,14.4,10.4,12.4,1.2,13.76,0.0
2017,158,21.9,9.6,15.7,0.0,30.31,0.0
2017,159,23.8,9.2,17.0,0.0,30.37,0.0
2017,160,23.0,14.8,18.4,1.5,23.1,0.0
2017,161,29.8,13.2,22.2,0.0,28.99,0.0
2017,162,30.0,21.5,25.9,0.2,25.85,0.0
2017,163,30.2,22.4,25.9,0.4,22.44,0.0
2017,164,24.3,15.9,20.2,1.7,26.01,0.0
2017,165,27.1,14.9,20.6,1.4,20.82,0.0
2017,166,25.7,17.5,21.8,15.2,18.4,0.0
2017,167,26.5,17.4,21.9,0.0,17.74,0.0
2017,168,25.5,18.5,21.0,34.2,11.01,0.0
2017,169,25.8,19.2,22.0,17.5,20.56,0.0
2017,170,22.5,14.7,18.4,9.2,23.72,0.0
2017,171,20.8,13.6,16.2,11.0,19.74,0.0
2017,172,21.9,11.2,16.9,0.0,27.33,0.0
2017,173,28.4,15.0,20.7,16.0,16.88,0.0
2017,174,23.9,16.4,20.7,36.4,15.11,0.0
2017,175,21.0,13.1,17.3,3.7,24.05,0.0
2017,176,18.5,12.4,15.6,1.7,24.75,0.0
2017,177,18.2,11.3,14.8,1.4,24.8,0.0
2017,178,19.8,10.8,15.4,1.4,26.84,0.0
2017,179,24.4,11.6,17.9,5.1,25.71,0.0
2017,180,26.5,16.6,21.4,19.1,19.36,0.0
2017,181,26.5,19.1,22.5,3.7,20.46,0.0
2017,182,24.0,15.8,20.5,14.8,21.22,0.0
2017,183,25.9,14.2,19.7,0.1,27.14,0.0
2017,184,22.2,11.9,17.8,0.0,28.68,0.0
2017,185,23.6,12.1,18.5,0.0,30.27,0.0
2017,186,27.2,11.6,20.3,0.0,29.64,0.0
2017,187,29.1,17.5,23.2,0.0,27.32,0.0
2017,188,25.0,18.0,21.0,6.2,21.28,0.0
2017,189,22.8,14.7,18.7,0.0,29.07,0.0
2017,190,25.6,15.6,20.5,1.0,23.43,0.0
2017,191,22.4,17.1,20.2,1.6,13.86,0.0
2017,192,26.5,16.6,21.9,1.6,23.47,0.0
2017,193,25.6,18.9,22.1,21.3,11.39,0.0
2017,194,24.7,17.2,20.1,3.7,15.49,0.0
2017,195,21.8,16.5,19.0,1.1,16.8,0.0
2017,196,25.1,15.3,20.4,0.3,28.63,0.0
2017,197,21.1,15.9,18.9,0.7,10.52,0.0
2017,198,22.4,14.6,18.3,0.0,26.94,0.0
2017,199,28.2,13.6,21.4,0.0,28.2,0.0
2017,200,26.6,18.6,22.7,0.0,24.37,0.0
2017,201,28.0,18.0,22.8,4.7,21.64,0.0
2017,202,28.1,17.5,23.3,0.0,25.73,0.0
2017,203,26.8,20.4,22.9,0.3,15.87,0.0
2017,204,25.4,18.1,21.1,6.7,18.88,0.0
2017,205,19.1,15.4,17.3,0.6,21.25,0.0
2017,206,23.6,12.6,18.5,0.0,28.19,0.0
2017,207,25.3,16.0,20.1,5.7,15.47,0.0
2017,208,21.9,16.6,20.0,5.4,17.5,0.0
2017,209,21.1,15.5,18.3,0.0,25.63,0.0
2017,210,24.7,15.0,19.7,0.0,27.6,0.0
2017,211,27.5,14.9,21.5,0.0,26.37,0.0
2017,212,27.9,17.5,22.6,0.9,25.28,0.0
2017,213,28.0,18.5,23.2,1.1,24.65,0.0
2017,214,25.5,18.2,22.0,5.5,20.19,0.0
2017,215,23.6,18.0,20.5,0.8,11.52,0.0
2017,216,21.3,15.7,19.2,6.7,13.82,0.0
2017,217,20.8,14.1,17.2,0.4,20.35,0.0
2017,218,23.8,12.6,17.6,0.4,20.14,0.0
2017,219,20.3,13.3,17.3,10.0,16.97,0.0
2017,220,25.6,12.6,19.4,0.0,24.1,0.0
2017,221,26.2,16.0,21.2,0.0,22.24,0.0
2017,222,26.5,16.4,21.4,0.1,19.42,0.0
2017,223,24.0,16.6,20.2,6.2,14.7,0.0
2017,224,20.9,15.9,18.0,3.7,15.22,0.0
2017,225,24.8,13.3,18.8,0.0,24.59,0.0
2017,226,24.2,15.4,20.0,0.1,14.24,0.0
2017,227,24.1,16.0,20.1,0.4,24.06,0.0
2017,228,25.5,15.9,20.2,0.0,20.88,0.0
2017,229,25.0,19.0,21.1,22.3,5.14,0.0
2017,230,23.6,19.2,21.1,0.3,12.57,0.0
2017,231,23.6,17.0,19.7,0.3,19.88,0.0
2017,232,27.9,16.5,21.9,0.0,23.53,0.0
2017,233,29.7,18.0,23.7,2.1,20.03,0.0
2017,234,24.2,17.4,21.5,25.9,11.72,0.0
2017,235,20.6,14.6,17.2,0.7,20.1,0.0
2017,236,16.2,11.0,13.9,0.4,13.8,0.0
2017,237,19.3,10.1,14.5,0.0,22.01,0.0
2017,238,21.6,10.0,15.2,0.0,23.84,0.0
2017,239,22.6,12.1,16.9,0.0,18.96,0.0
2017,240,22.4,16.4,18.3,17.7,9.86,0.0
2017,241,22.0,16.6,18.8,11.3,12.27,0.0
2017,242,23.5,14.4,19.0,0.8,19.32,0.0
2017,243,18.1,11.0,15.2,0.6,18.88,0.0
2017,244,17.0,8.7,12.5,0.0,21.27,0.0
2017,245,21.0,8.4,14.8,0.0,23.03,0.0
2017,246,22.3,11.9,16.9,1.3,13.34,0.0
2017,247,24.4,14.8,18.7,15.4,10.8,0.0
2017,248,17.7,11.9,14.3,2.0,14.81,0.0
2017,249,17.1,9.4,13.0,0.6,17.8,0.0
2017,250,16.7,11.0,13.1,2.2,13.97,0.0
2017,251,14.2,8.6,11.8,3.9,14.04,0.0
2017,252,16.0,7.8,11.6,0.0,14.6,0.0
2017,253,19.0,6.4,12.2,0.0,21.0,0.0
2017,254,22.1,9.4,14.7,0.0,20.91,0.0
2017,255,23.8,9.8,16.4,0.0,20.73,0.0
2017,256,24.1,10.9,17.5,0.0,16.2,0.0
2017,257,24.6,16.0,19.8,0.2,16.86,0.0
2017,258,26.8,14.9,20.1,0.0,18.3,0.0
2017,259,27.5,16.2,21.2,0.0,18.51,0.0
2017,260,28.1,17.5,22.4,0.2,17.19,0.0
2017,261,21.1,13.2,17.5,1.7,12.45,0.0
2017,262,21.5,12.6,17.0,0.2,7.31,0.0
2017,263,26.5,17.6,21.4,1.4,11.06,0.0
2017,264,30.1,19.5,23.9,1.7,16.23,0.0
2017,265,30.4,19.8,24.5,0.0,17.51,0.0
2017,266,30.8,21.0,25.3,0.0,17.36,0.0
2017,267,31.9,19.8,25.1,0.0,17.45,0.0
2017,268,29.8,18.7,23.7,0.1,14.46,0.0
2017,269,30.0,20.2,24.9,0.0,15.24,0.0
2017,270,23.6,14.7,19.6,1.3,11.1,0.0
2017,271,17.2,10.3,13.7,0.1,12.09,0.0
2017,272,15.1,10.4,13.0,5.3,12.26,0.0
2017,273,14.9,7.2,11.0,0.0,16.62,0.0
2017,274,18.4,5.6,11.5,0.0,17.58,0.0
2017,275,22.9,9.5,15.5,0.0,16.53,0.0
2017,276,26.4,14.2,20.1,0.0,15.57,0.0
2017,277,23.3,13.6,20.9,0.3,7.78,0.0
2017,278,20.0,10.7,15.0,0.4,15.48,0.0
2017,279,19.3,12.4,15.3,4.5,8.7,0.0
2017,280,26.2,15.8,21.1,4.3,9.31,0.0
2017,281,23.6,16.0,19.0,5.9,15.74,0.0
2017,282,22.5,12.8,17.6,0.0,14.53,0.0
2017,283,17.4,12.3,14.8,0.0,13.61,0.0
2017,284,13.1,9.4,11.5,19.9,2.14,0.0
2017,285,15.1,8.3,11.9,1.7,6.24,0.0
2017,286,18.8,12.8,15.5,3.3,7.3,0.0
2017,287,15.8,13.4,14.7,21.6,1.67,0.0
2017,288,20.9,7.8,14.7,15.9,3.59,0.0
2017,289,11.4,4.1,7.7,0.0,13.77,0.0
2017,290,18.0,6.7,12.0,0.0,13.8,0.0
2017,291,19.0,9.8,14.1,0.0,14.13,0.0
2017,292,16.2,10.4,14.0,0.0,12.53,0.0
2017,293,22.4,6.9,14.6,0.0,13.47,0.0
2017,294,22.8,13.5,17.2,0.0,10.25,0.0
2017,295,22.5,14.2,18.4,0.5,11.78,0.0
2017,296,19.9,14.9,17.4,11.1,2.87,0.0
2017,297,14.2,5.7,9.1,10.2,4.53,0.0
2017,298,8.1,4.1,5.6,4.3,5.96,0.0
2017,299,8.6,1.8,4.9,0.0,9.38,0.0
2017,300,11.8,5.5,8.8,5.1,4.04,0.0
2017,301,7.1,3.0,4.9,0.0,7.62,0.0
2017,302,6.9,2.5,4.6,0.0,6.38,0.0
2017,303,8.2,0.6,4.0,1.2,6.27,0.0
2017,304,5.5,2.0,3.5,1.5,6.42,0.0
2017,305,6.2,-0.1,3.2,0.3,5.47,0.0
2017,306,11.6,4.3,8.4,13.2,3.3,0.0
2017,307,7.2,1.4,5.1,1.1,8.49,0.0
2017,308,7.5,2.2,5.4,3.6,4.5,0.0
2017,309,13.8,6.8,9.8,9.9,1.36,0.0
2017,310,7.3,-0.1,3.9,0.0,6.91,0.0
2017,311,5.9,-0.6,2.3,0.0,9.87,0.0
2017,312,5.8,-3.3,1.4,0.0,10.66,0.0
2017,313,5.3,-6.2,0.8,1.6,3.82,0.0
2017,314,-3.7,-7.5,-6.0,0.5,3.39,0.0
2017,315,1.7,-8.6,-3.2,0.0,5.96,0.0
2017,316,2.7,-0.8,0.5,0.0,2.71,0.0
2017,317,4.7,-0.9,2.0,0.1,4.72,0.0
2017,318,7.7,-2.1,2.8,0.0,9.48,0.0
2017,319,6.4,3.2,4.6,9.4,1.52,0.0
2017,320,5.4,0.1,2.8,1.8,3.06,0.0
2017,321,4.0,-3.5,0.9,0.5,4.64,0.0
2017,322,6.1,1.8,4.3,24.4,1.39,0.0
2017,323,2.7,-1.9,0.8,0.7,6.51,0.0
2017,324,6.9,-3.8,1.9,0.0,8.24,0.0
2017,325,9.2,0.2,5.3,0.3,5.48,0.0
2017,326,0.1,-2.2,-1.1,0.0,6.71,0.0
2017,327,3.0,-3.1,-0.2,0.0,3.72,0.0
2017,328,11.2,-0.7,5.2,0.0,5.99,0.0
2017,329,10.1,0.1,5.9,0.8,5.27,0.0
2017,330,4.3,-3.4,0.8,0.0,8.14,0.0
2017,331,4.6,-2.7,1.1,0.0,7.46,0.0
2017,332,14.6,2.7,9.7,1.7,5.95,0.0
2017,333,7.6,-1.6,2.6,0.0,8.24,0.0
2017,334,7.7,-1.2,4.0,2.3,4.73,0.0
2017,335,6.4,-1.9,2.6,0.0,7.71,0.0
2017,336,8.9,1.2,4.3,0.0,6.47,0.0
2017,337,7.1,-1.1,2.3,0.0,7.79,0.0
2017,338,12.4,1.5,7.2,0.0,2.06,0.0
2017,339,13.9,-1.7,6.1,1.3,4.84,0.0
2017,340,-0.8,-3.3,-2.0,0.2,2.81,0.0
2017,341,-1.1,-4.7,-3.1,0.4,4.25,0.0
2017,342,-1.2,-5.1,-3.3,0.5,3.07,0.0
2017,343,-0.6,-3.8,-2.6,3.5,3.37,0.0
2017,344,-2.3,-11.5,-4.8,3.2,2.82,0.0
2017,345,-2.9,-12.6,-6.9,0.8,4.29,0.0
2017,346,-2.1,-10.9,-8.4,0.8,3.59,0.0
2017,347,-6.4,-15.0,-9.8,5.0,3.94,0.0
2017,348,-5.9,-13.1,-9.0,0.5,6.99,0.0
2017,349,-4.1,-10.3,-6.9,1.8,4.08,0.0
2017,350,-3.8,-9.2,-6.3,1.0,4.42,0.0
2017,351,-1.6,-6.1,-3.5,0.0,3.14,0.0
2017,352,2.3,-1.6,0.4,4.5,1.11,0.0
2017,353,5.3,1.2,3.1,0.0,5.85,0.0
2017,354,0.7,-3.8,-2.2,0.0,3.96,0.0
2017,355,-0.1,-5.7,-2.7,3.6,3.83,0.0
2017,356,0.6,-1.1,-0.6,3.2,3.01,0.0
2017,357,-0.8,-4.6,-1.8,0.0,4.87,0.0
2017,358,-4.7,-7.5,-6.4,3.4,3.92,0.0
2017,359,-6.2,-13.8,-8.8,1.7,7.12,0.0
2017,360,-13.8,-16.0,-14.7,0.6,5.09,0.0
2017,361,-11.5,-18.8,-15.2,0.2,5.82,0.0
2017,362,-11.6,-19.9,-15.7,0.0,6.04,0.0
2017,363,-9.5,-17.1,-12.2,0.7,4.88,0.0
2017,364,-8.7,-12.9,-11.0,2.3,5.06,0.0
2017,365,-11.8,-16.8,-13.9,0.0,7.08,0.0
2018,1,-9.8,-16.1,-13.2,0.3,4.8,0.0
2018,2,-7.4,-14.6,-10.9,0.0,6.98,0.0
2018,3,-7.1,-13.8,-10.7,1.4,4.98,0.0
2018,4,-10.9,-17.6,-15.2,0.8,4.18,0.0
2018,5,-15.9,-18.3,-17.1,1.1,5.5,0.0
2018,6,-14.1,-17.9,-16.3,0.0,6.22,0.0
2018,7,-1.8,-16.2,-9.7,0.2,3.04,0.0
2018,8,0.8,-1.5,-0.3,6.7,4.69,0.0
2018,9,-0.6,-10.2,-4.3,0.0,7.83,0.0
2018,10,9.8,-5.2,1.3,0.6,1.68,0.0
2018,11,14.1,9.9,11.9,1.6,2.1,0.0
2018,12,12.7,-8.9,-3.0,11.7,1.63,0.0
2018,13,-8.8,-12.6,-10.2,0.6,6.88,0.0
2018,14,-6.6,-14.1,-10.8,0.0,8.92,0.0
2018,15,-5.8,-10.1,-7.7,2.6,4.0,0.0
2018,16,-3.3,-10.6,-7.6,0.9,5.21,0.0
2018,17,-3.1,-13.3,-8.3,0.0,7.74,0.0
2018,18,0.3,-6.8,-3.7,0.0,7.23,0.0
2018,19,4.1,-4.6,-0.6,0.0,8.0,0.0
2018,20,6.1,0.5,2.3,0.0,7.58,0.0
2018,21,4.4,-3.8,0.4,0.0,3.66,0.0
2018,22,7.8,0.8,3.7,12.1,0.75,0.0
2018,23,7.6,-5.7,0.9,3.4,2.45,0.0
2018,24,-5.2,-8.2,-6.4,0.0,3.18,0.0
2018,25,1.2,-7.8,-3.9,0.0,5.41,0.0
2018,26,10.6,-4.7,2.2,0.0,9.57,0.0
2018,27,10.2,0.8,6.8,0.2,7.8,0.0
2018,28,0.9,-4.1,-1.3,0.1,9.58,0.0
2018,29,-2.7,-8.1,-5.0,2.2,3.88,0.0
2018,30,-6.1,-10.4,-8.5,0.0,8.96,0.0
2018,31,4.0,-8.4,-1.8,0.9,6.69,0.0
2018,32,0.2,-10.4,-4.6,0.4,5.17,0.0
2018,33,-7.7,-13.2,-9.9,0.2,6.33,0.0
2018,34,-1.8,-10.1,-6.4,2.1,5.4,0.0
2018,35,-1.8,-13.9,-5.6,9.0,4.2,0.0
2018,36,-8.6,-15.6,-11.9,0.3,10.09,0.0
2018,37,-7.8,-15.2,-10.2,0.9,9.1,0.0
2018,38,-6.5,-14.4,-9.2,2.0,8.63,0.0
2018,39,-6.8,-18.6,-11.7,0.3,8.37,0.0
2018,40,-5.1,-11.1,-8.3,3.1,5.52,0.0
2018,41,-6.6,-11.2,-8.4,1.6,5.72,0.0
2018,42,-3.2,-12.1,-6.0,7.8,3.57,0.0
2018,43,-6.4,-14.9,-9.4,0.0,13.11,0.0
2018,44,-2.8,-18.4,-9.8,0.0,9.41,0.0
2018,45,5.1,-5.5,-0.5,0.0,13.45,0.0
2018,46,7.2,1.6,4.4,0.0,7.09,0.0
2018,47,0.9,-6.3,-2.7,0.1,8.88,0.0
2018,48,1.9,-7.3,-3.0,0.8,8.92,0.0
2018,49,4.7,-4.1,-0.4,0.3,12.11,0.0
2018,50,7.7,-1.2,2.2,2.0,3.8,0.0
2018,51,16.1,2.3,11.9,32.0,3.3,0.0
2018,52,12.6,-3.7,1.7,10.8,8.32,0.0
2018,53,1.3,-4.1,-1.8,0.0,12.44,0.0
2018,54,5.7,-1.6,2.3,1.3,2.34,0.0
2018,55,2.9,-2.3,0.3,0.0,12.25,0.0
2018,56,7.7,0.9,3.3,3.1,10.26,0.0
2018,57,7.0,-1.8,2.2,0.0,15.16,0.0
2018,58,13.9,-0.4,6.2,0.0,14.89,0.0
2018,59,10.6,1.0,6.3,0.0,13.83,0.0
2018,60,2.5,-2.0,0.3,2.0,5.63,0.0
2018,61,2.8,-3.5,-0.2,0.7,14.05,0.0
2018,62,1.0,-4.4,-2.0,0.0,16.26,0.0
2018,63,1.3,-4.8,-2.1,0.0,16.36,0.0
2018,64,-0.2,-5.3,-3.2,0.0,13.44,0.0
2018,65,0.9,-3.1,-1.3,2.6,4.31,0.0
2018,66,-0.1,-4.0,-1.7,10.3,5.31,0.0
2018,67,0.1,-4.6,-2.4,15.8,5.79,0.0
2018,68,0.1,-3.7,-1.9,1.0,13.13,0.0
2018,69,-1.1,-7.7,-4.1,0.0,13.65,0.0
2018,70,-0.8,-12.1,-5.4,0.0,17.84,0.0
2018,71,-0.3,-12.2,-6.5,0.8,12.31,0.0
2018,72,-1.2,-6.2,-3.8,1.1,14.5,0.0
2018,73,0.3,-7.3,-3.6,0.0,14.61,0.0
2018,74,-0.1,-8.1,-3.5,0.3,11.39,0.0
2018,75,-2.5,-8.6,-6.3,0.1,16.87,0.0
2018,76,2.2,-11.2,-4.0,0.0,20.52,0.0
2018,77,7.0,-10.4,-2.0,0.0,20.22,0.0
2018,78,-2.8,-8.1,-4.8,0.0,20.33,0.0
2018,79,-1.8,-6.8,-4.4,0.0,19.35,0.0
2018,80,-1.5,-4.7,-3.2,0.0,17.77,0.0
2018,81,1.1,-8.0,-2.6,0.0,20.53,0.0
2018,82,-0.9,-7.3,-3.6,0.0,16.52,0.0
2018,83,-2.8,-5.9,-4.0,0.0,19.84,0.0
2018,84,2.4,-6.5,-2.7,0.0,21.84,0.0
2018,85,9.1,-2.3,3.0,0.0,21.16,0.0
2018,86,9.7,3.5,5.8,7.5,2.21,0.0
2018,87,8.9,-2.9,2.7,0.0,16.44,0.0
2018,88,7.5,-0.4,2.9,1.8,6.78,0.0
2018,89,4.8,-3.2,0.7,0.0,18.41,0.0
2018,90,8.1,-1.6,2.7,5.5,7.07,0.0
2018,91,1.5,-4.7,-1.9,0.0,14.77,0.0
2018,92,6.7,-6.2,-0.2,0.0,21.81,0.0
2018,93,3.4,-0.2,1.0,14.3,4.37,0.0
2018,94,0.5,-5.8,-1.7,6.9,12.18,0.0
2018,95,1.7,-11.2,-3.8,0.0,20.75,0.0
2018,96,2.4,-5.1,-1.5,4.4,16.43,0.0
2018,97,-2.2,-8.6,-4.8,0.0,12.97,0.0
2018,98,1.2,-7.2,-3.1,0.0,18.88,0.0
2018,99,2.6,-4.0,-1.0,0.3,13.55,0.0
2018,100,6.7,-3.9,1.4,0.1,21.12,0.0
2018,101,8.4,-1.9,2.7,0.7,12.11,0.0
2018,102,18.5,0.4,7.1,2.2,16.13,0.0
2018,103,3.8,-0.1,1.7,7.7,3.71,0.0
2018,104,1.6,-3.5,-1.2,25.6,2.4,0.0
2018,105,1.5,-3.5,-1.1,29.7,3.36,0.0
2018,106,1.9,-2.5,0.6,4.8,9.28,0.0
2018,107,1.8,-4.2,-1.5,2.2,11.39,0.0
2018,108,3.2,-3.8,-0.5,0.1,19.11,0.0
2018,109,4.3,-1.2,1.0,0.0,24.93,0.0
2018,110,9.2,-2.5,2.9,0.0,26.43,0.0
2018,111,13.1,-2.0,5.2,0.0,22.99,0.0
2018,112,14.9,-2.0,6.8,0.0,26.37,0.0
2018,113,18.5,1.9,10.3,0.0,25.81,0.0
2018,114,15.6,8.8,12.3,0.5,9.14,0.0
2018,115,9.6,3.2,5.5,3.7,10.89,0.0
2018,116,13.4,-1.0,6.5,0.0,26.5,0.0
2018,117,11.6,1.8,5.8,0.0,16.75,0.0
2018,118,4.1,1.5,2.4,0.0,16.51,0.0
2018,119,10.6,-1.1,4.2,0.0,27.82,0.0
2018,120,17.6,0.0,9.2,0.0,27.61,0.0
2018,121,25.1,10.8,18.1,0.0,26.57,0.0
2018,122,25.3,16.3,20.4,0.3,19.26,0.0
2018,123,15.7,7.8,11.0,8.3,7.94,0.0
2018,124,21.5,8.1,13.5,17.1,16.38,0.0
2018,125,22.6,9.7,15.3,0.2,24.32,0.0
2018,126,13.6,4.9,8.4,1.4,18.74,0.0
2018,127,17.0,3.8,10.4,0.0,27.82,0.0
2018,128,22.9,9.1,16.0,0.0,27.36,0.0
2018,129,24.5,12.4,19.0,0.2,25.07,0.0
2018,130,17.8,7.1,14.7,2.3,18.66,0.0
2018,131,8.6,2.2,4.8,1.5,14.19,0.0
2018,132,11.5,2.8,6.8,1.6,24.71,0.0
2018,133,17.0,3.3,10.7,0.1,28.03,0.0
2018,134,22.9,9.9,16.5,0.0,21.81,0.0
2018,135,17.4,7.4,13.3,9.7,14.35,0.0
2018,136,22.5,5.8,14.8,0.0,28.4,0.0
2018,137,14.8,7.4,11.1,0.0,28.53,0.0
2018,138,18.9,6.6,12.4,0.1,28.16,0.0
2018,139,19.8,12.3,14.8,5.8,5.38,0.0
2018,140,15.2,5.9,11.1,0.0,24.3,0.0
2018,141,17.1,0.5,10.3,0.1,16.26,0.0
2018,142,16.9,8.9,12.6,1.0,20.01,0.0
2018,143,23.6,9.0,16.4,0.0,29.19,0.0
2018,144,25.2,13.6,19.8,0.0,28.81,0.0
2018,145,28.6,15.7,22.5,0.0,27.58,0.0
2018,146,28.0,17.1,22.6,2.1,24.08,0.0
2018,147,29.6,17.2,23.3,0.0,26.11,0.0
2018,148,30.2,14.3,22.6,1.5,26.71,0.0
2018,149,27.2,14.2,21.0,0.0,28.6,0.0
2018,150,28.5,17.6,23.2,0.0,21.24,0.0
2018,151,27.5,21.8,24.4,4.2,19.68,0.0
2018,152,20.6,11.7,16.7,0.0,19.0,0.0
2018,153,15.1,8.8,11.7,0.0,21.55,0.0
2018,154,21.2,11.8,16.4,6.6,12.37,0.0
2018,155,21.5,13.1,16.3,0.5,20.91,0.0
2018,156,16.5,9.9,12.3,0.6,23.77,0.0
2018,157,19.4,6.7,13.3,0.0,29.08,0.0
2018,158,24.9,13.2,18.0,0.0,29.14,0.0
2018,159,22.5,10.9,16.2,0.0,25.48,0.0
2018,160,20.4,11.9,16.0,1.0,9.77,0.0
2018,161,22.4,12.3,16.8,0.5,21.52,0.0
2018,162,22.9,11.5,16.7,0.0,30.91,0.0
2018,163,27.8,11.7,19.9,0.4,27.27,0.0
2018,164,25.0,17.9,21.2,0.3,25.16,0.0
2018,165,25.0,14.8,19.4,0.0,30.16,0.0
2018,166,24.9,11.4,18.6,0.0,28.95,0.0
2018,167,27.4,17.0,21.2,15.4,17.33,0.0
2018,168,32.8,18.5,26.5,0.0,26.51,0.0
2018,169,27.5,17.8,24.8,4.7,13.94,0.0
2018,170,21.7,13.7,17.5,0.0,18.48,0.0
2018,171,22.7,11.1,16.2,1.0,22.65,0.0
2018,172,20.2,11.6,15.7,0.0,29.21,0.0
2018,173,22.4,12.9,17.6,2.9,20.91,0.0
2018,174,25.0,15.1,18.7,10.6,12.83,0.0
2018,175,18.9,12.1,15.7,8.5,19.61,0.0
2018,176,19.9,9.4,14.6,0.0,30.22,0.0
2018,177,25.0,8.7,17.4,0.0,27.75,0.0
2018,178,24.9,14.7,19.3,17.3,12.63,0.0
2018,179,28.4,14.4,21.2,0.4,26.48,0.0
2018,180,31.6,17.9,24.9,0.0,28.98,0.0
2018,181,34.6,24.5,29.5,0.0,25.83,0.0
2018,182,32.5,23.8,28.7,0.1,26.29,0.0
2018,183,28.2,21.6,25.7,0.0,26.25,0.0
2018,184,31.2,17.6,25.0,0.0,29.38,0.0
2018,185,33.2,18.8,26.7,0.2,25.67,0.0
2018,186,32.0,19.8,26.5,13.9,22.05,0.0
2018,187,20.3,14.6,18.3,0.0,30.52,0.0
2018,188,26.3,11.7,19.5,0.0,29.97,0.0
2018,189,30.6,14.9,22.7,0.0,30.18,0.0
2018,190,32.8,17.6,25.5,0.0,29.38,0.0
2018,191,27.1,18.1,22.9,0.9,29.47,0.0
2018,192,26.4,15.8,21.5,0.0,29.11,0.0
2018,193,28.9,14.0,22.6,0.0,20.25,0.0
2018,194,33.3,18.6,26.4,0.4,24.72,0.0
2018,195,27.5,20.8,23.8,6.3,12.2,0.0
2018,196,32.2,20.8,25.8,0.0,25.87,0.0
2018,197,32.1,22.2,26.3,4.2,20.59,0.0
2018,198,25.6,16.8,21.0,0.0,24.39,0.0
2018,199,25.0,13.8,19.6,0.0,24.68,0.0
2018,200,30.0,14.2,22.3,0.0,28.51,0.0
2018,201,30.3,18.7,23.3,0.7,18.19,0.0
2018,202,25.2,19.5,21.4,12.6,13.52,0.0
2018,203,21.6,16.9,18.9,7.7,8.24,0.0
2018,204,26.5,15.2,20.9,3.2,19.02,0.0
2018,205,25.5,18.4,21.8,18.2,16.82,0.0
2018,206,27.8,19.0,23.0,0.1,26.0,0.0
2018,207,25.4,18.0,21.7,0.3,23.05,0.0
2018,208,23.9,15.7,19.6,2.0,22.04,0.0
2018,209,24.3,14.9,19.4,0.7,22.95,0.0
2018,210,26.6,15.2,21.0,0.0,27.04,0.0
2018,211,27.0,14.8,20.8,1.7,21.86,0.0
2018,212,26.6,13.9,20.6,6.0,18.17,0.0
2018,213,26.2,18.1,21.7,12.4,18.06,0.0
2018,214,27.2,17.6,21.7,8.1,20.04,0.0
2018,215,25.3,18.3,21.7,0.9,18.08,0.0
2018,216,31.3,17.2,24.0,0.0,25.86,0.0
2018,217,33.2,22.3,27.7,0.0,22.97,0.0
2018,218,27.1,20.3,24.5,3.7,8.32,0.0
2018,219,26.6,19.2,22.4,1.8,19.0,0.0
2018,220,24.7,17.9,21.0,15.5,16.88,0.0
2018,221,26.6,18.4,21.7,6.5,18.77,0.0
2018,222,25.5,16.7,21.1,0.0,26.15,0.0
2018,223,26.0,16.5,20.9,2.4,20.26,0.0
2018,224,25.6,16.9,21.1,0.3,23.5,0.0
2018,225,27.7,15.6,21.9,0.5,22.73,0.0
2018,226,30.2,18.0,24.3,0.0,24.76,0.0
2018,227,29.8,19.6,24.8,0.0,18.81,0.0
2018,228,27.2,19.5,22.6,15.7,10.31,0.0
2018,229,24.4,19.6,21.9,1.2,8.51,0.0
2018,230,24.8,18.0,21.1,1.4,17.45,0.0
2018,231,25.4,16.5,20.8,1.8,18.78,0.0
2018,232,26.2,16.6,21.4,0.0,18.88,0.0
2018,233,22.1,18.9,20.5,35.7,6.62,0.0
2018,234,21.9,15.1,18.2,1.7,22.17,0.0
2018,235,25.9,14.4,20.1,0.0,24.2,0.0
2018,236,25.9,14.9,20.5,0.0,18.71,0.0
2018,237,24.4,19.0,21.0,15.1,7.87,0.0
2018,238,28.0,18.6,23.1,0.1,22.42,0.0
2018,239,30.8,20.5,25.2,10.4,15.66,0.0
2018,240,29.6,22.6,26.1,4.2,19.27,0.0
2018,241,24.2,19.0,21.8,3.2,10.83,0.0
2018,242,19.0,12.6,16.5,0.2,16.01,0.0
2018,243,25.7,11.1,18.1,0.0,20.63,0.0
2018,244,27.0,17.6,22.1,10.1,12.75,0.0
2018,245,28.5,20.6,23.9,3.7,14.59,0.0
2018,246,26.5,21.5,24.1,1.1,13.47,0.0
2018,247,29.9,20.6,24.4,6.2,17.79,0.0
2018,248,30.5,20.0,25.5,4.2,19.0,0.0
2018,249,20.3,13.5,17.7,1.8,10.7,0.0
2018,250,18.7,11.7,15.4,0.0,17.64,0.0
2018,251,17.4,12.8,15.5,0.0,17.61,0.0
2018,252,17.5,12.5,14.6,0.0,15.53,0.0
2018,253,17.2,13.6,15.3,2.3,6.15,0.0
2018,254,23.2,10.3,16.9,0.0,20.16,0.0
2018,255,25.0,12.6,18.4,0.0,20.14,0.0
2018,256,24.5,14.5,19.4,0.2,13.47,0.0
2018,257,25.9,18.5,21.1,2.0,12.24,0.0
2018,258,26.5,15.9,20.0,0.0,16.91,0.0
2018,259,27.6,15.4,21.2,0.1,17.49,0.0
2018,260,28.5,18.9,23.2,0.0,18.9,0.0
2018,261,22.4,16.3,18.8,0.2,16.09,0.0
2018,262,21.1,14.3,17.4,0.1,10.6,0.0
2018,263,20.0,14.5,17.2,18.6,5.14,0.0
2018,264,26.0,12.2,21.9,2.5,13.04,0.0
2018,265,14.6,9.2,11.7,0.0,15.89,0.0
2018,266,19.2,6.4,12.5,0.0,18.52,0.0
2018,267,21.2,12.4,16.6,0.0,12.87,0.0
2018,268,24.5,17.8,20.7,3.6,9.63,0.0
2018,269,20.2,10.9,15.9,0.7,13.86,0.0
2018,270,18.2,7.7,12.8,0.0,15.24,0.0
2018,271,14.9,10.6,13.0,1.1,5.54,0.0
2018,272,12.9,6.6,10.1,0.0,17.03,0.0
2018,273,10.8,7.4,9.0,3.1,3.24,0.0
2018,274,12.8,9.6,11.1,17.0,4.69,0.0
2018,275,15.1,10.8,13.0,21.1,6.75,0.0
2018,276,24.4,8.9,15.6,3.6,7.66,0.0
2018,277,24.4,6.9,14.4,4.6,16.41,0.0
2018,278,13.6,4.9,9.7,0.7,5.64,0.0
2018,279,22.5,12.7,16.4,7.4,6.17,0.0
2018,280,13.5,10.3,11.9,0.7,5.13,0.0
2018,281,26.8,11.6,18.7,5.9,9.85,0.0
2018,282,26.5,19.8,22.7,2.5,12.39,0.0
2018,283,25.8,19.2,22.1,9.0,10.14,0.0
2018,284,20.7,7.6,12.6,0.4,7.5,0.0
2018,285,7.5,5.9,6.8,0.0,5.64,0.0
2018,286,8.1,4.2,5.6,0.0,9.84,0.0
2018,287,14.7,3.5,8.6,0.0,13.89,0.0
2018,288,9.1,3.5,7.1,3.8,4.15,0.0
2018,289,10.9,0.9,6.3,0.0,13.66,0.0
2018,290,8.9,2.8,5.7,0.6,9.39,0.0
2018,291,8.1,-1.0,4.1,0.0,14.21,0.0
2018,292,12.6,6.7,9.2,1.8,6.92,0.0
2018,293,10.2,2.0,6.6,4.1,7.48,0.0
2018,294,4.8,2.0,3.3,0.0,4.49,0.0
2018,295,11.4,0.8,5.7,0.0,13.24,0.0
2018,296,9.9,4.4,6.6,0.2,10.21,0.0
2018,297,6.0,0.6,3.9,0.2,5.5,0.0
2018,298,8.9,-1.6,3.3,0.0,11.88,0.0
2018,299,9.2,1.9,5.8,0.2,4.65,0.0
2018,300,6.1,4.1,5.0,8.1,1.83,0.0
2018,301,6.8,3.7,5.1,2.0,3.74,0.0
2018,302,10.5,3.5,6.0,0.0,10.79,0.0
2018,303,11.5,-0.4,6.0,6.0,8.13,0.0
2018,304,11.9,6.6,9.5,16.8,6.85,0.0
2018,305,7.8,4.9,6.3,1.3,3.03,0.0
2018,306,6.2,3.8,5.3,5.7,3.06,0.0
2018,307,5.5,1.0,4.0,0.5,5.38,0.0
2018,308,8.4,-1.9,3.9,0.0,6.12,0.0
2018,309,11.6,5.0,8.4,4.2,6.11,0.0
2018,310,12.0,6.0,9.0,12.6,5.84,0.0
2018,311,7.0,2.8,4.6,1.5,4.31,0.0
2018,312,3.8,0.8,2.4,0.1,5.43,0.0
2018,313,2.4,-0.7,1.1,6.0,2.09,0.0
2018,314,1.9,-5.7,-1.6,0.3,6.04,0.0
2018,315,1.4,-2.8,-0.5,0.2,4.58,0.0
2018,316,4.1,-1.9,1.0,0.1,5.51,0.0
2018,317,-0.1,-4.7,-1.6,1.4,6.59,0.0
2018,318,-1.1,-5.8,-3.5,0.0,7.59,0.0
2018,319,1.9,-5.0,-1.2,5.4,2.73,0.0
2018,320,2.5,-0.6,0.8,4.8,4.17,0.0
2018,321,1.5,-2.5,-0.1,0.2,3.03,0.0
2018,322,1.8,-4.0,-1.2,0.0,6.52,0.0
2018,323,4.1,-3.6,-0.4,0.6,5.18,0.0
2018,324,0.1,-4.6,-2.8,1.6,6.71,0.0
2018,325,0.1,-7.7,-4.0,0.4,7.5,0.0
2018,326,-2.4,-7.3,-5.1,0.0,6.2,0.0
2018,327,8.1,-4.4,1.4,0.0,8.36,0.0
2018,328,7.2,4.0,5.6,4.7,1.99,0.0
2018,329,5.9,1.5,3.5,0.2,3.36,0.0
2018,330,1.6,-2.1,0.1,15.4,2.2,0.0
2018,331,-1.4,-2.6,-2.1,0.0,3.48,0.0
2018,332,0.2,-2.5,-1.4,0.0,3.5,0.0
2018,333,-0.6,-3.9,-2.3,1.0,5.07,0.0
2018,334,2.5,-3.6,-0.8,0.3,4.66,0.0
2018,335,3.0,-3.0,0.3,3.5,2.36,0.0
2018,336,11.1,2.8,6.2,13.9,4.68,0.0
2018,337,2.9,-2.0,0.4,6.0,1.67,0.0
2018,338,-1.0,-4.5,-2.5,0.0,5.12,0.0
2018,339,1.1,-3.8,-2.1,0.0,5.7,0.0
2018,340,0.1,-5.4,-1.9,2.0,3.49,0.0
2018,341,-2.1,-8.0,-4.8,0.5,4.36,0.0
2018,342,-1.5,-6.4,-4.6,0.1,5.29,0.0
2018,343,0.2,-7.4,-4.1,0.0,6.48,0.0
2018,344,0.2,-3.4,-2.3,0.0,5.92,0.0
2018,345,-0.1,-3.7,-1.7,0.0,2.44,0.0
2018,346,2.4,-6.0,-1.5,2.1,3.94,0.0
2018,347,3.8,-3.5,0.4,0.1,4.4,0.0
2018,348,5.7,-1.6,1.4,4.6,4.69,0.0
2018,349,5.2,-3.0,0.5,0.0,5.42,0.0
2018,350,4.4,-3.8,-0.1,0.0,7.03,0.0
2018,351,1.0,-2.0,-0.3,0.0,5.1,0.0
2018,352,0.8,-2.5,-1.5,0.0,5.53,0.0
2018,353,6.2,-1.8,1.7,0.0,5.38,0.0
2018,354,5.8,1.1,3.1,2.1,1.49,0.0
2018,355,3.2,-1.0,1.7,9.0,1.96,0.0
2018,356,-1.3,-4.2,-2.4,0.0,3.04,0.0
2018,357,1.4,-2.5,-0.7,0.9,2.41,0.0
2018,358,0.7,-2.5,-0.8,0.9,3.95,0.0
2018,359,0.3,-5.2,-2.6,0.0,6.77,0.0
2018,360,1.2,-4.0,-1.3,0.5,2.7,0.0
2018,361,5.6,-2.5,0.6,6.6,1.98,0.0
2018,362,10.9,0.8,7.4,4.1,2.68,0.0
2018,363,-0.9,-5.8,-4.4,0.7,3.01,0.0
2018,364,0.8,-4.2,-1.5,1.2,4.64,0.0
2018,365,3.0,-2.5,0.1,14.6,1.91,0.0
2019,1,0.9,-6.8,-3.5,2.5,3.4,0.0
2019,2,-1.0,-8.9,-4.7,2.9,1.93,0.0
2019,3,0.2,-3.3,-1.4,0.0,2.71,0.0
2019,4,6.3,-1.2,1.4,0.0,7.52,0.0
2019,5,6.2,-2.8,1.0,0.0,6.66,0.0
2019,6,1.6,-4.6,-1.1,0.0,4.48,0.0
2019,7,8.5,-3.5,0.2,5.9,1.85,0.0
2019,8,7.6,0.7,3.3,5.5,2.04,0.0
2019,9,0.0,-4.8,-3.2,2.1,5.02,0.0
2019,10,-4.8,-8.0,-6.8,0.0,3.78,0.0
2019,11,-2.5,-8.3,-5.5,0.0,6.76,0.0
2019,12,-1.9,-5.6,-3.9,0.0,2.49,0.0
2019,13,-2.2,-7.7,-5.1,0.0,8.51,0.0
2019,14,-0.9,-9.1,-5.0,0.0,6.87,0.0
2019,15,0.1,-2.5,-1.6,0.0,3.03,0.0
2019,16,-0.8,-8.6,-4.8,0.8,7.21,0.0
2019,17,-0.9,-10.6,-5.9,0.8,4.97,0.0
2019,18,-2.4,-6.4,-3.8,0.1,4.29,0.0
2019,19,-6.7,-9.5,-7.8,3.4,3.27,0.0
2019,20,-9.4,-16.8,-13.1,2.3,2.59,0.0
2019,21,-11.6,-17.1,-14.1,1.8,6.83,0.0
2019,22,-3.3,-18.6,-9.0,2.4,4.85,0.0
2019,23,4.0,-3.5,0.5,12.2,1.6,0.0
2019,24,-3.0,-5.3,-4.2,1.0,6.28,0.0
2019,25,-5.3,-12.9,-10.1,0.6,5.21,0.0
2019,26,-10.8,-16.8,-13.7,0.0,10.08,0.0
2019,27,-10.6,-18.1,-12.8,0.3,7.26,0.0
2019,28,-7.1,-19.6,-11.9,12.6,1.93,0.0
2019,29,-6.8,-16.4,-11.5,3.4,8.4,0.0
2019,30,-17.4,-21.9,-19.5,0.0,9.89,0.0
2019,31,-15.7,-22.5,-19.0,0.0,9.57,0.0
2019,32,-14.2,-23.5,-18.6,0.0,11.7,0.0
2019,33,2.4,-14.2,-5.1,0.2,8.97,0.0
2019,34,8.4,1.6,5.6,2.6,3.59,0.0
2019,35,10.9,5.3,8.2,6.0,3.72,0.0
2019,36,5.8,-6.6,-2.1,0.0,6.16,0.0
2019,37,0.6,-6.2,-2.3,8.6,2.75,0.0
2019,38,9.6,-4.8,-0.2,5.1,2.42,0.0
2019,39,1.8,-11.6,-7.7,0.0,4.34,0.0
2019,40,-6.4,-13.0,-10.1,0.0,11.8,0.0
2019,41,-4.0,-10.8,-7.3,1.3,4.67,0.0
2019,42,-1.9,-5.6,-4.1,0.5,9.36,0.0
2019,43,1.3,-5.1,-2.6,15.0,1.61,0.0
2019,44,-2.2,-6.0,-4.8,3.5,5.51,0.0
2019,45,4.6,-9.8,-2.6,1.0,10.41,0.0
2019,46,2.5,-6.1,-2.6,1.5,7.04,0.0
2019,47,-4.8,-7.8,-5.9,0.0,7.03,0.0
2019,48,-4.9,-8.4,-6.4,1.0,4.68,0.0
2019,49,-6.2,-13.9,-8.2,0.9,7.61,0.0
2019,50,-4.7,-16.6,-10.8,0.0,14.32,0.0
2019,51,1.1,-13.9,-5.3,3.8,3.58,0.0
2019,52,1.5,-3.4,-0.6,0.1,8.17,0.0
2019,53,1.0,-10.4,-4.4,0.0,14.42,0.0
2019,54,3.2,-6.4,-1.1,2.9,7.26,0.0
2019,55,6.6,-3.4,2.3,9.4,4.05,0.0
2019,56,-3.9,-9.8,-7.6,0.1,7.41,0.0
2019,57,-7.1,-10.8,-9.3,0.3,13.13,0.0
2019,58,-5.5,-10.1,-8.2,5.4,5.46,0.0
2019,59,-4.0,-14.9,-8.6,0.0,14.45,0.0
2019,60,1.2,-13.1,-6.1,0.0,15.38,0.0
2019,61,-1.2,-7.5,-3.8,1.8,8.0,0.0
2019,62,-6.3,-13.3,-8.6,0.7,6.8,0.0
2019,63,-11.0,-16.9,-12.7,0.4,8.41,0.0
2019,64,-8.6,-13.8,-11.5,2.1,11.16,0.0
2019,65,-8.0,-15.1,-11.2,0.7,10.05,0.0
2019,66,-6.7,-15.3,-10.0,0.8,15.84,0.0
2019,67,-1.1,-16.7,-9.0,0.0,17.65,0.0
2019,68,2.1,-11.9,-3.5,1.6,15.16,0.0
2019,69,7.8,0.2,2.8,12.5,6.04,0.0
2019,70,0.7,-3.4,-1.0,0.0,8.51,0.0
2019,71,6.1,-7.2,-1.1,0.0,18.64,0.0
2019,72,8.2,-0.7,3.7,1.9,5.12,0.0
2019,73,14.9,5.5,10.3,13.0,8.29,0.0
2019,74,6.7,-0.9,3.1,4.0,3.03,0.0
2019,75,0.7,-4.2,-1.8,0.2,13.54,0.0
2019,76,3.7,-7.1,-2.0,0.1,17.23,0.0
2019,77,4.1,-5.3,-0.6,0.3,18.76,0.0
2019,78,6.4,-4.6,0.9,0.0,16.54,0.0
2019,79,10.4,-1.9,3.0,4.4,11.38,0.0
2019,80,5.8,1.6,3.2,0.9,7.21,0.0
2019,81,2.2,-3.5,-0.0,0.2,9.24,0.0
2019,82,6.3,-6.3,-0.8,0.0,20.96,0.0
2019,83,9.4,-1.4,2.4,0.0,12.42,0.0
2019,84,2.5,-4.6,-1.3,0.0,21.62,0.0
2019,85,4.2,-5.3,-0.8,0.0,21.43,0.0
2019,86,9.9,-2.6,3.5,0.0,19.56,0.0
2019,87,15.9,3.3,9.0,0.6,14.62,0.0
2019,88,6.8,-0.9,2.9,0.0,21.02,0.0
2019,89,2.0,-0.6,0.9,10.1,3.8,0.0
2019,90,0.4,-5.1,-3.0,0.7,10.84,0.0
2019,91,5.9,-6.1,0.2,0.0,22.19,0.0
2019,92,11.6,1.1,5.8,2.6,12.82,0.0
2019,93,6.9,-0.3,3.6,0.2,21.77,0.0
2019,94,4.8,-4.7,-0.3,0.0,20.08,0.0
2019,95,9.4,-1.7,2.6,3.4,11.64,0.0
2019,96,15.2,1.8,7.7,0.0,18.93,0.0
2019,97,18.6,6.5,12.1,0.1,14.42,0.0
2019,98,16.0,8.7,12.4,1.0,17.82,0.0
2019,99,10.9,4.0,7.7,0.8,14.0,0.0
2019,100,4.8,-0.6,2.0,0.1,22.22,0.0
2019,101,2.7,-0.8,0.7,1.9,6.18,0.0
2019,102,16.0,1.5,9.4,8.6,12.44,0.0
2019,103,9.4,1.4,5.2,0.0,24.45,0.0
2019,104,1.0,-0.9,0.2,15.1,4.04,0.0
2019,105,7.1,0.4,2.9,3.6,25.62,0.0
2019,106,9.4,0.9,4.2,3.7,9.43,0.0
2019,107,12.9,-0.5,6.0,2.2,20.45,0.0
2019,108,18.0,6.0,13.2,15.0,5.56,0.0
2019,109,5.6,1.8,2.9,6.4,4.09,0.0
2019,110,6.4,2.0,4.1,8.2,12.52,0.0
2019,111,16.4,0.2,7.9,0.0,14.23,0.0
2019,112,21.3,6.1,13.9,0.0,24.69,0.0
2019,113,16.6,6.7,12.0,6.1,13.44,0.0
2019,114,13.7,1.8,7.2,0.0,26.6,0.0
2019,115,17.7,4.2,10.8,0.0,24.95,0.0
2019,116,13.2,3.2,7.7,11.3,15.48,0.0
2019,117,9.2,0.5,4.3,0.0,19.95,0.0
2019,118,7.8,0.7,4.0,0.0,27.17,0.0
2019,119,4.9,0.0,2.2,5.0,5.76,0.0
2019,120,8.4,-0.2,4.0,5.0,16.86,0.0
2019,121,16.8,2.8,7.5,23.2,4.5,0.0
2019,122,15.1,1.5,6.3,1.4,19.65,0.0
2019,123,9.3,3.2,5.6,3.1,16.53,0.0
2019,124,14.3,1.9,8.0,0.0,26.68,0.0
2019,125,18.7,1.8,11.2,0.0,27.3,0.0
2019,126,11.8,6.2,8.8,4.6,13.54,0.0
2019,127,9.6,1.8,6.0,0.0,23.53,0.0
2019,128,13.6,0.4,7.1,0.0,22.33,0.0
2019,129,21.8,8.4,14.8,6.1,10.46,0.0
2019,130,14.1,5.7,8.4,0.3,15.6,0.0
2019,131,10.4,0.8,5.9,0.3,17.21,0.0
2019,132,10.2,3.9,6.9,0.0,9.36,0.0
2019,133,8.5,4.3,5.9,1.4,11.08,0.0
2019,134,18.0,4.2,10.8,0.4,27.38,0.0
2019,135,17.9,7.7,12.5,0.4,22.99,0.0
2019,136,21.8,4.2,13.6,0.9,17.88,0.0
2019,137,14.6,6.8,10.8,0.0,27.44,0.0
2019,138,18.8,2.9,11.1,0.3,17.56,0.0
2019,139,22.2,6.8,15.6,15.0,9.47,0.0
2019,140,16.1,7.2,10.0,0.5,7.32,0.0
2019,141,15.1,2.2,9.4,0.0,28.64,0.0
2019,142,19.0,7.4,12.5,4.0,14.14,0.0
2019,143,21.8,13.2,18.2,3.0,24.45,0.0
2019,144,16.2,8.5,12.2,0.0,14.14,0.0
2019,145,24.5,10.6,18.6,6.5,18.93,0.0
2019,146,19.1,10.1,15.7,0.0,22.35,0.0
2019,147,17.3,7.6,12.0,2.7,23.71,0.0
2019,148,15.9,6.8,11.2,9.6,22.67,0.0
2019,149,19.0,6.7,12.8,0.0,20.33,0.0
2019,150,20.9,10.2,15.9,0.0,15.75,0.0
2019,151,24.2,6.0,15.9,0.7,26.61,0.0
2019,152,18.4,9.6,14.1,1.9,23.66,0.0
2019,153,16.8,8.2,11.9,4.7,25.85,0.0
2019,154,16.8,5.2,11.0,0.0,28.95,0.0
2019,155,24.1,7.8,16.0,0.0,22.66,0.0
2019,156,20.7,8.6,15.3,14.8,10.86,0.0
2019,157,21.5,8.0,14.5,0.0,28.61,0.0
2019,158,21.9,9.2,16.2,0.0,30.59,0.0
2019,159,24.5,11.2,17.9,0.0,29.82,0.0
2019,160,21.7,14.1,18.3,3.5,9.54,0.0
2019,161,18.9,13.6,17.1,50.4,9.63,0.0
2019,162,20.9,10.1,15.8,0.2,28.44,0.0
2019,163,22.6,13.6,18.1,0.1,19.13,0.0
2019,164,14.4,11.2,12.6,20.7,9.95,0.0
2019,165,20.5,9.1,15.4,0.3,21.93,0.0
2019,166,20.9,11.4,16.7,2.5,14.22,0.0
2019,167,18.3,7.5,12.7,0.9,21.12,0.0
2019,168,19.3,8.9,13.9,0.1,22.88,0.0
2019,169,23.2,7.2,16.4,0.0,29.37,0.0
2019,170,21.5,12.7,16.1,0.6,11.42,0.0
2019,171,14.2,11.2,12.3,14.4,5.1,0.0
2019,172,18.9,8.8,14.3,0.0,30.3,0.0
2019,173,21.0,8.4,15.3,0.0,30.31,0.0
2019,174,23.6,7.7,16.8,0.0,30.15,0.0
2019,175,25.5,15.6,20.0,11.5,12.87,0.0
2019,176,25.4,16.5,20.9,0.0,25.97,0.0
2019,177,26.0,17.8,22.2,0.3,28.53,0.0
2019,178,27.9,15.1,22.4,0.0,28.48,0.0
2019,179,25.6,17.6,21.6,10.7,13.23,0.0
2019,180,26.6,17.5,21.6,0.1,23.57,0.0
2019,181,21.0,14.1,18.2,0.0,29.75,0.0
2019,182,28.5,12.4,21.1,0.0,27.18,0.0
2019,183,25.1,17.3,21.5,4.2,12.73,0.0
2019,184,26.4,15.6,21.8,0.0,27.93,0.0
2019,185,29.8,12.0,21.7,0.6,27.68,0.0
2019,186,29.9,21.6,25.5,3.1,22.12,0.0
2019,187,23.6,16.5,20.6,5.1,24.45,0.0
2019,188,22.0,13.1,17.9,0.0,28.77,0.0
2019,189,23.2,11.1,17.3,0.0,30.3,0.0
2019,190,27.0,8.9,18.3,0.0,30.32,0.0
2019,191,30.2,16.2,23.8,0.4,23.94,0.0
2019,192,24.5,18.0,22.4,0.1,24.72,0.0
2019,193,23.9,14.3,19.3,0.0,26.45,0.0
2019,194,29.7,17.3,22.7,0.3,25.39,0.0
2019,195,25.0,14.4,20.1,0.0,29.65,0.0
2019,196,29.2,15.5,22.5,4.7,21.12,0.0
2019,197,26.3,21.6,24.4,2.9,18.11,0.0
2019,198,26.0,18.7,22.6,0.9,27.6,0.0
2019,199,30.5,16.1,24.2,0.0,19.57,0.0
2019,200,32.7,22.8,27.1,4.0,18.48,0.0
2019,201,32.3,24.0,27.4,4.0,21.07,0.0
2019,202,27.1,18.5,22.3,1.9,27.37,0.0
2019,203,21.6,15.4,18.6,0.0,24.15,0.0
2019,204,22.2,13.6,17.4,4.7,21.5,0.0
2019,205,25.0,13.6,19.5,0.3,27.51,0.0
2019,206,27.4,15.1,21.7,0.0,27.44,0.0
2019,207,28.1,16.7,23.2,0.3,23.92,0.0
2019,208,29.4,20.2,24.2,3.3,21.35,0.0
2019,209,29.6,19.6,24.4,0.6,24.72,0.0
2019,210,29.5,20.4,24.1,7.1,14.39,0.0
2019,211,25.8,16.9,21.1,0.2,23.01,0.0
2019,212,22.1,13.4,17.7,0.0,27.76,0.0
2019,213,24.2,12.6,18.3,0.0,27.81,0.0
2019,214,26.5,12.5,19.4,0.0,27.29,0.0
2019,215,27.8,15.6,21.8,0.1,24.44,0.0
2019,216,25.5,17.5,21.2,1.1,20.45,0.0
2019,217,28.9,15.4,22.6,0.0,26.16,0.0
2019,218,25.2,18.6,21.8,5.4,12.99,0.0
2019,219,27.9,16.5,22.0,0.3,24.1,0.0
2019,220,24.8,18.4,21.4,13.2,21.47,0.0
2019,221,24.0,15.1,19.9,0.3,22.78,0.0
2019,222,24.7,13.6,19.3,0.0,23.41,0.0
2019,223,27.0,14.0,20.8,0.0,24.9,0.0
2019,224,27.4,18.5,22.7,0.7,20.21,0.0
2019,225,25.6,16.8,20.7,0.0,23.23,0.0
2019,226,23.9,15.1,19.4,0.0,22.33,0.0
2019,227,21.0,13.9,17.6,8.6,12.82,0.0
2019,228,24.6,12.2,18.9,0.5,22.56,0.0
2019,229,27.1,18.6,22.1,1.9,22.15,0.0
2019,230,29.5,19.2,23.6,5.6,19.04,0.0
2019,231,26.2,17.8,22.1,0.0,23.28,0.0
2019,232,26.6,17.5,22.5,1.8,18.39,0.0
2019,233,27.5,17.4,21.7,4.8,18.58,0.0
2019,234,21.5,13.9,17.4,0.0,23.34,0.0
2019,235,20.0,12.6,16.0,0.6,21.47,0.0
2019,236,20.5,12.2,16.3,0.0,20.58,0.0
2019,237,23.1,12.4,17.9,0.0,23.71,0.0
2019,238,24.5,15.9,19.5,10.4,18.84,0.0
2019,239,26.2,17.7,22.1,4.6,18.09,0.0
2019,240,23.1,15.6,19.6,0.0,17.87,0.0
2019,241,26.4,13.6,20.0,2.8,22.49,0.0
2019,242,22.4,13.2,18.3,0.4,22.77,0.0
2019,243,21.3,12.3,16.6,0.0,20.24,0.0
2019,244,22.8,11.6,17.2,0.0,18.03,0.0
2019,245,23.5,14.6,18.2,1.0,16.07,0.0
2019,246,27.0,12.8,19.2,13.1,12.32,0.0
2019,247,20.0,12.1,16.8,0.6,21.39,0.0
2019,248,20.6,9.8,15.1,0.0,21.05,0.0
2019,249,21.7,13.2,16.9,3.9,11.42,0.0
2019,250,20.5,14.0,16.9,0.4,15.8,0.0
2019,251,17.0,10.7,14.2,0.2,12.11,0.0
2019,252,21.0,7.8,13.8,0.0,15.74,0.0
2019,253,25.1,15.2,19.5,13.0,6.74,0.0
2019,254,24.7,17.0,20.7,6.8,11.53,0.0
2019,255,18.6,14.8,16.4,5.3,10.14,0.0
2019,256,23.0,14.9,18.5,23.9,5.05,0.0
2019,257,21.3,14.2,17.5,0.0,20.13,0.0
2019,258,22.0,12.1,17.1,3.5,11.44,0.0
2019,259,22.2,14.8,18.0,0.1,13.78,0.0
2019,260,23.5,13.2,17.7,0.0,17.59,0.0
2019,261,25.2,14.5,19.1,0.0,19.13,0.0
2019,262,25.4,15.7,19.8,0.0,17.18,0.0
2019,263,26.6,14.8,20.0,0.0,14.9,0.0
2019,264,29.0,17.9,22.8,0.9,16.51,0.0
2019,265,27.7,20.3,23.1,22.8,9.73,0.0
2019,266,20.7,15.9,18.1,29.2,13.13,0.0
2019,267,21.4,11.7,16.9,0.0,16.91,0.0
2019,268,22.1,17.2,19.6,1.4,10.21,0.0
2019,269,18.4,11.2,15.8,0.0,17.81,0.0
2019,270,23.0,10.1,16.0,7.2,8.81,0.0
2019,271,18.9,11.8,15.7,14.6,7.41,0.0
2019,272,15.4,10.8,12.9,3.0,7.78,0.0
2019,273,25.4,12.6,18.3,0.0,12.67,0.0
2019,274,24.8,19.4,22.6,3.7,7.87,0.0
2019,275,16.0,11.6,13.7,27.3,4.06,0.0
2019,276,15.0,10.4,12.7,6.1,4.37,0.0
2019,277,12.0,7.7,9.9,0.2,6.85,0.0
2019,278,14.3,5.5,10.3,0.0,10.84,0.0
2019,279,17.2,11.9,14.3,1.7,14.96,0.0
2019,280,17.5,8.2,13.5,0.0,14.5,0.0
2019,281,17.7,5.4,11.4,0.0,15.87,0.0
2019,282,18.0,9.1,13.2,0.0,15.62,0.0
2019,283,19.1,8.9,13.4,0.0,15.38,0.0
2019,284,21.2,12.4,16.1,9.1,8.72,0.0
2019,285,11.6,4.6,7.2,5.8,10.05,0.0
2019,286,11.4,4.6,7.9,0.3,4.51,0.0
2019,287,9.6,2.0,5.9,0.0,11.09,0.0
2019,288,13.8,0.8,7.4,3.6,9.31,0.0
2019,289,11.3,5.9,8.5,8.8,6.86,0.0
2019,290,9.9,4.9,7.3,0.4,7.97,0.0
2019,291,9.7,4.0,6.4,0.0,12.62,0.0
2019,292,14.8,3.7,8.5,0.0,8.43,0.0
2019,293,16.6,7.5,11.3,0.1,11.86,0.0
2019,294,16.2,8.2,12.1,7.8,4.96,0.0
2019,295,15.3,7.8,11.4,2.1,7.82,0.0
2019,296,12.2,4.4,8.6,0.3,11.34,0.0
2019,297,10.3,3.9,7.1,1.9,9.95,0.0
2019,298,7.9,2.3,5.3,0.0,8.94,0.0
2019,299,9.4,-1.3,4.6,13.5,8.73,0.0
2019,300,13.4,7.8,11.2,8.2,7.53,0.0
2019,301,16.9,3.7,10.1,0.0,11.01,0.0
2019,302,11.8,6.0,9.3,0.5,3.96,0.0
2019,303,7.3,4.0,6.0,10.7,2.19,0.0
2019,304,6.8,1.3,5.3,25.4,1.6,0.0
2019,305,4.8,0.9,2.3,2.7,7.94,0.0
2019,306,6.4,1.5,3.4,1.5,7.84,0.0
2019,307,5.1,0.0,2.5,0.6,8.52,0.0
2019,308,10.8,4.0,6.7,4.5,6.17,0.0
2019,309,5.8,-1.3,3.3,0.1,8.26,0.0
2019,310,1.9,-3.6,-0.6,6.6,4.26,0.0
2019,311,0.0,-4.3,-1.7,1.7,9.24,0.0
2019,312,-1.0,-4.6,-3.1,0.0,10.94,0.0
2019,313,2.0,-4.0,-1.0,0.5,5.26,0.0
2019,314,4.4,-0.3,1.8,1.2,3.57,0.0
2019,315,-0.4,-5.1,-2.0,12.2,2.56,0.0
2019,316,-5.3,-8.2,-6.8,1.6,10.83,0.0
2019,317,-5.6,-14.4,-9.2,1.2,5.35,0.0
2019,318,-1.1,-6.2,-3.6,1.0,5.66,0.0
2019,319,1.9,-3.8,-1.1,0.0,7.2,0.0
2019,320,-1.2,-9.8,-4.8,0.0,9.23,0.0
2019,321,3.5,-7.7,-1.4,0.1,8.6,0.0
2019,322,6.3,-3.8,0.6,0.0,5.65,0.0
2019,323,5.7,-2.8,1.7,0.0,5.85,0.0
2019,324,5.9,0.2,2.9,0.0,7.93,0.0
2019,325,10.6,2.8,5.9,6.8,1.33,0.0
2019,326,4.6,-3.7,0.6,0.0,5.27,0.0
2019,327,5.4,-4.2,-0.6,0.0,7.22,0.0
2019,328,7.6,-2.3,2.0,0.0,8.06,0.0
2019,329,10.3,2.3,5.6,0.4,7.51,0.0
2019,330,7.4,1.4,4.3,0.2,6.97,0.0
2019,331,10.8,3.4,6.4,23.8,3.56,0.0
2019,332,4.0,-0.3,0.9,0.1,3.47,0.0
2019,333,1.5,-0.3,0.3,0.0,1.9,0.0
2019,334,1.1,-0.6,0.3,0.0,3.06,0.0
2019,335,1.0,-0.4,0.3,18.9,1.02,0.0
2019,336,0.4,-0.6,-0.1,0.8,2.24,0.0
2019,337,0.6,-3.0,-1.0,0.6,2.32,0.0
2019,338,1.5,-2.0,-0.0,1.7,4.71,0.0
2019,339,-0.8,-4.8,-1.7,0.3,3.33,0.0
2019,340,0.8,-3.5,-0.7,3.4,5.99,0.0
2019,341,0.2,-10.6,-4.4,0.2,6.89,0.0
2019,342,5.7,-3.2,2.1,0.0,5.12,0.0
2019,343,8.6,5.4,7.1,10.7,1.11,0.0
2019,344,6.2,-6.2,-2.4,2.1,1.9,0.0
2019,345,-5.2,-9.2,-6.9,0.0,5.52,0.0
2019,346,1.1,-9.8,-4.8,0.0,2.74,0.0
2019,347,4.4,-0.3,1.5,0.0,2.89,0.0
2019,348,2.1,-1.8,0.3,0.6,2.45,0.0
2019,349,-0.1,-5.1,-2.5,0.1,4.32,0.0
2019,350,0.6,-5.4,-3.1,0.0,7.07,0.0
2019,351,-0.9,-5.1,-2.8,1.2,5.91,0.0
2019,352,-3.2,-10.8,-8.1,0.4,4.41,0.0
2019,353,-0.9,-11.4,-7.0,0.0,6.12,0.0
2019,354,0.8,-5.9,-2.6,0.0,4.99,0.0
2019,355,7.9,-3.5,1.2,0.0,7.35,0.0
2019,356,8.6,0.4,3.9,0.0,7.12,0.0
2019,357,7.4,0.1,3.6,0.0,7.11,0.0
2019,358,4.1,-1.5,0.6,0.0,5.8,0.0
2019,359,9.0,-0.6,2.6,0.0,5.79,0.0
2019,360,13.5,1.5,7.5,0.0,4.95,0.0
2019,361,12.1,1.2,4.9,1.0,3.04,0.0
2019,362,4.0,-2.1,0.9,0.0,5.89,0.0
2019,363,7.2,1.8,4.4,12.5,1.22,0.0
2019,364,6.7,0.3,3.9,20.4,1.9,0.0
2019,365,0.2,-2.4,-0.9,4.5,2.42,0.0
2020,1,0.7,-3.4,-1.6,0.4,7.43,0.0
2020,2,7.1,1.5,3.8,0.0,6.43,0.0
2020,3,4.1,1.1,2.6,0.0,4.56,0.0
2020,4,1.2,-1.4,-0.1,0.1,2.7,0.0
2020,5,1.0,-2.0,-0.7,3.5,4.42,0.0
2020,6,2.8,-1.4,0.4,0.2,7.98,0.0
2020,7,3.5,-2.8,-0.2,0.5,4.95,0.0
2020,8,-1.1,-7.4,-5.8,0.4,3.19,0.0
2020,9,7.8,-8.9,-2.5,0.1,3.63,0.0
2020,10,8.4,3.6,6.7,0.8,2.18,0.0
2020,11,4.3,-2.5,0.8,51.4,0.72,0.0
2020,12,-2.8,-7.2,-4.8,5.5,4.77,0.0
2020,13,0.2,-4.4,-2.4,1.7,2.67,0.0
2020,14,3.0,-4.2,0.2,0.1,3.67,0.0
2020,15,2.5,-1.6,0.4,0.8,3.32,0.0
2020,16,0.0,-7.7,-2.7,3.1,2.19,0.0
2020,17,-4.3,-8.4,-6.6,0.0,6.48,0.0
2020,18,1.4,-5.7,-2.1,10.7,1.68,0.0
2020,19,-1.0,-7.1,-5.0,3.3,3.9,0.0
2020,20,-5.6,-11.1,-7.8,0.0,8.94,0.0
2020,21,-3.2,-8.6,-6.1,0.0,8.37,0.0
2020,22,0.2,-7.6,-4.0,0.0,7.67,0.0
2020,23,2.5,-3.5,-0.7,0.0,4.96,0.0
2020,24,2.9,-0.3,1.4,7.4,2.46,0.0
2020,25,3.8,-0.4,2.0,5.1,2.62,0.0
2020,26,1.5,-0.2,0.7,2.7,1.72,0.0
2020,27,-0.1,-2.7,-1.2,0.0,4.85,0.0
2020,28,-1.0,-2.8,-1.9,0.0,3.0,0.0
2020,29,-1.0,-3.0,-2.4,0.0,3.42,0.0
2020,30,0.0,-4.1,-2.1,0.0,4.86,0.0
2020,31,0.6,-3.0,-1.6,1.1,3.92,0.0
2020,32,0.7,-3.7,-1.2,3.4,2.89,0.0
2020,33,3.7,-2.7,0.8,2.6,4.68,0.0
2020,34,3.9,-4.0,0.0,0.1,8.68,0.0
2020,35,0.1,-6.4,-1.3,0.4,6.55,0.0
2020,36,-2.2,-8.8,-5.5,0.0,9.86,0.0
2020,37,-2.2,-4.6,-3.6,5.3,2.77,0.0
2020,38,-3.0,-8.0,-4.1,1.4,7.02,0.0
2020,39,-4.8,-11.2,-7.7,0.0,12.36,0.0
2020,40,0.5,-12.2,-4.4,6.3,6.84,0.0
2020,41,0.3,-5.2,-1.9,1.0,6.8,0.0
2020,42,-0.7,-5.8,-3.3,0.0,7.4,0.0
2020,43,0.7,-6.3,-3.1,0.3,9.96,0.0
2020,44,-2.2,-14.8,-7.1,4.1,5.3,0.0
2020,45,-9.2,-18.5,-13.0,0.0,11.85,0.0
2020,46,-2.2,-13.7,-7.8,0.8,6.47,0.0
2020,47,0.8,-7.1,-2.3,0.0,11.41,0.0
2020,48,-1.4,-13.6,-6.1,2.5,10.07,0.0
2020,49,2.7,-3.0,0.2,2.6,9.68,0.0
2020,50,-3.2,-9.2,-6.0,0.2,11.16,0.0
2020,51,-6.9,-12.0,-9.6,0.0,9.57,0.0
2020,52,0.8,-10.9,-5.7,0.0,14.63,0.0
2020,53,6.4,-4.3,-0.1,0.0,14.54,0.0
2020,54,10.9,-0.2,4.4,0.0,14.39,0.0
2020,55,6.2,-1.1,2.2,0.0,10.97,0.0
2020,56,2.7,-1.1,0.3,0.6,8.65,0.0
2020,57,-0.2,-4.8,-2.6,8.2,4.28,0.0
2020,58,-4.6,-8.3,-6.3,1.7,12.55,0.0
2020,59,-4.4,-8.6,-6.6,1.5,8.07,0.0
2020,60,-1.1,-10.6,-5.9,1.0,14.0,0.0
2020,61,6.4,-9.9,-0.9,0.4,12.38,0.0
2020,62,7.7,1.1,4.9,0.0,14.91,0.0
2020,63,6.2,-3.7,1.1,1.0,7.44,0.0
2020,64,3.4,-1.6,1.0,0.0,9.59,0.0
2020,65,6.6,-4.7,1.0,1.0,12.54,0.0
2020,66,1.5,-2.5,-0.8,2.4,4.6,0.0
2020,67,6.0,-6.9,-0.3,0.0,17.41,0.0
2020,68,14.6,0.2,7.1,0.0,15.9,0.0
2020,69,14.9,8.6,11.7,4.0,9.48,0.0
2020,70,10.5,-2.0,4.8,12.5,13.53,0.0
2020,71,7.4,-3.3,1.5,0.2,8.36,0.0
2020,72,9.8,2.4,5.5,0.0,10.76,0.0
2020,73,7.7,1.3,4.1,3.1,15.21,0.0
2020,74,1.1,-3.5,-0.8,0.2,8.1,0.0
2020,75,0.4,-5.1,-2.3,0.0,18.99,0.0
2020,76,8.1,-4.8,1.1,0.0,15.17,0.0
2020,77,6.8,-2.5,3.2,0.0,15.57,0.0
2020,78,6.2,-3.4,1.5,0.0,7.94,0.0
2020,79,10.4,-2.7,4.3,5.0,12.54,0.0
2020,80,14.5,-4.0,5.5,9.1,9.67,0.0
2020,81,-2.0,-8.0,-4.6,0.0,16.96,0.0
2020,82,3.7,-8.1,-2.3,0.1,16.89,0.0
2020,83,5.2,-1.8,0.6,4.3,13.64,0.0
2020,84,6.8,-1.9,1.9,0.0,12.95,0.0
2020,85,10.9,-2.9,3.7,0.0,17.9,0.0
2020,86,9.4,-0.1,5.4,0.5,6.56,0.0
2020,87,10.1,-1.8,3.1,0.0,20.06,0.0
2020,88,9.9,1.2,5.1,8.8,7.84,0.0
2020,89,16.6,6.0,9.1,14.5,11.28,0.0
2020,90,6.3,3.2,4.8,3.9,4.98,0.0
2020,91,4.9,1.5,3.2,0.2,7.16,0.0
2020,92,8.9,0.8,4.7,0.5,20.11,0.0
2020,93,12.6,-0.5,5.6,0.0,22.79,0.0
2020,94,8.9,-2.0,3.8,0.0,22.69,0.0
2020,95,12.2,-1.8,4.8,1.7,10.35,0.0
2020,96,7.9,-1.7,2.4,0.0,20.03,0.0
2020,97,13.4,-2.8,5.4,0.0,20.07,0.0
2020,98,16.4,2.8,8.7,1.1,13.37,0.0
2020,99,16.4,5.0,10.0,2.3,21.65,0.0
2020,100,8.0,1.4,4.1,3.5,19.42,0.0
2020,101,6.8,-0.9,2.2,0.1,22.33,0.0
2020,102,11.6,-3.4,4.0,0.0,22.71,0.0
2020,103,14.4,5.8,9.8,1.8,12.99,0.0
2020,104,11.6,1.6,7.0,3.6,8.55,0.0
2020,105,3.8,-3.2,0.8,1.1,20.51,0.0
2020,106,2.5,-3.4,-0.6,0.4,21.9,0.0
2020,107,3.9,-4.7,-0.1,0.8,19.34,0.0
2020,108,5.4,-2.3,1.2,0.3,10.91,0.0
2020,109,11.6,-2.0,5.1,0.0,23.88,0.0
2020,110,12.1,-1.9,6.1,1.8,20.06,0.0
2020,111,12.8,-4.6,4.6,0.0,24.38,0.0
2020,112,7.3,-2.1,1.5,5.4,21.47,0.0
2020,113,3.7,-4.4,-0.4,0.0,17.4,0.0
2020,114,7.6,-0.2,3.2,0.0,13.26,0.0
2020,115,7.5,-0.1,3.9,0.0,15.0,0.0
2020,116,10.9,-0.9,5.1,0.0,15.94,0.0
2020,117,9.4,2.8,6.2,0.0,22.26,0.0
2020,118,15.1,-1.4,7.3,1.2,21.52,0.0
2020,119,16.6,6.7,11.4,1.5,19.98,0.0
2020,120,16.9,8.9,12.5,19.3,7.93,0.0
2020,121,15.0,5.0,10.5,11.8,11.78,0.0
2020,122,15.3,3.5,9.0,0.0,27.35,0.0
2020,123,21.5,9.2,14.7,0.7,17.76,0.0
2020,124,19.2,5.2,12.4,0.0,26.57,0.0
2020,125,7.1,1.0,4.2,0.0,20.43,0.0
2020,126,6.7,0.5,3.3,0.0,18.0,0.0
2020,127,12.1,1.5,6.7,0.0,27.8,0.0
2020,128,10.0,1.5,5.5,0.3,26.28,0.0
2020,129,2.8,-0.8,1.2,1.1,21.52,0.0
2020,130,6.8,-2.8,2.0,0.4,15.49,0.0
2020,131,6.9,-0.6,3.1,0.9,13.28,0.0
2020,132,7.0,-1.8,3.0,0.3,10.83,0.0
2020,133,9.5,-2.8,3.1,0.0,25.69,0.0
2020,134,13.1,-3.5,4.7,0.0,29.37,0.0
2020,135,16.0,6.4,10.7,5.9,9.27,0.0
2020,136,19.0,9.3,14.0,6.0,17.77,0.0
2020,137,14.3,4.2,9.6,0.0,23.41,0.0
2020,138,13.9,7.8,10.8,4.8,6.55,0.0
2020,139,13.9,9.8,11.3,38.0,9.08,0.0
2020,140,17.9,10.9,13.7,0.2,14.13,0.0
2020,141,18.1,8.7,13.9,0.0,29.68,0.0
2020,142,21.9,8.1,15.0,0.0,28.78,0.0
2020,143,23.2,10.1,17.2,0.0,23.0,0.0
2020,144,23.8,12.1,18.3,0.0,24.36,0.0
2020,145,26.4,15.4,20.3,8.6,22.58,0.0
2020,146,28.5,12.9,21.2,11.6,24.34,0.0
2020,147,30.5,19.1,23.9,2.6,25.34,0.0
2020,148,29.7,19.4,24.2,0.0,21.84,0.0
2020,149,25.1,20.1,22.2,2.3,13.35,0.0
2020,150,20.0,14.4,17.5,8.3,12.62,0.0
2020,151,16.0,8.1,13.0,0.6,21.46,0.0
2020,152,15.6,4.9,10.7,0.0,29.74,0.0
2020,153,21.9,6.9,15.4,0.2,28.68,0.0
2020,154,29.0,13.9,21.2,3.8,27.86,0.0
2020,155,27.3,18.2,21.7,1.2,25.37,0.0
2020,156,26.1,14.9,20.8,0.0,25.8,0.0
2020,157,28.1,15.1,21.0,0.0,25.19,0.0
2020,158,22.4,11.6,16.7,0.0,27.92,0.0
2020,159,16.2,8.1,13.0,0.0,26.72,0.0
2020,160,27.0,8.1,17.8,0.0,29.02,0.0
2020,161,30.8,15.8,24.0,0.0,26.81,0.0
2020,162,31.1,19.9,24.9,28.6,18.92,0.0
2020,163,22.4,14.1,18.4,0.2,25.73,0.0
2020,164,18.4,8.9,13.0,1.3,26.14,0.0
2020,165,15.4,6.7,11.2,0.0,29.77,0.0
2020,166,18.0,7.1,12.7,0.0,30.72,0.0
2020,167,21.7,7.8,14.8,0.0,30.96,0.0
2020,168,25.1,11.1,17.8,0.0,30.43,0.0
2020,169,26.3,11.1,19.3,0.0,30.05,0.0
2020,170,28.3,12.1,20.9,0.0,29.83,0.0
2020,171,29.5,14.2,22.8,0.0,27.46,0.0
2020,172,31.6,16.8,25.0,0.0,25.44,0.0
2020,173,29.5,22.1,25.1,0.9,20.83,0.0
2020,174,28.5,16.5,23.4,0.8,24.51,0.0
2020,175,25.1,16.1,20.9,6.7,18.05,0.0
2020,176,22.0,13.2,17.5,0.5,23.17,0.0
2020,177,25.8,13.2,19.9,0.0,27.1,0.0
2020,178,30.0,15.4,22.8,0.0,26.97,0.0
2020,179,28.9,17.4,23.2,2.2,24.83,0.0
2020,180,27.6,15.6,21.8,0.0,29.67,0.0
2020,181,29.7,14.5,22.6,0.0,28.18,0.0
2020,182,29.2,15.1,22.8,0.0,28.93,0.0
2020,183,29.6,15.4,22.9,0.0,28.94,0.0
2020,184,32.6,16.6,25.4,0.0,29.48,0.0
2020,185,30.9,21.5,25.7,0.0,28.19,0.0
2020,186,30.0,17.7,24.2,0.0,29.45,0.0
2020,187,31.9,15.4,24.1,0.0,28.36,0.0
2020,188,33.0,17.6,26.3,0.0,25.14,0.0
2020,189,33.1,23.1,27.9,0.4,25.11,0.0
2020,190,32.4,20.6,26.6,0.0,27.35,0.0
2020,191,33.3,22.6,27.1,1.6,23.05,0.0
2020,192,31.2,22.0,25.0,25.6,17.8,0.0
2020,193,28.5,18.8,22.9,1.8,25.7,0.0
2020,194,23.8,17.0,20.1,0.5,21.44,0.0
2020,195,24.6,15.9,19.8,0.0,27.57,0.0
2020,196,28.6,13.6,21.0,0.0,27.05,0.0
2020,197,31.1,19.5,25.2,0.1,24.09,0.0
2020,198,25.1,17.7,22.0,15.3,15.32,0.0
2020,199,29.6,16.9,23.6,0.0,28.34,0.0
2020,200,32.7,17.5,25.8,0.0,26.61,0.0
2020,201,28.1,22.8,25.7,0.8,12.04,0.0
2020,202,26.0,18.1,22.6,0.0,24.44,0.0
2020,203,24.6,15.4,19.5,0.0,14.85,0.0
2020,204,27.1,18.5,22.4,11.1,18.33,0.0
2020,205,24.9,16.2,20.1,1.4,19.54,0.0
2020,206,25.8,14.0,20.4,0.0,26.33,0.0
2020,207,29.9,14.2,22.6,0.0,27.23,0.0
2020,208,32.5,21.5,27.3,0.0,24.25,0.0
2020,209,28.1,21.4,25.6,2.0,12.94,0.0
2020,210,28.1,18.4,23.3,0.0,22.81,0.0
2020,211,25.9,19.0,22.0,10.3,22.47,0.0
2020,212,24.1,16.1,20.0,0.0,26.73,0.0
2020,213,24.7,15.8,20.2,1.0,23.36,0.0
2020,214,27.9,16.5,21.6,0.0,17.98,0.0
2020,215,21.0,17.9,19.8,18.9,5.16,0.0
2020,216,21.2,16.4,18.2,12.7,11.62,0.0
2020,217,18.5,15.2,17.2,2.8,12.7,0.0
2020,218,21.7,13.1,16.8,0.0,21.11,0.0
2020,219,25.0,11.3,18.6,0.0,24.27,0.0
2020,220,26.2,13.1,19.7,0.0,24.74,0.0
2020,221,28.0,14.6,21.7,0.0,26.01,0.0
2020,222,29.8,21.7,25.2,15.7,18.04,0.0
2020,223,31.4,22.8,26.2,1.8,21.07,0.0
2020,224,26.3,17.0,22.3,5.1,25.19,0.0
2020,225,28.6,15.5,21.7,0.0,25.75,0.0
2020,226,28.4,15.7,22.0,0.0,23.57,0.0
2020,227,27.9,18.2,23.1,0.1,22.07,0.0
2020,228,28.0,19.2,23.0,0.0,20.92,0.0
2020,229,23.8,17.6,20.3,25.2,19.95,0.0
2020,230,23.9,16.0,19.8,0.4,20.19,0.0
2020,231,21.1,13.9,17.2,0.6,21.8,0.0
2020,232,21.5,12.6,16.9,0.1,21.46,0.0
2020,233,27.5,15.1,21.0,0.0,23.06,0.0
2020,234,28.5,17.9,22.8,0.2,22.69,0.0
2020,235,29.0,17.4,23.4,0.0,22.64,0.0
2020,236,29.6,18.5,24.0,0.0,21.86,0.0
2020,237,30.4,19.2,25.0,0.0,20.97,0.0
2020,238,27.9,19.1,23.3,0.0,23.48,0.0
2020,239,26.5,15.0,20.2,5.3,11.65,0.0
2020,240,29.6,18.4,25.1,3.7,18.83,0.0
2020,241,24.9,16.9,20.8,6.6,13.95,0.0
2020,242,23.5,17.1,20.3,9.8,15.45,0.0
2020,243,20.5,13.9,16.8,0.5,15.06,0.0
2020,244,24.7,13.1,18.9,0.0,17.46,0.0
2020,245,23.5,16.8,20.3,11.7,11.64,0.0
2020,246,25.6,16.6,21.4,2.2,20.0,0.0
2020,247,27.7,14.4,19.7,3.3,19.31,0.0
2020,248,21.0,12.8,17.2,0.0,20.29,0.0
2020,249,20.5,12.4,16.0,0.1,12.06,0.0
2020,250,23.1,8.9,17.1,1.9,19.8,0.0
2020,251,21.5,14.8,19.4,16.5,18.04,0.0
2020,252,15.7,12.8,14.2,14.8,6.72,0.0
2020,253,17.0,13.6,14.9,2.5,6.23,0.0
2020,254,15.6,12.8,14.4,1.5,6.27,0.0
2020,255,17.9,11.1,13.9,0.0,19.43,0.0
2020,256,24.0,11.2,17.0,1.1,11.32,0.0
2020,257,21.2,16.2,19.1,7.7,15.47,0.0
2020,258,16.2,8.4,13.6,0.0,17.96,0.0
2020,259,23.0,7.6,15.1,0.0,19.48,0.0
2020,260,25.7,14.2,18.8,0.8,16.89,0.0
2020,261,15.6,8.8,12.4,0.0,16.29,0.0
2020,262,12.2,5.2,9.6,0.0,15.66,0.0
2020,263,14.9,1.6,8.4,0.0,17.83,0.0
2020,264,18.0,5.5,11.6,0.0,19.26,0.0
2020,265,21.1,8.1,14.2,0.0,19.1,0.0
2020,266,23.2,10.0,16.4,0.0,17.29,0.0
2020,267,24.7,11.9,18.3,0.0,17.34,0.0
2020,268,23.5,14.6,18.6,0.0,14.1,0.0
2020,269,26.0,12.1,19.1,0.0,17.92,0.0
2020,270,26.0,16.5,21.2,0.0,12.84,0.0
2020,271,26.2,18.0,21.5,0.0,15.01,0.0
2020,272,18.3,11.9,14.5,12.4,2.51,0.0
2020,273,15.8,10.6,12.8,0.8,12.16,0.0
2020,274,16.0,8.8,11.5,10.8,11.15,0.0
2020,275,14.6,7.2,10.6,1.3,14.68,0.0
2020,276,9.9,5.2,8.1,2.8,9.48,0.0
2020,277,10.6,3.8,6.9,1.5,8.94,0.0
2020,278,11.8,5.7,8.8,10.0,7.75,0.0
2020,279,13.6,5.8,9.5,0.4,16.46,0.0
2020,280,19.0,9.4,13.6,0.2,13.79,0.0
2020,281,16.5,9.9,14.1,3.6,13.6,0.0
2020,282,16.4,7.2,10.6,0.0,13.44,0.0
2020,283,22.4,5.6,14.4,0.0,14.85,0.0
2020,284,21.0,10.0,17.8,0.0,12.86,0.0
2020,285,14.1,6.8,10.2,0.0,15.18,0.0
2020,286,21.9,8.9,15.0,7.2,10.0,0.0
2020,287,18.0,7.4,12.5,1.6,13.02,0.0
2020,288,17.7,6.1,11.5,0.6,7.62,0.0
2020,289,18.9,6.2,11.8,0.5,6.67,0.0
2020,290,10.5,1.1,5.6,0.9,13.1,0.0
2020,291,11.8,2.1,7.1,0.1,11.62,0.0
2020,292,12.9,5.1,9.9,7.8,3.53,0.0
2020,293,9.6,2.8,5.9,0.3,11.78,0.0
2020,294,9.8,3.4,6.5,0.0,8.92,0.0
2020,295,12.5,7.9,10.3,8.4,8.31,0.0
2020,296,12.6,6.6,8.7,13.2,3.05,0.0
2020,297,22.1,6.2,16.0,11.0,6.96,0.0
2020,298,6.3,3.3,4.8,0.0,6.9,0.0
2020,299,7.8,2.0,4.8,0.9,6.9,0.0
2020,300,5.8,3.7,5.1,1.9,3.7,0.0
2020,301,4.6,0.6,2.8,1.1,2.91,0.0
2020,302,9.5,0.2,5.1,0.0,12.07,0.0
2020,303,7.4,3.3,5.3,0.4,2.01,0.0
2020,304,3.3,-1.6,1.5,0.0,4.94,0.0
2020,305,7.5,-4.4,1.7,0.0,12.03,0.0
2020,306,8.5,0.6,4.3,6.8,6.55,0.0
2020,307,6.7,-1.6,2.4,0.0,7.74,0.0
2020,308,12.2,2.8,7.4,0.0,9.9,0.0
2020,309,19.8,9.1,14.1,0.0,10.98,0.0
2020,310,17.0,11.9,14.4,0.0,6.08,0.0
2020,311,18.9,9.1,13.3,0.0,9.39,0.0
2020,312,20.1,12.1,15.3,0.0,10.31,0.0
2020,313,21.3,9.6,15.2,0.0,10.12,0.0
2020,314,23.0,14.9,18.0,0.0,9.58,0.0
2020,315,23.0,18.0,20.1,0.2,7.47,0.0
2020,316,20.2,4.0,9.0,3.4,9.81,0.0
2020,317,9.9,-0.5,4.2,0.0,10.04,0.0
2020,318,6.2,1.5,3.8,1.0,4.3,0.0
2020,319,5.7,-4.4,1.0,0.2,10.02,0.0
2020,320,11.3,3.0,6.5,16.0,2.8,0.0
2020,321,3.8,1.5,2.3,0.2,5.82,0.0
2020,322,1.0,-1.4,-0.2,0.2,3.14,0.0
2020,323,4.4,-3.0,0.6,0.3,8.69,0.0
2020,324,14.9,3.4,9.5,0.0,8.23,0.0
2020,325,15.0,4.0,11.7,0.0,8.02,0.0
2020,326,4.4,-0.8,2.3,0.0,4.27,0.0
2020,327,3.0,-0.4,1.1,2.8,2.46,0.0
2020,328,5.3,-0.7,1.8,0.8,6.92,0.0
2020,329,2.9,-3.8,-0.1,4.0,4.13,0.0
2020,330,7.2,1.8,4.7,9.5,3.02,0.0
2020,331,7.5,4.9,6.2,0.1,4.07,0.0
2020,332,7.3,3.0,5.7,0.1,4.27,0.0
2020,333,6.8,-1.3,2.8,0.0,8.1,0.0
2020,334,9.9,1.8,5.5,0.0,7.3,0.0
2020,335,5.2,0.1,2.0,5.1,1.52,0.0
2020,336,0.2,-1.8,-0.8,9.2,2.33,0.0
2020,337,4.0,-2.0,0.6,0.0,8.3,0.0
2020,338,3.5,0.2,1.7,0.0,3.67,0.0
2020,339,5.1,1.4,3.2,0.9,4.67,0.0
2020,340,1.0,-1.2,0.0,0.5,2.5,0.0
2020,341,-0.1,-2.0,-1.0,0.0,1.71,0.0
2020,342,1.4,-3.1,-1.1,0.0,2.97,0.0
2020,343,3.0,-3.7,-0.4,0.0,4.08,0.0
2020,344,6.2,0.6,2.4,0.0,6.14,0.0
2020,345,7.6,-2.8,1.7,0.0,6.96,0.0
2020,346,5.2,1.2,3.5,1.1,3.67,0.0
2020,347,9.6,0.3,4.5,23.7,0.98,0.0
2020,348,-0.1,-2.6,-1.3,0.0,3.11,0.0
2020,349,-0.2,-3.6,-1.7,0.2,5.24,0.0
2020,350,-2.8,-5.7,-4.5,0.0,6.35,0.0
2020,351,-1.2,-3.8,-2.7,1.0,3.46,0.0
2020,352,-0.1,-4.3,-2.1,1.2,2.1,0.0
2020,353,0.9,-5.2,-2.4,0.1,5.99,0.0
2020,354,2.6,-2.8,0.0,0.4,1.89,0.0
2020,355,2.4,-0.5,1.1,0.9,1.54,0.0
2020,356,3.6,-0.1,1.1,0.7,4.08,0.0
2020,357,1.5,-1.5,0.2,0.5,3.79,0.0
2020,358,9.9,-0.8,4.8,0.2,4.44,0.0
2020,359,10.2,-3.8,0.8,3.0,4.41,0.0
2020,360,-3.7,-6.1,-4.7,3.5,2.35,0.0
2020,361,-1.6,-5.4,-3.7,0.5,3.18,0.0
2020,362,2.3,-10.4,-3.4,0.5,4.5,0.0
2020,363,3.9,-4.0,-0.3,4.9,3.5,0.0
2020,364,-2.4,-6.5,-4.4,0.2,7.41,0.0
2020,365,3.1,-3.3,-0.1,8.8,1.24,0.0
2020,366,-0.3,-5.0,-2.8,0.0,7.26,0.0
2021,1,0.9,-7.3,-2.6,4.4,3.21,0.0
2021,2,1.0,-5.4,-0.7,3.2,6.11,0.0
2021,3,1.2,-3.8,-1.4,0.1,3.01,0.0
2021,4,0.4,-3.2,-1.3,0.0,3.03,0.0
2021,5,0.3,-2.5,-1.0,1.2,1.92,0.0
2021,6,2.3,-2.3,0.6,0.3,4.51,0.0
2021,7,0.0,-2.6,-1.1,0.0,3.49,0.0
2021,8,-1.6,-3.3,-2.6,0.0,3.6,0.0
2021,9,1.8,-5.2,-2.0,0.0,6.81,0.0
2021,10,-0.6,-4.2,-2.4,0.0,3.82,0.0
2021,11,-0.3,-4.2,-2.2,0.0,3.33,0.0
2021,12,0.3,-3.4,-1.5,0.3,1.96,0.0
2021,13,5.3,-1.1,1.2,0.0,7.51,0.0
2021,14,5.5,-3.2,0.8,0.0,4.76,0.0
2021,15,3.2,0.4,1.7,5.0,1.76,0.0
2021,16,1.6,-3.3,-0.6,0.2,7.61,0.0
2021,17,1.7,-1.2,0.1,1.8,3.08,0.0
2021,18,0.3,-3.1,-1.3,1.8,7.19,0.0
2021,19,-1.5,-4.9,-3.0,0.6,8.0,0.0
2021,20,-3.3,-7.8,-5.4,0.1,5.13,0.0
2021,21,4.0,-3.8,0.7,0.1,7.23,0.0
2021,22,-0.6,-7.2,-5.0,1.2,2.78,0.0
2021,23,-3.9,-8.6,-6.7,0.0,5.52,0.0
2021,24,-1.4,-7.1,-4.4,0.8,4.68,0.0
2021,25,0.8,-6.8,-3.1,0.0,5.77,0.0
2021,26,-1.2,-4.0,-1.9,8.1,2.08,0.0
2021,27,-4.9,-7.9,-6.6,0.0,6.65,0.0
2021,28,-6.2,-8.9,-7.7,0.0,6.23,0.0
2021,29,-4.1,-9.1,-7.1,0.0,9.39,0.0
2021,30,-1.0,-11.1,-5.9,0.0,8.74,0.0
2021,31,-1.0,-4.8,-3.1,0.0,7.03,0.0
2021,32,-2.0,-5.5,-4.2,0.0,7.15,0.0
2021,33,-1.6,-4.9,-3.2,0.0,7.7,0.0
2021,34,-0.6,-6.1,-3.6,0.0,8.46,0.0
2021,35,5.1,-5.6,-1.1,2.7,10.31,0.0
2021,36,0.9,-8.6,-4.6,4.5,3.59,0.0
2021,37,-7.4,-10.6,-9.2,1.0,7.33,0.0
2021,38,-9.0,-14.7,-12.2,1.3,8.77,0.0
2021,39,-9.1,-15.6,-12.5,0.2,9.77,0.0
2021,40,-8.6,-13.9,-11.0,0.0,11.04,0.0
2021,41,-8.3,-15.8,-11.3,0.0,10.68,0.0
2021,42,-6.7,-14.4,-9.1,0.0,7.88,0.0
2021,43,-6.2,-11.9,-8.4,1.6,7.24,0.0
2021,44,-6.3,-12.9,-8.5,2.8,5.24,0.0
2021,45,-7.2,-12.4,-9.1,0.5,9.68,0.0
2021,46,-9.0,-12.4,-10.4,5.5,8.26,0.0
2021,47,-8.6,-17.3,-11.0,10.9,7.54,0.0
2021,48,-7.6,-21.4,-14.1,0.0,14.29,0.0
2021,49,-4.2,-16.8,-9.7,1.1,8.23,0.0
2021,50,-4.1,-7.0,-5.6,1.7,13.62,0.0
2021,51,-4.0,-9.9,-6.3,1.2,14.34,0.0
2021,52,-0.3,-14.2,-7.4,0.0,14.39,0.0
2021,53,2.0,-3.0,0.1,4.8,6.92,0.0
2021,54,4.9,-1.1,1.4,2.8,13.68,0.0
2021,55,5.9,-1.5,1.8,0.4,8.38,0.0
2021,56,1.5,-10.4,-3.4,0.0,10.89,0.0
2021,57,5.1,-9.4,-2.1,0.0,16.01,0.0
2021,58,8.0,-0.8,2.1,4.0,14.7,0.0
2021,59,10.1,-0.6,4.1,1.6,7.27,0.0
2021,60,3.5,-8.2,-3.2,0.1,7.29,0.0
2021,61,4.5,-9.5,-3.2,0.0,15.54,0.0
2021,62,7.4,-0.9,2.1,0.0,14.37,0.0
2021,63,-0.6,-6.9,-4.1,0.0,9.39,0.0
2021,64,3.6,-7.2,-2.6,0.0,16.08,0.0
2021,65,0.2,-6.1,-3.5,0.0,17.72,0.0
2021,66,0.3,-7.6,-4.0,0.0,17.24,0.0
2021,67,14.6,-4.7,5.2,0.0,14.68,0.0
2021,68,11.4,-2.3,4.1,0.0,15.95,0.0
2021,69,17.1,4.7,11.4,0.1,10.43,0.0
2021,70,17.5,6.2,13.3,0.9,13.42,0.0
2021,71,6.6,-3.1,2.7,0.0,16.86,0.0
2021,72,8.5,-7.4,0.7,0.0,18.64,0.0
2021,73,4.6,-4.5,-0.2,0.0,17.09,0.0
2021,74,0.7,-6.1,-2.7,0.0,18.6,0.0
2021,75,3.7,-2.5,0.2,2.6,7.02,0.0
2021,76,9.4,-4.9,1.3,0.0,15.69,0.0
2021,77,2.8,-1.6,0.6,2.0,15.19,0.0
2021,78,6.3,-5.1,-0.1,0.0,20.14,0.0
2021,79,11.6,-3.5,3.6,0.0,20.56,0.0
2021,80,15.9,-0.9,7.4,0.0,20.69,0.0
2021,81,18.2,5.1,11.5,0.0,19.57,0.0
2021,82,18.0,8.8,13.0,0.0,13.13,0.0
2021,83,18.1,8.4,13.2,9.5,13.06,0.0
2021,84,13.3,2.0,9.0,0.5,15.48,0.0
2021,85,7.9,1.5,3.8,25.7,12.02,0.0
2021,86,8.7,-0.5,3.4,2.7,15.16,0.0
2021,87,9.2,0.2,5.3,9.9,5.19,0.0
2021,88,9.1,-4.1,2.7,0.0,20.65,0.0
2021,89,18.4,6.3,12.2,1.9,19.01,0.0
2021,90,12.0,-0.5,5.0,1.1,18.22,0.0
2021,91,-0.7,-4.8,-3.4,0.9,11.39,0.0
2021,92,4.5,-5.3,-0.5,0.0,23.19,0.0
2021,93,13.8,-0.9,5.5,0.5,16.8,0.0
2021,94,14.1,-0.3,6.8,0.0,22.35,0.0
2021,95,11.4,5.5,8.6,1.1,12.38,0.0
2021,96,23.4,7.1,14.1,1.4,15.53,0.0
2021,97,24.8,8.1,16.2,1.2,18.5,0.0
2021,98,23.7,11.1,17.1,1.8,17.31,0.0
2021,99,19.7,12.9,16.1,0.4,15.99,0.0
2021,100,21.6,8.1,14.6,2.5,19.27,0.0
2021,101,17.6,10.7,13.9,6.6,14.95,0.0
2021,102,14.9,8.8,11.2,12.3,13.55,0.0
2021,103,15.5,5.1,10.7,0.0,22.82,0.0
2021,104,10.1,1.3,5.8,0.0,12.52,0.0
2021,105,8.2,1.9,4.4,4.6,13.26,0.0
2021,106,7.7,2.8,4.8,0.3,10.61,0.0
2021,107,12.0,1.2,6.7,0.5,20.07,0.0
2021,108,13.4,1.0,7.3,0.0,24.61,0.0
2021,109,13.4,2.8,7.2,1.5,13.15,0.0
2021,110,4.2,-0.2,1.8,0.0,9.24,0.0
2021,111,2.5,-4.5,-0.9,0.0,10.5,0.0
2021,112,7.4,-4.2,1.7,0.2,17.36,0.0
2021,113,16.6,0.2,8.3,0.0,23.57,0.0
2021,114,15.6,4.0,10.2,0.8,14.21,0.0
2021,115,9.1,-0.8,4.6,0.2,15.87,0.0
2021,116,6.2,-1.6,2.5,0.8,10.31,0.0
2021,117,22.6,5.4,12.4,0.5,16.14,0.0
2021,118,13.1,5.9,8.9,1.4,14.37,0.0
2021,119,9.9,4.8,7.3,3.5,8.11,0.0
2021,120,10.4,4.2,7.3,0.2,27.28,0.0
2021,121,16.2,-1.2,8.8,0.3,22.07,0.0
2021,122,20.0,8.2,14.0,1.7,22.31,0.0
2021,123,18.8,9.4,13.8,7.0,7.68,0.0
2021,124,15.2,8.3,12.4,9.4,8.45,0.0
2021,125,10.3,4.0,7.3,0.1,13.79,0.0
2021,126,9.9,0.9,5.8,0.8,14.63,0.0
2021,127,12.2,0.4,5.9,4.7,19.34,0.0
2021,128,11.1,1.7,6.1,0.8,24.11,0.0
2021,129,10.9,1.3,5.9,1.1,16.64,0.0
2021,130,10.2,1.2,5.7,0.6,22.0,0.0
2021,131,9.7,1.2,5.5,1.6,23.72,0.0
2021,132,15.8,2.7,9.5,0.0,29.09,0.0
2021,133,17.5,2.8,11.1,0.0,29.46,0.0
2021,134,20.5,4.7,13.1,0.0,28.4,0.0
2021,135,20.8,6.2,14.1,0.0,23.93,0.0
2021,136,18.5,9.1,14.3,0.1,16.58,0.0
2021,137,23.2,9.6,17.0,0.0,22.6,0.0
2021,138,26.3,11.5,19.3,0.0,28.64,0.0
2021,139,26.9,13.9,21.0,0.0,20.05,0.0
2021,140,28.5,18.2,23.5,0.5,18.14,0.0
2021,141,30.4,20.1,25.0,0.0,20.12,0.0
2021,142,28.5,18.8,23.4,4.4,21.04,0.0
2021,143,23.8,11.1,17.0,0.1,17.07,0.0
2021,144,25.5,10.6,16.9,0.0,13.93,0.0
2021,145,30.6,19.5,25.2,0.0,21.78,0.0
2021,146,25.0,13.1,19.9,5.4,17.31,0.0
2021,147,12.3,5.3,8.5,2.6,20.78,0.0
2021,148,8.8,4.3,6.2,7.8,15.07,0.0
2021,149,13.9,5.0,9.2,0.0,31.37,0.0
2021,150,18.5,3.5,11.6,0.0,30.68,0.0
2021,151,22.0,8.2,15.8,0.0,24.0,0.0
2021,152,23.0,11.2,17.6,0.1,27.44,0.0
2021,153,24.6,12.6,18.6,0.0,20.04,0.0
2021,154,26.5,14.6,20.6,0.1,27.7,0.0
2021,155,30.4,17.0,24.0,0.0,26.46,0.0
2021,156,32.8,22.5,27.4,0.0,29.31,0.0
2021,157,33.0,22.0,27.5,0.0,25.89,0.0
2021,158,28.8,22.2,25.0,6.7,14.44,0.0
2021,159,27.8,20.5,23.7,5.9,16.46,0.0
2021,160,27.6,18.7,22.7,0.2,25.24,0.0
2021,161,29.6,17.1,23.5,0.3,25.21,0.0
2021,162,30.8,15.7,22.2,0.3,26.29,0.0
2021,163,27.1,13.6,19.9,0.0,26.28,0.0
2021,164,27.9,15.6,21.3,0.2,28.25,0.0
2021,165,22.0,15.2,18.6,3.6,25.33,0.0
2021,166,19.6,12.9,17.0,0.0,29.49,0.0
2021,167,21.9,10.1,16.1,0.0,30.91,0.0
2021,168,28.6,10.9,19.9,0.1,29.96,0.0
2021,169,29.6,19.4,23.4,4.3,21.24,0.0
2021,170,26.2,15.4,20.3,0.9,23.27,0.0
2021,171,27.2,14.1,20.2,0.1,24.81,0.0
2021,172,22.9,10.7,18.4,12.6,24.03,0.0
2021,173,18.1,7.7,12.9,0.0,26.63,0.0
2021,174,23.1,8.4,16.9,0.8,25.36,0.0
2021,175,26.9,18.5,22.1,0.6,18.84,0.0
2021,176,22.0,19.2,20.8,54.5,5.19,0.0
2021,177,25.8,18.8,21.4,78.3,5.14,0.0
2021,178,28.4,22.2,24.7,10.7,19.87,0.0
2021,179,27.1,18.0,22.3,1.9,24.13,0.0
2021,180,27.8,19.8,23.3,22.0,17.84,0.0
2021,181,25.9,19.3,22.7,3.3,24.52,0.0
2021,182,19.9,14.3,17.6,2.9,22.2,0.0
2021,183,20.5,13.4,16.6,0.0,29.29,0.0
2021,184,27.4,13.4,19.9,0.0,27.29,0.0
2021,185,29.9,15.5,23.2,0.0,28.14,0.0
2021,186,31.6,20.9,26.2,0.2,25.1,0.0
2021,187,30.8,20.9,24.8,4.4,25.29,0.0
2021,188,21.6,15.6,18.5,2.3,14.27,0.0
2021,189,18.5,14.1,16.3,14.5,12.1,0.0
2021,190,21.0,11.9,16.3,0.0,27.29,0.0
2021,191,23.5,9.6,17.0,0.0,28.81,0.0
2021,192,21.6,15.6,18.4,0.0,14.18,0.0
2021,193,25.4,15.2,20.1,0.0,24.81,0.0
2021,194,26.0,18.6,21.1,23.0,12.95,0.0
2021,195,28.0,18.7,23.1,0.3,26.43,0.0
2021,196,25.2,19.3,22.8,1.6,12.15,0.0
2021,197,22.2,14.7,19.2,0.0,17.51,0.0
2021,198,25.0,16.7,20.4,0.0,27.77,0.0
2021,199,28.1,15.6,21.7,0.0,27.98,0.0
2021,200,29.0,17.9,23.5,0.8,27.52,0.0
2021,201,26.8,17.1,21.7,2.7,22.87,0.0
2021,202,21.7,13.6,17.8,0.0,29.06,0.0
2021,203,23.8,11.9,18.4,0.0,19.27,0.0
2021,204,25.6,16.0,21.1,1.2,20.93,0.0
2021,205,26.6,19.0,21.8,18.4,8.7,0.0
2021,206,29.4,19.1,23.5,0.0,27.5,0.0
2021,207,30.0,18.6,23.9,0.0,25.93,0.0
2021,208,26.8,19.6,22.5,1.0,18.83,0.0
2021,209,28.0,15.1,21.7,0.5,24.79,0.0
2021,210,26.3,19.4,22.3,45.4,21.25,0.0
2021,211,19.7,12.5,17.1,0.0,23.5,0.0
2021,212,25.0,10.6,17.6,0.7,22.62,0.0
2021,213,19.3,14.8,17.2,4.4,21.88,0.0
2021,214,23.6,13.5,18.4,0.2,25.68,0.0
2021,215,26.0,13.4,19.8,0.0,27.06,0.0
2021,216,27.1,15.9,21.4,0.2,24.59,0.0
2021,217,27.8,15.9,22.2,0.0,21.77,0.0
2021,218,29.1,18.7,23.5,0.5,20.02,0.0
2021,219,27.5,19.8,23.0,1.2,19.38,0.0
2021,220,29.0,19.6,23.1,11.1,8.9,0.0
2021,221,30.0,22.1,25.6,3.6,16.42,0.0
2021,222,29.0,21.5,24.6,6.9,18.01,0.0
2021,223,32.5,22.0,26.7,0.0,20.6,0.0
2021,224,30.8,22.6,26.1,2.4,22.36,0.0
2021,225,26.1,18.0,23.1,0.1,22.67,0.0
2021,226,23.2,14.4,19.1,0.0,25.16,0.0
2021,227,25.9,13.4,19.2,0.0,25.44,0.0
2021,228,25.6,13.0,19.6,0.0,21.72,0.0
2021,229,27.1,16.8,21.4,1.0,20.53,0.0
2021,230,28.8,18.2,23.3,0.1,21.0,0.0
2021,231,29.9,17.6,23.5,0.0,21.76,0.0
2021,232,29.9,17.4,23.6,0.8,22.36,0.0
2021,233,31.9,19.0,25.1,0.0,21.78,0.0
2021,234,25.6,21.0,23.4,0.0,21.02,0.0
2021,235,28.6,17.7,22.8,0.8,16.67,0.0
2021,236,32.5,20.0,25.9,0.0,21.82,0.0
2021,237,32.0,22.5,26.9,0.0,21.75,0.0
2021,238,29.6,20.7,25.4,0.0,21.68,0.0
2021,239,28.4,19.1,23.2,0.3,14.45,0.0
2021,240,32.8,22.0,25.7,16.6,18.03,0.0
2021,241,32.9,22.4,25.9,3.8,19.42,0.0
2021,242,28.0,18.8,23.5,0.1,21.94,0.0
2021,243,23.5,15.8,19.7,0.0,20.33,0.0
2021,244,23.5,15.2,19.1,0.0,20.16,0.0
2021,245,22.4,12.9,17.7,0.0,23.26,0.0
2021,246,24.6,10.9,17.3,0.0,19.53,0.0
2021,247,25.5,16.3,20.0,1.1,11.53,0.0
2021,248,24.5,15.2,20.0,0.7,18.52,0.0
2021,249,22.4,14.4,18.0,0.0,16.92,0.0
2021,250,28.9,11.8,18.3,24.7,15.33,0.0
2021,251,22.1,14.9,18.3,0.0,18.91,0.0
2021,252,18.9,13.4,15.6,3.2,13.43,0.0
2021,253,21.5,11.1,16.9,0.1,20.12,0.0
2021,254,27.4,16.5,21.7,0.0,20.37,0.0
2021,255,22.6,17.1,19.3,13.5,7.48,0.0
2021,256,20.0,13.9,16.9,5.7,8.47,0.0
2021,257,25.8,16.5,20.0,15.4,10.29,0.0
2021,258,21.4,13.1,17.4,0.9,17.25,0.0
2021,259,23.4,13.0,18.2,0.0,16.07,0.0
2021,260,27.0,14.8,20.9,0.0,18.93,0.0
2021,261,20.0,11.6,16.8,0.1,19.87,0.0
2021,262,24.5,10.2,17.1,0.0,19.59,0.0
2021,263,27.5,16.3,21.0,1.5,10.12,0.0
2021,264,22.1,14.4,19.8,14.8,5.44,0.0
2021,265,13.9,11.3,12.6,33.2,3.29,0.0
2021,266,16.4,11.0,12.8,15.0,5.95,0.0
2021,267,19.3,10.2,13.7,1.5,13.7,0.0
2021,268,16.6,12.3,14.5,9.0,8.87,0.0
2021,269,20.4,9.4,14.2,0.5,8.47,0.0
2021,270,21.2,14.5,17.8,0.0,15.45,0.0
2021,271,17.1,9.4,13.4,0.0,15.63,0.0
2021,272,19.1,6.8,12.4,0.0,17.48,0.0
2021,273,19.2,6.9,12.7,0.0,16.53,0.0
2021,274,22.3,9.6,15.3,0.0,16.72,0.0
2021,275,25.5,14.4,19.0,1.1,14.99,0.0
2021,276,22.0,17.5,19.3,4.5,6.12,0.0
2021,277,18.1,14.9,16.9,9.5,5.53,0.0
2021,278,19.9,12.6,15.7,0.0,15.47,0.0
2021,279,21.0,12.6,16.3,0.1,11.44,0.0
2021,280,21.6,14.4,18.0,0.2,9.24,0.0
2021,281,22.2,17.4,19.0,14.6,7.55,0.0
2021,282,21.0,16.3,17.9,4.8,8.54,0.0
2021,283,23.5,16.9,19.7,5.8,8.97,0.0
2021,284,25.8,19.1,21.9,0.0,13.13,0.0
2021,285,21.9,18.0,20.0,3.3,9.28,0.0
2021,286,20.8,15.2,17.8,0.8,8.76,0.0
2021,287,24.8,15.9,19.2,3.0,7.59,0.0
2021,288,17.8,12.3,15.0,5.9,8.16,0.0
2021,289,14.1,10.6,12.3,5.0,11.48,0.0
2021,290,15.1,8.4,11.6,0.5,12.78,0.0
2021,291,14.1,7.2,10.1,0.0,14.23,0.0
2021,292,20.0,6.6,12.7,0.0,13.65,0.0
2021,293,19.2,10.6,14.5,0.0,11.51,0.0
2021,294,18.1,7.8,13.5,5.3,8.38,0.0
2021,295,8.6,4.2,6.8,0.0,8.82,0.0
2021,296,8.0,1.4,5.2,0.5,2.95,0.0
2021,297,11.0,1.1,6.1,0.1,10.76,0.0
2021,298,9.0,7.8,8.4,17.6,1.57,0.0
2021,299,7.8,6.3,7.3,0.9,5.0,0.0
2021,300,12.0,7.7,9.8,0.0,3.73,0.0
2021,301,13.2,8.3,10.3,0.0,9.42,0.0
2021,302,13.1,9.1,11.4,4.1,2.42,0.0
2021,303,11.1,8.9,9.7,1.5,2.94,0.0
2021,304,12.9,6.1,9.1,0.5,9.01,0.0
2021,305,7.8,3.9,5.6,0.0,9.07,0.0
2021,306,6.4,1.5,3.6,0.2,11.02,0.0
2021,307,5.2,-0.4,2.0,0.3,10.27,0.0
2021,308,5.7,-3.3,1.1,0.3,10.81,0.0
2021,309,9.8,-2.2,3.5,0.0,9.93,0.0
2021,310,10.4,2.0,5.9,0.0,7.61,0.0
2021,311,15.4,5.0,9.4,0.0,10.34,0.0
2021,312,15.7,7.7,11.3,0.0,10.25,0.0
2021,313,11.6,3.6,9.2,1.8,3.43,0.0
2021,314,10.5,0.3,4.9,0.0,9.41,0.0
2021,315,16.4,6.4,10.7,6.5,7.84,0.0
2021,316,9.7,2.0,5.9,2.6,8.3,0.0
2021,317,5.6,0.6,2.8,0.1,6.39,0.0
2021,318,2.5,1.0,1.7,6.0,2.09,0.0
2021,319,4.7,-0.4,2.1,1.1,8.23,0.0
2021,320,5.1,-1.3,1.6,0.0,7.85,0.0
2021,321,15.5,2.7,10.0,6.1,2.38,0.0
2021,322,8.1,0.6,3.6,0.0,5.63,0.0
2021,323,4.2,-1.1,1.0,0.0,7.95,0.0
2021,324,3.5,-0.8,1.7,0.1,2.42,0.0
2021,325,5.6,-1.9,2.0,1.3,3.15,0.0
2021,326,-0.2,-3.2,-1.7,0.0,3.6,0.0
2021,327,0.6,-4.1,-2.2,0.0,8.9,0.0
2021,328,8.4,-1.0,4.5,0.0,5.63,0.0
2021,329,7.7,-0.4,5.0,4.4,3.11,0.0
2021,330,-0.8,-4.6,-2.1,1.5,5.63,0.0
2021,331,-0.3,-5.0,-2.8,2.1,4.8,0.0
2021,332,1.9,-2.2,-0.5,5.0,2.29,0.0
2021,333,1.0,-3.5,-1.1,0.0,7.19,0.0
2021,334,2.5,-3.5,0.2,1.9,5.08,0.0
2021,335,4.7,-4.4,0.6,0.2,2.89,0.0
2021,336,7.7,1.5,5.5,0.8,5.17,0.0
2021,337,1.9,-1.0,0.4,0.1,4.81,0.0
2021,338,2.5,-1.3,1.0,0.0,6.77,0.0
2021,339,2.0,-3.9,-0.8,8.2,1.71,0.0
2021,340,3.2,-3.0,1.2,6.0,6.14,0.0
2021,341,-3.8,-8.9,-6.7,0.0,3.66,0.0
2021,342,-2.3,-7.7,-4.8,1.6,6.26,0.0
2021,343,1.6,-10.1,-3.3,1.1,3.74,0.0
2021,344,3.7,-0.9,1.3,1.1,5.41,0.0
2021,345,14.6,0.5,7.0,12.3,3.58,0.0
2021,346,6.9,-1.2,2.7,0.0,7.57,0.0
2021,347,8.2,2.2,5.0,0.0,7.43,0.0
2021,348,5.8,-1.1,2.7,0.0,6.24,0.0
2021,349,15.1,4.8,8.9,3.0,1.69,0.0
2021,350,16.4,2.5,11.5,4.1,6.84,0.0
2021,351,2.0,-3.7,-0.9,0.0,7.01,0.0
2021,352,0.7,-1.6,-0.3,4.5,0.97,0.0
2021,353,-1.9,-6.2,-3.3,0.0,3.99,0.0
2021,354,2.5,-4.9,-0.2,0.0,4.76,0.0
2021,355,2.8,-4.8,-0.3,0.3,6.2,0.0
2021,356,0.1,-5.3,-4.0,0.4,4.22,0.0
2021,357,-0.3,-7.2,-3.6,5.4,3.57,0.0
2021,358,6.4,-4.8,1.5,1.6,3.86,0.0
2021,359,5.8,-0.9,3.2,3.5,2.22,0.0
2021,360,0.7,-4.1,-2.0,0.0,6.63,0.0
2021,361,2.3,-1.5,0.3,4.5,1.59,0.0
2021,362,1.5,-3.3,-1.6,4.2,2.94,0.0
2021,363,3.0,-2.0,-0.1,0.5,2.2,0.0
2021,364,1.5,-3.3,-1.6,0.5,4.76,0.0
2021,365,3.7,-0.6,1.5,1.2,5.22,0.0
2022,1,1.5,-3.9,-0.8,1.9,1.82,0.0
2022,2,-4.1,-7.0,-5.5,4.3,3.53,0.0
2022,3,-3.3,-9.7,-6.7,0.0,8.02,0.0
2022,4,2.2,-7.5,-3.4,0.0,6.65,0.0
2022,5,0.9,-7.2,-1.5,3.1,1.8,0.0
2022,6,-4.4,-8.9,-6.9,2.9,3.7,0.0
2022,7,-8.9,-16.5,-11.3,0.6,5.84,0.0
2022,8,-1.6,-18.0,-8.6,0.0,7.0,0.0
2022,9,1.4,-10.2,-3.0,1.5,3.94,0.0
2022,10,-10.1,-12.8,-11.7,1.0,4.5,0.0
2022,11,-3.5,-17.2,-10.7,0.1,8.21,0.0
2022,12,1.0,-2.5,-0.3,0.0,2.72,0.0
2022,13,-0.6,-6.1,-2.6,0.1,6.93,0.0
2022,14,-2.0,-10.6,-6.9,0.9,5.63,0.0
2022,15,-9.8,-12.6,-10.8,0.5,5.39,0.0
2022,16,-1.8,-13.3,-8.8,0.0,7.87,0.0
2022,17,-2.2,-9.6,-4.5,0.2,3.32,0.0
2022,18,0.6,-4.4,-2.4,1.4,4.04,0.0
2022,19,3.2,-8.7,-1.0,0.2,5.52,0.0
2022,20,-9.1,-11.0,-10.0,0.0,9.34,0.0
2022,21,-5.7,-13.2,-9.7,0.0,9.97,0.0
2022,22,-2.7,-10.1,-6.8,1.1,4.8,0.0
2022,23,-5.8,-11.4,-8.3,0.9,6.07,0.0
2022,24,-6.2,-11.5,-8.6,4.4,3.61,0.0
2022,25,-8.1,-13.9,-10.4,0.5,5.11,0.0
2022,26,-9.4,-14.9,-12.0,0.0,10.57,0.0
2022,27,-2.2,-13.2,-7.7,0.6,5.44,0.0
2022,28,-8.9,-12.5,-10.0,0.3,7.2,0.0
2022,29,-5.9,-14.7,-9.5,0.0,10.64,0.0
2022,30,-3.2,-12.2,-7.8,0.0,8.25,0.0
2022,31,-0.3,-9.9,-4.7,0.3,9.41,0.0
2022,32,7.9,-5.7,1.3,2.4,8.36,0.0
2022,33,3.8,-6.2,-1.6,18.7,2.07,0.0
2022,34,-6.3,-9.8,-7.7,1.4,5.71,0.0
2022,35,-8.6,-10.9,-9.8,0.3,7.7,0.0
2022,36,-6.2,-18.1,-11.4,0.1,11.57,0.0
2022,37,-0.4,-9.4,-5.1,0.0,9.67,0.0
2022,38,-1.3,-6.7,-3.9,0.4,3.1,0.0
2022,39,-1.6,-7.6,-4.7,0.2,10.23,0.0
2022,40,3.2,-5.4,0.6,0.0,9.68,0.0
2022,41,0.6,-3.4,-1.3,0.7,5.33,0.0
2022,42,3.6,-3.6,0.4,4.0,4.04,0.0
2022,43,0.4,-15.6,-9.3,2.2,9.13,0.0
2022,44,-8.4,-14.5,-10.4,0.3,10.48,0.0
2022,45,-6.7,-14.1,-9.7,0.4,12.14,0.0
2022,46,-2.2,-10.1,-6.0,0.5,12.04,0.0
2022,47,12.1,-5.2,6.0,2.2,7.03,0.0
2022,48,8.1,-7.3,-1.2,22.4,4.56,0.0
2022,49,-4.1,-10.1,-7.1,1.3,11.49,0.0
2022,50,-2.5,-11.0,-7.1,1.3,10.98,0.0
2022,51,7.8,-10.9,-1.4,0.0,13.9,0.0
2022,52,3.1,-3.3,-1.0,0.0,10.29,0.0
2022,53,4.2,-3.2,0.7,13.0,2.12,0.0
2022,54,-3.7,-9.5,-7.0,0.4,11.62,0.0
2022,55,-3.7,-8.6,-6.6,0.3,9.57,0.0
2022,56,-6.2,-13.2,-7.3,5.7,8.42,0.0
2022,57,-0.9,-14.9,-6.3,0.0,13.04,0.0
2022,58,0.8,-6.0,-2.3,0.0,10.4,0.0
2022,59,-0.2,-8.9,-4.6,1.4,8.47,0.0
2022,60,5.7,-3.9,-0.3,0.0,12.49,0.0
2022,61,3.3,-7.2,-1.9,0.5,11.07,0.0
2022,62,-4.0,-8.4,-6.2,0.0,15.3,0.0
2022,63,3.0,-8.0,-3.4,0.0,15.41,0.0
2022,64,10.6,-2.5,3.2,0.1,12.52,0.0
2022,65,13.7,0.9,8.1,3.6,11.36,0.0
2022,66,0.4,-2.3,-1.2,12.9,3.36,0.0
2022,67,3.2,-8.3,-2.1,0.0,17.13,0.0
2022,68,6.2,-3.9,0.1,0.0,14.4,0.0
2022,69,0.2,-5.0,-2.6,0.0,12.81,0.0
2022,70,-0.8,-6.1,-3.8,3.8,13.35,0.0
2022,71,-4.8,-9.8,-7.6,0.2,16.78,0.0
2022,72,3.9,-11.2,-4.5,1.2,13.6,0.0
2022,73,8.4,-3.9,0.4,0.0,8.53,0.0
2022,74,7.0,-2.0,0.6,1.5,7.38,0.0
2022,75,15.6,-2.1,6.1,0.0,16.74,0.0
2022,76,17.1,5.3,10.8,0.0,16.25,0.0
2022,77,4.8,1.0,3.0,3.7,6.38,0.0
2022,78,5.8,1.5,4.2,10.4,3.83,0.0
2022,79,12.7,0.6,5.1,1.9,19.41,0.0
2022,80,8.4,-2.7,2.1,7.4,9.45,0.0
2022,81,4.8,-0.6,2.2,0.3,5.77,0.0
2022,82,6.8,1.4,3.2,21.1,6.06,0.0
2022,83,9.1,2.2,6.4,5.2,4.8,0.0
2022,84,6.7,0.6,3.4,0.9,7.87,0.0
2022,85,3.5,-4.3,0.9,4.7,9.03,0.0
2022,86,-2.9,-7.1,-5.2,0.8,19.62,0.0
2022,87,-1.5,-10.1,-6.2,0.0,21.35,0.0
2022,88,4.2,-7.9,-3.3,0.0,20.97,0.0
2022,89,9.9,-3.7,3.1,13.8,6.44,0.0
2022,90,14.9,0.7,7.3,4.8,9.94,0.0
2022,91,2.9,-2.0,0.1,1.3,9.59,0.0
2022,92,6.5,-5.2,0.3,1.3,14.62,0.0
2022,93,5.8,-3.2,1.1,1.0,14.22,0.0
2022,94,4.4,-2.7,0.7,3.2,6.29,0.0
2022,95,11.2,1.5,4.7,0.1,14.98,0.0
2022,96,11.6,2.2,6.8,10.3,5.38,0.0
2022,97,7.9,2.7,5.4,1.3,10.23,0.0
2022,98,6.9,-0.9,3.2,8.5,10.82,0.0
2022,99,4.1,-2.3,1.1,0.1,10.08,0.0
2022,100,10.1,-2.5,3.7,0.0,23.95,0.0
2022,101,18.7,3.5,9.9,6.4,17.6,0.0
2022,102,16.9,0.0,9.2,0.0,21.99,0.0
2022,103,22.5,8.0,15.5,7.3,11.34,0.0
2022,104,15.5,4.2,8.9,3.2,23.13,0.0
2022,105,10.0,3.0,6.1,0.0,22.91,0.0
2022,106,4.2,-4.1,0.9,0.0,16.58,0.0
2022,107,4.6,-3.8,-0.2,0.0,18.85,0.0
2022,108,3.4,-3.2,0.1,12.1,5.19,0.0
2022,109,5.2,-0.2,1.9,2.7,19.97,0.0
2022,110,10.0,-4.2,3.5,0.0,23.61,0.0
2022,111,16.5,6.1,10.6,5.0,20.85,0.0
2022,112,12.1,0.9,6.0,0.0,21.9,0.0
2022,113,24.8,5.3,14.3,11.0,23.54,0.0
2022,114,24.4,15.1,19.1,4.4,16.83,0.0
2022,115,17.5,8.4,12.4,1.0,5.75,0.0
2022,116,7.7,0.9,4.5,3.9,5.88,0.0
2022,117,3.4,-2.8,-0.3,1.0,18.69,0.0
2022,118,7.7,-3.6,1.8,0.0,27.91,0.0
2022,119,12.4,-2.5,4.3,0.0,27.89,0.0
2022,120,14.3,2.2,8.2,0.0,19.54,0.0
2022,121,19.9,8.4,12.1,9.5,13.68,0.0
2022,122,13.2,8.2,10.3,0.2,10.18,0.0
2022,123,9.9,4.5,7.3,7.7,4.12,0.0
2022,124,9.9,2.3,6.2,0.0,22.28,0.0
2022,125,16.6,0.2,8.8,0.0,22.35,0.0
2022,126,14.3,5.2,9.4,0.0,19.86,0.0
2022,127,12.2,4.0,7.9,0.0,29.38,0.0
2022,128,17.1,4.5,10.4,0.0,28.0,0.0
2022,129,20.5,6.3,13.7,0.0,28.14,0.0
2022,130,25.0,12.5,18.8,0.0,25.74,0.0
2022,131,26.0,15.8,19.7,1.3,15.33,0.0
2022,132,29.2,14.0,21.2,0.0,28.11,0.0
2022,133,28.9,15.6,22.0,0.0,26.79,0.0
2022,134,26.6,16.1,20.7,2.5,20.17,0.0
2022,135,24.6,13.4,18.8,2.0,22.66,0.0
2022,136,20.3,9.2,14.1,3.0,24.06,0.0
2022,137,16.1,5.3,10.3,0.6,22.92,0.0
2022,138,13.4,4.0,9.2,1.6,10.3,0.0
2022,139,22.6,10.5,16.0,0.5,24.82,0.0
2022,140,29.0,17.0,22.7,11.6,21.92,0.0
2022,141,20.5,10.6,16.3,3.9,15.84,0.0
2022,142,15.5,6.7,9.8,2.1,19.42,0.0
2022,143,13.3,5.1,9.1,0.0,28.96,0.0
2022,144,16.5,3.1,9.8,0.0,27.69,0.0
2022,145,18.2,7.8,13.3,6.1,12.42,0.0
2022,146,25.2,16.2,20.6,5.2,16.23,0.0
2022,147,17.9,10.5,14.5,6.2,13.57,0.0
2022,148,20.0,8.8,14.1,4.4,25.93,0.0
2022,149,26.4,11.6,19.2,0.0,27.53,0.0
2022,150,29.2,18.5,24.0,0.0,28.29,0.0
2022,151,30.6,20.6,25.7,0.3,26.59,0.0
2022,152,24.9,11.5,19.8,0.0,24.09,0.0
2022,153,22.1,8.5,13.8,0.0,25.89,0.0
2022,154,24.2,10.1,16.6,0.0,29.87,0.0
2022,155,20.8,5.9,14.3,0.0,29.15,0.0
2022,156,19.6,9.9,15.0,5.4,13.24,0.0
2022,157,21.5,13.2,17.0,1.9,9.2,0.0
2022,158,20.2,11.9,16.6,5.4,17.87,0.0
2022,159,20.0,10.4,15.2,1.4,16.6,0.0
2022,160,20.6,11.6,15.4,6.9,25.05,0.0
2022,161,22.2,9.4,16.2,0.7,26.77,0.0
2022,162,25.0,12.5,17.9,2.5,24.8,0.0
2022,163,20.6,10.3,16.0,1.0,21.11,0.0
2022,164,24.3,7.2,15.7,0.0,28.57,0.0
2022,165,27.1,14.7,20.7,0.7,28.6,0.0
2022,166,34.0,20.1,27.0,0.0,27.35,0.0
2022,167,31.0,23.5,27.3,0.0,28.19,0.0
2022,168,26.1,14.9,21.2,0.0,29.71,0.0
2022,169,18.4,11.1,14.4,0.0,31.52,0.0
2022,170,23.2,9.3,16.5,0.0,27.61,0.0
2022,171,26.8,13.1,19.1,21.1,12.47,0.0
2022,172,34.2,19.4,26.6,0.0,27.19,0.0
2022,173,28.9,15.6,24.4,0.0,29.82,0.0
2022,174,24.1,13.4,18.8,0.0,30.7,0.0
2022,175,30.8,13.6,22.5,0.0,29.05,0.0
2022,176,31.5,19.1,25.7,0.0,27.91,0.0
2022,177,29.2,20.2,24.7,0.1,26.26,0.0
2022,178,19.5,12.8,16.9,0.0,19.29,0.0
2022,179,26.9,9.5,18.8,0.0,28.83,0.0
2022,180,22.5,14.8,18.5,8.5,23.24,0.0
2022,181,32.0,14.1,23.6,0.0,28.43,0.0
2022,182,29.0,15.8,23.7,1.2,22.22,0.0
2022,183,26.2,13.2,19.6,0.0,29.34,0.0
2022,184,26.6,10.9,18.9,0.0,28.7,0.0
2022,185,30.0,15.1,22.5,0.0,21.04,0.0
2022,186,27.7,17.7,22.8,17.6,22.9,0.0
2022,187,21.8,14.6,18.2,0.0,23.36,0.0
2022,188,26.1,11.9,19.4,0.0,26.46,0.0
2022,189,21.2,13.8,18.6,0.0,20.69,0.0
2022,190,22.2,12.7,17.4,0.0,30.23,0.0
2022,191,27.8,12.8,20.3,0.0,29.52,0.0
2022,192,31.4,17.4,23.4,2.1,22.46,0.0
2022,193,26.2,17.0,21.1,2.2,24.63,0.0
2022,194,24.2,13.6,17.9,0.2,19.28,0.0
2022,195,24.7,12.5,18.6,0.0,28.31,0.0
2022,196,28.6,11.9,20.3,0.0,19.94,0.0
2022,197,26.8,14.6,21.2,0.0,20.84,0.0
2022,198,28.1,17.0,22.1,0.0,22.76,0.0
2022,199,30.8,17.3,23.8,0.0,27.79,0.0
2022,200,33.0,22.0,26.3,2.5,23.27,0.0
2022,201,31.5,22.6,26.4,3.3,21.2,0.0
2022,202,31.5,20.8,25.5,0.0,27.45,0.0
2022,203,31.3,18.4,25.3,0.0,27.14,0.0
2022,204,33.0,22.7,27.7,0.0,25.19,0.0
2022,205,26.9,20.1,23.9,11.9,13.25,0.0
2022,206,22.7,16.0,19.4,0.1,20.15,0.0
2022,207,25.5,13.6,19.8,0.0,22.13,0.0
2022,208,28.2,16.8,22.4,0.4,19.54,0.0
2022,209,26.7,18.6,22.2,2.9,22.46,0.0
2022,210,25.2,15.6,20.5,0.0,23.93,0.0
2022,211,27.8,15.1,21.5,0.0,22.77,0.0
2022,212,29.4,16.9,23.3,0.0,22.37,0.0
2022,213,28.3,19.1,23.1,5.2,17.96,0.0
2022,214,25.3,15.3,19.7,0.4,19.2,0.0
2022,215,33.2,17.0,24.4,3.4,18.91,0.0
2022,216,28.0,18.8,23.7,0.5,23.49,0.0
2022,217,28.7,16.1,22.6,0.0,25.82,0.0
2022,218,32.1,20.2,26.0,0.6,23.76,0.0
2022,219,31.5,21.7,27.0,0.7,16.65,0.0
2022,220,28.9,17.7,22.3,3.2,13.23,0.0
2022,221,22.6,14.6,18.7,0.1,24.63,0.0
2022,222,27.8,13.4,20.7,0.2,26.28,0.0
2022,223,21.2,15.6,18.7,0.0,26.2,0.0
2022,224,24.2,13.0,18.8,0.0,26.49,0.0
2022,225,25.8,13.4,18.6,0.0,19.02,0.0
2022,226,21.9,14.4,18.3,1.1,8.52,0.0
2022,227,25.5,16.6,20.7,0.0,22.44,0.0
2022,228,24.2,16.1,20.0,1.4,23.07,0.0
2022,229,26.5,15.5,20.7,0.0,24.57,0.0
2022,230,27.7,15.1,21.6,0.1,22.7,0.0
2022,231,28.8,16.0,22.7,0.0,22.99,0.0
2022,232,28.6,18.8,22.3,5.8,17.11,0.0
2022,233,23.6,17.7,20.3,10.5,13.45,0.0
2022,234,24.5,18.2,20.7,0.2,22.38,0.0
2022,235,26.5,15.1,21.1,0.0,23.72,0.0
2022,236,28.4,16.4,21.8,1.0,21.45,0.0
2022,237,25.4,18.6,21.0,8.2,9.55,0.0
2022,238,21.8,13.6,18.9,1.3,19.77,0.0
2022,239,25.6,11.6,18.4,0.0,23.33,0.0
2022,240,29.4,14.9,22.5,0.0,18.66,0.0
2022,241,30.9,22.7,25.5,3.2,14.99,0.0
2022,242,25.5,19.8,22.3,2.3,18.97,0.0
2022,243,26.8,17.0,21.3,0.0,21.64,0.0
2022,244,26.5,12.7,19.6,0.0,22.23,0.0
2022,245,29.5,19.1,24.1,0.4,19.08,0.0
2022,246,30.1,19.8,23.8,0.2,20.25,0.0
2022,247,19.5,16.3,17.8,0.0,8.56,0.0
2022,248,21.0,17.0,18.6,0.0,11.31,0.0
2022,249,23.0,14.4,19.1,0.0,21.22,0.0
2022,250,23.8,12.7,18.1,0.0,21.27,0.0
2022,251,26.9,11.7,19.4,0.0,21.24,0.0
2022,252,28.4,15.5,21.5,0.0,21.35,0.0
2022,253,28.2,17.5,22.2,11.2,14.17,0.0
2022,254,22.9,18.8,20.2,15.8,7.08,0.0
2022,255,22.4,13.8,18.9,8.1,15.76,0.0
2022,256,22.1,10.0,16.2,0.0,19.63,0.0
2022,257,21.0,13.3,17.3,0.0,16.83,0.0
2022,258,22.1,10.4,15.8,0.0,19.22,0.0
2022,259,27.0,15.4,20.5,0.0,16.37,0.0
2022,260,28.4,16.7,22.2,0.0,17.03,0.0
2022,261,27.0,19.8,22.4,1.7,13.75,0.0
2022,262,24.9,18.1,21.0,0.6,17.98,0.0
2022,263,25.9,15.3,20.3,0.0,15.25,0.0
2022,264,27.2,16.9,21.1,7.3,12.9,0.0
2022,265,16.3,9.9,13.0,0.0,12.52,0.0
2022,266,15.6,8.3,11.8,0.0,15.95,0.0
2022,267,14.8,9.7,12.4,0.9,4.42,0.0
2022,268,17.0,10.4,13.5,0.3,11.17,0.0
2022,269,15.6,10.0,12.2,5.0,9.13,0.0
2022,270,12.4,10.1,11.2,5.7,5.79,0.0
2022,271,11.4,9.4,10.1,2.1,4.82,0.0
2022,272,13.9,4.8,9.4,0.0,16.6,0.0
2022,273,17.2,4.4,10.2,0.0,17.36,0.0
2022,274,18.2,6.8,12.7,0.0,15.68,0.0
2022,275,13.2,7.3,10.6,0.0,16.07,0.0
2022,276,16.9,4.2,10.0,0.0,15.89,0.0
2022,277,20.0,5.5,11.9,0.0,16.21,0.0
2022,278,22.0,8.9,14.9,0.3,14.9,0.0
2022,279,22.5,10.5,15.2,4.0,12.34,0.0
2022,280,9.9,6.1,7.3,1.1,4.56,0.0
2022,281,11.8,2.7,7.0,0.0,15.13,0.0
2022,282,15.4,5.7,10.2,0.1,12.96,0.0
2022,283,12.8,4.6,8.6,0.0,15.38,0.0
2022,284,22.6,7.2,14.3,0.1,15.41,0.0
2022,285,22.1,11.4,16.0,20.1,10.39,0.0
2022,286,11.5,5.2,8.7,4.7,11.28,0.0
2022,287,11.8,2.4,7.2,0.0,11.96,0.0
2022,288,11.4,4.0,8.1,2.5,10.37,0.0
2022,289,10.4,6.3,8.4,0.8,9.37,0.0
2022,290,5.3,2.7,4.7,17.3,3.43,0.0
2022,291,5.2,2.0,4.1,4.8,3.31,0.0
2022,292,4.8,2.8,4.0,7.2,4.11,0.0
2022,293,6.2,2.0,3.7,2.6,5.81,0.0
2022,294,17.6,1.8,9.7,0.0,13.59,0.0
2022,295,21.5,11.5,16.2,0.0,13.24,0.0
2022,296,22.2,12.9,16.7,0.0,12.59,0.0
2022,297,22.2,12.6,16.7,0.0,11.69,0.0
2022,298,21.0,14.5,17.4,0.0,9.53,0.0
2022,299,18.8,5.2,11.0,23.2,1.61,0.0
2022,300,9.2,1.2,5.1,0.0,12.21,0.0
2022,301,12.9,2.7,6.9,0.0,12.03,0.0
2022,302,14.8,1.8,7.3,0.0,12.39,0.0
2022,303,16.8,2.2,9.2,0.0,10.83,0.0
2022,304,14.1,7.9,11.0,1.4,4.74,0.0
2022,305,17.0,8.3,11.4,0.0,11.25,0.0
2022,306,18.6,4.8,10.9,0.0,11.39,0.0
2022,307,19.8,8.9,13.4,0.0,10.95,0.0
2022,308,20.2,13.5,16.9,0.0,5.36,0.0
2022,309,21.1,15.2,18.9,0.5,5.09,0.0
2022,310,15.8,7.0,11.8,0.0,7.23,0.0
2022,311,11.4,4.3,7.9,0.0,10.9,0.0
2022,312,8.6,1.4,4.7,0.0,8.67,0.0
2022,313,16.5,3.7,9.7,0.0,9.87,0.0
2022,314,21.6,12.4,16.5,0.0,8.36,0.0
2022,315,16.5,6.8,13.1,0.3,5.41,0.0
2022,316,5.1,1.5,3.4,0.7,3.07,0.0
2022,317,1.4,-0.9,0.4,0.0,5.37,0.0
2022,318,2.7,-3.0,-0.6,0.0,8.06,0.0
2022,319,2.7,-2.6,0.9,4.5,2.86,0.0
2022,320,2.2,-1.1,0.7,5.7,3.84,0.0
2022,321,1.1,-3.9,-1.9,0.3,7.3,0.0
2022,322,-1.5,-5.2,-3.2,1.7,5.62,0.0
2022,323,-3.8,-6.8,-5.7,1.3,7.03,0.0
2022,324,-5.7,-8.1,-7.2,0.1,8.15,0.0
2022,325,2.5,-7.9,-2.1,0.0,9.08,0.0
2022,326,2.6,-9.8,-2.1,0.0,8.05,0.0
2022,327,7.3,-5.1,1.4,0.0,8.32,0.0
2022,328,10.9,0.8,5.6,2.1,7.61,0.0
2022,329,7.8,1.0,4.4,1.5,7.01,0.0
2022,330,11.1,0.4,5.5,0.0,8.39,0.0
2022,331,5.7,2.5,3.9,9.5,0.91,0.0
2022,332,4.1,0.6,2.6,0.4,4.42,0.0
2022,333,8.9,-0.6,4.8,0.2,4.14,0.0
2022,334,11.3,-2.2,3.0,1.1,3.59,0.0
2022,335,-0.3,-3.4,-2.2,0.0,7.1,0.0
2022,336,9.4,-1.9,3.4,0.0,3.26,0.0
2022,337,10.4,-3.8,3.9,2.5,5.04,0.0
2022,338,2.0,-5.8,-2.2,0.0,7.62,0.0
2022,339,4.1,-2.0,1.0,0.0,3.82,0.0
2022,340,5.9,1.0,3.3,1.8,4.54,0.0
2022,341,6.2,1.9,3.8,1.6,3.81,0.0
2022,342,3.4,-2.0,0.7,0.0,3.26,0.0
2022,343,1.4,-2.4,-0.5,0.0,3.47,0.0
2022,344,2.5,-1.4,0.3,0.0,3.37,0.0
2022,345,2.4,-0.6,0.5,2.8,5.93,0.0
2022,346,1.5,-1.8,-0.0,0.0,2.74,0.0
2022,347,0.6,-4.5,-1.7,0.0,5.84,0.0
2022,348,0.2,-2.4,-1.1,0.0,3.63,0.0
2022,349,4.1,-1.1,1.8,6.9,1.67,0.0
2022,350,1.5,-2.0,-0.1,0.7,3.32,0.0
2022,351,0.2,-3.7,-2.1,0.4,5.22,0.0
2022,352,-0.1,-3.8,-2.2,1.7,2.55,0.0
2022,353,-2.0,-5.7,-3.6,0.1,3.96,0.0
2022,354,0.3,-6.6,-3.5,0.0,4.82,0.0
2022,355,-3.9,-8.2,-6.1,0.0,6.66,0.0
2022,356,4.2,-4.0,0.5,5.8,3.02,0.0
2022,357,1.1,-13.9,-8.8,13.4,2.87,0.0
2022,358,-8.1,-13.3,-10.0,1.9,4.74,0.0
2022,359,-7.2,-10.4,-8.5,1.6,4.2,0.0
2022,360,-7.2,-10.4,-9.0,0.1,6.51,0.0
2022,361,-3.8,-11.1,-7.0,0.4,5.42,0.0
2022,362,3.2,-4.9,-0.2,0.0,5.66,0.0
2022,363,10.1,3.0,6.4,0.0,5.91,0.0
2022,364,12.7,5.9,9.8,2.6,1.84,0.0
2022,365,5.7,2.0,3.9,2.8,2.6,0.0
2023,1,4.6,-3.0,1.3,3.7,1.71,0.0
2023,2,4.4,-0.8,1.1,0.0,4.19,0.0
2023,3,4.0,-0.6,2.3,4.8,1.05,0.0
2023,4,7.9,3.1,5.3,3.7,1.33,0.0
2023,5,3.4,0.9,2.1,2.6,2.25,0.0
2023,6,2.3,-1.6,0.7,1.3,3.37,0.0
2023,7,-0.2,-3.0,-1.4,0.0,3.29,0.0
2023,8,-0.4,-5.2,-3.0,0.0,5.26,0.0
2023,9,2.8,-5.2,-1.9,0.0,5.46,0.0
2023,10,2.8,-3.3,-0.4,0.0,4.41,0.0
2023,11,4.7,-1.4,1.3,0.8,3.4,0.0
2023,12,2.6,-0.3,1.6,0.5,1.48,0.0
2023,13,-0.9,-5.2,-3.1,2.8,2.19,0.0
2023,14,-3.3,-7.2,-5.2,0.0,5.25,0.0
2023,15,3.6,-6.8,-2.7,0.0,8.21,0.0
2023,16,6.0,-3.5,0.6,2.2,6.88,0.0
2023,17,6.8,1.8,3.9,4.7,1.75,0.0
2023,18,2.9,0.7,1.9,0.8,3.3,0.0
2023,19,4.1,0.2,2.2,6.6,1.42,0.0
2023,20,1.9,-2.3,-0.5,1.5,2.85,0.0
2023,21,1.2,-4.9,-1.4,0.0,3.14,0.0
2023,22,0.2,-2.1,-1.1,2.1,2.42,0.0
2023,23,0.8,-3.9,-1.2,0.2,5.18,0.0
2023,24,2.8,-2.8,-0.5,0.2,8.01,0.0
2023,25,0.9,-3.4,-1.1,9.1,1.63,0.0
2023,26,-0.2,-3.3,-1.6,1.8,4.14,0.0
2023,27,0.1,-10.1,-3.7,1.8,7.41,0.0
2023,28,0.3,-5.4,-3.3,2.0,6.91,0.0
2023,29,-2.2,-13.0,-4.8,8.3,5.26,0.0
2023,30,-6.2,-13.2,-9.0,1.1,8.49,0.0
2023,31,-11.5,-16.4,-13.6,0.0,9.64,0.0
2023,32,-4.8,-13.8,-9.3,0.0,10.78,0.0
2023,33,-0.4,-11.9,-6.3,0.3,9.25,0.0
2023,34,-12.2,-17.2,-14.2,0.3,9.8,0.0
2023,35,-1.3,-18.2,-8.3,0.0,10.74,0.0
2023,36,5.2,-1.6,1.5,0.6,8.17,0.0
2023,37,1.1,-5.7,-3.0,0.0,10.22,0.0
2023,38,8.2,-3.2,2.7,0.2,4.43,0.0
2023,39,7.3,-3.1,1.7,0.0,11.64,0.0
2023,40,6.9,0.2,2.4,22.3,2.79,0.0
2023,41,1.5,-4.2,-0.1,2.0,7.55,0.0
2023,42,5.6,-6.7,-1.1,0.0,12.51,0.0
2023,43,7.9,-2.2,2.1,0.0,12.43,0.0
2023,44,6.9,-0.4,2.2,0.0,12.55,0.0
2023,45,10.3,-2.3,3.7,0.1,12.57,0.0
2023,46,11.4,4.2,8.1,4.1,6.3,0.0
2023,47,4.0,-4.4,-2.0,5.5,3.62,0.0
2023,48,-3.4,-12.5,-7.4,5.3,9.71,0.0
2023,49,3.2,-9.6,-2.9,0.0,13.84,0.0
2023,50,6.2,-2.8,2.2,0.0,9.96,0.0
2023,51,2.4,-3.7,-0.8,0.5,8.95,0.0
2023,52,1.5,-3.0,-0.5,0.9,11.06,0.0
2023,53,-2.0,-4.3,-3.0,13.0,2.93,0.0
2023,54,0.8,-5.9,-3.5,5.9,4.24,0.0
2023,55,-4.6,-11.6,-9.3,0.0,15.37,0.0
2023,56,-0.9,-12.2,-6.3,3.3,8.98,0.0
2023,57,0.2,-5.7,-2.6,0.0,16.1,0.0
2023,58,-0.5,-9.5,-3.8,13.2,4.59,0.0
2023,59,2.9,-2.5,-0.4,1.3,14.89,0.0
2023,60,3.2,-2.5,-0.2,0.2,9.77,0.0
2023,61,1.9,-8.6,-2.5,0.5,9.82,0.0
2023,62,1.6,-7.8,-2.5,5.8,9.52,0.0
2023,63,2.4,-1.5,0.7,11.7,17.18,0.0
2023,64,4.4,-3.3,1.4,0.9,17.19,0.0
2023,65,2.0,-4.4,-0.5,2.4,5.39,0.0
2023,66,-0.1,-3.5,-1.4,0.5,18.18,0.0
2023,67,-0.1,-5.9,-2.6,0.0,18.1,0.0
2023,68,0.3,-9.1,-3.5,0.0,14.55,0.0
2023,69,-0.2,-2.1,-1.3,9.5,7.32,0.0
2023,70,-1.1,-7.7,-3.0,0.5,11.14,0.0
2023,71,-1.1,-7.2,-4.4,2.2,9.12,0.0
2023,72,-2.6,-6.3,-3.6,1.8,9.42,0.0
2023,73,-2.2,-8.6,-5.5,1.3,12.54,0.0
2023,74,4.6,-12.4,-3.6,0.0,19.62,0.0
2023,75,10.1,-0.1,4.2,4.4,13.68,0.0
2023,76,8.8,-1.9,4.2,7.7,11.69,0.0
2023,77,-2.4,-6.3,-5.0,2.0,14.32,0.0
2023,78,4.0,-6.3,-2.2,0.7,18.64,0.0
2023,79,7.7,-2.5,2.0,0.1,17.43,0.0
2023,80,6.9,-2.2,1.3,0.0,15.92,0.0
2023,81,8.9,-2.3,4.9,0.0,5.62,0.0
2023,82,7.5,-1.9,5.0,1.0,12.16,0.0
2023,83,3.8,-3.5,-0.7,0.0,15.48,0.0
2023,84,9.1,-2.3,1.8,16.5,4.18,0.0
2023,85,9.7,-1.6,3.6,0.1,20.73,0.0
2023,86,4.1,-2.7,1.3,3.9,18.75,0.0
2023,87,8.3,-4.1,2.4,0.0,21.24,0.0
2023,88,2.9,-4.5,-0.1,1.4,14.64,0.0
2023,89,5.7,-6.8,-0.7,0.0,22.2,0.0
2023,90,10.3,2.0,5.4,16.3,3.06,0.0
2023,91,10.9,-0.9,5.3,18.6,11.52,0.0
2023,92,8.2,-5.3,1.4,0.1,21.44,0.0
2023,93,12.9,3.2,7.9,0.7,10.62,0.0
2023,94,8.0,2.7,4.9,2.8,15.71,0.0
2023,95,23.4,7.2,14.6,19.3,9.17,0.0
2023,96,9.1,1.3,5.7,0.0,22.29,0.0
2023,97,5.0,-3.1,0.7,0.0,23.8,0.0
2023,98,7.2,-4.1,1.2,0.4,13.8,0.0
2023,99,15.1,-2.2,6.1,0.0,23.52,0.0
2023,100,17.4,4.7,10.9,0.0,20.11,0.0
2023,101,20.0,8.4,14.2,0.0,15.33,0.0
2023,102,23.8,11.5,17.8,0.0,23.44,0.0
2023,103,25.2,14.4,19.5,0.0,23.78,0.0
2023,104,25.5,9.1,16.9,0.0,24.12,0.0
2023,105,27.1,10.6,18.6,0.0,22.75,0.0
2023,106,24.2,7.2,16.3,10.3,16.47,0.0
2023,107,6.8,1.7,3.9,5.7,9.23,0.0
2023,108,4.0,-0.1,2.0,1.3,7.44,0.0
2023,109,10.2,-2.5,3.3,0.9,22.34,0.0
2023,110,17.0,2.3,8.9,1.3,17.77,0.0
2023,111,14.5,7.2,11.3,1.4,8.89,0.0
2023,112,9.9,3.2,6.8,11.2,8.74,0.0
2023,113,7.4,-0.2,3.9,1.7,19.16,0.0
2023,114,8.1,-0.4,3.7,0.6,20.44,0.0
2023,115,9.0,-2.2,3.5,0.7,25.55,0.0
2023,116,7.8,0.2,3.9,0.0,20.73,0.0
2023,117,14.5,-1.3,6.7,0.0,26.18,0.0
2023,118,12.5,3.2,8.2,5.3,9.87,0.0
2023,119,14.9,7.2,10.0,14.1,10.17,0.0
2023,120,9.9,2.5,6.8,9.0,10.84,0.0
2023,121,9.1,1.5,4.6,6.4,12.53,0.0
2023,122,3.8,2.3,2.8,9.1,4.91,0.0
2023,123,10.6,1.7,6.4,1.5,9.42,0.0
2023,124,13.6,2.2,8.3,0.0,25.98,0.0
2023,125,17.9,2.5,9.8,0.0,21.96,0.0
2023,126,17.9,7.8,12.7,0.0,21.38,0.0
2023,127,18.4,6.3,12.5,9.3,14.15,0.0
2023,128,16.0,5.2,9.9,0.0,21.59,0.0
2023,129,17.4,3.7,10.9,0.0,28.13,0.0
2023,130,22.0,5.1,13.9,0.0,27.28,0.0
2023,131,23.8,9.9,17.2,0.0,27.68,0.0
2023,132,26.4,10.9,17.8,0.0,23.93,0.0
2023,133,18.7,9.9,14.2,0.0,22.24,0.0
2023,134,13.2,5.7,9.7,0.0,22.36,0.0
2023,135,20.0,3.0,12.1,0.0,29.96,0.0
2023,136,24.2,6.3,13.2,0.0,25.48,0.0
2023,137,7.6,0.6,4.7,0.0,30.09,0.0
2023,138,18.0,-1.5,8.8,0.0,29.01,0.0
2023,139,22.2,8.0,14.6,5.8,13.45,0.0
2023,140,13.6,7.2,10.6,1.0,11.46,0.0
2023,141,23.9,9.2,15.1,0.0,27.55,0.0
2023,142,22.2,7.9,15.0,0.0,26.98,0.0
2023,143,24.8,11.1,17.7,0.0,27.77,0.0
2023,144,14.4,4.8,10.0,0.0,28.76,0.0
2023,145,12.1,4.6,7.9,0.0,30.78,0.0
2023,146,19.5,2.9,11.5,0.0,30.46,0.0
2023,147,22.5,4.2,14.1,0.0,30.08,0.0
2023,148,24.0,7.4,16.4,0.0,29.94,0.0
2023,149,25.9,8.1,17.5,0.0,30.39,0.0
2023,150,30.1,13.9,22.0,0.0,28.7,0.0
2023,151,30.1,17.9,24.2,0.0,27.51,0.0
2023,152,30.3,14.4,22.8,0.0,29.65,0.0
2023,153,29.0,15.7,22.4,0.0,28.82,0.0
2023,154,25.9,15.8,20.3,0.0,29.52,0.0
2023,155,22.5,11.5,17.3,0.0,30.9,0.0
2023,156,25.5,11.6,18.6,0.0,28.91,0.0
2023,157,18.5,11.6,15.5,0.0,25.0,0.0
2023,158,18.5,9.4,14.6,0.0,30.88,0.0
2023,159,19.4,11.4,15.2,0.0,25.66,0.0
2023,160,24.8,10.1,17.4,0.0,29.88,0.0
2023,161,28.5,12.6,19.8,0.0,26.19,0.0
2023,162,15.1,10.4,12.8,10.4,7.38,0.0
2023,163,17.5,10.4,13.0,0.5,12.01,0.0
2023,164,19.5,9.1,13.7,4.5,24.57,0.0
2023,165,20.9,7.7,14.6,0.2,27.6,0.0
2023,166,19.9,10.9,14.8,9.0,16.76,0.0
2023,167,19.7,11.9,15.1,0.0,22.87,0.0
2023,168,23.5,10.9,16.9,0.0,30.65,0.0
2023,169,26.5,9.8,18.4,0.0,29.91,0.0
2023,170,25.8,12.5,19.5,0.0,29.63,0.0
2023,171,27.0,14.8,20.8,0.0,28.41,0.0
2023,172,27.4,15.1,21.4,0.0,30.23,0.0
2023,173,27.8,16.2,21.6,0.0,27.99,0.0
2023,174,23.7,15.0,19.3,1.9,14.51,0.0
2023,175,29.1,14.9,22.0,0.0,28.83,0.0
2023,176,28.5,16.1,22.0,6.6,18.84,0.0
2023,177,24.4,15.9,19.6,6.0,20.34,0.0
2023,178,20.4,15.9,17.9,1.0,13.94,0.0
2023,179,24.2,11.9,18.6,0.0,28.45,0.0
2023,180,28.9,14.4,20.9,0.6,25.87,0.0
2023,181,29.2,17.3,23.6,2.5,26.99,0.0
2023,182,29.7,16.5,23.7,0.4,22.2,0.0
2023,183,26.5,18.6,22.7,3.5,16.75,0.0
2023,184,27.6,18.1,22.3,0.0,27.39,0.0
2023,185,30.4,16.5,24.0,0.0,27.41,0.0
2023,186,32.0,19.9,25.9,0.1,26.03,0.0
2023,187,24.9,18.4,21.9,3.6,17.43,0.0
2023,188,24.5,15.0,19.8,0.0,30.3,0.0
2023,189,20.4,16.3,18.4,9.6,10.42,0.0
2023,190,24.3,15.7,19.8,1.6,28.52,0.0
2023,191,29.4,15.2,22.4,0.0,28.64,0.0
2023,192,24.3,15.8,20.8,13.6,18.89,0.0
2023,193,23.2,12.9,17.2,3.9,23.3,0.0
2023,194,22.9,14.1,18.2,29.3,25.56,0.0
2023,195,25.4,15.1,20.1,6.0,23.75,0.0
2023,196,25.1,18.5,21.3,8.8,15.72,0.0
2023,197,25.5,17.1,20.6,10.9,24.96,0.0
2023,198,24.0,16.5,19.9,1.0,26.16,0.0
2023,199,23.2,13.0,19.0,0.2,26.52,0.0
2023,200,24.7,12.6,19.8,0.3,26.49,0.0
2023,201,26.6,17.2,21.0,13.0,21.19,0.0
2023,202,24.0,16.6,20.0,0.0,27.69,0.0
2023,203,25.4,15.6,20.7,0.2,26.07,0.0
2023,204,25.8,14.9,19.9,6.4,20.99,0.0
2023,205,26.6,15.8,21.0,0.4,25.46,0.0
2023,206,27.5,16.2,22.3,0.2,26.28,0.0
2023,207,30.1,19.3,23.5,21.2,20.19,0.0
2023,208,27.4,19.6,23.3,0.6,24.15,0.0
2023,209,29.3,20.8,24.3,11.5,21.43,0.0
2023,210,22.3,17.0,20.1,10.0,24.26,0.0
2023,211,22.9,14.8,18.8,0.0,26.3,0.0
2023,212,22.1,15.4,18.6,5.5,24.52,0.0
2023,213,23.9,12.6,18.5,0.7,23.84,0.0
2023,214,26.5,16.5,21.7,0.7,23.02,0.0
2023,215,28.5,18.0,22.6,2.2,23.67,0.0
2023,216,23.2,16.6,20.2,0.0,25.62,0.0
2023,217,22.8,14.8,18.8,0.0,23.16,0.0
2023,218,20.6,14.9,17.6,23.3,7.8,0.0
2023,219,19.6,16.9,17.9,3.3,10.23,0.0
2023,220,25.9,15.6,20.2,0.0,24.12,0.0
2023,221,26.8,16.9,21.7,0.0,24.92,0.0
2023,222,24.8,16.8,20.3,0.8,22.86,0.0
2023,223,24.6,13.2,18.4,0.1,20.26,0.0
2023,224,26.0,18.0,21.5,0.2,24.03,0.0
2023,225,22.1,15.4,18.4,0.4,16.52,0.0
2023,226,23.0,13.6,17.9,8.2,16.75,0.0
2023,227,20.2,15.4,17.9,11.3,11.47,0.0
2023,228,25.6,13.5,19.5,0.0,24.84,0.0
2023,229,23.0,15.9,19.1,12.8,10.89,0.0
2023,230,21.2,13.8,17.0,0.0,24.85,0.0
2023,231,24.6,11.8,18.1,0.0,24.95,0.0
2023,232,29.6,17.2,22.6,0.0,20.26,0.0
2023,233,21.9,15.3,19.5,0.0,22.15,0.0
2023,234,23.9,13.4,17.9,1.6,18.02,0.0
2023,235,21.5,16.5,18.7,29.9,6.66,0.0
2023,236,27.0,18.2,21.1,2.4,11.39,0.0
2023,237,23.5,17.8,20.1,0.2,16.58,0.0
2023,238,19.8,13.7,17.2,0.3,15.07,0.0
2023,239,19.0,10.8,15.0,0.0,24.46,0.0
2023,240,22.0,7.9,15.3,0.0,23.52,0.0
2023,241,22.8,13.1,17.3,11.5,14.47,0.0
2023,242,16.5,9.6,13.5,0.4,15.98,0.0
2023,243,22.0,9.4,15.3,0.0,22.84,0.0
2023,244,24.6,12.1,17.9,0.0,23.0,0.0
2023,245,25.0,15.8,20.3,0.0,12.88,0.0
2023,246,29.7,18.8,24.0,0.0,19.56,0.0
2023,247,30.6,20.6,25.1,0.0,21.8,0.0
2023,248,31.1,21.1,25.4,0.8,19.23,0.0
2023,249,27.4,21.6,24.0,8.6,11.8,0.0
2023,250,20.8,15.2,18.1,19.9,8.32,0.0
2023,251,16.6,12.9,15.1,0.1,7.64,0.0
2023,252,18.2,10.7,14.5,0.3,9.05,0.0
2023,253,19.5,11.6,15.3,0.5,10.3,0.0
2023,254,19.4,10.8,15.4,6.0,8.47,0.0
2023,255,19.2,13.6,16.2,6.5,13.65,0.0
2023,256,17.7,10.4,13.5,0.0,17.98,0.0
2023,257,18.0,8.4,13.1,0.0,20.61,0.0
2023,258,20.8,9.9,14.8,0.0,16.59,0.0
2023,259,22.0,10.2,16.0,0.0,16.99,0.0
2023,260,18.6,13.0,15.8,0.1,14.88,0.0
2023,261,16.7,10.4,13.7,1.9,16.21,0.0
2023,262,17.7,7.4,12.6,0.0,19.16,0.0
2023,263,24.2,10.6,16.7,1.0,14.87,0.0
2023,264,25.4,14.6,19.4,0.1,18.16,0.0
2023,265,24.5,14.0,19.0,0.6,15.8,0.0
2023,266,21.4,12.3,16.5,0.0,18.42,0.0
2023,267,20.9,12.2,16.1,0.0,18.74,0.0
2023,268,22.0,14.6,17.6,0.0,17.18,0.0
2023,269,19.8,14.8,17.0,0.4,8.62,0.0
2023,270,18.6,13.2,15.8,0.2,6.23,0.0
2023,271,18.5,12.8,15.3,2.9,10.15,0.0
2023,272,21.4,12.8,16.3,0.2,10.53,0.0
2023,273,23.5,11.2,16.6,0.0,15.38,0.0
2023,274,25.2,14.1,18.8,0.0,15.68,0.0
2023,275,26.0,15.2,20.1,0.0,16.37,0.0
2023,276,28.2,15.0,21.3,0.0,16.36,0.0
2023,277,27.0,18.9,22.4,0.0,12.1,0.0
2023,278,21.1,15.4,18.4,22.6,2.11,0.0
2023,279,16.8,10.0,14.3,1.0,13.86,0.0
2023,280,11.6,7.5,9.3,11.2,8.92,0.0
2023,281,11.8,6.2,8.4,0.0,13.02,0.0
2023,282,9.9,5.6,7.7,1.4,6.16,0.0
2023,283,9.9,6.7,7.8,2.1,6.28,0.0
2023,284,13.1,5.8,9.0,0.4,12.4,0.0
2023,285,12.6,5.0,8.8,0.0,10.43,0.0
2023,286,12.1,8.6,10.2,6.2,3.58,0.0
2023,287,12.4,9.1,10.4,5.0,8.13,0.0
2023,288,10.2,7.8,8.8,7.2,4.51,0.0
2023,289,9.8,7.1,9.1,0.3,4.77,0.0
2023,290,11.0,5.3,8.3,0.0,9.71,0.0
2023,291,16.8,6.4,11.1,0.0,12.28,0.0
2023,292,14.4,9.5,11.8,9.4,5.61,0.0
2023,293,14.2,9.5,11.7,12.1,7.73,0.0
2023,294,10.7,7.2,8.4,0.0,8.12,0.0
2023,295,8.8,4.8,6.7,0.0,9.75,0.0
2023,296,11.6,1.1,6.2,0.7,10.1,0.0
2023,297,21.4,7.9,14.8,0.0,8.87,0.0
2023,298,20.0,14.8,17.8,1.4,5.1,0.0
2023,299,20.4,14.1,17.3,5.1,4.59,0.0
2023,300,22.5,17.0,19.0,3.1,7.24,0.0
2023,301,16.6,5.9,9.3,0.9,8.89,0.0
2023,302,9.4,6.3,7.5,2.1,4.55,0.0
2023,303,5.8,2.0,4.0,4.6,8.27,0.0
2023,304,4.1,-3.2,0.7,0.3,8.79,0.0
2023,305,3.1,-1.6,0.7,0.0,9.04,0.0
2023,306,8.1,-1.5,3.4,0.0,10.63,0.0
2023,307,11.1,4.8,8.0,0.0,5.01,0.0
2023,308,10.4,3.4,7.9,0.2,5.18,0.0
2023,309,8.9,1.4,5.3,0.0,8.15,0.0
2023,310,14.3,6.3,10.5,0.2,5.43,0.0
2023,311,13.6,2.1,6.5,0.0,4.65,0.0
2023,312,4.3,1.5,2.7,14.3,2.05,0.0
2023,313,9.6,3.8,6.3,1.2,9.76,0.0
2023,314,7.9,2.7,5.2,0.0,9.46,0.0
2023,315,5.2,-1.0,2.2,0.0,9.82,0.0
2023,316,8.1,-1.4,3.1,0.0,9.47,0.0
2023,317,11.8,4.1,7.3,0.0,10.01,0.0
2023,318,8.9,0.0,4.5,0.0,9.66,0.0
2023,319,12.9,5.2,8.3,0.0,8.85,0.0
2023,320,15.9,0.9,8.5,0.0,8.13,0.0
2023,321,14.9,1.8,7.7,3.2,5.18,0.0
2023,322,7.6,-2.3,2.7,0.0,8.9,0.0
2023,323,4.7,-1.5,2.2,0.0,9.15,0.0
2023,324,3.9,-3.0,0.4,0.0,6.48,0.0
2023,325,6.1,0.3,3.6,20.1,0.96,0.0
2023,326,6.1,1.9,3.5,0.1,5.41,0.0
2023,327,6.0,-2.2,2.5,0.0,6.98,0.0
2023,328,-1.0,-4.3,-2.7,0.0,6.15,0.0
2023,329,1.1,-5.0,-2.1,0.0,5.71,0.0
2023,330,1.5,-2.7,-0.7,4.2,1.7,0.0
2023,331,0.0,-4.7,-2.3,1.3,3.5,0.0
2023,332,-1.8,-6.3,-4.5,0.1,7.11,0.0
2023,333,2.2,-6.6,-2.8,0.9,6.11,0.0
2023,334,8.9,-1.4,2.7,0.0,7.98,0.0
2023,335,3.5,-0.9,0.8,5.3,1.26,0.0
2023,336,3.8,0.8,2.0,3.9,2.75,0.0
2023,337,3.0,1.8,2.5,5.4,1.05,0.0
2023,338,2.2,-1.8,0.4,0.1,3.75,0.0
2023,339,2.5,-2.0,-0.0,0.2,3.12,0.0
2023,340,2.5,-3.1,-0.1,0.1,6.0,0.0
2023,341,6.0,0.4,2.5,0.0,6.87,0.0
2023,342,11.4,1.2,5.9,0.0,6.97,0.0
2023,343,14.7,5.6,10.0,0.6,3.78,0.0
2023,344,4.7,0.3,2.8,0.5,3.35,0.0
2023,345,0.2,-1.7,-0.7,0.0,2.99,0.0
2023,346,3.2,-2.8,-0.4,0.0,6.05,0.0
2023,347,0.5,-3.8,-2.2,0.0,7.57,0.0
2023,348,6.9,-3.2,1.4,0.0,7.05,0.0
2023,349,8.8,2.7,5.0,0.0,7.03,0.0
2023,350,9.0,2.7,5.9,0.0,3.48,0.0
2023,351,7.8,5.7,6.7,4.1,1.14,0.0
2023,352,5.3,-1.9,1.4,5.4,2.75,0.0
2023,353,-0.8,-5.5,-3.2,0.0,7.37,0.0
2023,354,3.8,-2.4,-0.5,0.0,6.39,0.0
2023,355,3.0,-1.2,0.6,0.0,4.03,0.0
2023,356,4.1,-2.4,0.9,0.6,4.27,0.0
2023,357,5.4,2.0,3.1,6.6,2.23,0.0
2023,358,6.3,2.0,4.2,0.0,1.62,0.0
2023,359,11.6,6.2,8.2,0.0,4.83,0.0
2023,360,11.5,7.5,9.1,3.3,2.53,0.0
2023,361,7.6,4.0,6.3,8.9,1.65,0.0
2023,362,5.9,4.1,4.7,0.3,1.72,0.0
2023,363,4.4,0.2,3.3,1.9,1.26,0.0
2023,364,1.8,-3.0,0.0,0.6,2.75,0.0
2023,365,1.5,-2.0,0.3,4.5,1.14,0.0
2024,1,-0.5,-4.6,-2.4,0.4,3.78,0.0
2024,2,2.0,-4.1,-1.2,0.0,7.54,0.0
2024,3,1.9,-2.6,-0.3,0.2,3.49,0.0
2024,4,-2.9,-5.9,-4.2,0.0,5.99,0.0
2024,5,1.5,-5.9,-2.6,0.0,4.2,0.0
2024,6,1.1,-3.0,-1.3,0.3,3.33,0.0
2024,7,1.5,-3.2,-0.9,0.3,3.89,0.0
2024,8,3.0,-2.3,-0.1,0.0,4.31,0.0
2024,9,3.5,0.0,1.2,16.2,0.73,0.0
2024,10,2.0,-3.0,-1.0,13.8,3.46,0.0
2024,11,0.6,-3.3,-1.1,3.9,3.5,0.0
2024,12,1.5,-4.0,-0.8,14.3,2.4,0.0
2024,13,1.8,-6.9,-2.9,5.5,3.4,0.0
2024,14,-5.7,-12.6,-8.9,2.5,5.37,0.0
2024,15,-11.6,-18.2,-14.5,0.1,7.52,0.0
2024,16,-11.4,-14.8,-13.2,0.3,5.53,0.0
2024,17,-8.1,-16.8,-11.8,0.9,5.03,0.0
2024,18,-6.3,-10.4,-8.4,0.7,5.64,0.0
2024,19,-7.0,-13.1,-9.1,1.8,5.32,0.0
2024,20,-8.9,-13.0,-11.0,0.0,5.89,0.0
2024,21,-5.9,-10.6,-8.5,0.0,8.63,0.0
2024,22,-1.6,-10.9,-5.8,1.4,2.63,0.0
2024,23,0.9,-1.7,-0.4,5.6,2.78,0.0
2024,24,3.3,-0.2,0.9,7.2,2.3,0.0
2024,25,2.7,-0.2,1.1,0.0,4.86,0.0
2024,26,3.4,0.9,1.9,15.2,7.37,0.0
2024,27,5.0,-0.1,1.8,0.2,4.74,0.0
2024,28,2.7,0.2,1.2,0.8,3.88,0.0
2024,29,4.0,-1.8,0.4,0.0,7.26,0.0
2024,30,0.9,-1.8,-0.4,6.4,1.77,0.0
2024,31,2.5,-4.5,-0.3,0.0,5.71,0.0
2024,32,5.7,-0.2,2.1,0.0,7.96,0.0
2024,33,0.5,-2.3,-1.1,0.0,4.65,0.0
2024,34,3.5,-4.4,-1.4,0.0,10.11,0.0
2024,35,4.0,-6.2,-2.2,0.0,10.31,0.0
2024,36,4.1,-4.1,-0.5,0.0,7.1,0.0
2024,37,5.9,-4.2,-0.3,0.0,10.66,0.0
2024,38,8.4,-1.6,2.2,0.0,10.16,0.0
2024,39,12.9,1.4,6.6,0.6,9.51,0.0
2024,40,12.6,5.9,9.9,0.0,11.14,0.0
2024,41,4.8,-0.6,2.3,0.0,8.32,0.0
2024,42,2.0,-3.8,-0.9,0.0,6.34,0.0
2024,43,4.1,-5.0,-1.0,0.0,12.4,0.0
2024,44,1.0,-4.0,-1.6,0.7,9.01,0.0
2024,45,0.2,-6.5,-3.3,0.0,12.97,0.0
2024,46,1.9,-3.3,-1.1,7.0,4.33,0.0
2024,47,-3.5,-5.5,-4.3,0.3,6.17,0.0
2024,48,-5.3,-10.0,-7.3,0.1,9.19,0.0
2024,49,-0.4,-6.0,-3.0,0.1,7.25,0.0
2024,50,0.8,-11.1,-5.0,0.0,13.82,0.0
2024,51,7.9,-4.3,0.2,0.0,14.14,0.0
2024,52,11.0,0.5,5.4,1.9,8.8,0.0
2024,53,10.4,-1.9,3.6,0.0,13.48,0.0
2024,54,2.4,-7.4,-1.5,0.0,12.66,0.0
2024,55,-3.1,-8.3,-6.0,0.0,10.9,0.0
2024,56,7.9,-3.8,1.3,0.0,9.67,0.0
2024,57,8.4,-3.3,3.5,0.0,14.94,0.0
2024,58,19.4,8.4,13.0,0.3,12.69,0.0
2024,59,14.8,-6.4,2.3,4.3,5.9,0.0
2024,60,-1.0,-7.8,-4.8,0.2,14.35,0.0
2024,61,9.5,-3.5,2.3,0.0,15.8,0.0
2024,62,10.6,1.6,4.9,0.0,11.43,0.0
2024,63,12.9,1.9,6.5,0.0,15.33,0.0
2024,64,21.0,6.6,12.9,0.0,14.63,0.0
2024,65,15.2,2.3,7.5,9.7,6.24,0.0
2024,66,4.6,1.7,2.9,0.0,11.94,0.0
2024,67,7.4,-0.4,3.0,0.0,16.17,0.0
2024,68,11.6,1.4,5.5,9.6,6.45,0.0
2024,69,10.2,0.9,5.8,10.3,6.75,0.0
2024,70,2.0,-3.0,-0.8,4.1,8.06,0.0
2024,71,10.9,-3.3,3.2,0.0,17.7,0.0
2024,72,17.1,0.4,9.0,0.0,17.27,0.0
2024,73,14.6,4.4,9.8,0.0,18.53,0.0
2024,74,8.3,4.2,5.8,16.3,2.86,0.0
2024,75,7.5,-1.5,2.9,0.0,13.79,0.0
2024,76,10.4,-2.3,4.5,0.2,9.83,0.0
2024,77,2.9,-2.8,0.7,0.5,16.39,0.0
2024,78,1.2,-3.5,-1.3,0.7,7.27,0.0
2024,79,4.7,-2.5,0.2,0.8,5.61,0.0
2024,80,-0.5,-5.8,-2.4,1.2,15.96,0.0
2024,81,-0.6,-6.7,-4.3,0.0,17.18,0.0
2024,82,-0.9,-6.1,-3.4,5.6,6.31,0.0
2024,83,0.6,-6.4,-3.0,0.2,19.18,0.0
2024,84,3.5,-6.6,-2.0,0.0,16.63,0.0
2024,85,13.9,-0.6,6.5,0.0,16.26,0.0
2024,86,14.4,6.2,10.7,6.5,9.81,0.0
2024,87,4.9,0.1,2.8,0.0,10.66,0.0
2024,88,6.7,-3.2,1.3,0.0,21.54,0.0
2024,89,7.6,-4.3,0.6,0.0,21.4,0.0
2024,90,5.9,-2.8,0.9,3.5,8.67,0.0
2024,91,6.7,-1.9,1.9,0.0,13.75,0.0
2024,92,6.8,-2.0,2.4,0.2,16.82,0.0
2024,93,7.1,2.7,4.8,10.0,4.56,0.0
2024,94,8.4,1.8,5.6,1.9,10.25,0.0
2024,95,5.2,0.4,2.3,1.9,9.63,0.0
2024,96,6.0,-0.6,2.6,0.2,16.6,0.0
2024,97,9.1,0.8,5.0,0.0,23.32,0.0
2024,98,12.2,-2.8,5.8,0.0,22.61,0.0
2024,99,20.3,6.2,12.1,0.9,19.5,0.0
2024,100,20.4,8.2,14.0,0.2,22.68,0.0
2024,101,17.1,3.8,10.4,0.0,22.54,0.0
2024,102,9.6,4.4,8.0,17.1,3.81,0.0
2024,103,6.9,4.8,5.8,20.0,2.89,0.0
2024,104,13.3,3.2,7.8,1.2,24.67,0.0
2024,105,20.8,5.3,11.3,11.6,23.8,0.0
2024,106,17.5,2.3,9.4,0.0,22.67,0.0
2024,107,13.9,1.9,7.8,0.0,23.99,0.0
2024,108,18.0,6.7,11.4,9.8,13.43,0.0
2024,109,13.7,8.4,11.0,0.3,15.63,0.0
2024,110,11.1,4.8,8.5,4.9,23.42,0.0
2024,111,7.3,1.8,4.9,0.4,15.88,0.0
2024,112,11.4,0.2,5.6,0.0,23.32,0.0
2024,113,15.3,-2.0,7.6,0.0,24.07,0.0
2024,114,17.2,8.6,12.4,3.0,16.18,0.0
2024,115,8.2,-2.2,2.1,0.5,24.97,0.0
2024,116,8.4,-4.1,2.3,0.0,27.05,0.0
2024,117,14.7,-0.6,7.4,0.0,26.93,0.0
2024,118,25.0,9.1,17.2,4.0,18.93,0.0
2024,119,18.7,8.4,13.1,10.5,11.08,0.0
2024,120,20.5,7.1,14.2,25.6,12.81,0.0
2024,121,16.7,8.4,14.1,0.0,21.65,0.0
2024,122,23.0,6.8,14.4,0.5,23.46,0.0
2024,123,17.4,7.2,11.6,0.0,26.18,0.0
2024,124,20.3,10.4,14.6,7.9,13.68,0.0
2024,125,23.4,7.9,14.9,1.9,21.37,0.0
2024,126,17.7,7.8,14.5,1.2,24.07,0.0
2024,127,16.3,5.6,10.6,0.0,24.84,0.0
2024,128,19.7,3.0,11.8,3.2,24.21,0.0
2024,129,17.1,8.1,13.2,0.2,21.71,0.0
2024,130,14.4,6.2,9.5,0.0,18.48,0.0
2024,131,15.4,5.6,10.7,0.0,27.69,0.0
2024,132,13.1,6.5,9.4,10.3,11.95,0.0
2024,133,18.9,3.1,12.1,0.0,28.24,0.0
2024,134,25.2,11.6,17.8,1.9,23.63,0.0
2024,135,12.9,7.5,9.9,0.8,16.96,0.0
2024,136,14.4,7.3,10.6,0.0,28.05,0.0
2024,137,21.2,5.3,13.6,0.0,26.58,0.0
2024,138,22.4,14.4,18.3,7.3,22.33,0.0
2024,139,24.7,13.6,18.9,0.3,25.66,0.0
2024,140,25.9,13.4,19.4,1.1,26.09,0.0
2024,141,25.8,11.4,18.7,4.0,24.65,0.0
2024,142,24.1,14.9,19.0,2.0,24.77,0.0
2024,143,26.8,16.4,22.1,0.1,27.17,0.0
2024,144,23.4,12.7,18.0,0.0,27.28,0.0
2024,145,22.3,8.9,15.3,0.0,29.22,0.0
2024,146,23.7,11.8,18.5,0.6,26.24,0.0
2024,147,22.5,10.1,16.2,7.4,23.34,0.0
2024,148,19.0,12.9,15.4,6.6,9.86,0.0
2024,149,20.5,12.5,15.6,12.1,20.86,0.0
2024,150,13.6,6.8,11.5,0.3,29.24,0.0
2024,151,17.4,6.8,12.2,0.0,30.8,0.0
2024,152,22.5,6.4,14.8,0.0,30.48,0.0
2024,153,23.7,11.2,17.7,5.2,22.18,0.0
2024,154,19.5,12.1,16.1,6.6,17.94,0.0
2024,155,24.5,9.4,16.5,0.0,24.99,0.0
2024,156,29.5,16.2,22.5,0.0,25.24,0.0
2024,157,27.5,19.0,21.7,32.9,15.07,0.0
2024,158,22.8,14.7,18.1,5.6,25.42,0.0
2024,159,19.5,12.9,15.7,0.6,22.0,0.0
2024,160,20.4,12.1,15.3,8.1,13.14,0.0
2024,161,19.4,11.7,14.5,1.3,20.85,0.0
2024,162,15.1,8.1,12.2,0.0,27.6,0.0
2024,163,20.2,6.8,13.9,0.0,30.13,0.0
2024,164,26.3,13.8,20.2,0.0,28.34,0.0
2024,165,28.8,17.8,23.0,3.4,23.14,0.0
2024,166,20.4,13.1,17.3,0.0,29.08,0.0
2024,167,19.8,10.4,15.4,0.0,29.54,0.0
2024,168,27.4,12.1,20.6,0.0,28.72,0.0
2024,169,32.4,22.2,26.6,0.8,26.78,0.0
2024,170,30.8,23.6,26.4,9.0,22.05,0.0
2024,171,32.4,23.4,27.6,0.5,23.77,0.0
2024,172,25.5,16.7,20.9,0.0,27.14,0.0
2024,173,28.0,15.4,21.5,1.2,24.84,0.0
2024,174,26.6,18.0,22.5,5.3,11.39,0.0
2024,175,24.5,18.0,21.8,8.5,20.95,0.0
2024,176,25.8,15.1,20.6,0.2,28.02,0.0
2024,177,28.5,19.0,23.1,0.2,20.0,0.0
2024,178,25.0,15.8,20.8,2.0,16.19,0.0
2024,179,19.9,11.9,15.7,0.1,29.76,0.0
2024,180,21.1,10.9,16.6,0.2,9.37,0.0
2024,181,28.5,18.9,23.4,1.6,23.12,0.0
2024,182,22.9,12.5,15.9,0.0,18.91,0.0
2024,183,23.1,10.8,16.9,0.0,30.1,0.0
2024,184,24.0,13.4,18.8,2.1,13.99,0.0
2024,185,28.2,19.6,23.7,0.6,17.46,0.0
2024,186,27.6,19.3,23.2,0.0,18.61,0.0
2024,187,25.1,16.8,20.5,25.6,16.19,0.0
2024,188,24.5,16.5,20.1,1.5,23.94,0.0
2024,189,25.4,16.7,21.1,1.1,25.46,0.0
2024,190,28.5,19.2,23.2,1.6,22.58,0.0
2024,191,27.8,19.3,23.9,0.2,24.29,0.0
2024,192,21.0,17.2,18.6,30.8,7.43,0.0
2024,193,24.6,15.9,19.9,0.1,28.92,0.0
2024,194,26.0,14.7,20.9,0.4,25.18,0.0
2024,195,28.5,16.6,23.1,0.0,27.54,0.0
2024,196,29.0,20.2,23.9,3.1,20.98,0.0
2024,197,28.8,20.6,24.3,6.7,22.64,0.0
2024,198,28.0,19.6,24.4,6.0,23.93,0.0
2024,199,23.3,16.9,19.7,5.4,23.9,0.0
2024,200,20.5,13.8,17.1,0.4,26.5,0.0
2024,201,24.8,12.1,18.2,0.0,28.73,0.0
2024,202,26.9,15.8,21.3,0.0,27.86,0.0
2024,203,24.6,16.5,20.7,0.0,23.75,0.0
2024,204,26.0,13.9,20.0,0.0,23.38,0.0
2024,205,27.3,16.9,21.6,2.4,23.3,0.0
2024,206,23.4,16.4,20.1,4.3,23.74,0.0
2024,207,23.4,14.9,18.8,0.4,25.49,0.0
2024,208,25.4,11.6,18.6,0.0,28.13,0.0
2024,209,27.5,13.4,20.4,0.0,28.13,0.0
2024,210,29.9,16.6,23.1,0.0,27.64,0.0
2024,211,29.1,21.1,24.2,2.6,19.71,0.0
2024,212,27.2,20.9,23.3,5.9,19.44,0.0
2024,213,30.1,18.7,23.8,0.5,22.54,0.0
2024,214,29.4,19.3,24.4,0.8,20.04,0.0
2024,215,28.0,20.2,23.6,0.2,22.04,0.0
2024,216,29.0,18.8,23.5,0.0,26.81,0.0
2024,217,29.4,16.5,22.9,0.2,21.53,0.0
2024,218,26.7,19.4,22.6,0.2,21.28,0.0
2024,219,22.6,17.1,19.5,13.9,14.1,0.0
2024,220,23.5,15.6,19.3,0.0,26.76,0.0
2024,221,26.0,13.8,20.3,0.3,22.28,0.0
2024,222,23.9,17.7,20.6,0.0,24.75,0.0
2024,223,20.7,14.4,17.8,0.0,18.45,0.0
2024,224,21.8,14.8,17.9,1.0,20.51,0.0
2024,225,24.5,12.8,18.7,0.0,24.94,0.0
2024,226,26.5,14.4,20.4,0.1,23.92,0.0
2024,227,27.8,13.9,20.6,0.0,24.89,0.0
2024,228,27.6,14.9,21.3,0.0,23.57,0.0
2024,229,23.7,19.2,21.3,7.1,9.68,0.0
2024,230,24.0,19.0,21.0,32.8,14.93,0.0
2024,231,22.7,17.4,19.9,9.8,18.82,0.0
2024,232,17.5,15.2,16.5,0.1,17.9,0.0
2024,233,18.0,12.4,15.4,0.0,25.05,0.0
2024,234,20.4,12.4,16.3,0.0,24.21,0.0
2024,235,23.2,9.8,16.8,0.0,24.75,0.0
2024,236,25.2,13.6,19.2,0.0,22.83,0.0
2024,237,27.0,15.3,21.1,0.0,23.36,0.0
2024,238,29.6,16.3,22.8,0.0,22.6,0.0
2024,239,32.2,20.3,25.8,0.2,21.7,0.0
2024,240,30.6,21.9,25.8,1.1,16.19,0.0
2024,241,23.0,16.0,20.6,1.1,14.28,0.0
2024,242,24.3,14.7,19.2,0.0,19.38,0.0
2024,243,28.6,17.9,22.3,0.3,14.75,0.0
2024,244,26.6,16.5,22.2,0.0,22.66,0.0
2024,245,22.2,15.7,19.4,0.0,20.54,0.0
2024,246,19.1,11.8,15.4,0.0,22.95,0.0
2024,247,22.9,9.8,16.0,0.0,22.54,0.0
2024,248,25.6,12.0,18.6,0.0,22.28,0.0
2024,249,28.6,14.1,20.9,0.2,20.1,0.0
2024,250,20.6,12.4,16.4,13.2,11.34,0.0
2024,251,13.6,10.1,11.5,3.4,11.33,0.0
2024,252,19.9,7.6,13.8,0.0,20.09,0.0
2024,253,23.8,13.1,16.9,0.3,18.83,0.0
2024,254,23.9,10.9,16.5,0.0,18.63,0.0
2024,255,27.1,14.8,20.2,0.0,19.56,0.0
2024,256,28.5,14.8,21.2,0.0,20.37,0.0
2024,257,27.0,17.0,21.2,0.0,20.19,0.0
2024,258,26.7,16.3,21.0,0.0,19.79,0.0
2024,259,28.5,16.8,21.9,0.0,20.05,0.0
2024,260,27.6,14.8,20.8,0.0,19.99,0.0
2024,261,25.8,15.2,19.8,0.0,19.88,0.0
2024,262,25.5,14.7,19.2,0.5,14.94,0.0
2024,263,26.5,14.3,19.6,0.0,18.24,0.0
2024,264,24.5,17.1,20.3,17.8,11.61,0.0
2024,265,26.5,17.1,21.0,1.6,17.74,0.0
2024,266,25.5,16.6,20.1,6.4,5.88,0.0
2024,267,18.0,14.1,16.1,1.5,7.05,0.0
2024,268,20.6,15.1,17.5,6.7,7.26,0.0
2024,269,22.5,16.5,18.9,3.0,12.84,0.0
2024,270,22.0,13.1,16.7,0.0,16.56,0.0
2024,271,21.6,12.4,17.0,0.0,16.14,0.0
2024,272,21.6,16.5,18.4,0.0,14.58,0.0
2024,273,22.1,15.9,18.3,0.0,16.56,0.0
2024,274,22.4,14.7,18.1,0.0,16.16,0.0
2024,275,22.8,11.9,17.0,6.1,9.11,0.0
2024,276,17.0,8.6,12.9,0.0,16.83,0.0
2024,277,21.2,11.9,15.3,0.0,16.5,0.0
2024,278,19.0,9.9,14.7,0.2,11.95,0.0
2024,279,18.7,7.0,13.5,0.0,16.58,0.0
2024,280,22.0,12.4,17.4,1.1,14.6,0.0
2024,281,15.8,9.6,12.5,0.0,16.03,0.0
2024,282,15.8,7.8,11.4,0.2,14.64,0.0
2024,283,13.6,6.2,9.5,0.0,13.47,0.0
2024,284,14.6,4.6,9.5,0.0,14.49,0.0
2024,285,23.2,8.1,14.8,1.2,14.12,0.0
2024,286,14.4,8.1,11.4,0.0,14.08,0.0
2024,287,14.8,6.2,10.7,5.0,11.69,0.0
2024,288,9.4,5.2,7.7,7.2,9.19,0.0
2024,289,7.4,4.2,6.2,5.6,7.77,0.0
2024,290,10.0,3.9,7.0,0.3,10.77,0.0
2024,291,14.4,1.7,7.2,0.0,14.45,0.0
2024,292,17.4,4.1,9.9,0.0,14.19,0.0
2024,293,18.8,5.9,12.0,0.0,13.82,0.0
2024,294,21.5,9.4,15.1,0.0,13.1,0.0
2024,295,23.2,14.2,18.2,0.0,12.89,0.0
2024,296,23.1,12.4,17.0,0.0,11.7,0.0
2024,297,18.4,7.8,14.8,0.0,10.95,0.0
2024,298,12.9,3.2,7.8,0.0,13.09,0.0
2024,299,13.4,6.8,9.6,1.3,5.53,0.0
2024,300,11.1,2.5,7.7,0.0,11.85,0.0
2024,301,11.6,0.9,5.7,0.0,10.7,0.0
2024,302,14.9,4.2,8.7,0.0,11.48,0.0
2024,303,23.2,7.8,16.2,12.0,9.08,0.0
2024,304,23.0,18.3,20.7,0.0,8.51,0.0
2024,305,23.2,13.8,19.0,1.4,7.06,0.0
2024,306,11.4,5.9,8.2,0.0,4.06,0.0
2024,307,9.6,1.0,5.2,0.0,11.33,0.0
2024,308,10.9,3.5,7.7,0.7,4.78,0.0
2024,309,17.5,9.6,14.3,28.4,2.05,0.0
2024,310,21.1,16.8,18.7,10.7,3.67,0.0
2024,311,19.6,9.8,14.5,7.4,5.76,0.0
2024,312,12.4,4.8,8.9,0.1,10.49,0.0
2024,313,11.9,5.8,8.9,0.0,10.14,0.0
2024,314,10.2,1.9,6.2,0.0,9.93,0.0
2024,315,14.9,5.5,9.6,7.9,3.76,0.0
2024,316,12.0,5.9,8.9,1.0,6.14,0.0
2024,317,7.1,1.3,4.6,0.1,7.05,0.0
2024,318,8.5,0.6,4.8,0.0,8.68,0.0
2024,319,8.1,6.6,7.4,11.1,0.98,0.0
2024,320,10.4,5.6,8.1,0.8,3.75,0.0
2024,321,10.7,4.0,7.2,0.0,6.88,0.0
2024,322,10.9,4.3,8.0,1.1,4.07,0.0
2024,323,11.4,3.1,7.3,0.0,9.06,0.0
2024,324,12.8,6.7,9.8,8.1,1.83,0.0
2024,325,11.8,3.5,7.4,11.6,2.03,0.0
2024,326,4.9,-0.3,2.3,2.7,5.3,0.0
2024,327,7.2,1.5,5.2,5.9,1.13,0.0
2024,328,7.2,4.2,5.8,0.3,2.89,0.0
2024,329,5.9,0.7,3.4,0.0,6.11,0.0
2024,330,7.8,1.9,5.6,2.0,1.92,0.0
2024,331,6.2,0.0,3.3,0.0,5.35,0.0
2024,332,2.8,-4.0,-0.7,0.0,7.59,0.0
2024,333,2.0,-1.2,0.4,0.2,4.07,0.0
2024,334,-0.1,-3.1,-1.6,0.7,6.7,0.0
2024,335,-2.7,-4.4,-3.3,0.1,2.93,0.0
2024,336,-0.2,-4.3,-2.5,0.2,4.27,0.0
2024,337,0.2,-3.5,-1.9,0.2,7.47,0.0
2024,338,-0.3,-3.8,-1.8,0.2,7.15,0.0
2024,339,-0.3,-4.3,-2.3,3.9,2.97,0.0
2024,340,-1.4,-6.1,-4.1,5.7,4.78,0.0
2024,341,-2.2,-7.4,-4.2,0.0,5.23,0.0
2024,342,3.2,-3.5,-1.2,1.7,2.4,0.0
2024,343,6.4,0.6,3.3,0.0,7.02,0.0
2024,344,8.1,2.2,4.8,1.8,1.49,0.0
2024,345,5.7,1.3,3.1,0.0,3.82,0.0
2024,346,1.5,-3.5,-0.2,1.9,2.83,0.0
2024,347,-4.1,-9.7,-7.5,0.9,4.69,0.0
2024,348,-6.2,-11.2,-8.6,0.0,6.96,0.0
2024,349,-0.9,-11.6,-5.4,0.0,6.76,0.0
2024,350,3.3,-1.7,1.3,4.7,1.93,0.0
2024,351,8.8,2.3,5.2,2.0,1.43,0.0
2024,352,4.8,1.0,2.5,0.5,2.88,0.0
2024,353,2.3,-0.7,0.3,0.3,3.74,0.0
2024,354,-1.5,-5.0,-3.2,0.8,4.24,0.0
2024,355,-1.1,-4.9,-2.5,6.4,3.41,0.0
2024,356,-5.2,-10.1,-7.8,0.6,3.23,0.0
2024,357,-6.3,-12.6,-8.8,0.0,7.85,0.0
2024,358,-0.8,-6.8,-2.9,6.3,1.43,0.0
2024,359,0.9,-2.5,-0.4,0.5,5.72,0.0
2024,360,0.3,-3.1,-1.3,0.0,4.21,0.0
2024,361,1.8,-0.4,0.9,0.0,2.59,0.0
2024,362,4.3,1.5,2.8,1.3,2.95,0.0
2024,363,11.2,4.4,7.7,3.2,4.39,0.0
2024,364,5.4,2.3,4.0,26.9,0.69,0.0
2024,365,3.8,-1.0,1.5,14.1,3.69,0.0
2024,366,2.2,-2.0,0.1,4.8,2.01,0.0
2025,1,1.0,-1.9,0.0,1.6,5.73,0.0
2025,2,-1.9,-4.1,-2.9,0.0,2.85,0.0
2025,3,-2.7,-5.7,-3.9,0.4,5.89,0.0
2025,4,-5.9,-8.2,-6.9,0.0,3.18,0.0
2025,5,-4.1,-7.8,-5.9,0.0,2.82,0.0
2025,6,-3.8,-5.6,-4.6,1.3,2.23,0.0
2025,7,-3.9,-7.8,-5.7,0.1,8.0,0.0
2025,8,-7.0,-11.4,-8.7,0.0,8.13,0.0
2025,9,-5.4,-11.4,-9.0,0.0,8.43,0.0
2025,10,-3.3,-8.1,-5.9,4.2,3.09,0.0
2025,11,-1.1,-4.9,-3.3,1.3,4.62,0.0
2025,12,-0.4,-4.2,-2.5,3.7,3.72,0.0
2025,13,0.2,-10.1,-5.1,0.8,5.06,0.0
2025,14,-6.6,-11.4,-9.9,0.0,5.89,0.0
2025,15,-6.5,-8.4,-7.4,0.1,5.34,0.0
2025,16,-0.7,-10.4,-5.6,2.9,3.55,0.0
2025,17,1.9,-8.6,-2.4,0.0,7.7,0.0
2025,18,2.2,-8.1,-2.6,1.9,4.77,0.0
2025,19,-7.8,-12.4,-9.2,0.5,4.45,0.0
2025,20,-12.7,-16.4,-14.5,0.7,8.47,0.0
2025,21,-15.1,-19.8,-17.1,1.0,9.08,0.0
2025,22,-10.6,-21.0,-16.5,1.8,5.32,0.0
2025,23,-5.8,-10.1,-7.5,2.9,6.46,0.0
2025,24,-7.7,-12.0,-9.6,0.0,8.07,0.0
2025,25,-1.2,-13.2,-6.6,1.1,10.15,0.0
2025,26,-2.3,-7.2,-4.6,0.0,7.41,0.0
2025,27,0.6,-5.8,-2.8,0.6,9.8,0.0
2025,28,2.2,-9.6,-3.9,2.4,4.17,0.0
2025,29,1.6,-9.0,-3.2,1.9,4.02,0.0
2025,30,4.7,-11.7,-2.9,0.1,8.42,0.0
2025,31,3.2,-4.8,-1.1,0.0,7.29,0.0
2025,32,-2.8,-8.9,-6.6,0.9,5.23,0.0
2025,33,-2.4,-7.2,-5.1,1.2,2.92,0.0
2025,34,0.6,-3.3,-0.7,2.5,2.67,0.0
2025,35,-4.1,-8.2,-6.5,0.0,6.61,0.0
2025,36,-5.1,-11.1,-8.1,0.0,10.6,0.0
2025,37,0.1,-5.8,-3.2,1.3,6.95,0.0
2025,38,-5.1,-10.9,-7.9,0.0,11.44,0.0
2025,39,-3.3,-10.4,-5.9,6.3,3.32,0.0
2025,40,-3.8,-7.8,-5.5,1.2,8.53,0.0
2025,41,-5.8,-16.1,-10.0,0.0,12.51,0.0
2025,42,-6.8,-11.9,-9.1,0.6,10.11,0.0
2025,43,-5.3,-11.7,-7.5,7.0,6.42,0.0
2025,44,-4.2,-7.7,-5.9,4.7,12.05,0.0
2025,45,-7.7,-13.1,-10.0,0.0,11.96,0.0
2025,46,-2.6,-8.1,-4.8,7.6,4.51,0.0
2025,47,-2.7,-8.3,-4.8,8.3,7.4,0.0
2025,48,-8.2,-13.8,-10.8,0.3,11.71,0.0
2025,49,-9.8,-15.6,-12.6,0.0,13.55,0.0
2025,50,-7.8,-13.4,-10.1,0.0,9.8,0.0
2025,51,-7.0,-11.4,-8.8,1.7,9.62,0.0
2025,52,-5.3,-8.5,-6.8,0.0,14.74,0.0
2025,53,-3.5,-7.9,-5.6,0.4,13.19,0.0
2025,54,-0.4,-6.5,-3.4,0.1,10.56,0.0
2025,55,4.1,-2.5,1.5,0.0,14.55,0.0
2025,56,5.8,-0.2,2.1,0.2,14.22,0.0
2025,57,6.9,-4.8,0.6,0.0,11.63,0.0
2025,58,7.3,-2.1,1.7,0.0,10.55,0.0
2025,59,9.3,-4.2,1.4,3.3,6.36,0.0
2025,60,-0.8,-10.3,-8.1,0.3,14.2,0.0
2025,61,-3.3,-9.1,-6.2,0.0,12.64,0.0
2025,62,6.6,-7.5,-1.3,0.0,15.69,0.0
2025,63,9.2,0.6,4.2,2.0,5.84,0.0
2025,64,14.0,3.0,7.3,11.4,9.06,0.0
2025,65,4.8,-6.0,-2.0,2.2,9.06,0.0
2025,66,4.2,-3.8,0.0,0.0,16.79,0.0
2025,67,1.6,-6.7,-2.3,0.2,17.53,0.0
2025,68,11.3,-1.6,4.1,0.0,17.19,0.0
2025,69,15.7,-0.3,7.6,0.0,17.57,0.0
2025,70,8.8,-3.5,4.0,0.0,18.07,0.0
2025,71,5.2,-3.3,0.2,0.0,16.55,0.0
2025,72,11.1,-3.6,2.5,0.0,17.37,0.0
2025,73,18.5,0.9,9.1,0.0,15.65,0.0
2025,74,22.0,11.4,15.8,1.8,12.69,0.0
2025,75,14.4,-2.5,6.8,19.6,4.64,0.0
2025,76,6.8,-4.9,0.5,0.0,18.86,0.0
2025,77,15.8,2.0,8.6,0.0,13.77,0.0
2025,78,19.5,4.8,12.4,0.2,16.53,0.0
2025,79,12.9,-2.5,4.1,4.5,5.82,0.0
2025,80,10.8,-4.5,2.8,0.0,19.83,0.0
2025,81,7.6,-4.8,0.3,2.1,10.2,0.0
2025,82,5.6,-6.8,-1.2,4.7,17.47,0.0
2025,83,2.5,0.3,1.3,2.4,8.24,0.0
2025,84,1.8,-2.2,0.1,0.6,8.4,0.0
2025,85,3.5,-3.2,-0.7,0.0,20.52,0.0
2025,86,13.1,-4.0,3.6,0.0,21.48,0.0
2025,87,11.9,-2.2,4.9,3.9,8.24,0.0
2025,88,5.3,0.8,2.2,5.5,5.24,0.0
2025,89,19.2,1.9,10.4,10.5,8.46,0.0
2025,90,13.0,-1.5,4.8,1.3,14.69,0.0
2025,91,1.9,-4.0,-1.2,0.0,22.35,0.0
2025,92,9.1,-1.0,2.2,13.9,4.57,0.0
2025,93,16.0,3.8,10.9,7.9,20.34,0.0
2025,94,9.6,-1.5,3.6,0.0,19.38,0.0
2025,95,12.6,2.3,5.9,5.9,14.26,0.0
2025,96,7.2,-3.0,2.3,0.0,23.0,0.0
2025,97,4.3,-4.3,0.0,1.1,9.44,0.0
2025,98,3.2,-5.2,-2.7,0.0,23.76,0.0
2025,99,5.7,-5.8,0.1,0.3,14.25,0.0
2025,100,4.9,-1.5,1.6,1.4,13.18,0.0
2025,101,8.3,-2.3,2.8,0.0,24.29,0.0
2025,102,11.2,-1.7,4.6,0.0,24.73,0.0
2025,103,16.5,2.8,9.5,0.1,21.01,0.0
2025,104,18.8,6.2,11.9,0.6,19.72,0.0
2025,105,8.6,1.6,4.4,1.3,7.88,0.0
2025,106,8.6,-0.6,3.5,0.0,24.93,0.0
2025,107,14.6,-3.5,5.7,0.0,25.02,0.0
2025,108,22.3,8.6,14.7,10.0,13.91,0.0
2025,109,16.9,4.9,12.3,2.9,18.64,0.0
2025,110,9.9,0.1,5.0,0.0,25.2,0.0
2025,111,20.4,5.1,10.9,5.2,16.63,0.0
2025,112,15.1,4.2,9.1,0.0,25.8,0.0
2025,113,17.7,3.8,10.6,0.1,18.4,0.0
2025,114,21.8,8.1,13.6,8.2,23.66,0.0
2025,115,21.6,5.6,11.3,1.0,19.92,0.0
2025,116,9.8,4.7,6.5,0.7,14.4,0.0
2025,117,15.6,2.2,8.9,0.0,26.19,0.0
2025,118,20.0,6.5,13.7,0.0,26.67,0.0
2025,119,26.2,5.1,17.7,0.5,22.36,0.0
2025,120,10.9,1.5,4.8,0.0,22.55,0.0
2025,121,18.2,2.7,9.3,13.1,7.28,0.0
2025,122,14.7,5.3,10.0,0.0,16.97,0.0
2025,123,8.9,3.2,5.8,0.0,24.26,0.0
2025,124,13.2,2.5,8.1,0.0,26.15,0.0
2025,125,16.7,7.9,11.5,4.9,14.07,0.0
2025,126,18.1,8.9,12.6,19.3,17.82,0.0
2025,127,13.4,6.0,9.9,0.0,20.02,0.0
2025,128,6.5,2.2,4.5,0.0,26.64,0.0
2025,129,14.2,1.4,8.1,0.0,29.22,0.0
2025,130,16.2,4.9,10.4,0.0,27.99,0.0
2025,131,16.9,3.7,10.3,0.0,28.77,0.0
2025,132,24.6,6.2,15.9,0.0,27.96,0.0
2025,133,22.6,14.7,18.1,1.1,18.02,0.0
2025,134,23.3,15.3,18.4,9.3,19.15,0.0
2025,135,24.9,13.8,19.8,0.7,25.31,0.0
2025,136,24.7,16.5,20.4,27.1,27.59,0.0
2025,137,15.2,13.2,14.1,8.1,8.86,0.0
2025,138,13.8,7.1,10.5,0.9,11.5,0.0
2025,139,8.6,3.3,6.9,0.0,27.41,0.0
2025,140,11.8,3.1,7.2,0.8,21.62,0.0
2025,141,9.2,7.0,8.1,14.4,4.95,0.0
2025,142,9.3,7.4,8.4,3.0,7.03,0.0
2025,143,9.8,4.8,7.9,3.4,5.72,0.0
2025,144,14.1,5.7,9.9,1.4,24.0,0.0
2025,145,15.6,4.9,10.3,0.4,26.28,0.0
2025,146,18.5,6.4,12.4,0.0,29.24,0.0
2025,147,20.5,8.1,13.9,0.0,25.41,0.0
2025,148,17.6,9.6,13.3,0.5,16.28,0.0
2025,149,17.9,10.0,14.4,1.7,16.65,0.0
2025,150,22.6,12.1,15.8,5.1,22.92,0.0
2025,151,13.9,7.0,10.1,0.2,27.7,0.0
2025,152,17.8,5.9,11.6,0.0,30.81,0.0
2025,153,23.8,5.1,14.9,0.0,29.97,0.0
2025,154,28.9,14.6,21.7,0.0,28.7,0.0
2025,155,25.1,13.6,19.4,4.7,13.23,0.0
2025,156,20.5,12.2,15.9,2.7,27.85,0.0
2025,157,20.5,9.2,14.6,0.0,25.6,0.0
2025,158,20.5,9.9,15.1,0.0,30.02,0.0
2025,159,24.1,10.9,17.7,0.9,24.05,0.0
2025,160,23.5,14.4,18.8,3.4,26.29,0.0
2025,161,21.0,12.1,16.7,0.2,28.21,0.0
2025,162,28.9,12.0,19.7,0.0,29.48,0.0
2025,163,21.0,13.3,16.1,0.0,20.89,0.0
2025,164,20.1,10.6,14.3,0.0,23.93,0.0
2025,165,21.1,11.4,15.6,0.0,28.51,0.0
2025,166,22.1,11.1,16.5,0.0,24.29,0.0
2025,167,27.4,13.2,20.2,0.0,28.07,0.0
2025,168,31.5,18.3,24.3,2.5,27.64,0.0
2025,169,23.0,15.1,18.6,14.6,14.84,0.0
2025,170,21.8,13.1,17.5,23.2,12.08,0.0
2025,171,24.2,14.4,18.9,2.0,17.34,0.0
2025,172,29.7,18.5,23.1,25.2,16.14,0.0
2025,173,32.0,22.5,27.8,1.4,28.84,0.0
2025,174,32.0,24.8,28.4,0.0,29.46,0.0
2025,175,28.8,20.0,25.0,1.5,23.31,0.0
2025,176,22.5,15.5,18.5,12.5,21.63,0.0
2025,177,25.4,14.7,19.6,8.9,23.99,0.0
2025,178,30.0,17.7,23.2,20.9,25.78,0.0
2025,179,24.1,17.9,21.0,0.2,22.98,0.0
2025,180,28.7,14.8,22.0,0.0,28.78,0.0
2025,181,27.4,20.6,23.2,13.0,21.59,0.0
2025,182,25.7,19.0,22.4,0.5,28.17,0.0
2025,183,27.0,17.6,22.0,1.2,27.28,0.0
2025,184,22.9,14.9,19.4,0.0,29.61,0.0
2025,185,28.5,11.9,20.6,0.0,28.57,0.0
2025,186,30.6,20.5,25.8,0.0,27.24,0.0
2025,187,31.1,19.6,24.9,12.6,22.01,0.0
2025,188,21.3,14.6,17.9,0.0,23.23,0.0
2025,189,25.2,13.5,19.1,0.0,25.77,0.0
2025,190,25.5,17.8,21.2,3.1,23.28,0.0
2025,191,24.4,17.1,20.3,0.6,23.62,0.0
2025,192,26.8,17.0,21.3,21.1,20.3,0.0
2025,193,28.2,20.0,23.5,11.5,20.35,0.0
2025,194,25.8,19.9,22.9,0.0,28.41,0.0
2025,195,26.5,16.9,22.1,0.0,29.01,0.0
2025,196,29.0,17.9,23.6,0.0,27.98,0.0
2025,197,28.0,19.7,23.6,21.3,22.89,0.0
2025,198,22.2,13.3,19.6,8.7,12.99,0.0
2025,199,21.9,12.1,17.1,0.0,28.96,0.0
2025,200,25.2,15.1,20.2,2.2,16.73,0.0
2025,201,23.6,17.3,20.4,0.9,25.06,0.0
2025,202,20.0,12.3,17.3,0.0,28.74,0.0
2025,203,24.7,10.9,17.9,0.0,28.44,0.0
2025,204,28.2,16.1,22.1,0.0,27.69,0.0
2025,205,32.7,23.0,26.9,1.5,24.27,0.0
2025,206,26.0,18.2,22.7,5.1,25.86,0.0
2025,207,26.5,17.1,21.6,18.9,13.41,0.0
2025,208,30.0,21.2,25.1,0.0,26.61,0.0
2025,209,31.2,21.5,25.7,0.0,26.4,0.0
2025,210,28.6,18.2,23.2,0.0,26.45,0.0
2025,211,24.9,17.0,20.7,3.8,16.74,0.0
2025,212,22.0,15.1,18.4,0.0,25.28,0.0
2025,213,22.4,13.9,18.0,0.0,25.39,0.0
2025,214,25.2,12.1,18.7,0.0,26.9,0.0
2025,215,25.7,14.6,20.4,0.1,25.72,0.0
2025,216,25.9,15.6,20.5,0.1,23.7,0.0
2025,217,24.9,16.5,20.3,0.0,25.23,0.0
2025,218,27.5,17.9,22.5,0.0,23.9,0.0
2025,219,28.0,18.4,22.4,8.8,23.19,0.0
2025,220,30.1,20.1,24.4,0.8,21.68,0.0
2025,221,31.2,21.8,26.3,0.0,23.89,0.0
2025,222,31.6,22.6,27.1,0.0,23.89,0.0
2025,223,31.8,23.1,26.8,0.5,22.4,0.0
2025,224,30.0,19.5,24.2,16.2,21.09,0.0
2025,225,25.1,19.5,22.0,0.7,24.75,0.0
2025,226,25.3,17.6,21.0,0.0,25.37,0.0
2025,227,29.4,17.0,22.8,0.0,21.18,0.0
2025,228,28.1,20.3,23.7,22.5,17.98,0.0
2025,229,22.0,15.4,20.1,1.5,19.17,0.0
2025,230,23.2,13.4,18.4,0.0,23.13,0.0
2025,231,19.9,16.1,18.3,17.1,6.43,0.0
2025,232,21.1,17.6,19.0,0.1,16.55,0.0
2025,233,22.8,15.9,19.3,0.5,20.64,0.0
2025,234,25.6,13.3,19.4,0.0,22.29,0.0
2025,235,25.4,17.3,21.0,3.3,18.22,0.0
2025,236,22.2,14.6,18.0,0.6,21.22,0.0
2025,237,19.7,12.6,15.9,1.3,18.71,0.0
2025,238,18.9,10.6,14.8,0.3,19.44,0.0
2025,239,22.4,10.1,16.2,0.0,23.64,0.0
2025,240,18.6,13.7,16.2,5.6,14.21,0.0
2025,241,16.8,10.8,13.7,0.4,19.47,0.0
2025,242,19.3,7.5,13.7,0.0,21.87,0.0
2025,243,23.2,9.2,15.9,0.0,22.18,0.0
2025,244,24.0,12.0,17.4,0.0,22.35,0.0
2025,245,25.1,12.2,18.4,0.0,22.1,0.0
2025,246,25.5,14.8,18.5,4.7,13.52,0.0
2025,247,17.4,9.6,13.5,0.3,19.43,0.0
2025,248,19.2,10.5,14.5,1.8,18.34,0.0
2025,249,17.5,8.9,13.1,1.1,13.13,0.0
2025,250,17.1,7.4,12.4,0.0,18.42,0.0
2025,251,19.5,6.5,13.1,0.0,21.7,0.0
2025,252,23.9,10.2,16.6,0.0,20.38,0.0
2025,253,24.4,12.4,17.8,0.0,17.25,0.0
2025,254,24.4,12.4,17.6,0.0,19.2,0.0
2025,255,26.4,11.9,18.2,0.4,18.98,0.0
2025,256,26.8,16.0,20.5,0.0,17.7,0.0
2025,257,27.2,14.4,19.6,0.0,19.0,0.0
2025,258,27.0,14.0,19.4,0.0,19.48,0.0
2025,259,25.4,13.6,18.8,0.0,20.01,0.0
2025,260,26.5,12.2,18.6,0.0,19.59,0.0
2025,261,26.3,15.4,19.6,0.0,17.88,0.0
2025,262,21.6,13.4,16.9,0.0,18.63,0.0
2025,263,22.8,12.1,17.0,0.0,17.74,0.0
2025,264,22.7,13.9,17.7,1.4,7.79,0.0
2025,265,25.5,16.6,20.2,3.1,12.88,0.0
2025,266,23.5,16.0,18.8,2.6,10.73,0.0
2025,267,22.5,15.6,17.8,19.4,11.02,0.0
2025,268,20.4,14.4,17.1,0.4,12.4,0.0
2025,269,22.6,13.8,17.3,0.5,16.44,0.0
2025,270,25.0,13.4,18.7,0.0,17.5,0.0
2025,271,21.9,12.4,17.4,0.0,17.94,0.0
2025,272,24.3,9.7,16.0,0.0,17.64,0.0
2025,273,21.5,11.6,16.2,0.0,17.16,0.0
2025,274,20.1,10.7,14.6,0.0,17.31,0.0
2025,275,22.1,8.5,14.5,0.0,15.34,0.0
2025,276,28.2,9.4,18.1,0.0,16.34,0.0
2025,277,29.4,15.1,21.9,0.0,15.6,0.0
2025,278,29.2,17.2,23.0,0.0,15.14,0.0
2025,279,28.1,16.9,22.0,0.2,15.16,0.0
2025,280,19.4,9.1,13.5,7.7,5.96,0.0
2025,281,13.1,6.0,10.1,0.0,14.71,0.0
2025,282,14.1,3.0,8.3,0.0,12.92,0.0
2025,283,18.1,4.3,11.0,1.5,13.1,0.0
2025,284,15.9,9.5,12.1,0.5,10.16,0.0
2025,285,18.8,7.5,12.8,0.0,14.65,0.0
2025,286,20.9,9.7,14.4,0.0,14.55,0.0
2025,287,17.0,9.2,13.0,0.0,13.25,0.0
2025,288,14.1,6.4,10.9,3.8,11.89,0.0
2025,289,15.6,4.7,9.4,0.0,14.43,0.0
2025,290,18.6,6.8,12.4,0.3,7.7,0.0
2025,291,23.9,13.0,17.1,5.1,10.09,0.0
2025,292,17.1,9.5,13.9,35.9,2.85,0.0
2025,293,13.8,6.8,9.8,0.0,13.65,0.0
2025,294,14.9,6.6,9.7,5.4,11.25,0.0
2025,295,11.1,4.4,7.4,1.6,8.13,0.0
2025,296,10.1,5.5,7.2,1.1,9.26,0.0
2025,297,9.2,4.2,6.7,0.0,8.27,0.0
2025,298,9.9,3.2,6.0,0.0,10.12,0.0
2025,299,10.1,0.7,4.9,0.0,12.04,0.0
2025,300,10.8,0.4,5.4,0.0,12.59,0.0
2025,301,12.8,4.4,8.0,0.0,12.42,0.0
2025,302,12.2,4.4,7.5,0.0,12.06,0.0
2025,303,11.4,4.2,7.6,0.0,7.93,0.0
2025,304,10.4,4.9,7.2,0.0,9.87,0.0
2025,305,9.5,2.5,5.5,0.0,11.28,0.0
2025,306,12.1,-0.1,5.7,0.0,11.37,0.0
2025,307,12.8,6.2,8.9,2.5,9.01,0.0
2025,308,12.4,4.7,7.9,0.0,9.28,0.0
2025,309,11.6,5.3,8.8,0.7,3.82,0.0
2025,310,8.2,1.4,4.6,0.0,10.03,0.0
2025,311,11.2,4.7,8.0,6.0,3.29,0.0
2025,312,5.2,1.2,2.5,0.0,4.62,0.0
2025,313,3.0,-0.1,1.4,2.8,4.4,0.0
2025,314,-0.4,-3.2,-1.9,3.7,6.92,0.0
2025,315,2.3,-2.2,-0.1,0.2,7.14,0.0
2025,316,8.3,0.7,4.7,0.5,6.45,0.0
2025,317,8.6,1.7,4.7,0.0,8.8,0.0
2025,318,11.9,-0.6,4.6,0.0,7.59,0.0
2025,319,16.1,4.8,9.6,0.2,3.46,0.0
2025,320,6.1,1.1,3.6,0.3,6.55,0.0
2025,321,3.9,-0.9,1.2,0.0,4.47,0.0
2025,322,4.4,-3.1,-0.3,0.0,8.09,0.0
2025,323,5.1,-2.0,0.6,0.0,8.67,0.0
2025,324,5.9,-2.0,2.3,0.2,4.13,0.0
2025,325,8.2,1.9,5.8,1.0,6.04,0.0
2025,326,4.3,0.0,2.4,0.0,7.28,0.0
2025,327,9.1,2.5,5.0,0.0,8.38,0.0
2025,328,10.1,-2.0,3.5,0.0,7.75,0.0
2025,329,8.5,5.8,7.0,3.1,2.02,0.0
2025,330,8.9,0.3,4.7,1.7,3.49,0.0
2025,331,1.4,-1.5,0.1,0.9,5.46,0.0
2025,332,0.1,-2.8,-1.7,0.0,7.2,0.0
2025,333,-0.4,-4.3,-2.3,2.8,4.73,0.0
2025,334,0.4,-4.4,-0.8,11.7,4.82,0.0
2025,335,-3.0,-7.5,-4.6,0.7,5.88,0.0
2025,336,-2.7,-9.9,-5.6,0.7,7.86,0.0
2025,337,-1.8,-6.2,-3.8,1.0,3.24,0.0
2025,338,-3.5,-12.2,-8.1,0.1,5.45,0.0
2025,339,-3.0,-12.3,-7.5,0.0,5.2,0.0
2025,340,-0.9,-4.2,-2.3,0.1,2.75,0.0
2025,341,-3.7,-8.2,-5.2,1.4,3.87,0.0
2025,342,-4.3,-11.5,-8.0,0.0,8.0,0.0
2025,343,-1.2,-9.6,-5.4,3.0,1.93,0.0
2025,344,0.2,-7.4,-2.4,10.8,3.81,0.0
2025,345,-3.8,-8.1,-6.0,0.8,6.61,0.0
2025,346,-3.8,-13.9,-7.7,0.2,6.09,0.0
2025,347,-3.0,-13.4,-8.1,0.9,4.97,0.0
2025,348,-9.8,-13.8,-11.9,0.0,6.03,0.0
2025,349,-6.7,-12.1,-8.8,1.7,3.68,0.0
2025,350,0.3,-10.8,-5.7,0.0,6.58,0.0
2025,351,2.8,-3.4,0.7,0.0,4.94,0.0
2025,352,8.8,-0.8,4.6,11.9,3.73,0.0
2025,353,3.8,-5.7,-2.6,3.4,2.57,0.0
2025,354,3.4,-6.6,-1.7,0.0,3.72,0.0
2025,355,-2.5,-8.3,-6.6,0.0,4.42,0.0
2025,356,2.7,-7.6,-2.1,0.6,2.82,0.0
2025,357,6.9,0.4,2.4,2.6,5.49,0.0
2025,358,1.5,-2.1,-0.2,0.0,4.47,0.0
2025,359,1.5,-3.5,-1.1,0.0,3.95,0.0
2025,360,0.2,-2.9,-1.4,8.1,1.36,0.0
2025,361,0.1,-2.4,-0.9,0.0,3.24,0.0
2025,362,2.6,-3.0,0.4,17.7,0.9,0.0
2025,363,9.2,-7.3,-2.1,3.5,2.1,0.0
2025,364,-6.2,-7.1,-6.5,0.0,2.97,0.0
2025,365,-4.7,-9.9,-6.3,3.4,2.24,0.0
2026,1,-8.1,-10.6,-9.3,0.2,4.15,0.0
