year,jday,high,low,avg,precip,Hday,irrigation
2000,1,6.5,-4.3,0.1,0.0,8.23,0.0
2000,2,10.7,0.4,6.1,1.9,3.42,0.0
2000,3,10.7,1.3,4.9,17.5,1.47,0.0
2000,4,11.0,-2.9,5.0,16.9,3.3,0.0
2000,5,-3.6,-6.8,-5.3,0.0,4.17,0.0
2000,6,2.7,-6.8,-2.3,0.0,5.99,0.0
2000,7,-0.7,-4.6,-2.1,1.2,6.7,0.0
2000,8,3.7,-5.0,-1.8,0.0,8.7,0.0
2000,9,4.5,-1.6,0.8,2.1,2.93,0.0
2000,10,3.7,-1.6,1.6,6.6,1.58,0.0
2000,11,3.2,-1.6,0.8,3.2,5.9,0.0
2000,12,-1.7,-3.7,-2.7,1.0,6.59,0.0
2000,13,-3.1,-14.7,-8.1,10.8,3.87,0.0
2000,14,-10.0,-16.3,-13.4,0.0,7.28,0.0
2000,15,-3.4,-16.2,-9.8,0.0,8.39,0.0
2000,16,1.0,-14.3,-4.6,0.5,5.01,0.0
2000,17,-15.4,-20.8,-18.2,0.0,8.81,0.0
2000,18,-9.6,-20.5,-15.7,0.0,7.03,0.0
2000,19,-4.9,-19.7,-11.9,0.0,5.82,0.0
2000,20,-5.7,-14.0,-8.8,8.1,3.57,0.0
2000,21,-15.1,-20.1,-17.5,0.0,8.69,0.0
2000,22,-12.5,-21.4,-17.7,0.0,9.16,0.0
2000,23,-1.7,-18.4,-8.7,0.2,8.19,0.0
2000,24,-2.8,-14.9,-9.3,0.5,9.28,0.0
2000,25,-7.1,-18.6,-12.3,0.8,4.6,0.0
2000,26,-9.4,-14.3,-11.3,0.2,5.62,0.0
2000,27,-14.8,-18.4,-16.5,0.0,8.46,0.0
2000,28,-12.1,-18.6,-15.9,0.0,9.72,0.0
2000,29,-4.3,-19.9,-12.2,0.0,11.0,0.0
2000,30,1.0,-13.9,-5.5,5.0,5.02,0.0
2000,31,-3.0,-7.8,-5.3,3.1,7.07,0.0
2000,32,-4.5,-9.9,-7.3,4.2,5.79,0.0
2000,33,-10.5,-14.2,-12.5,0.4,11.37,0.0
2000,34,-2.5,-13.9,-6.8,0.4,4.79,0.0
2000,35,-3.1,-9.9,-6.5,0.3,6.93,0.0
2000,36,-4.0,-14.1,-8.9,1.0,12.23,0.0
2000,37,-4.6,-11.7,-7.8,0.3,12.79,0.0
2000,38,-3.3,-13.4,-5.9,0.2,7.36,0.0
2000,39,-3.7,-23.5,-12.3,0.0,13.46,0.0
2000,40,4.6,-6.2,-0.2,0.0,10.64,0.0
2000,41,4.6,-1.8,0.6,2.4,6.38,0.0
2000,42,3.2,-12.9,-4.2,4.5,5.59,0.0
2000,43,-5.5,-17.0,-11.7,0.0,12.97,0.0
2000,44,0.0,-12.8,-5.2,5.8,5.6,0.0
2000,45,-0.6,-5.7,-3.0,13.4,2.83,0.0
2000,46,-2.4,-10.4,-6.7,0.0,13.69,0.0
2000,47,2.6,-8.1,-0.9,1.7,4.48,0.0
2000,48,-5.8,-16.5,-11.6,0.0,14.52,0.0
2000,49,-1.8,-12.7,-5.7,7.1,4.01,0.0
2000,50,-4.0,-7.5,-5.8,4.8,7.59,0.0
2000,51,-3.6,-6.8,-5.3,0.6,6.52,0.0
2000,52,1.5,-6.0,-3.2,0.0,13.05,0.0
2000,53,7.9,-2.0,2.5,0.0,12.68,0.0
2000,54,9.3,3.9,5.6,0.0,5.6,0.0
2000,55,10.0,2.9,5.7,5.1,9.57,0.0
2000,56,9.4,1.9,6.3,4.9,4.35,0.0
2000,57,14.4,1.0,7.2,0.0,12.18,0.0
2000,58,12.0,2.9,8.2,4.2,4.89,0.0
2000,59,2.5,-1.9,0.8,0.5,9.03,0.0
2000,60,8.2,-4.1,1.1,0.0,15.92,0.0
2000,61,11.3,0.3,5.4,4.7,7.96,0.0
2000,62,0.2,-3.0,-1.8,3.3,6.19,0.0
2000,63,1.5,-6.1,-2.7,0.0,16.3,0.0
2000,64,6.0,-4.7,-0.1,0.0,15.56,0.0
2000,65,4.8,-2.2,0.4,0.0,13.64,0.0
2000,66,6.8,-2.7,0.8,0.0,17.16,0.0
2000,67,16.8,-1.6,7.3,0.0,14.26,0.0
2000,68,19.9,7.8,12.4,0.0,14.38,0.0
2000,69,17.6,5.8,13.0,8.4,13.06,0.0
2000,70,3.4,-3.3,-1.6,1.4,4.95,0.0
2000,71,2.3,-3.4,-1.8,5.6,7.19,0.0
2000,72,-0.9,-7.9,-3.6,10.5,9.52,0.0
2000,73,1.0,-10.2,-4.5,0.0,18.19,0.0
2000,74,5.8,-1.3,1.0,0.6,13.75,0.0
2000,75,13.5,-0.9,5.2,3.5,9.69,0.0
2000,76,10.7,-3.8,2.9,13.6,2.18,0.0
2000,77,-4.1,-11.4,-6.6,3.2,19.12,0.0
2000,78,1.4,-16.0,-7.2,0.0,21.52,0.0
2000,79,6.5,-4.7,0.3,0.0,19.16,0.0
2000,80,9.4,0.9,4.1,0.0,15.51,0.0
2000,81,6.6,0.4,2.7,4.9,7.28,0.0
2000,82,12.5,0.1,5.9,0.0,15.56,0.0
2000,83,13.5,1.3,7.1,0.0,14.7,0.0
2000,84,16.9,2.1,9.2,0.0,21.14,0.0
2000,85,17.5,7.2,11.1,0.4,16.21,0.0
2000,86,7.2,1.6,5.1,0.0,19.52,0.0
2000,87,9.9,0.2,4.3,1.8,7.2,0.0
2000,88,7.3,-0.6,2.8,1.1,18.96,0.0
2000,89,2.5,-0.4,1.2,5.3,7.59,0.0
2000,90,3.5,-2.2,0.6,1.2,13.45,0.0
2000,91,7.8,-2.5,2.1,0.0,22.87,0.0
2000,92,14.3,-1.2,6.0,0.0,21.35,0.0
2000,93,10.1,5.2,7.3,5.9,3.46,0.0
2000,94,14.8,6.3,9.5,15.9,5.72,0.0
2000,95,10.8,-1.2,6.0,16.5,7.71,0.0
2000,96,0.9,-3.6,-1.4,0.2,13.63,0.0
2000,97,10.5,-1.6,5.2,1.3,17.24,0.0
2000,98,12.2,0.3,5.8,5.9,19.73,0.0
2000,99,7.0,-3.1,3.4,27.8,2.46,0.0
2000,100,3.2,-4.8,-1.6,1.2,23.17,0.0
2000,101,1.3,-2.3,-1.0,0.7,18.29,0.0
2000,102,2.2,-3.0,-0.7,9.5,5.29,0.0
2000,103,1.3,-4.4,-1.8,2.4,21.47,0.0
2000,104,6.7,-5.4,-0.3,0.0,25.78,0.0
2000,105,17.4,-3.0,7.2,0.0,24.2,0.0
2000,106,20.3,7.7,13.6,0.0,20.67,0.0
2000,107,11.1,3.9,8.5,0.0,13.79,0.0
2000,108,5.0,1.3,3.3,4.3,5.77,0.0
2000,109,6.6,3.0,4.5,0.8,3.98,0.0
2000,110,13.6,4.4,8.4,0.0,9.46,0.0
2000,111,11.4,5.7,8.9,13.9,6.6,0.0
2000,112,13.8,8.3,10.4,12.0,8.53,0.0
2000,113,8.0,1.7,4.4,6.6,5.19,0.0
2000,114,6.0,1.7,3.6,1.7,8.3,0.0
2000,115,13.1,1.6,6.7,0.0,26.91,0.0
2000,116,10.3,0.3,5.1,0.0,27.78,0.0
2000,117,8.7,-1.5,3.6,0.0,23.48,0.0
2000,118,8.2,1.6,4.6,0.0,13.89,0.0
2000,119,14.6,-1.0,6.9,0.0,26.98,0.0
2000,120,16.6,1.4,9.4,0.0,27.58,0.0
2000,121,11.4,2.2,7.0,0.0,28.45,0.0
2000,122,16.5,3.5,9.0,6.6,10.71,0.0
2000,123,12.5,4.7,8.2,0.3,23.66,0.0
2000,124,18.5,2.4,10.4,0.0,28.2,0.0
2000,125,21.8,8.0,14.5,3.5,19.12,0.0
2000,126,23.1,14.9,18.1,0.2,22.98,0.0
2000,127,23.9,14.6,19.1,0.0,24.38,0.0
2000,128,24.6,16.1,20.0,0.0,25.77,0.0
2000,129,24.1,16.3,20.3,1.4,20.52,0.0
2000,130,24.5,17.7,20.6,3.7,17.49,0.0
2000,131,20.3,8.9,15.1,14.2,15.9,0.0
2000,132,18.2,7.1,12.4,0.8,24.37,0.0
2000,133,22.0,10.5,15.6,11.1,9.51,0.0
2000,134,22.1,12.0,17.2,8.9,13.04,0.0
2000,135,10.8,6.3,8.8,0.1,16.81,0.0
2000,136,10.8,3.7,7.4,1.0,24.85,0.0
2000,137,14.9,2.6,9.2,0.4,20.64,0.0
2000,138,18.1,6.6,12.8,0.1,20.38,0.0
2000,139,20.8,9.6,14.4,12.5,8.23,0.0
2000,140,9.1,5.0,6.4,16.4,4.7,0.0
2000,141,12.5,7.1,8.8,4.1,4.42,0.0
2000,142,12.6,7.4,9.5,0.0,6.9,0.0
2000,143,15.9,7.3,11.9,0.0,15.91,0.0
2000,144,18.1,7.3,12.1,9.4,13.07,0.0
2000,145,19.9,12.3,14.9,7.5,19.79,0.0
2000,146,15.0,9.1,11.9,5.6,21.96,0.0
2000,147,13.9,6.4,10.4,0.0,17.74,0.0
2000,148,17.2,7.2,11.9,0.0,24.35,0.0
2000,149,16.4,6.0,10.5,0.0,21.43,0.0
2000,150,16.5,7.2,11.8,0.0,16.79,0.0
2000,151,19.1,8.6,13.9,0.0,21.64,0.0
2000,152,25.6,10.7,17.3,0.9,23.64,0.0
2000,153,23.6,15.5,18.8,0.7,25.23,0.0
2000,154,22.2,12.5,18.4,9.0,13.97,0.0
2000,155,15.7,8.6,11.8,0.0,28.07,0.0
2000,156,16.4,5.7,11.3,0.0,16.32,0.0
2000,157,13.0,7.7,9.6,7.1,7.47,0.0
2000,158,13.2,8.6,10.2,3.0,10.12,0.0
2000,159,18.2,7.1,13.0,0.8,26.52,0.0
2000,160,21.9,12.0,16.7,0.1,22.99,0.0
2000,161,23.7,16.8,19.8,0.0,20.51,0.0
2000,162,26.9,17.7,21.8,0.0,30.07,0.0
2000,163,26.0,18.7,21.6,7.0,18.61,0.0
2000,164,18.4,12.7,15.3,5.3,8.59,0.0
2000,165,24.9,13.8,18.4,20.7,13.08,0.0
2000,166,28.0,17.7,22.0,1.8,25.69,0.0
2000,167,25.4,17.8,20.8,16.8,18.99,0.0
2000,168,25.3,16.3,20.5,3.3,23.41,0.0
2000,169,21.2,14.3,18.7,5.8,18.71,0.0
2000,170,13.4,9.7,11.3,9.2,5.86,0.0
2000,171,21.3,7.0,14.3,0.0,29.26,0.0
2000,172,24.2,12.5,18.3,0.0,26.01,0.0
2000,173,24.1,18.0,20.0,10.6,14.09,0.0
2000,174,22.4,16.2,18.7,0.4,22.38,0.0
2000,175,21.1,12.5,16.9,0.0,21.66,0.0
2000,176,25.7,12.5,19.1,0.0,20.54,0.0
2000,177,23.6,18.2,21.1,4.4,14.77,0.0
2000,178,25.9,15.7,21.1,0.0,24.58,0.0
2000,179,22.1,15.5,18.8,2.0,26.09,0.0
2000,180,21.3,11.6,16.6,0.2,22.01,0.0
2000,181,18.4,12.3,14.8,9.2,16.79,0.0
2000,182,19.4,11.1,15.1,0.1,23.32,0.0
2000,183,22.2,12.5,17.5,0.0,24.79,0.0
2000,184,24.2,13.8,19.1,0.0,26.27,0.0
2000,185,19.3,15.9,17.9,15.9,8.17,0.0
2000,186,23.6,17.2,19.5,2.2,21.95,0.0
2000,187,21.7,12.6,17.2,0.0,28.46,0.0
2000,188,19.6,10.4,15.3,0.9,22.44,0.0
2000,189,17.0,10.2,13.8,0.0,24.13,0.0
2000,190,21.1,9.6,15.5,0.0,27.32,0.0
2000,191,24.3,11.9,18.0,3.6,16.73,0.0
2000,192,22.1,16.2,19.2,9.0,19.78,0.0
2000,193,20.6,13.0,16.9,0.0,28.35,0.0
2000,194,22.7,12.8,17.6,0.0,28.23,0.0
2000,195,25.0,12.8,18.6,0.0,24.4,0.0
2000,196,23.0,13.7,18.0,11.8,20.0,0.0
2000,197,19.8,14.9,16.7,4.8,12.36,0.0
2000,198,21.3,13.6,16.7,4.1,16.64,0.0
2000,199,22.9,14.0,18.4,1.0,20.78,0.0
2000,200,18.0,14.3,16.4,1.5,16.7,0.0
2000,201,17.4,12.4,14.6,0.0,10.76,0.0
2000,202,20.2,8.2,14.8,0.0,23.6,0.0
2000,203,19.4,12.5,15.2,10.1,17.87,0.0
2000,204,17.8,11.0,14.7,0.1,21.93,0.0
2000,205,19.0,10.2,14.9,0.0,19.18,0.0
2000,206,21.1,11.3,16.5,0.0,20.18,0.0
2000,207,23.3,11.9,18.0,0.1,23.32,0.0
2000,208,23.2,13.6,18.6,0.7,22.38,0.0
2000,209,24.3,14.2,19.3,0.2,23.22,0.0
2000,210,26.3,14.6,20.1,2.2,22.21,0.0
2000,211,24.7,16.5,19.9,1.1,19.72,0.0
2000,212,22.7,17.1,19.1,9.9,11.38,0.0
2000,213,25.6,18.9,21.3,6.8,15.06,0.0
2000,214,25.9,18.9,21.0,10.4,19.88,0.0
2000,215,25.3,18.2,21.1,1.9,21.62,0.0
2000,216,20.5,14.9,18.8,7.9,11.33,0.0
2000,217,20.3,10.9,15.6,0.0,25.01,0.0
2000,218,21.6,11.5,16.6,0.0,23.89,0.0
2000,219,19.2,12.5,15.8,8.5,5.67,0.0
2000,220,24.1,18.1,20.5,16.1,16.87,0.0
2000,221,25.9,17.1,21.2,0.0,24.11,0.0
2000,222,25.4,17.6,20.5,14.0,20.57,0.0
2000,223,21.8,15.9,18.6,0.6,20.03,0.0
2000,224,19.6,14.6,16.9,15.7,15.12,0.0
2000,225,17.6,12.9,15.1,9.0,11.24,0.0
2000,226,21.0,12.3,16.8,0.2,18.04,0.0
2000,227,23.1,12.2,17.7,0.0,20.51,0.0
2000,228,25.3,15.4,20.0,3.9,18.57,0.0
2000,229,19.0,14.2,16.9,3.0,19.2,0.0
2000,230,17.3,11.2,14.0,0.0,19.71,0.0
2000,231,18.1,9.6,13.7,0.2,11.87,0.0
2000,232,17.1,12.1,14.1,1.1,18.55,0.0
2000,233,15.2,8.3,11.7,0.0,21.24,0.0
2000,234,19.0,5.8,12.7,0.0,22.92,0.0
2000,235,23.2,10.3,16.6,0.0,23.76,0.0
2000,236,21.2,15.3,17.5,17.3,9.0,0.0
2000,237,21.6,13.8,17.2,0.2,21.03,0.0
2000,238,21.8,11.0,16.9,0.0,18.9,0.0
2000,239,22.6,12.1,17.2,0.0,16.32,0.0
2000,240,22.4,15.0,18.1,0.2,10.95,0.0
2000,241,23.9,15.7,19.1,0.0,16.51,0.0
2000,242,25.0,16.2,20.0,0.0,19.77,0.0
2000,243,25.2,16.6,20.4,0.1,16.56,0.0
2000,244,27.0,16.5,21.2,0.0,20.16,0.0
2000,245,26.6,18.8,21.9,0.2,15.18,0.0
2000,246,26.6,18.1,21.0,10.8,15.5,0.0
2000,247,24.0,17.5,20.2,1.6,10.95,0.0
2000,248,18.8,10.8,14.8,3.0,3.38,0.0
2000,249,13.4,8.0,10.2,0.0,19.06,0.0
2000,250,19.5,5.6,12.3,0.0,23.21,0.0
2000,251,21.9,8.9,14.8,0.0,22.81,0.0
2000,252,23.4,13.4,18.0,0.0,15.63,0.0
2000,253,22.0,15.8,18.5,5.8,9.15,0.0
2000,254,25.0,15.7,19.8,2.2,15.06,0.0
2000,255,23.5,18.0,19.9,10.9,10.56,0.0
2000,256,24.1,15.7,19.7,6.6,10.82,0.0
2000,257,17.6,10.3,14.0,0.0,20.87,0.0
2000,258,21.2,10.4,14.9,11.6,15.09,0.0
2000,259,13.4,8.3,10.9,21.4,11.15,0.0
2000,260,11.3,6.6,8.9,0.3,15.3,0.0
2000,261,17.8,7.5,12.5,0.0,19.23,0.0
2000,262,20.5,11.1,15.6,0.0,18.76,0.0
2000,263,23.0,13.5,17.3,0.0,18.04,0.0
2000,264,24.9,14.3,19.1,0.0,18.32,0.0
2000,265,20.2,10.4,12.7,6.4,12.34,0.0
2000,266,14.7,7.4,11.0,0.4,14.75,0.0
2000,267,20.2,10.7,15.1,11.1,6.46,0.0
2000,268,17.5,9.3,12.3,3.7,5.77,0.0
2000,269,11.1,5.4,7.9,0.0,13.83,0.0
2000,270,13.0,5.7,8.3,0.0,10.92,0.0
2000,271,17.3,6.3,11.2,0.8,17.77,0.0
2000,272,9.7,2.1,6.0,2.3,14.94,0.0
2000,273,14.3,-0.7,6.4,0.0,18.06,0.0
2000,274,18.4,6.1,11.4,0.0,17.47,0.0
2000,275,18.8,9.8,13.5,0.0,14.05,0.0
2000,276,21.9,9.9,15.5,0.0,16.47,0.0
2000,277,18.0,11.4,15.7,0.0,14.07,0.0
2000,278,14.0,8.7,10.6,11.3,5.91,0.0
2000,279,10.8,7.3,8.8,13.5,3.83,0.0
2000,280,9.8,6.2,8.7,0.5,3.78,0.0
2000,281,7.2,2.0,4.6,0.3,13.64,0.0
2000,282,5.4,0.2,2.1,3.6,12.89,0.0
2000,283,4.0,-1.9,0.9,0.9,11.3,0.0
2000,284,7.8,-0.1,4.0,0.0,10.36,0.0
2000,285,13.2,5.8,8.7,0.0,15.62,0.0
2000,286,15.8,5.6,9.8,0.0,16.02,0.0
2000,287,17.6,7.8,12.3,0.0,13.19,0.0
2000,288,20.4,10.8,14.8,0.4,13.54,0.0
2000,289,16.6,9.8,13.1,0.7,6.58,0.0
2000,290,15.3,7.6,10.6,3.5,10.68,0.0
2000,291,14.2,7.5,10.4,5.1,5.95,0.0
2000,292,13.1,8.0,10.1,4.4,9.65,0.0
2000,293,12.1,5.9,8.8,0.0,12.3,0.0
2000,294,19.0,4.1,10.7,0.0,13.76,0.0
2000,295,17.0,8.1,12.3,0.0,12.27,0.0
2000,296,10.8,3.3,6.6,0.0,14.09,0.0
2000,297,16.2,1.5,7.9,0.0,13.31,0.0
2000,298,16.7,7.8,11.9,1.8,6.17,0.0
2000,299,15.5,12.0,13.4,0.6,3.13,0.0
2000,300,19.8,10.2,14.4,0.0,10.68,0.0
2000,301,20.1,11.6,14.8,1.8,11.44,0.0
2000,302,12.1,2.0,4.8,0.1,12.87,0.0
2000,303,5.5,-0.8,2.1,0.0,12.97,0.0
2000,304,7.4,0.0,2.8,0.0,12.54,0.0
2000,305,8.0,-0.9,2.9,0.0,12.09,0.0
2000,306,10.2,-0.2,4.6,0.0,12.03,0.0
2000,307,12.8,0.3,5.6,0.0,11.98,0.0
2000,308,11.6,2.0,7.1,2.5,5.27,0.0
2000,309,7.4,2.5,5.0,1.5,4.92,0.0
2000,310,5.4,0.4,2.4,1.3,9.1,0.0
2000,311,6.6,-1.9,1.5,0.0,11.62,0.0
2000,312,11.3,-1.2,3.9,0.1,6.39,0.0
2000,313,15.6,7.1,10.3,0.0,6.61,0.0
2000,314,15.3,8.1,11.6,11.1,3.73,0.0
2000,315,12.8,4.8,9.4,7.9,1.13,0.0
2000,316,4.6,2.8,3.7,0.0,3.17,0.0
2000,317,4.7,0.8,2.2,0.0,5.89,0.0
2000,318,8.9,-0.4,3.8,0.6,4.6,0.0
2000,319,5.2,-0.1,2.5,1.8,7.41,0.0
2000,320,2.2,-1.3,-0.0,1.4,7.12,0.0
2000,321,4.3,-2.3,1.1,0.2,4.37,0.0
2000,322,2.6,-2.2,0.1,2.8,7.35,0.0
2000,323,-0.1,-3.8,-2.1,0.6,6.19,0.0
2000,324,-0.5,-7.3,-4.3,0.4,6.53,0.0
2000,325,0.6,-5.8,-3.7,2.6,8.53,0.0
2000,326,-2.5,-7.4,-4.4,2.7,6.7,0.0
2000,327,-5.5,-10.2,-7.9,2.1,6.15,0.0
2000,328,-6.9,-16.7,-10.0,0.5,6.3,0.0
2000,329,-3.0,-18.6,-11.2,0.0,9.09,0.0
2000,330,3.6,-7.2,-2.0,1.0,7.61,0.0
2000,331,3.4,1.4,2.6,15.3,0.95,0.0
2000,332,3.0,0.7,1.8,1.0,2.23,0.0
2000,333,1.3,-1.0,0.3,2.7,2.6,0.0
2000,334,2.3,-1.6,-0.2,1.9,5.01,0.0
2000,335,-1.4,-5.0,-2.5,3.0,3.66,0.0
2000,336,-3.6,-6.2,-5.1,0.0,4.74,0.0
2000,337,-6.2,-10.1,-8.0,0.0,5.66,0.0
2000,338,-2.7,-13.8,-8.8,0.0,8.32,0.0
2000,339,1.5,-11.3,-5.9,0.0,8.98,0.0
2000,340,-1.6,-9.4,-4.8,2.5,6.02,0.0
2000,341,-7.7,-12.8,-10.0,0.0,5.17,0.0
2000,342,-7.7,-11.8,-9.7,2.8,5.77,0.0
2000,343,-5.4,-11.6,-8.8,2.0,5.04,0.0
2000,344,-5.1,-10.4,-7.9,0.0,5.6,0.0
2000,345,0.5,-10.3,-3.9,0.0,4.28,0.0
2000,346,2.0,-2.0,-0.3,3.1,2.56,0.0
2000,347,3.4,-12.9,-5.7,7.8,4.08,0.0
2000,348,-6.3,-19.7,-12.1,1.4,5.86,0.0
2000,349,0.6,-6.4,-3.4,11.5,2.44,0.0
2000,350,-2.2,-11.8,-6.6,0.0,8.18,0.0
2000,351,5.9,-4.1,0.6,13.4,1.86,0.0
2000,352,8.4,-5.0,3.0,10.3,3.86,0.0
2000,353,-5.4,-11.6,-7.4,0.8,4.26,0.0
2000,354,-2.3,-12.7,-7.0,1.4,4.2,0.0
2000,355,-7.1,-10.9,-9.1,0.0,3.78,0.0
2000,356,-3.5,-11.9,-7.9,0.0,6.11,0.0
2000,357,-7.3,-15.5,-11.9,0.6,7.18,0.0
2000,358,-7.6,-15.1,-10.6,0.0,3.31,0.0
2000,359,-5.9,-12.0,-9.2,1.0,4.17,0.0
2000,360,-12.5,-16.0,-14.4,0.0,6.69,0.0
2000,361,-8.6,-14.8,-11.7,0.0,6.27,0.0
2000,362,-7.2,-10.7,-9.1,0.8,4.78,0.0
2000,363,-11.2,-16.4,-13.8,0.2,5.87,0.0
2000,364,-7.9,-12.8,-10.3,0.0,3.65,0.0
2000,365,-6.1,-12.3,-9.2,1.3,5.03,0.0
2000,366,-8.0,-11.1,-9.7,3.1,4.45,0.0
2001,1,-8.0,-12.4,-10.5,0.0,5.59,0.0
2001,2,-8.7,-13.4,-11.2,0.0,5.38,0.0
2001,3,-5.1,-10.1,-8.2,0.3,8.59,0.0
2001,4,-5.1,-9.3,-7.7,0.9,5.0,0.0
2001,5,-1.1,-9.6,-4.1,6.2,2.97,0.0
2001,6,-3.5,-7.3,-5.5,0.6,3.54,0.0
2001,7,-1.0,-7.1,-3.5,0.0,3.42,0.0
2001,8,-2.4,-9.0,-4.9,0.3,4.31,0.0
2001,9,-7.6,-12.6,-10.4,0.6,6.51,0.0
2001,10,-2.4,-7.2,-5.1,0.1,7.43,0.0
2001,11,-0.3,-4.0,-2.4,0.0,5.26,0.0
2001,12,-0.4,-8.0,-3.9,0.0,8.49,0.0
2001,13,1.8,-7.6,-3.1,0.0,7.08,0.0
2001,14,3.0,-7.6,-2.6,0.0,4.58,0.0
2001,15,4.5,-0.8,1.6,3.3,3.24,0.0
2001,16,-0.1,-2.4,-1.1,3.4,4.46,0.0
2001,17,-2.7,-7.9,-4.1,1.2,3.07,0.0
2001,18,1.1,-8.9,-4.0,0.0,8.76,0.0
2001,19,-2.0,-5.4,-3.0,2.4,2.6,0.0
2001,20,-6.0,-12.6,-8.6,0.0,6.87,0.0
2001,21,-6.9,-13.1,-10.5,0.0,9.23,0.0
2001,22,-3.1,-9.7,-7.4,0.0,7.21,0.0
2001,23,0.7,-9.2,-4.7,0.0,7.77,0.0
2001,24,-1.7,-5.7,-3.1,0.0,4.46,0.0
2001,25,-5.0,-9.9,-7.7,1.5,5.99,0.0
2001,26,-1.1,-11.3,-6.5,0.1,9.56,0.0
2001,27,-2.2,-7.2,-3.6,3.8,5.94,0.0
2001,28,-5.8,-9.6,-7.7,0.0,4.79,0.0
2001,29,2.2,-9.3,-4.0,0.0,9.78,0.0
2001,30,3.5,0.0,1.8,6.4,2.45,0.0
2001,31,1.2,-1.1,0.1,3.9,5.88,0.0
2001,32,0.4,-4.3,-1.9,1.0,7.13,0.0
2001,33,-1.6,-11.1,-5.2,2.1,7.51,0.0
2001,34,-8.8,-14.2,-12.0,0.0,8.29,0.0
2001,35,3.0,-13.9,-4.2,0.0,7.02,0.0
2001,36,1.7,-3.3,-1.6,0.0,5.74,0.0
2001,37,-0.2,-4.2,-2.2,3.2,4.98,0.0
2001,38,-2.5,-7.2,-3.9,0.0,5.6,0.0
2001,39,3.9,-7.9,-1.6,4.9,2.66,0.0
2001,40,13.1,2.8,7.9,8.7,7.42,0.0
2001,41,7.9,-11.5,-5.6,5.5,8.92,0.0
2001,42,-8.8,-14.0,-11.8,0.0,12.93,0.0
2001,43,3.3,-14.8,-5.9,0.0,13.15,0.0
2001,44,3.0,-5.0,-0.9,0.0,13.54,0.0
2001,45,4.8,-6.2,1.6,11.1,1.31,0.0
2001,46,-0.9,-6.4,-3.2,1.2,8.47,0.0
2001,47,1.5,-7.2,-2.9,0.0,4.28,0.0
2001,48,-3.8,-14.1,-9.4,0.8,10.41,0.0
2001,49,-7.3,-15.2,-11.6,0.0,14.83,0.0
2001,50,3.3,-9.7,-3.2,0.0,10.66,0.0
2001,51,6.6,-0.2,2.5,0.0,10.12,0.0
2001,52,-0.8,-13.9,-9.2,0.0,14.91,0.0
2001,53,-5.7,-16.2,-9.9,0.5,8.49,0.0
2001,54,-3.7,-9.2,-5.8,1.0,8.29,0.0
2001,55,-0.2,-12.4,-6.4,1.0,9.62,0.0
2001,56,10.4,-2.2,3.0,9.0,7.32,0.0
2001,57,-0.5,-3.9,-2.5,0.0,12.56,0.0
2001,58,-1.1,-7.5,-3.0,0.3,9.13,0.0
2001,59,-5.9,-10.2,-8.6,0.0,15.57,0.0
2001,60,-3.9,-10.5,-7.4,1.4,12.71,0.0
2001,61,-0.1,-7.3,-3.5,3.2,7.35,0.0
2001,62,-1.1,-7.0,-3.5,0.2,8.94,0.0
2001,63,1.7,-10.1,-3.9,5.5,8.61,0.0
2001,64,-1.0,-9.2,-4.6,10.0,6.38,0.0
2001,65,-3.2,-9.8,-6.2,8.3,6.47,0.0
2001,66,0.8,-9.1,-4.1,0.0,17.02,0.0
2001,67,1.7,-6.5,-3.1,0.4,10.84,0.0
2001,68,-0.8,-7.6,-4.7,2.9,13.33,0.0
2001,69,-1.6,-7.7,-5.1,0.0,14.62,0.0
2001,70,1.6,-7.5,-2.2,4.2,9.47,0.0
2001,71,5.8,-15.3,-4.6,1.1,18.74,0.0
2001,72,6.9,-1.4,2.4,8.3,9.25,0.0
2001,73,0.8,-4.2,-1.5,2.6,11.97,0.0
2001,74,5.6,-4.5,0.4,0.0,14.53,0.0
2001,75,0.8,-4.5,-2.0,6.8,10.26,0.0
2001,76,-2.7,-5.4,-4.3,11.4,4.02,0.0
2001,77,0.6,-9.0,-4.5,0.5,20.92,0.0
2001,78,3.1,-11.0,-4.0,0.0,21.21,0.0
2001,79,6.7,-10.7,-1.9,0.0,20.66,0.0
2001,80,3.9,-2.6,0.2,3.5,7.76,0.0
2001,81,2.4,-0.8,0.3,11.2,6.3,0.0
2001,82,4.7,-5.1,-0.3,0.2,20.79,0.0
2001,83,-0.3,-7.7,-3.4,3.4,17.06,0.0
2001,84,-5.2,-10.7,-8.1,0.1,18.12,0.0
2001,85,-6.3,-12.4,-9.8,4.2,18.08,0.0
2001,86,-3.0,-13.7,-8.4,0.0,15.75,0.0
2001,87,1.2,-8.9,-4.0,0.0,18.94,0.0
2001,88,6.4,-6.0,0.0,0.0,11.69,0.0
2001,89,1.5,-1.1,-0.1,13.2,6.93,0.0
2001,90,1.9,-2.4,-0.5,0.4,9.91,0.0
2001,91,3.3,-3.6,-0.4,0.0,11.86,0.0
2001,92,3.0,-3.3,-0.6,0.2,11.98,0.0
2001,93,5.5,-7.8,-0.3,0.0,18.85,0.0
2001,94,7.5,-7.3,0.5,0.0,23.93,0.0
2001,95,10.2,-7.0,2.4,0.0,23.7,0.0
2001,96,10.3,2.7,6.3,7.7,4.88,0.0
2001,97,11.9,2.1,6.2,0.7,7.89,0.0
2001,98,21.6,7.9,14.1,2.5,20.88,0.0
2001,99,16.5,2.8,7.9,7.6,15.87,0.0
2001,100,14.1,0.2,6.4,0.2,19.43,0.0
2001,101,15.4,5.0,9.7,0.3,11.61,0.0
2001,102,25.0,8.8,15.0,2.4,19.36,0.0
2001,103,10.0,3.3,7.3,0.0,20.92,0.0
2001,104,13.4,-1.5,5.7,0.0,23.03,0.0
2001,105,11.5,1.6,6.0,2.0,13.87,0.0
2001,106,9.4,0.4,4.5,0.9,16.74,0.0
2001,107,4.4,-1.8,1.0,6.2,12.9,0.0
2001,108,0.7,-3.9,-1.6,0.2,17.8,0.0
2001,109,6.8,-4.7,0.6,0.0,27.21,0.0
2001,110,12.8,-1.5,5.1,2.5,15.03,0.0
2001,111,15.4,4.5,9.7,7.0,5.99,0.0
2001,112,19.9,11.1,15.5,0.1,24.16,0.0
2001,113,25.4,10.2,18.0,2.0,22.21,0.0
2001,114,18.9,2.5,9.7,0.0,11.66,0.0
2001,115,11.2,-1.3,4.8,0.0,26.02,0.0
2001,116,15.2,-1.5,7.0,0.0,27.6,0.0
2001,117,15.1,4.5,8.8,2.6,21.58,0.0
2001,118,8.2,-0.2,4.1,0.0,28.65,0.0
2001,119,14.3,-2.0,6.3,0.0,28.3,0.0
2001,120,20.9,2.6,12.0,0.0,27.24,0.0
2001,121,24.5,7.9,16.1,0.0,26.02,0.0
2001,122,24.1,11.3,17.6,0.0,24.56,0.0
2001,123,24.6,12.7,18.4,0.0,25.27,0.0
2001,124,25.1,13.6,18.9,0.0,24.81,0.0
2001,125,14.5,7.1,10.6,0.9,27.57,0.0
2001,126,17.4,3.9,10.6,0.0,29.11,0.0
2001,127,20.2,7.4,12.9,0.0,29.35,0.0
2001,128,18.1,9.7,13.0,6.4,12.55,0.0
2001,129,19.8,7.1,13.8,0.0,25.92,0.0
2001,130,21.6,9.1,15.5,0.0,24.88,0.0
2001,131,23.3,12.2,17.1,0.6,22.72,0.0
2001,132,14.9,7.0,11.4,10.6,8.88,0.0
2001,133,11.8,3.4,7.5,0.0,28.05,0.0
2001,134,13.0,3.0,8.2,0.5,23.87,0.0
2001,135,16.2,4.1,10.1,0.0,30.0,0.0
2001,136,19.9,4.3,12.2,0.0,28.8,0.0
2001,137,16.9,10.2,12.2,0.9,11.27,0.0
2001,138,19.9,11.1,15.0,3.9,14.78,0.0
2001,139,19.6,8.6,14.1,0.0,26.96,0.0
2001,140,20.9,8.1,14.9,0.0,20.39,0.0
2001,141,15.1,11.5,12.9,6.1,10.89,0.0
2001,142,20.2,11.3,15.2,17.2,12.55,0.0
2001,143,18.0,8.6,13.0,9.1,23.29,0.0
2001,144,20.0,7.4,14.3,0.0,22.81,0.0
2001,145,21.1,12.7,15.4,17.0,15.67,0.0
2001,146,18.2,8.1,13.4,4.0,22.7,0.0
2001,147,18.8,9.5,12.8,5.2,18.38,0.0
2001,148,13.5,8.0,10.6,4.4,15.25,0.0
2001,149,13.5,7.5,11.0,1.1,21.88,0.0
2001,150,11.4,4.3,7.8,0.0,25.19,0.0
2001,151,14.2,3.3,8.9,0.0,30.94,0.0
2001,152,16.0,5.5,11.0,5.9,13.76,0.0
2001,153,18.1,10.3,13.1,3.4,14.75,0.0
2001,154,14.0,9.3,11.1,9.2,20.74,0.0
2001,155,14.1,8.4,11.0,0.2,13.32,0.0
2001,156,15.6,8.2,11.9,0.0,12.82,0.0
2001,157,18.0,9.1,13.6,0.0,22.23,0.0
2001,158,19.5,8.1,14.6,0.0,27.21,0.0
2001,159,19.9,8.8,14.6,0.0,29.01,0.0
2001,160,20.1,8.7,14.6,0.0,28.55,0.0
2001,161,20.5,11.0,15.8,1.3,23.34,0.0
2001,162,19.6,13.2,16.0,13.6,12.66,0.0
2001,163,25.3,12.1,17.8,2.5,24.53,0.0
2001,164,26.9,14.3,20.5,0.0,27.17,0.0
2001,165,29.3,16.1,22.9,0.0,28.7,0.0
2001,166,28.4,18.1,23.0,0.0,26.47,0.0
2001,167,22.5,17.0,19.8,9.3,11.8,0.0
2001,168,21.9,13.3,18.0,1.3,22.76,0.0
2001,169,24.8,12.7,18.7,0.0,27.23,0.0
2001,170,29.8,17.6,22.9,0.0,29.59,0.0
2001,171,23.3,15.5,18.9,0.0,20.37,0.0
2001,172,20.7,13.9,17.4,6.4,15.99,0.0
2001,173,21.3,16.0,18.4,5.6,18.19,0.0
2001,174,16.1,12.8,14.4,6.3,9.14,0.0
2001,175,20.4,11.1,16.0,0.8,23.44,0.0
2001,176,23.8,11.2,18.1,0.0,25.57,0.0
2001,177,26.3,12.6,20.0,0.0,26.76,0.0
2001,178,26.5,15.4,21.3,0.0,27.53,0.0
2001,179,26.7,17.4,22.2,0.0,26.58,0.0
2001,180,27.3,17.7,22.4,0.0,25.49,0.0
2001,181,26.0,19.0,22.3,2.6,23.41,0.0
2001,182,20.6,11.6,17.8,17.5,16.85,0.0
2001,183,15.9,7.5,12.2,0.0,28.5,0.0
2001,184,20.1,9.2,14.9,0.4,18.02,0.0
2001,185,23.1,14.5,18.1,4.9,17.67,0.0
2001,186,18.5,13.0,16.0,3.5,21.78,0.0
2001,187,17.4,10.1,13.4,0.2,16.67,0.0
2001,188,24.1,11.5,17.3,0.7,25.46,0.0
2001,189,24.0,16.4,19.6,2.6,15.91,0.0
2001,190,25.4,14.6,20.0,2.6,25.12,0.0
2001,191,23.9,16.7,19.3,5.7,22.46,0.0
2001,192,19.1,13.3,16.1,2.7,23.4,0.0
2001,193,17.7,12.1,14.6,0.0,21.32,0.0
2001,194,18.9,12.3,15.6,0.0,21.08,0.0
2001,195,19.7,12.1,16.0,0.9,19.37,0.0
2001,196,22.4,12.7,17.8,0.5,23.09,0.0
2001,197,23.3,13.4,17.9,1.5,18.04,0.0
2001,198,22.5,14.6,17.8,10.7,12.91,0.0
2001,199,25.4,15.0,19.8,0.0,26.43,0.0
2001,200,25.4,14.7,20.2,0.0,22.73,0.0
2001,201,26.5,15.2,20.8,0.0,24.31,0.0
2001,202,26.9,16.0,21.4,0.0,22.16,0.0
2001,203,27.1,16.9,21.8,1.1,24.58,0.0
2001,204,29.6,18.3,23.6,0.4,24.74,0.0
2001,205,27.6,21.4,24.2,1.7,20.7,0.0
2001,206,26.5,18.5,22.1,0.9,23.74,0.0
2001,207,20.6,13.0,17.0,4.8,26.36,0.0
2001,208,20.2,9.9,15.0,0.0,28.03,0.0
2001,209,24.4,11.0,17.5,0.0,25.71,0.0
2001,210,22.7,14.8,18.6,0.0,18.59,0.0
2001,211,21.1,15.3,18.1,0.1,12.63,0.0
2001,212,25.3,14.0,19.9,0.0,23.66,0.0
2001,213,28.7,15.1,22.0,0.0,25.04,0.0
2001,214,29.3,18.4,23.3,0.7,22.27,0.0
2001,215,25.2,19.4,22.2,5.7,17.47,0.0
2001,216,25.4,17.6,21.2,0.9,19.77,0.0
2001,217,28.6,15.4,22.6,0.0,27.45,0.0
2001,218,29.2,16.0,22.7,0.0,26.31,0.0
2001,219,28.8,20.4,24.3,0.2,20.44,0.0
2001,220,31.0,20.1,25.0,0.0,25.0,0.0
2001,221,31.5,21.6,25.8,1.3,23.74,0.0
2001,222,26.1,19.1,22.4,2.0,19.87,0.0
2001,223,26.2,14.5,20.3,0.0,24.54,0.0
2001,224,24.2,15.6,19.9,1.3,14.04,0.0
2001,225,24.9,16.3,20.0,2.0,20.85,0.0
2001,226,21.4,13.8,17.6,0.7,17.7,0.0
2001,227,25.7,11.6,19.0,0.0,25.96,0.0
2001,228,25.0,14.8,20.0,2.3,14.75,0.0
2001,229,21.8,17.4,19.4,1.4,18.38,0.0
2001,230,21.6,15.7,18.7,0.3,13.89,0.0
2001,231,24.5,15.4,19.2,17.8,15.2,0.0
2001,232,22.1,15.1,17.8,4.4,16.98,0.0
2001,233,21.5,15.3,17.5,1.6,18.05,0.0
2001,234,23.8,13.4,18.6,0.0,22.28,0.0
2001,235,22.6,14.9,18.5,0.1,14.15,0.0
2001,236,22.4,14.5,18.1,0.0,20.0,0.0
2001,237,24.9,10.6,18.2,0.0,19.32,0.0
2001,238,26.7,17.0,20.5,8.3,16.93,0.0
2001,239,23.1,15.6,19.1,2.1,18.14,0.0
2001,240,21.7,15.0,17.4,6.0,10.35,0.0
2001,241,20.1,12.3,16.0,0.5,16.7,0.0
2001,242,24.2,11.0,17.6,0.0,23.36,0.0
2001,243,23.7,16.3,18.9,10.2,9.06,0.0
2001,244,15.9,10.6,13.6,0.0,15.25,0.0
2001,245,19.4,7.9,13.6,0.0,19.88,0.0
2001,246,23.6,11.6,17.1,0.0,22.19,0.0
2001,247,20.7,15.1,17.2,4.4,16.86,0.0
2001,248,18.1,11.3,14.2,0.0,21.1,0.0
2001,249,24.4,7.5,15.9,0.0,22.68,0.0
2001,250,27.4,13.6,19.8,0.0,21.24,0.0
2001,251,27.7,17.9,22.3,0.0,18.81,0.0
2001,252,27.9,18.4,22.6,0.0,19.66,0.0
2001,253,21.2,14.4,18.8,0.5,15.06,0.0
2001,254,19.8,12.8,15.7,0.0,18.38,0.0
2001,255,23.6,10.9,16.8,0.0,20.71,0.0
2001,256,17.6,10.2,14.8,2.7,9.57,0.0
2001,257,13.5,8.1,10.4,0.8,16.27,0.0
2001,258,16.0,7.7,11.1,0.0,16.72,0.0
2001,259,18.4,6.4,12.2,0.0,19.53,0.0
2001,260,20.6,6.8,13.7,0.0,19.94,0.0
2001,261,20.6,10.6,15.3,0.0,14.74,0.0
2001,262,22.1,11.9,16.3,1.9,10.7,0.0
2001,263,19.3,13.4,15.9,4.9,8.69,0.0
2001,264,21.1,11.5,15.9,2.2,15.42,0.0
2001,265,18.0,12.5,14.9,0.3,13.25,0.0
2001,266,20.8,9.8,15.0,0.0,15.56,0.0
2001,267,18.8,11.8,14.8,25.2,4.87,0.0
2001,268,12.8,6.9,10.2,19.9,7.59,0.0
2001,269,8.9,5.4,6.8,5.1,7.17,0.0
2001,270,9.6,5.6,7.2,11.5,10.76,0.0
2001,271,11.8,6.6,8.2,6.5,9.85,0.0
2001,272,14.3,6.3,9.6,0.0,17.1,0.0
2001,273,15.2,4.4,9.4,0.0,18.02,0.0
2001,274,17.7,4.9,10.7,0.0,17.28,0.0
2001,275,20.3,10.7,14.3,0.1,14.48,0.0
2001,276,23.0,11.8,16.8,0.0,16.81,0.0
2001,277,19.4,12.5,16.3,2.0,13.73,0.0
2001,278,16.4,10.7,12.7,8.2,6.44,0.0
2001,279,11.4,3.9,6.8,20.0,13.97,0.0
2001,280,5.1,0.8,2.9,1.3,14.14,0.0
2001,281,7.0,-1.8,2.3,0.0,16.67,0.0
2001,282,14.1,-0.1,6.4,0.0,12.78,0.0
2001,283,19.1,8.0,12.7,0.0,14.27,0.0
2001,284,19.8,12.2,15.3,0.0,10.03,0.0
2001,285,15.8,11.5,13.8,4.1,3.95,0.0
2001,286,21.8,14.2,17.2,0.0,7.08,0.0
2001,287,19.9,9.7,16.1,14.2,6.75,0.0
2001,288,11.5,6.3,9.0,0.2,12.13,0.0
2001,289,14.8,5.1,8.0,6.7,9.47,0.0
2001,290,5.4,2.1,3.5,6.2,7.26,0.0
2001,291,9.4,1.0,4.7,0.0,14.16,0.0
2001,292,14.8,5.7,9.7,0.0,10.86,0.0
2001,293,14.0,7.0,9.7,0.0,13.47,0.0
2001,294,16.8,8.5,11.8,7.9,7.5,0.0
2001,295,14.7,6.9,10.2,0.0,12.95,0.0
2001,296,19.3,6.8,12.6,6.4,6.09,0.0
2001,297,17.0,13.4,14.5,3.3,5.21,0.0
2001,298,17.7,2.5,9.5,4.7,11.03,0.0
2001,299,3.6,0.9,1.9,6.6,8.59,0.0
2001,300,3.5,-0.7,1.0,2.3,8.78,0.0
2001,301,4.1,-1.0,1.0,0.0,9.09,0.0
2001,302,10.8,0.1,5.1,0.0,10.08,0.0
2001,303,6.8,1.1,4.1,0.0,12.54,0.0
2001,304,11.0,1.4,6.0,0.2,3.03,0.0
2001,305,16.7,9.0,12.7,0.0,10.14,0.0
2001,306,16.5,11.2,14.1,5.2,3.25,0.0
2001,307,10.6,5.4,8.0,0.0,8.66,0.0
2001,308,12.7,3.2,6.5,2.6,10.55,0.0
2001,309,3.3,0.1,1.6,1.7,6.98,0.0
2001,310,7.1,-0.5,2.7,0.0,10.58,0.0
2001,311,10.2,4.0,7.5,0.0,3.82,0.0
2001,312,15.6,4.5,9.4,5.4,8.96,0.0
2001,313,3.6,0.6,2.0,0.3,6.81,0.0
2001,314,9.5,1.5,4.6,1.1,9.89,0.0
2001,315,3.0,-1.5,-0.1,0.6,6.67,0.0
2001,316,3.8,-2.0,0.6,0.0,5.76,0.0
2001,317,10.9,-1.0,3.7,0.0,10.35,0.0
2001,318,11.9,3.9,7.3,2.4,5.47,0.0
2001,319,14.7,7.9,10.7,2.2,6.76,0.0
2001,320,12.2,5.6,9.9,0.1,5.17,0.0
2001,321,9.9,0.4,4.6,0.0,9.75,0.0
2001,322,14.2,3.5,7.5,0.0,9.01,0.0
2001,323,15.6,3.2,9.5,7.7,7.91,0.0
2001,324,2.3,-1.1,0.5,1.6,7.24,0.0
2001,325,5.0,-1.7,1.0,0.0,9.13,0.0
2001,326,9.8,0.4,4.1,0.0,8.43,0.0
2001,327,12.5,2.1,5.8,0.0,9.31,0.0
2001,328,13.8,4.6,8.8,0.0,8.31,0.0
2001,329,14.4,8.9,12.6,6.7,2.25,0.0
2001,330,8.2,4.1,6.4,0.0,4.12,0.0
2001,331,10.5,3.3,7.0,0.2,2.74,0.0
2001,332,8.2,2.8,5.7,5.4,1.61,0.0
2001,333,12.7,2.6,7.8,17.6,1.67,0.0
2001,334,13.9,8.0,10.4,14.2,2.62,0.0
2001,335,8.7,4.0,6.5,0.0,2.75,0.0
2001,336,7.2,1.2,4.0,0.0,7.55,0.0
2001,337,11.1,1.0,5.6,0.0,7.69,0.0
2001,338,13.9,2.7,7.7,0.4,5.82,0.0
2001,339,17.6,9.9,12.9,0.0,5.14,0.0
2001,340,16.3,4.0,10.6,0.5,2.08,0.0
2001,341,6.4,1.2,3.3,0.0,7.85,0.0
2001,342,2.6,-2.0,0.1,3.8,5.43,0.0
2001,343,2.4,-1.5,0.3,0.8,5.02,0.0
2001,344,5.4,-2.2,0.2,0.0,8.21,0.0
2001,345,6.3,-2.3,1.0,0.0,8.02,0.0
2001,346,8.4,-1.5,2.9,0.0,5.17,0.0
2001,347,11.4,4.7,7.5,2.6,1.13,0.0
2001,348,6.7,0.9,4.3,14.5,0.86,0.0
2001,349,0.9,-1.7,-0.7,3.1,5.25,0.0
2001,350,1.9,-3.3,-1.0,0.2,5.04,0.0
2001,351,2.9,-1.1,1.1,20.9,0.58,0.0
2001,352,2.0,0.2,1.0,6.7,4.82,0.0
2001,353,5.7,-0.8,1.4,0.0,4.85,0.0
2001,354,1.7,-2.5,-0.8,5.2,4.51,0.0
2001,355,-1.2,-4.3,-3.0,0.0,6.5,0.0
2001,356,0.4,-5.3,-3.0,0.0,7.35,0.0
2001,357,5.1,-1.6,1.5,5.5,2.19,0.0
2001,358,0.5,-5.0,-3.1,1.2,6.11,0.0
2001,359,-4.2,-9.6,-6.1,0.4,6.08,0.0
2001,360,-5.8,-13.2,-10.2,0.0,8.02,0.0
2001,361,-6.7,-12.2,-9.5,3.9,6.06,0.0
2001,362,-3.4,-8.0,-6.2,4.5,6.01,0.0
2001,363,-5.9,-10.5,-8.3,0.9,6.67,0.0
2001,364,-6.6,-10.0,-8.4,0.9,6.15,0.0
2001,365,-6.3,-8.5,-7.7,0.0,5.04,0.0
2002,1,-5.6,-10.7,-8.6,0.3,5.03,0.0
2002,2,-4.0,-12.1,-8.2,0.0,6.99,0.0
2002,3,-3.7,-8.1,-6.0,0.0,4.07,0.0
2002,4,-2.7,-6.4,-4.6,0.0,6.69,0.0
2002,5,0.3,-4.1,-2.0,0.2,6.2,0.0
2002,6,-0.8,-4.9,-2.6,6.2,2.99,0.0
2002,7,-1.9,-11.0,-5.6,4.9,3.66,0.0
2002,8,-2.5,-12.0,-6.6,0.0,5.77,0.0
2002,9,4.5,-4.6,0.5,2.5,6.94,0.0
2002,10,2.6,-1.3,1.2,0.0,4.1,0.0
2002,11,0.6,-1.7,-0.8,1.2,4.99,0.0
2002,12,2.6,-2.7,-0.6,0.0,8.25,0.0
2002,13,-0.3,-5.9,-3.2,1.7,6.16,0.0
2002,14,2.1,-11.6,-4.1,1.2,6.24,0.0
2002,15,1.6,-3.2,-0.4,5.3,3.53,0.0
2002,16,-2.5,-6.0,-4.5,0.0,4.94,0.0
2002,17,-0.9,-6.9,-3.2,4.9,5.71,0.0
2002,18,-5.6,-11.3,-7.5,1.0,7.77,0.0
2002,19,-3.5,-14.9,-8.9,0.8,6.12,0.0
2002,20,-1.9,-8.4,-5.4,0.0,5.99,0.0
2002,21,0.3,-6.1,-3.1,3.1,4.62,0.0
2002,22,4.0,-4.5,-0.8,0.1,10.16,0.0
2002,23,5.2,0.8,3.4,0.0,2.35,0.0
2002,24,4.2,-1.8,1.5,6.5,1.08,0.0
2002,25,0.5,-5.8,-2.6,0.3,9.53,0.0
2002,26,4.7,-0.5,1.2,0.0,10.09,0.0
2002,27,8.7,-0.4,3.2,0.0,10.57,0.0
2002,28,9.1,2.1,4.3,0.0,9.31,0.0
2002,29,7.1,1.9,4.5,0.4,2.1,0.0
2002,30,2.1,-3.6,-0.2,8.2,2.38,0.0
2002,31,3.2,-4.4,-1.7,25.4,0.94,0.0
2002,32,10.6,-6.1,2.3,15.2,4.15,0.0
2002,33,-3.1,-7.5,-5.8,0.0,7.1,0.0
2002,34,-0.1,-5.4,-3.3,0.1,7.46,0.0
2002,35,-3.3,-13.9,-7.1,4.6,5.23,0.0
2002,36,-4.5,-15.4,-9.6,0.0,8.34,0.0
2002,37,0.2,-8.2,-4.6,0.0,10.43,0.0
2002,38,3.8,-3.7,-0.9,0.0,12.58,0.0
2002,39,4.8,-2.6,-0.2,0.0,12.14,0.0
2002,40,4.9,-2.7,0.1,0.0,11.75,0.0
2002,41,7.3,0.9,3.3,4.4,7.52,0.0
2002,42,2.4,-11.6,-7.6,5.6,12.92,0.0
2002,43,1.4,-9.2,-2.2,2.2,8.17,0.0
2002,44,-4.7,-10.4,-8.3,0.4,10.29,0.0
2002,45,2.0,-11.4,-5.2,0.0,13.91,0.0
2002,46,6.1,-3.0,1.6,0.2,9.88,0.0
2002,47,2.6,-1.7,0.0,5.0,7.19,0.0
2002,48,-1.7,-8.2,-4.6,2.0,7.48,0.0
2002,49,0.0,-13.5,-7.5,0.0,14.58,0.0
2002,50,6.8,-8.9,-1.7,0.0,10.67,0.0
2002,51,10.3,2.2,5.6,2.5,4.02,0.0
2002,52,6.4,-0.6,2.8,3.0,6.1,0.0
2002,53,-0.7,-3.7,-1.9,0.8,5.22,0.0
2002,54,0.2,-5.5,-3.5,0.0,15.18,0.0
2002,55,9.4,-5.5,0.3,0.0,14.14,0.0
2002,56,12.6,1.0,6.2,0.0,13.13,0.0
2002,57,6.5,-2.6,3.1,6.4,5.32,0.0
2002,58,-2.8,-9.1,-4.9,2.0,12.55,0.0
2002,59,-2.9,-10.5,-7.6,0.3,14.72,0.0
2002,60,-0.1,-9.7,-5.4,0.4,11.97,0.0
2002,61,7.1,-8.5,0.0,0.9,15.21,0.0
2002,62,6.5,-6.2,1.8,6.6,6.53,0.0
2002,63,-6.9,-11.2,-9.2,0.0,15.44,0.0
2002,64,-3.3,-12.0,-7.6,0.0,12.65,0.0
2002,65,6.7,-4.0,0.4,3.1,11.47,0.0
2002,66,2.6,-2.5,-0.8,2.1,6.91,0.0
2002,67,16.7,-0.7,7.5,0.0,14.24,0.0
2002,68,16.9,1.9,10.7,8.7,9.94,0.0
2002,69,-1.3,-8.3,-5.5,1.9,15.36,0.0
2002,70,1.1,-9.5,-4.8,0.0,17.58,0.0
2002,71,6.8,-1.3,1.7,0.2,14.66,0.0
2002,72,10.9,-1.3,4.0,0.0,6.44,0.0
2002,73,10.2,-1.6,3.8,0.0,18.17,0.0
2002,74,16.8,1.9,9.2,1.9,6.95,0.0
2002,75,7.7,-3.6,0.7,3.3,14.47,0.0
2002,76,5.3,-4.8,-0.8,2.0,12.41,0.0
2002,77,4.8,-1.0,1.6,2.9,5.87,0.0
2002,78,6.4,-2.1,1.3,0.0,15.76,0.0
2002,79,2.3,-0.6,1.2,8.7,2.91,0.0
2002,80,4.7,-9.9,-2.0,3.7,9.33,0.0
2002,81,-6.1,-11.6,-8.9,0.2,15.3,0.0
2002,82,0.1,-8.1,-3.9,0.6,16.47,0.0
2002,83,1.3,-7.4,-3.4,0.9,15.09,0.0
2002,84,-2.2,-7.6,-5.6,4.7,11.83,0.0
2002,85,2.0,-6.0,-1.0,21.5,2.83,0.0
2002,86,0.8,-5.0,-2.4,0.6,11.67,0.0
2002,87,4.7,-6.3,-1.5,0.0,22.74,0.0
2002,88,12.0,-2.1,5.4,2.7,17.79,0.0
2002,89,9.9,0.7,5.2,3.0,20.61,0.0
2002,90,10.3,-1.6,4.1,0.0,17.6,0.0
2002,91,3.7,-1.7,1.5,4.7,16.31,0.0
2002,92,7.8,-2.3,2.1,13.5,6.46,0.0
2002,93,8.1,-2.0,1.9,11.8,9.07,0.0
2002,94,-0.6,-4.7,-2.7,0.0,13.01,0.0
2002,95,0.5,-4.5,-2.5,1.4,16.19,0.0
2002,96,0.6,-5.1,-2.7,0.4,21.39,0.0
2002,97,7.1,-5.9,0.2,0.0,17.67,0.0
2002,98,10.1,2.4,6.1,2.6,7.38,0.0
2002,99,16.3,4.8,11.3,5.0,10.33,0.0
2002,100,11.3,0.1,5.1,0.0,24.32,0.0
2002,101,18.5,1.4,9.5,0.0,24.27,0.0
2002,102,19.3,6.4,12.7,0.6,19.67,0.0
2002,103,12.8,7.8,10.8,29.2,2.47,0.0
2002,104,18.1,7.3,11.5,17.2,10.8,0.0
2002,105,21.8,11.4,15.4,4.1,18.23,0.0
2002,106,25.8,13.7,19.1,0.0,23.44,0.0
2002,107,25.3,15.2,19.8,0.0,23.4,0.0
2002,108,26.0,13.7,19.6,0.1,24.47,0.0
2002,109,23.0,12.5,18.6,0.1,21.21,0.0
2002,110,12.6,3.6,8.7,0.0,18.68,0.0
2002,111,4.7,-0.4,2.1,1.1,15.67,0.0
2002,112,1.9,-1.6,0.5,5.3,7.36,0.0
2002,113,6.3,-2.8,1.5,0.0,24.38,0.0
2002,114,13.9,-2.1,5.7,0.0,27.63,0.0
2002,115,7.8,1.5,5.1,8.5,15.23,0.0
2002,116,5.5,-1.0,2.2,0.2,22.38,0.0
2002,117,9.6,-2.9,3.5,0.4,25.6,0.0
2002,118,16.1,1.9,8.1,23.7,6.72,0.0
2002,119,3.6,-0.6,1.5,1.3,9.35,0.0
2002,120,9.9,0.3,4.7,4.3,21.16,0.0
2002,121,12.2,-0.1,6.1,0.0,27.0,0.0
2002,122,13.5,5.1,8.7,9.7,8.41,0.0
2002,123,7.1,0.8,4.0,0.7,23.21,0.0
2002,124,15.0,-1.1,7.2,0.0,28.8,0.0
2002,125,17.7,3.4,10.6,0.0,27.99,0.0
2002,126,22.9,9.5,15.0,3.9,21.07,0.0
2002,127,19.5,8.6,14.2,7.4,11.6,0.0
2002,128,13.8,4.5,8.9,4.3,19.34,0.0
2002,129,18.5,7.9,14.2,19.7,11.69,0.0
2002,130,11.4,6.1,9.3,0.0,27.19,0.0
2002,131,12.3,2.0,7.0,1.6,24.74,0.0
2002,132,13.3,4.5,8.7,13.9,4.11,0.0
2002,133,9.0,5.1,6.8,12.0,2.26,0.0
2002,134,5.3,2.6,3.8,12.5,11.76,0.0
2002,135,12.4,2.6,7.5,0.0,29.61,0.0
2002,136,18.7,6.7,13.3,4.3,20.03,0.0
2002,137,12.4,5.2,8.2,5.9,18.99,0.0
2002,138,6.6,0.8,3.6,8.1,16.76,0.0
2002,139,6.2,-0.5,2.8,0.9,21.92,0.0
2002,140,6.2,-1.3,2.4,0.3,25.92,0.0
2002,141,8.9,-1.1,4.2,0.5,25.06,0.0
2002,142,13.2,0.6,7.4,0.0,27.31,0.0
2002,143,20.1,5.0,12.5,0.0,30.4,0.0
2002,144,15.8,7.5,13.6,1.9,7.84,0.0
2002,145,18.3,3.3,10.6,0.6,27.58,0.0
2002,146,15.7,9.7,13.0,6.4,25.24,0.0
2002,147,22.1,5.9,14.2,0.0,30.39,0.0
2002,148,23.0,9.8,16.2,4.8,25.61,0.0
2002,149,23.8,14.5,18.1,5.6,20.31,0.0
2002,150,23.8,15.4,18.4,5.2,18.57,0.0
2002,151,21.1,14.8,18.3,9.7,17.71,0.0
2002,152,22.7,12.3,17.6,0.0,30.02,0.0
2002,153,16.1,8.7,13.2,0.6,26.0,0.0
2002,154,15.1,5.3,10.1,0.0,26.6,0.0
2002,155,21.1,7.4,13.9,8.3,14.29,0.0
2002,156,23.4,16.8,19.5,13.6,15.53,0.0
2002,157,16.0,10.2,12.9,8.0,11.75,0.0
2002,158,20.1,7.7,13.9,0.0,30.0,0.0
2002,159,23.5,10.7,17.0,0.0,28.08,0.0
2002,160,24.0,14.6,19.1,0.0,25.72,0.0
2002,161,24.7,12.5,18.9,0.0,25.73,0.0
2002,162,25.9,16.6,21.6,0.0,25.56,0.0
2002,163,20.7,13.9,17.9,2.6,7.67,0.0
2002,164,19.4,13.3,15.6,0.1,13.29,0.0
2002,165,18.5,14.6,15.8,24.2,7.01,0.0
2002,166,17.7,11.9,14.2,12.9,19.81,0.0
2002,167,14.9,11.1,12.7,10.9,18.99,0.0
2002,168,16.2,10.1,12.9,4.7,24.57,0.0
2002,169,18.9,8.9,14.1,0.2,26.18,0.0
2002,170,22.2,8.2,15.7,0.0,30.35,0.0
2002,171,25.5,12.6,19.2,0.0,29.88,0.0
2002,172,26.4,15.3,21.0,0.9,23.6,0.0
2002,173,25.9,17.4,20.8,5.7,15.56,0.0
2002,174,27.5,18.2,22.5,0.8,26.34,0.0
2002,175,24.6,17.8,21.0,1.8,21.61,0.0
2002,176,27.6,17.8,22.6,2.6,26.0,0.0
2002,177,25.8,18.8,21.3,13.4,16.05,0.0
2002,178,21.1,17.4,19.8,7.8,11.13,0.0
2002,179,23.7,15.8,19.3,0.0,26.43,0.0
2002,180,25.4,14.1,20.1,0.0,26.28,0.0
2002,181,26.8,16.5,21.8,0.0,24.02,0.0
2002,182,28.4,17.7,23.0,0.2,24.43,0.0
2002,183,28.9,20.6,24.7,0.1,25.44,0.0
2002,184,29.0,20.1,24.5,0.7,25.16,0.0
2002,185,26.1,19.9,22.8,6.1,20.89,0.0
2002,186,20.1,13.7,17.1,0.0,24.68,0.0
2002,187,22.7,13.1,17.9,0.0,29.65,0.0
2002,188,25.0,12.7,19.1,0.0,29.57,0.0
2002,189,27.6,15.4,21.4,0.0,28.2,0.0
2002,190,20.8,18.2,19.7,11.1,7.78,0.0
2002,191,19.4,13.6,16.6,0.4,30.02,0.0
2002,192,19.7,10.4,15.2,0.0,30.6,0.0
2002,193,23.4,8.9,16.9,0.0,30.16,0.0
2002,194,25.6,12.0,19.2,0.0,28.6,0.0
2002,195,26.4,14.0,20.4,0.0,26.82,0.0
2002,196,25.5,15.8,20.8,0.3,23.66,0.0
2002,197,25.6,15.6,20.7,0.0,27.99,0.0
2002,198,29.2,18.7,23.8,0.0,25.88,0.0
2002,199,25.6,19.5,21.9,8.9,19.62,0.0
2002,200,23.6,18.4,20.3,9.3,15.6,0.0
2002,201,24.1,15.4,19.7,0.0,20.65,0.0
2002,202,27.9,14.9,21.6,0.0,26.61,0.0
2002,203,30.7,20.5,25.1,0.8,25.48,0.0
2002,204,23.9,16.6,20.2,19.8,11.34,0.0
2002,205,19.4,13.1,16.4,0.0,23.31,0.0
2002,206,23.2,12.1,17.5,0.8,19.71,0.0
2002,207,23.7,17.8,19.4,13.7,14.9,0.0
2002,208,25.9,17.5,21.3,1.2,20.74,0.0
2002,209,27.3,19.1,22.3,19.1,15.18,0.0
2002,210,27.9,20.2,23.5,3.8,19.12,0.0
2002,211,25.5,19.5,22.1,2.5,24.5,0.0
2002,212,27.5,18.0,22.4,0.2,23.63,0.0
2002,213,28.1,18.4,23.0,1.5,24.41,0.0
2002,214,26.0,20.6,22.8,5.0,17.95,0.0
2002,215,26.3,15.6,21.0,0.0,27.83,0.0
2002,216,28.3,15.2,22.2,0.0,25.82,0.0
2002,217,25.3,17.8,21.9,3.2,20.69,0.0
2002,218,17.3,12.2,14.9,0.0,15.32,0.0
2002,219,19.2,11.8,15.3,0.0,23.13,0.0
2002,220,20.2,12.3,16.0,0.0,22.7,0.0
2002,221,23.1,10.2,17.1,0.0,26.32,0.0
2002,222,26.8,12.1,19.7,0.0,26.75,0.0
2002,223,27.9,16.4,21.8,0.0,23.98,0.0
2002,224,29.2,17.0,22.6,0.0,22.54,0.0
2002,225,28.9,18.5,23.4,0.0,22.46,0.0
2002,226,30.8,20.7,24.9,0.6,23.28,0.0
2002,227,26.5,19.1,21.5,12.1,12.9,0.0
2002,228,26.6,19.3,21.9,3.9,18.44,0.0
2002,229,27.1,19.6,22.6,2.8,17.79,0.0
2002,230,24.9,16.7,21.3,1.6,17.16,0.0
2002,231,24.4,13.1,18.2,2.8,17.1,0.0
2002,232,21.5,15.3,17.7,2.3,18.72,0.0
2002,233,24.7,10.7,18.1,0.0,25.56,0.0
2002,234,24.7,17.6,20.2,9.9,8.3,0.0
2002,235,22.9,16.1,18.8,0.0,16.23,0.0
2002,236,21.5,16.1,18.5,14.7,12.96,0.0
2002,237,21.7,14.3,17.9,0.4,18.55,0.0
2002,238,23.7,13.1,18.2,0.0,20.47,0.0
2002,239,21.0,13.8,17.3,0.0,18.25,0.0
2002,240,22.4,11.7,16.7,0.1,17.72,0.0
2002,241,20.5,12.9,16.2,0.0,18.5,0.0
2002,242,22.8,11.3,16.5,0.0,21.11,0.0
2002,243,24.8,13.6,19.0,0.0,18.84,0.0
2002,244,21.6,13.8,17.6,0.0,14.76,0.0
2002,245,24.3,14.3,18.7,0.0,19.82,0.0
2002,246,27.2,16.5,20.7,0.2,17.6,0.0
2002,247,21.3,14.9,18.4,0.1,16.32,0.0
2002,248,19.4,14.1,16.3,0.0,15.48,0.0
2002,249,23.8,11.0,17.1,0.0,21.77,0.0
2002,250,27.5,12.5,19.6,0.0,22.06,0.0
2002,251,28.7,15.0,21.5,0.0,21.64,0.0
2002,252,29.9,14.8,22.1,0.0,21.67,0.0
2002,253,28.0,15.6,21.7,0.0,20.29,0.0
2002,254,20.2,12.6,15.5,1.3,14.37,0.0
2002,255,18.8,8.6,13.7,0.0,18.8,0.0
2002,256,22.5,11.5,16.5,0.0,21.1,0.0
2002,257,23.1,13.5,18.3,0.7,11.42,0.0
2002,258,21.2,17.2,18.9,17.5,5.72,0.0
2002,259,18.8,14.0,16.3,7.8,8.04,0.0
2002,260,21.8,11.7,16.3,0.0,19.74,0.0
2002,261,23.3,11.7,17.3,0.0,15.68,0.0
2002,262,25.2,16.2,19.8,0.7,16.16,0.0
2002,263,27.2,18.6,21.9,0.8,13.88,0.0
2002,264,22.4,16.4,20.3,0.6,11.33,0.0
2002,265,23.4,13.9,17.8,1.5,13.32,0.0
2002,266,15.9,9.5,12.7,0.1,14.54,0.0
2002,267,19.2,8.3,13.1,0.0,18.12,0.0
2002,268,19.2,7.9,13.5,0.0,14.47,0.0
2002,269,19.8,11.2,14.6,0.0,12.96,0.0
2002,270,13.1,11.5,12.5,43.2,1.06,0.0
2002,271,15.8,9.5,13.0,0.9,13.51,0.0
2002,272,19.1,6.8,12.7,0.0,13.72,0.0
2002,273,23.1,11.4,16.6,0.0,17.08,0.0
2002,274,24.6,15.8,19.3,0.0,16.39,0.0
2002,275,23.6,16.8,19.4,5.8,13.07,0.0
2002,276,17.5,12.3,14.3,12.3,2.63,0.0
2002,277,22.4,13.6,18.6,1.0,10.36,0.0
2002,278,20.0,10.6,14.0,2.3,6.98,0.0
2002,279,17.0,6.2,11.7,0.0,16.51,0.0
2002,280,14.5,7.0,11.1,1.8,12.25,0.0
2002,281,11.1,3.8,7.1,0.0,16.09,0.0
2002,282,16.1,5.2,10.1,0.0,12.2,0.0
2002,283,18.6,7.4,12.5,0.0,13.59,0.0
2002,284,13.2,10.7,11.9,0.0,3.56,0.0
2002,285,14.8,11.5,12.9,0.0,2.7,0.0
2002,286,14.4,6.1,11.7,1.3,4.03,0.0
2002,287,7.6,2.4,4.8,0.0,11.83,0.0
2002,288,13.1,1.9,7.2,0.0,12.14,0.0
2002,289,8.8,6.5,7.6,14.4,1.77,0.0
2002,290,6.6,2.7,5.0,0.3,6.67,0.0
2002,291,8.8,0.7,4.3,1.8,11.52,0.0
2002,292,9.2,5.5,7.5,12.2,3.99,0.0
2002,293,7.4,3.2,5.2,0.0,7.85,0.0
2002,294,5.9,1.1,3.4,0.0,8.88,0.0
2002,295,10.3,1.1,4.6,0.9,6.63,0.0
2002,296,4.7,-0.1,2.3,2.5,9.36,0.0
2002,297,3.6,-1.9,0.5,0.0,7.69,0.0
2002,298,5.4,-1.6,1.6,6.3,7.52,0.0
2002,299,8.3,4.2,6.3,7.1,3.68,0.0
2002,300,6.0,3.3,4.9,0.0,5.09,0.0
2002,301,3.7,-0.2,2.0,0.0,5.84,0.0
2002,302,2.6,-1.8,0.2,0.0,4.67,0.0
2002,303,3.8,-2.0,0.5,0.0,8.88,0.0
2002,304,4.9,-3.6,-0.0,0.3,9.82,0.0
2002,305,1.6,-2.6,-0.3,4.0,9.57,0.0
2002,306,1.3,-3.5,-1.4,0.6,6.99,0.0
2002,307,1.9,-3.0,-0.9,0.0,7.22,0.0
2002,308,3.5,-2.1,0.6,0.8,4.82,0.0
2002,309,4.3,-1.7,0.9,3.8,7.59,0.0
2002,310,2.6,0.5,1.8,3.3,3.55,0.0
2002,311,1.1,-4.8,-1.4,0.8,11.57,0.0
2002,312,13.0,1.2,7.4,0.0,10.89,0.0
2002,313,14.5,7.2,10.5,0.0,9.07,0.0
2002,314,15.5,10.8,12.8,2.7,4.34,0.0
2002,315,14.7,6.4,11.0,6.8,4.03,0.0
2002,316,7.4,3.9,5.1,0.2,3.42,0.0
2002,317,5.6,1.6,3.5,0.1,5.4,0.0
2002,318,11.2,1.3,5.9,0.0,8.72,0.0
2002,319,7.4,-0.1,3.7,5.9,1.5,0.0
2002,320,-0.1,-3.2,-2.0,10.9,1.99,0.0
2002,321,0.1,-1.9,-0.7,17.5,2.37,0.0
2002,322,-0.4,-3.5,-1.4,3.6,3.26,0.0
2002,323,4.2,-5.7,0.0,1.1,5.68,0.0
2002,324,7.7,0.4,3.3,0.0,9.0,0.0
2002,325,8.2,2.3,4.5,0.6,5.13,0.0
2002,326,5.0,-2.1,2.8,18.8,1.42,0.0
2002,327,-0.7,-4.4,-2.5,0.5,4.9,0.0
2002,328,2.6,-1.2,0.4,0.4,6.77,0.0
2002,329,2.0,-2.3,-0.3,0.5,3.4,0.0
2002,330,-0.9,-5.1,-3.2,2.3,5.51,0.0
2002,331,-4.1,-11.1,-6.3,3.4,6.79,0.0
2002,332,-3.3,-13.4,-7.9,0.9,6.67,0.0
2002,333,1.9,-5.4,-1.7,3.9,2.01,0.0
2002,334,1.4,-5.0,-0.6,6.6,3.96,0.0
2002,335,-5.6,-9.6,-7.3,2.7,7.37,0.0
2002,336,-4.3,-12.0,-6.9,11.5,2.65,0.0
2002,337,-10.8,-16.3,-13.4,0.0,6.83,0.0
2002,338,-5.4,-13.1,-10.0,0.0,6.65,0.0
2002,339,-4.4,-11.9,-8.2,1.3,4.93,0.0
2002,340,-4.5,-9.2,-6.9,0.0,5.86,0.0
2002,341,-0.9,-8.3,-4.4,0.0,7.44,0.0
2002,342,-0.8,-10.9,-3.8,0.8,4.91,0.0
2002,343,-6.6,-20.7,-12.6,0.0,8.33,0.0
2002,344,0.3,-9.9,-6.1,0.0,8.33,0.0
2002,345,1.5,-10.4,-4.6,11.1,3.07,0.0
2002,346,1.6,-2.2,-0.8,2.2,3.41,0.0
2002,347,2.2,-4.0,-1.1,3.9,4.07,0.0
2002,348,0.3,-0.7,-0.1,18.8,1.5,0.0
2002,349,0.3,-2.8,-1.1,3.9,2.31,0.0
2002,350,-0.7,-10.0,-6.3,6.4,3.53,0.0
2002,351,-5.8,-11.8,-9.4,0.0,7.5,0.0
2002,352,-0.6,-12.9,-6.3,0.0,5.5,0.0
2002,353,6.3,-2.4,1.7,1.1,3.81,0.0
2002,354,6.7,-1.6,2.2,5.5,4.14,0.0
2002,355,-1.9,-3.7,-2.8,2.9,5.54,0.0
2002,356,2.4,-3.2,-1.0,0.5,6.53,0.0
2002,357,-2.8,-5.1,-4.0,2.7,3.78,0.0
2002,358,-2.5,-7.9,-5.5,0.0,6.08,0.0
2002,359,-4.1,-7.1,-5.1,18.4,1.22,0.0
2002,360,-2.5,-6.7,-4.7,0.4,3.46,0.0
2002,361,-3.9,-6.0,-4.8,0.0,4.71,0.0
2002,362,-1.9,-6.5,-4.2,1.8,4.18,0.0
2002,363,-0.6,-6.2,-3.0,0.4,5.83,0.0
2002,364,3.9,-8.4,-1.8,1.1,4.89,0.0
2002,365,6.2,-1.1,4.0,6.1,1.41,0.0
2003,1,-1.5,-4.7,-3.1,5.6,2.71,0.0
2003,2,-5.1,-8.9,-7.4,3.8,5.39,0.0
2003,3,-1.8,-7.0,-3.3,9.3,2.22,0.0
2003,4,-2.4,-5.2,-4.2,3.2,3.45,0.0
2003,5,-2.7,-7.9,-5.5,0.0,6.49,0.0
2003,6,-3.1,-9.0,-6.4,3.7,3.99,0.0
2003,7,-3.2,-12.1,-7.6,3.0,7.47,0.0
2003,8,1.0,-2.8,-0.8,5.2,4.67,0.0
2003,9,2.1,-1.0,0.5,5.6,4.58,0.0
2003,10,-1.1,-11.2,-7.6,3.0,6.43,0.0
2003,11,-8.0,-12.0,-9.8,0.0,5.71,0.0
2003,12,-6.1,-9.9,-8.3,0.0,4.9,0.0
2003,13,-5.9,-12.6,-9.1,0.7,5.8,0.0
2003,14,-8.6,-14.2,-11.9,0.0,6.19,0.0
2003,15,-9.6,-13.6,-11.7,0.0,7.31,0.0
2003,16,-8.4,-12.9,-10.8,0.0,7.41,0.0
2003,17,-9.7,-18.7,-13.2,0.9,5.71,0.0
2003,18,-8.6,-19.7,-14.9,0.0,10.38,0.0
2003,19,-8.5,-12.4,-10.8,0.4,7.22,0.0
2003,20,-9.9,-16.7,-13.2,2.5,7.6,0.0
2003,21,-12.6,-18.8,-15.9,0.0,7.9,0.0
2003,22,-16.1,-19.2,-17.2,0.0,8.85,0.0
2003,23,-16.2,-21.0,-18.5,1.5,6.08,0.0
2003,24,-10.9,-17.0,-14.6,0.0,9.5,0.0
2003,25,-8.4,-14.3,-11.5,0.0,9.14,0.0
2003,26,-7.6,-18.7,-10.6,3.0,5.0,0.0
2003,27,-16.3,-23.4,-20.6,0.0,10.51,0.0
2003,28,-6.1,-21.1,-11.7,0.2,9.11,0.0
2003,29,-4.5,-11.2,-6.5,1.4,5.18,0.0
2003,30,-1.4,-17.5,-10.6,0.0,11.28,0.0
2003,31,2.4,-9.5,-4.2,0.1,10.25,0.0
2003,32,2.0,-1.7,-0.0,3.9,4.89,0.0
2003,33,-1.2,-4.5,-2.3,0.6,4.96,0.0
2003,34,3.1,-6.6,-2.0,4.2,4.78,0.0
2003,35,4.7,-7.8,-0.1,7.3,5.41,0.0
2003,36,-9.2,-15.1,-12.4,0.0,10.11,0.0
2003,37,-3.4,-16.4,-9.8,0.3,10.47,0.0
2003,38,-5.0,-12.8,-7.9,1.1,9.13,0.0
2003,39,-6.5,-15.4,-10.8,0.0,13.15,0.0
2003,40,-6.6,-13.0,-8.5,1.1,8.68,0.0
2003,41,-2.3,-12.6,-8.0,3.7,5.92,0.0
2003,42,-9.9,-21.9,-15.5,0.0,11.01,0.0
2003,43,-7.7,-16.4,-13.1,2.9,11.56,0.0
2003,44,-14.6,-18.9,-16.8,0.0,12.21,0.0
2003,45,-8.7,-19.2,-14.8,0.0,13.99,0.0
2003,46,-14.6,-21.4,-17.2,0.0,13.42,0.0
2003,47,-12.4,-21.8,-17.7,0.0,9.08,0.0
2003,48,-6.6,-14.4,-10.1,10.8,2.75,0.0
2003,49,-1.8,-8.9,-5.4,1.2,8.22,0.0
2003,50,3.3,-4.5,-1.3,0.0,10.93,0.0
2003,51,2.6,-7.7,-2.4,0.0,15.31,0.0
2003,52,4.5,-4.7,-0.4,0.0,13.36,0.0
2003,53,2.4,-0.6,0.9,12.7,1.86,0.0
2003,54,1.2,-12.1,-4.4,9.5,4.85,0.0
2003,55,-6.3,-14.9,-11.0,1.8,8.36,0.0
2003,56,-10.3,-19.1,-14.5,0.6,16.41,0.0
2003,57,-4.5,-21.4,-14.0,0.0,16.04,0.0
2003,58,-0.7,-13.6,-7.7,0.0,14.71,0.0
2003,59,0.3,-8.5,-4.7,0.0,11.36,0.0
2003,60,3.0,-8.5,-2.8,0.6,11.08,0.0
2003,61,1.4,-11.0,-1.1,4.5,7.14,0.0
2003,62,-12.9,-22.5,-18.1,0.0,18.2,0.0
2003,63,4.5,-20.0,-5.1,0.6,13.64,0.0
2003,64,3.5,-6.1,-0.4,3.7,5.04,0.0
2003,65,-6.7,-13.6,-9.1,1.3,10.01,0.0
2003,66,1.5,-17.4,-8.3,0.0,17.98,0.0
2003,67,6.0,-6.2,-0.2,3.6,14.9,0.0
2003,68,4.5,-17.6,-9.4,7.6,16.27,0.0
2003,69,-13.0,-17.9,-15.8,0.0,18.31,0.0
2003,70,-1.4,-16.5,-8.6,0.0,15.42,0.0
2003,71,3.6,-2.0,0.5,1.6,11.74,0.0
2003,72,-2.1,-10.7,-5.2,3.5,9.28,0.0
2003,73,1.4,-14.7,-7.1,0.0,19.17,0.0
2003,74,8.7,-2.7,2.7,0.0,19.57,0.0
2003,75,13.2,0.6,6.1,0.0,19.15,0.0
2003,76,11.9,2.6,6.5,0.0,16.28,0.0
2003,77,5.7,-1.8,2.8,0.0,11.65,0.0
2003,78,9.6,-2.8,2.6,0.0,19.17,0.0
2003,79,5.3,1.5,3.3,20.4,5.63,0.0
2003,80,14.1,1.9,6.0,6.3,12.94,0.0
2003,81,5.5,-0.4,2.4,2.3,10.65,0.0
2003,82,5.0,-0.8,1.5,0.0,10.39,0.0
2003,83,11.4,-4.0,3.3,0.0,19.79,0.0
2003,84,15.7,5.3,9.0,5.3,12.61,0.0
2003,85,7.3,0.7,4.1,4.7,11.73,0.0
2003,86,12.3,-1.3,4.5,0.0,19.77,0.0
2003,87,17.4,3.4,10.4,0.0,18.67,0.0
2003,88,12.9,0.2,6.5,7.7,4.29,0.0
2003,89,-0.1,-4.3,-2.0,1.8,9.36,0.0
2003,90,-1.1,-6.8,-4.3,0.5,18.66,0.0
2003,91,8.5,-6.4,0.2,5.0,10.25,0.0
2003,92,11.4,-1.2,3.2,2.8,12.46,0.0
2003,93,0.3,-3.0,-1.3,10.3,1.96,0.0
2003,94,-2.3,-3.6,-3.0,30.9,1.38,0.0
2003,95,8.3,-6.2,1.8,10.3,7.05,0.0
2003,96,0.4,-7.9,-4.6,0.0,23.03,0.0
2003,97,-1.6,-4.6,-2.8,12.3,5.85,0.0
2003,98,2.9,-3.8,-1.2,1.9,6.34,0.0
2003,99,3.4,-2.9,-0.6,0.0,13.73,0.0
2003,100,8.6,-4.8,1.9,0.0,24.92,0.0
2003,101,10.5,-4.3,3.3,0.0,13.74,0.0
2003,102,10.8,-1.4,4.5,0.0,24.78,0.0
2003,103,8.3,-3.6,2.3,0.0,25.6,0.0
2003,104,19.6,-1.5,8.9,0.0,24.58,0.0
2003,105,23.8,11.0,17.2,0.0,24.65,0.0
2003,106,17.0,-0.9,9.7,0.0,18.76,0.0
2003,107,8.8,-2.7,2.6,0.0,19.02,0.0
2003,108,13.9,2.6,7.3,0.4,18.38,0.0
2003,109,17.3,5.4,10.7,0.0,16.19,0.0
2003,110,20.1,8.2,13.4,0.0,21.52,0.0
2003,111,14.4,8.1,10.7,6.3,9.11,0.0
2003,112,8.0,0.3,5.4,3.0,7.8,0.0
2003,113,2.9,-1.8,0.2,0.8,14.23,0.0
2003,114,9.4,-2.7,2.9,0.0,27.66,0.0
2003,115,15.4,-1.2,6.7,0.0,25.65,0.0
2003,116,12.2,4.0,8.0,1.0,14.11,0.0
2003,117,14.2,-0.2,6.8,0.0,27.72,0.0
2003,118,21.0,5.5,13.2,0.0,27.13,0.0
2003,119,13.3,5.7,9.7,0.0,26.48,0.0
2003,120,16.8,3.8,10.2,0.0,21.03,0.0
2003,121,20.1,12.5,15.3,3.3,12.48,0.0
2003,122,11.8,4.9,8.5,13.9,11.96,0.0
2003,123,11.1,1.6,5.9,0.0,28.89,0.0
2003,124,17.4,2.0,9.3,0.0,26.96,0.0
2003,125,10.2,4.6,6.4,15.2,4.59,0.0
2003,126,19.6,6.4,12.9,4.0,18.58,0.0
2003,127,17.2,7.8,11.7,0.9,15.79,0.0
2003,128,17.7,7.9,12.2,0.0,22.47,0.0
2003,129,16.8,4.5,10.3,0.4,18.46,0.0
2003,130,21.9,7.9,14.1,14.4,16.88,0.0
2003,131,19.5,10.3,14.3,19.5,11.1,0.0
2003,132,9.7,5.6,7.1,9.8,7.85,0.0
2003,133,7.9,3.4,5.6,8.1,7.88,0.0
2003,134,11.4,4.9,7.8,0.9,14.03,0.0
2003,135,17.3,3.5,9.7,4.4,17.1,0.0
2003,136,10.0,8.1,8.8,15.5,4.12,0.0
2003,137,14.4,6.4,10.6,0.0,13.88,0.0
2003,138,18.8,8.6,13.0,0.0,23.13,0.0
2003,139,20.8,6.5,13.7,0.0,29.34,0.0
2003,140,20.6,11.3,14.2,8.8,17.79,0.0
2003,141,11.8,5.3,7.9,0.2,24.03,0.0
2003,142,14.7,2.8,8.9,0.0,24.43,0.0
2003,143,15.9,7.8,12.0,0.4,15.99,0.0
2003,144,16.1,8.8,11.3,12.3,13.32,0.0
2003,145,15.7,7.6,11.1,4.6,21.69,0.0
2003,146,15.4,7.0,11.4,0.1,21.64,0.0
2003,147,16.6,5.4,11.2,1.8,22.39,0.0
2003,148,16.7,6.5,11.8,0.1,25.1,0.0
2003,149,19.9,8.3,13.8,0.2,27.39,0.0
2003,150,17.6,10.2,13.5,0.2,22.47,0.0
2003,151,13.5,8.6,10.9,15.6,5.28,0.0
2003,152,12.9,5.2,8.3,1.3,20.19,0.0
2003,153,15.8,4.5,10.5,0.3,26.75,0.0
2003,154,16.8,6.1,11.4,0.0,16.63,0.0
2003,155,15.2,9.4,12.0,8.8,11.02,0.0
2003,156,15.3,10.9,12.5,1.3,13.7,0.0
2003,157,20.1,10.2,14.9,0.0,25.02,0.0
2003,158,17.5,11.6,13.8,8.2,8.25,0.0
2003,159,21.1,10.6,16.3,3.1,21.37,0.0
2003,160,17.6,12.7,14.9,3.7,21.14,0.0
2003,161,20.6,9.0,15.6,0.0,21.01,0.0
2003,162,22.2,15.7,18.0,3.7,15.35,0.0
2003,163,16.6,14.0,15.3,10.9,7.17,0.0
2003,164,19.7,16.0,17.5,3.3,7.13,0.0
2003,165,20.9,14.7,17.2,0.0,18.26,0.0
2003,166,21.3,12.5,16.4,0.0,28.24,0.0
2003,167,21.5,9.1,15.5,0.0,31.35,0.0
2003,168,22.6,12.4,17.0,0.4,24.16,0.0
2003,169,19.9,12.1,15.6,2.1,13.87,0.0
2003,170,16.2,11.9,14.3,8.1,9.61,0.0
2003,171,16.0,10.0,12.9,0.3,19.66,0.0
2003,172,16.3,10.0,13.1,3.8,12.41,0.0
2003,173,23.5,11.0,17.1,0.0,28.7,0.0
2003,174,25.0,12.7,18.7,0.0,30.63,0.0
2003,175,27.3,13.5,20.5,0.0,31.2,0.0
2003,176,28.8,16.6,22.5,0.0,29.13,0.0
2003,177,28.8,18.1,23.4,0.0,29.42,0.0
2003,178,21.6,14.8,18.5,0.0,17.97,0.0
2003,179,24.8,12.6,18.8,0.0,26.83,0.0
2003,180,23.9,15.0,19.1,5.6,22.28,0.0
2003,181,21.2,15.5,17.9,2.2,24.04,0.0
2003,182,23.4,13.5,18.5,1.0,23.26,0.0
2003,183,25.5,13.9,20.0,0.0,23.37,0.0
2003,184,27.3,16.2,21.6,0.0,27.25,0.0
2003,185,27.4,17.7,22.7,1.6,24.96,0.0
2003,186,26.4,19.4,22.1,8.8,19.26,0.0
2003,187,25.8,17.7,21.7,1.8,26.47,0.0
2003,188,22.6,16.8,19.3,14.7,11.63,0.0
2003,189,25.9,19.6,22.1,2.1,21.1,0.0
2003,190,22.5,14.6,18.1,10.1,21.27,0.0
2003,191,23.4,13.4,17.3,26.6,16.55,0.0
2003,192,21.7,15.6,18.7,5.0,18.99,0.0
2003,193,18.0,13.9,15.5,4.0,19.02,0.0
2003,194,21.2,13.0,17.1,0.2,24.13,0.0
2003,195,24.1,11.5,18.4,0.0,26.04,0.0
2003,196,25.6,15.0,20.3,5.2,24.43,0.0
2003,197,19.1,16.6,18.0,12.4,16.17,0.0
2003,198,24.7,12.4,18.9,0.0,27.74,0.0
2003,199,21.5,15.3,18.0,6.1,23.21,0.0
2003,200,21.0,10.9,16.2,0.0,25.95,0.0
2003,201,22.0,12.5,17.2,0.5,17.97,0.0
2003,202,18.5,16.4,17.3,23.0,4.82,0.0
2003,203,21.7,14.4,17.6,13.0,17.01,0.0
2003,204,20.9,14.8,17.6,5.0,19.03,0.0
2003,205,19.6,14.1,16.2,17.8,13.16,0.0
2003,206,22.9,13.3,18.3,0.0,23.89,0.0
2003,207,24.2,15.9,19.8,0.3,17.87,0.0
2003,208,23.0,18.3,20.3,11.7,10.94,0.0
2003,209,19.9,13.9,16.7,0.0,22.51,0.0
2003,210,21.5,12.1,17.1,0.0,23.9,0.0
2003,211,24.7,11.9,18.8,0.0,26.28,0.0
2003,212,24.3,15.4,19.5,1.6,18.87,0.0
2003,213,23.0,16.5,19.5,8.5,16.48,0.0
2003,214,25.7,16.1,20.3,0.9,18.61,0.0
2003,215,24.4,17.3,20.4,11.9,14.52,0.0
2003,216,24.6,17.3,20.6,0.3,21.01,0.0
2003,217,24.1,16.7,19.6,4.2,16.63,0.0
2003,218,21.8,15.8,18.5,8.1,16.01,0.0
2003,219,23.7,15.3,19.2,3.4,19.09,0.0
2003,220,24.7,15.6,19.4,6.6,20.8,0.0
2003,221,23.5,16.0,19.3,13.7,16.57,0.0
2003,222,22.8,17.3,19.5,3.3,13.42,0.0
2003,223,23.3,16.4,19.1,3.9,14.89,0.0
2003,224,23.4,17.3,19.7,2.4,15.5,0.0
2003,225,25.7,16.4,20.9,0.1,21.39,0.0
2003,226,26.6,16.5,21.5,0.0,24.51,0.0
2003,227,26.7,17.9,22.0,0.3,22.27,0.0
2003,228,23.7,17.8,20.3,8.8,16.28,0.0
2003,229,20.4,15.1,17.5,0.9,19.84,0.0
2003,230,22.0,12.9,17.7,0.0,21.51,0.0
2003,231,24.5,12.8,18.7,0.0,24.99,0.0
2003,232,26.2,14.1,20.2,0.0,24.75,0.0
2003,233,27.1,16.9,21.8,0.0,22.57,0.0
2003,234,24.1,17.0,21.1,0.6,18.19,0.0
2003,235,20.0,13.6,16.6,0.0,25.04,0.0
2003,236,20.6,10.7,15.4,1.2,24.56,0.0
2003,237,24.7,14.3,19.6,0.4,17.3,0.0
2003,238,25.1,17.3,19.9,7.0,13.17,0.0
2003,239,24.4,15.8,19.7,1.4,19.65,0.0
2003,240,22.4,11.0,16.6,0.0,23.31,0.0
2003,241,27.1,15.7,20.3,11.7,16.54,0.0
2003,242,18.9,11.2,15.3,0.0,12.49,0.0
2003,243,20.3,7.9,14.2,0.0,21.2,0.0
2003,244,16.4,12.9,14.1,17.0,5.35,0.0
2003,245,16.2,12.9,14.3,3.6,6.08,0.0
2003,246,20.6,14.1,16.7,0.0,6.56,0.0
2003,247,20.6,14.4,17.5,0.6,18.64,0.0
2003,248,15.5,11.8,13.7,0.7,9.99,0.0
2003,249,19.5,9.2,14.2,0.0,20.02,0.0
2003,250,23.2,11.3,16.8,0.0,19.15,0.0
2003,251,19.7,12.4,16.1,0.0,16.33,0.0
2003,252,20.9,9.8,15.1,0.0,18.79,0.0
2003,253,21.6,12.2,16.4,0.0,20.23,0.0
2003,254,23.6,12.7,17.9,0.0,19.62,0.0
2003,255,20.5,13.2,16.8,0.0,16.42,0.0
2003,256,21.3,14.1,16.9,5.9,9.36,0.0
2003,257,24.1,18.2,20.4,0.0,12.77,0.0
2003,258,23.6,13.5,18.3,13.3,12.36,0.0
2003,259,18.9,10.7,14.6,0.0,17.16,0.0
2003,260,21.0,9.7,15.1,0.0,20.23,0.0
2003,261,19.8,11.6,15.4,1.3,14.05,0.0
2003,262,18.3,14.4,16.8,4.3,1.49,0.0
2003,263,16.0,11.0,13.9,0.5,14.5,0.0
2003,264,18.8,6.6,12.8,0.0,19.63,0.0
2003,265,18.7,12.1,15.7,7.0,4.51,0.0
2003,266,15.6,11.0,13.4,4.7,13.57,0.0
2003,267,18.9,9.0,13.8,0.1,17.92,0.0
2003,268,16.0,8.6,13.7,3.0,14.19,0.0
2003,269,18.2,5.6,12.0,0.0,17.27,0.0
2003,270,20.6,11.6,16.8,25.1,7.91,0.0
2003,271,15.3,8.2,11.4,2.1,14.39,0.0
2003,272,11.4,6.0,8.2,4.2,13.72,0.0
2003,273,12.1,4.1,7.3,0.5,15.13,0.0
2003,274,8.8,3.5,5.5,4.5,13.27,0.0
2003,275,5.6,0.5,3.0,3.6,11.46,0.0
2003,276,10.0,-0.6,4.8,0.0,15.31,0.0
2003,277,8.8,3.5,5.8,9.6,11.08,0.0
2003,278,7.9,1.8,4.4,0.4,13.19,0.0
2003,279,7.8,0.3,4.2,0.0,10.23,0.0
2003,280,14.0,0.4,6.6,0.0,16.57,0.0
2003,281,20.7,5.2,12.3,0.0,15.98,0.0
2003,282,22.5,9.9,15.6,0.0,15.23,0.0
2003,283,21.6,11.8,15.9,0.0,13.23,0.0
2003,284,21.5,9.2,14.6,0.0,15.7,0.0
2003,285,17.8,9.6,12.9,0.5,7.02,0.0
2003,286,15.7,5.9,10.5,0.0,14.56,0.0
2003,287,15.8,5.7,10.2,21.3,7.2,0.0
2003,288,10.5,6.0,7.8,12.9,10.08,0.0
2003,289,9.3,4.0,6.6,0.0,12.95,0.0
2003,290,8.8,1.2,4.4,0.0,11.16,0.0
2003,291,8.1,0.5,4.1,3.1,9.66,0.0
2003,292,7.5,2.8,5.0,4.8,8.11,0.0
2003,293,14.8,0.3,7.4,0.0,13.54,0.0
2003,294,14.0,5.2,10.8,6.0,5.13,0.0
2003,295,4.8,0.3,2.4,3.3,10.4,0.0
2003,296,1.7,-1.5,-0.1,0.2,7.37,0.0
2003,297,6.0,-1.3,1.8,0.0,9.08,0.0
2003,298,13.6,0.6,6.6,1.1,5.96,0.0
2003,299,10.6,6.9,8.4,12.4,1.37,0.0
2003,300,6.6,2.8,5.4,9.7,2.59,0.0
2003,301,9.2,0.9,4.8,0.0,8.43,0.0
2003,302,7.2,2.8,5.0,5.4,5.94,0.0
2003,303,13.1,2.9,7.0,0.0,11.92,0.0
2003,304,18.8,9.6,14.1,0.0,8.51,0.0
2003,305,15.1,8.3,12.3,1.2,2.48,0.0
2003,306,14.5,6.0,10.3,2.7,1.52,0.0
2003,307,12.7,8.9,11.2,1.0,1.52,0.0
2003,308,18.3,5.4,11.2,0.1,7.85,0.0
2003,309,18.4,8.1,14.1,3.6,4.98,0.0
2003,310,7.4,3.4,5.8,0.0,4.91,0.0
2003,311,5.2,1.2,3.1,0.0,10.95,0.0
2003,312,0.4,-4.6,-2.8,0.0,9.4,0.0
2003,313,1.1,-5.1,-2.7,0.0,10.73,0.0
2003,314,5.5,-5.0,-0.8,0.0,11.33,0.0
2003,315,8.0,-0.7,3.7,2.6,1.24,0.0
2003,316,13.8,7.3,9.5,2.6,4.65,0.0
2003,317,10.4,-3.5,0.7,15.1,3.2,0.0
2003,318,1.2,-4.5,-1.9,1.8,2.91,0.0
2003,319,3.1,-3.6,-0.3,0.6,6.49,0.0
2003,320,6.5,-0.1,2.7,0.8,4.71,0.0
2003,321,5.8,3.5,4.5,4.4,2.16,0.0
2003,322,11.5,3.2,7.0,0.1,7.78,0.0
2003,323,13.1,5.1,10.1,32.3,1.02,0.0
2003,324,5.2,2.1,3.5,0.2,5.06,0.0
2003,325,12.5,3.3,7.5,0.0,9.2,0.0
2003,326,15.2,0.9,6.8,0.0,8.96,0.0
2003,327,16.2,7.1,10.6,0.0,7.61,0.0
2003,328,11.9,-1.6,7.1,7.3,4.0,0.0
2003,329,1.2,-2.3,-1.2,0.0,6.87,0.0
2003,330,6.0,-1.9,1.0,0.0,7.68,0.0
2003,331,5.0,-1.3,1.7,7.7,2.3,0.0
2003,332,6.9,0.2,4.2,17.9,0.73,0.0
2003,333,0.4,-2.2,-1.1,6.7,4.47,0.0
2003,334,4.1,-1.4,1.2,0.4,7.63,0.0
2003,335,4.1,-3.4,-0.3,3.0,6.87,0.0
2003,336,-3.8,-10.3,-7.0,1.2,6.72,0.0
2003,337,-4.4,-17.8,-10.3,0.0,5.84,0.0
2003,338,0.8,-10.0,-5.5,0.0,8.56,0.0
2003,339,-1.3,-7.4,-4.7,0.0,5.36,0.0
2003,340,-4.4,-8.8,-6.2,0.0,4.26,0.0
2003,341,-4.5,-11.2,-7.4,0.1,6.41,0.0
2003,342,-0.9,-10.9,-5.7,0.0,6.98,0.0
2003,343,1.9,-8.0,-2.8,0.0,3.23,0.0
2003,344,4.9,0.8,2.7,4.2,5.84,0.0
2003,345,6.0,-3.2,1.8,19.0,1.46,0.0
2003,346,-2.9,-6.4,-4.1,0.0,4.15,0.0
2003,347,-4.6,-8.8,-7.1,0.0,5.39,0.0
2003,348,-2.0,-8.0,-4.8,9.6,1.39,0.0
2003,349,-1.8,-5.8,-3.6,2.2,4.13,0.0
2003,350,8.0,-6.6,0.8,0.6,7.37,0.0
2003,351,2.9,-4.6,-1.2,6.1,3.51,0.0
2003,352,-3.5,-7.3,-4.7,2.1,3.55,0.0
2003,353,-2.3,-8.3,-5.7,0.3,6.08,0.0
2003,354,-5.2,-9.9,-7.4,0.2,5.76,0.0
2003,355,1.0,-10.0,-3.5,0.0,7.4,0.0
2003,356,5.2,0.5,2.4,0.0,6.53,0.0
2003,357,9.7,2.7,5.4,2.3,5.08,0.0
2003,358,5.5,-1.1,1.7,7.0,1.71,0.0
2003,359,-0.7,-4.4,-2.5,1.0,5.82,0.0
2003,360,0.1,-4.2,-2.3,0.2,6.62,0.0
2003,361,2.7,-7.4,-2.1,0.0,8.32,0.0
2003,362,8.5,-8.3,0.3,0.0,8.14,0.0
2003,363,9.4,2.5,5.1,0.0,5.22,0.0
2003,364,6.2,-2.3,1.0,8.2,5.39,0.0
2003,365,5.5,-2.8,0.3,0.0,5.72,0.0
2004,1,0.6,-3.1,-1.6,0.0,5.59,0.0
2004,2,6.0,-1.3,3.4,3.5,1.95,0.0
2004,3,11.0,5.2,8.4,4.7,1.95,0.0
2004,4,4.9,-2.3,0.4,5.0,2.01,0.0
2004,5,-1.7,-4.9,-3.2,6.9,1.9,0.0
2004,6,-5.1,-13.0,-8.7,2.7,6.6,0.0
2004,7,-10.8,-13.5,-12.3,0.8,5.89,0.0
2004,8,-6.8,-11.9,-9.7,0.6,5.29,0.0
2004,9,-12.6,-22.2,-17.5,0.0,8.2,0.0
2004,10,-15.0,-24.1,-20.1,0.0,8.41,0.0
2004,11,-3.8,-21.4,-10.8,3.0,5.7,0.0
2004,12,-0.4,-3.5,-1.8,8.7,2.91,0.0
2004,13,-2.5,-17.3,-7.5,2.7,6.41,0.0
2004,14,-13.5,-25.6,-18.1,4.9,4.52,0.0
2004,15,-15.7,-22.0,-19.3,1.3,7.17,0.0
2004,16,-13.0,-22.0,-17.6,0.0,7.65,0.0
2004,17,-4.6,-16.1,-11.0,2.5,4.42,0.0
2004,18,-1.8,-10.0,-5.3,1.0,5.13,0.0
2004,19,-10.5,-14.5,-12.4,0.0,5.69,0.0
2004,20,-11.5,-15.0,-13.5,0.3,8.09,0.0
2004,21,-8.4,-16.1,-12.3,0.0,8.1,0.0
2004,22,-4.3,-17.4,-9.9,1.5,7.39,0.0
2004,23,-15.3,-19.6,-17.7,0.0,8.55,0.0
2004,24,-15.2,-18.8,-17.0,0.0,8.38,0.0
2004,25,-11.6,-22.7,-17.1,0.0,9.33,0.0
2004,26,-9.0,-15.7,-13.0,3.0,3.89,0.0
2004,27,-2.2,-8.9,-5.7,15.7,3.69,0.0
2004,28,-5.6,-11.3,-9.5,1.7,6.21,0.0
2004,29,-10.8,-16.7,-13.9,1.8,9.35,0.0
2004,30,-13.7,-17.6,-16.2,0.4,9.25,0.0
2004,31,-11.1,-15.9,-14.0,0.6,9.12,0.0
2004,32,-6.3,-14.7,-11.5,0.0,11.28,0.0
2004,33,2.3,-15.7,-7.7,0.0,10.83,0.0
2004,34,0.1,-2.9,-1.5,14.1,2.26,0.0
2004,35,-1.7,-10.2,-5.5,1.3,9.45,0.0
2004,36,-4.7,-16.2,-9.4,0.0,6.99,0.0
2004,37,3.5,-5.4,-0.5,8.0,1.67,0.0
2004,38,-1.3,-12.1,-5.8,1.0,6.3,0.0
2004,39,-6.5,-16.9,-11.6,0.0,13.09,0.0
2004,40,2.0,-7.6,-2.8,0.0,8.77,0.0
2004,41,-1.7,-4.9,-3.2,1.2,9.51,0.0
2004,42,-5.5,-11.3,-7.8,0.5,8.69,0.0
2004,43,-1.7,-12.9,-6.4,1.4,5.6,0.0
2004,44,-3.4,-6.5,-5.1,0.0,9.73,0.0
2004,45,-3.2,-7.8,-5.7,0.0,8.89,0.0
2004,46,-8.7,-19.3,-14.5,0.0,13.34,0.0
2004,47,-7.9,-23.1,-16.3,0.0,14.64,0.0
2004,48,-1.1,-15.0,-7.9,0.0,10.9,0.0
2004,49,-2.0,-13.3,-7.1,0.0,13.39,0.0
2004,50,1.0,-4.0,-1.7,0.0,7.38,0.0
2004,51,5.7,-6.9,-0.2,2.3,7.52,0.0
2004,52,3.7,-4.3,-0.5,7.0,6.19,0.0
2004,53,-1.7,-8.0,-4.9,0.1,12.65,0.0
2004,54,1.1,-13.4,-6.0,0.0,15.03,0.0
2004,55,-2.4,-8.9,-5.7,0.9,12.05,0.0
2004,56,-1.0,-12.5,-7.0,0.0,16.11,0.0
2004,57,0.6,-11.2,-5.9,0.0,16.54,0.0
2004,58,1.8,-13.0,-6.2,0.0,16.88,0.0
2004,59,4.8,-11.5,-3.7,0.0,16.88,0.0
2004,60,7.8,-2.0,2.0,0.0,15.63,0.0
2004,61,10.1,-1.7,3.9,0.0,12.64,0.0
2004,62,7.6,2.5,5.2,2.9,9.9,0.0
2004,63,4.3,0.2,1.8,0.5,6.26,0.0
2004,64,6.1,0.8,2.9,2.1,8.07,0.0
2004,65,16.2,2.0,8.5,9.8,6.48,0.0
2004,66,12.0,-1.7,4.0,0.1,7.75,0.0
2004,67,7.6,-3.7,0.3,4.7,11.12,0.0
2004,68,0.8,-3.2,-1.5,1.2,10.72,0.0
2004,69,0.7,-4.6,-2.6,1.1,11.55,0.0
2004,70,6.1,-4.5,-0.9,0.0,18.27,0.0
2004,71,8.0,-4.4,0.9,0.8,14.18,0.0
2004,72,-0.7,-7.1,-4.7,3.7,11.17,0.0
2004,73,-3.0,-10.4,-7.0,0.0,18.19,0.0
2004,74,7.5,-11.2,-1.5,3.8,7.67,0.0
2004,75,-0.1,-3.9,-1.9,0.2,14.98,0.0
2004,76,-4.1,-6.9,-5.1,13.5,4.05,0.0
2004,77,-2.3,-9.6,-6.3,2.5,11.8,0.0
2004,78,-1.3,-9.3,-5.9,0.2,12.41,0.0
2004,79,0.9,-11.1,-5.2,0.0,19.12,0.0
2004,80,6.6,-9.2,1.3,5.8,5.97,0.0
2004,81,1.6,-8.2,-3.4,3.4,14.3,0.0
2004,82,-6.4,-11.5,-9.2,0.0,21.24,0.0
2004,83,1.9,-11.1,-4.0,1.2,16.21,0.0
2004,84,10.0,-6.9,1.3,3.5,14.67,0.0
2004,85,12.9,4.2,8.3,0.8,7.62,0.0
2004,86,18.0,7.1,10.7,9.6,7.28,0.0
2004,87,10.5,3.6,7.0,3.0,6.57,0.0
2004,88,16.4,1.4,8.0,0.0,21.38,0.0
2004,89,17.5,4.5,10.4,0.0,21.2,0.0
2004,90,13.3,4.0,7.4,6.0,14.67,0.0
2004,91,9.2,2.8,5.6,5.6,7.97,0.0
2004,92,4.8,2.1,2.8,8.2,2.09,0.0
2004,93,4.6,0.2,2.2,6.6,5.42,0.0
2004,94,4.8,-0.2,1.8,5.2,4.98,0.0
2004,95,1.1,-6.2,-2.6,11.2,8.4,0.0
2004,96,-2.1,-8.9,-5.7,0.0,24.75,0.0
2004,97,4.4,-6.4,-1.4,0.2,23.38,0.0
2004,98,3.7,-1.0,1.8,0.6,9.16,0.0
2004,99,9.7,-3.7,2.7,0.1,15.85,0.0
2004,100,7.5,-0.9,3.0,0.3,24.53,0.0
2004,101,6.0,-1.4,1.7,0.0,17.02,0.0
2004,102,7.3,-3.1,1.2,0.0,22.98,0.0
2004,103,9.1,-0.8,3.3,6.6,16.6,0.0
2004,104,4.3,0.5,2.0,24.8,2.37,0.0
2004,105,7.5,-0.6,2.3,3.4,16.3,0.0
2004,106,8.4,-2.4,2.9,0.0,26.25,0.0
2004,107,18.0,-1.5,7.7,0.0,25.63,0.0
2004,108,19.6,9.0,13.3,0.6,16.32,0.0
2004,109,24.2,6.3,15.3,0.3,18.31,0.0
2004,110,21.5,9.0,17.5,1.4,18.01,0.0
2004,111,13.4,4.1,8.0,0.0,21.57,0.0
2004,112,21.4,7.8,14.6,8.2,19.76,0.0
2004,113,14.0,7.7,11.4,0.6,17.02,0.0
2004,114,14.6,4.2,8.7,3.6,18.02,0.0
2004,115,10.8,3.5,7.0,0.0,26.56,0.0
2004,116,11.5,3.9,7.1,7.9,7.24,0.0
2004,117,11.5,5.4,9.5,2.3,14.17,0.0
2004,118,7.3,-0.2,4.4,2.4,20.59,0.0
2004,119,10.4,-2.6,3.8,0.7,24.87,0.0
2004,120,22.6,8.1,15.7,0.2,26.16,0.0
2004,121,21.8,11.7,16.2,0.7,18.51,0.0
2004,122,20.3,12.6,15.8,8.9,15.7,0.0
2004,123,21.0,3.8,12.6,9.6,9.63,0.0
2004,124,8.6,2.3,4.7,0.0,22.15,0.0
2004,125,8.9,-1.1,4.1,0.7,24.19,0.0
2004,126,11.6,3.7,7.3,5.1,14.45,0.0
2004,127,21.2,1.9,11.7,0.9,26.32,0.0
2004,128,14.6,5.9,11.4,8.1,26.75,0.0
2004,129,14.1,3.3,9.2,9.1,17.82,0.0
2004,130,17.2,9.5,12.9,7.5,13.54,0.0
2004,131,24.5,13.3,18.2,3.5,19.96,0.0
2004,132,22.0,14.3,17.3,3.7,21.45,0.0
2004,133,25.2,12.4,19.0,0.7,24.25,0.0
2004,134,26.7,15.0,20.6,0.9,24.87,0.0
2004,135,26.2,17.0,20.9,3.7,22.35,0.0
2004,136,19.3,10.7,14.3,2.7,3.88,0.0
2004,137,15.8,7.9,11.6,0.0,18.74,0.0
2004,138,24.4,6.4,15.8,0.0,29.04,0.0
2004,139,21.4,14.6,17.5,3.3,13.02,0.0
2004,140,18.9,9.9,13.9,0.2,28.57,0.0
2004,141,22.5,9.9,16.5,22.0,19.27,0.0
2004,142,19.3,13.1,16.4,6.4,11.43,0.0
2004,143,22.5,12.3,16.9,40.7,10.47,0.0
2004,144,26.1,17.0,18.7,19.8,12.71,0.0
2004,145,22.2,13.3,16.7,18.7,17.24,0.0
2004,146,21.6,10.8,14.7,7.7,15.82,0.0
2004,147,20.1,12.7,15.7,0.6,18.9,0.0
2004,148,21.8,9.1,15.2,3.7,25.02,0.0
2004,149,15.4,7.5,13.2,2.9,23.46,0.0
2004,150,13.4,3.4,8.7,0.0,30.28,0.0
2004,151,18.6,3.8,11.6,0.0,31.07,0.0
2004,152,15.0,10.5,12.9,9.5,6.92,0.0
2004,153,19.3,11.0,14.7,10.3,24.03,0.0
2004,154,16.6,10.9,13.3,11.2,17.21,0.0
2004,155,16.8,6.9,12.1,0.2,24.35,0.0
2004,156,18.1,5.6,12.0,0.0,30.02,0.0
2004,157,17.6,8.7,12.5,0.3,19.15,0.0
2004,158,18.5,10.7,14.5,0.2,14.83,0.0
2004,159,23.2,12.6,17.8,0.2,22.99,0.0
2004,160,26.6,14.6,20.5,0.0,28.32,0.0
2004,161,27.9,18.6,22.6,5.1,26.33,0.0
2004,162,19.2,10.6,14.1,9.7,7.48,0.0
2004,163,16.9,8.7,12.2,0.0,25.27,0.0
2004,164,20.2,6.2,13.6,0.0,31.06,0.0
2004,165,21.0,12.2,16.1,5.9,13.83,0.0
2004,166,25.7,16.5,20.4,7.1,25.49,0.0
2004,167,23.5,16.9,20.0,3.1,24.26,0.0
2004,168,25.1,12.9,18.9,0.5,25.86,0.0
2004,169,22.0,16.5,19.0,17.0,7.94,0.0
2004,170,24.0,17.6,20.0,1.4,19.2,0.0
2004,171,17.3,9.7,14.3,1.4,23.39,0.0
2004,172,16.5,6.4,11.7,0.0,27.2,0.0
2004,173,20.5,8.2,14.9,0.0,24.08,0.0
2004,174,20.4,14.2,17.0,3.8,17.04,0.0
2004,175,20.5,11.6,16.1,0.0,26.68,0.0
2004,176,23.6,12.0,17.5,5.6,26.54,0.0
2004,177,15.2,10.0,12.5,2.9,14.16,0.0
2004,178,16.7,9.4,13.4,0.1,24.64,0.0
2004,179,17.5,9.7,13.7,0.0,21.73,0.0
2004,180,17.5,9.6,13.1,11.8,13.22,0.0
2004,181,20.4,10.4,15.2,1.1,24.63,0.0
2004,182,21.9,12.3,17.1,0.7,26.5,0.0
2004,183,23.7,13.7,18.8,0.0,25.29,0.0
2004,184,21.8,13.0,17.4,0.0,29.83,0.0
2004,185,24.7,10.2,18.1,0.0,30.37,0.0
2004,186,27.2,16.2,21.0,3.2,23.23,0.0
2004,187,22.3,16.0,19.7,1.6,19.48,0.0
2004,188,24.0,13.7,18.2,0.1,27.02,0.0
2004,189,23.7,17.0,19.3,17.0,14.2,0.0
2004,190,20.7,13.8,17.2,3.5,17.88,0.0
2004,191,18.8,12.8,15.9,0.3,17.34,0.0
2004,192,22.6,14.0,17.8,0.0,16.69,0.0
2004,193,25.5,13.6,19.6,0.0,25.07,0.0
2004,194,22.5,16.9,19.6,10.3,15.63,0.0
2004,195,24.6,17.5,20.7,1.3,20.44,0.0
2004,196,20.4,15.4,18.0,9.8,9.22,0.0
2004,197,16.1,14.4,15.2,7.5,7.91,0.0
2004,198,20.6,14.8,16.8,11.1,12.47,0.0
2004,199,22.7,13.4,17.6,13.2,21.38,0.0
2004,200,21.8,14.8,17.5,8.7,16.74,0.0
2004,201,22.1,13.4,17.8,1.6,21.71,0.0
2004,202,23.4,14.4,18.9,0.0,23.5,0.0
2004,203,25.7,15.4,20.6,0.1,23.8,0.0
2004,204,25.6,18.8,21.6,9.8,18.04,0.0
2004,205,21.5,14.6,19.0,2.3,14.97,0.0
2004,206,18.6,12.4,15.0,0.0,28.05,0.0
2004,207,20.5,10.7,15.5,0.0,17.51,0.0
2004,208,16.9,14.7,15.7,14.5,5.23,0.0
2004,209,20.3,15.4,17.2,33.2,5.48,0.0
2004,210,21.4,15.3,17.5,4.4,18.33,0.0
2004,211,23.9,13.8,19.1,0.0,21.73,0.0
2004,212,23.9,16.9,20.2,19.5,12.87,0.0
2004,213,22.7,19.0,20.0,7.7,7.88,0.0
2004,214,23.8,17.2,20.4,0.5,22.37,0.0
2004,215,26.0,13.2,19.9,0.0,26.47,0.0
2004,216,24.6,16.8,19.8,6.3,18.64,0.0
2004,217,19.5,15.1,17.3,11.7,5.53,0.0
2004,218,17.4,11.9,14.7,0.6,20.27,0.0
2004,219,15.7,9.3,12.6,0.0,18.1,0.0
2004,220,15.7,9.7,12.5,0.8,16.49,0.0
2004,221,20.9,10.9,15.9,0.5,21.0,0.0
2004,222,23.0,12.2,17.7,0.0,22.15,0.0
2004,223,22.3,15.9,18.1,16.1,18.09,0.0
2004,224,19.9,14.4,16.8,0.6,18.42,0.0
2004,225,17.2,13.1,14.9,2.5,9.03,0.0
2004,226,17.0,13.0,14.8,1.9,8.0,0.0
2004,227,18.7,11.6,14.9,0.9,16.24,0.0
2004,228,19.5,10.9,14.9,2.2,17.33,0.0
2004,229,20.7,10.6,15.3,1.5,21.29,0.0
2004,230,21.2,10.7,16.0,0.0,19.53,0.0
2004,231,23.8,14.3,18.3,0.7,18.95,0.0
2004,232,19.7,16.3,18.1,5.2,9.53,0.0
2004,233,20.6,12.9,17.2,9.5,10.32,0.0
2004,234,17.6,11.4,14.1,13.5,16.73,0.0
2004,235,20.1,7.3,14.0,0.0,24.86,0.0
2004,236,21.9,13.1,17.3,1.6,15.32,0.0
2004,237,21.5,12.9,17.0,0.0,16.95,0.0
2004,238,25.5,16.0,20.4,0.0,20.65,0.0
2004,239,25.5,18.0,21.2,0.4,20.2,0.0
2004,240,27.6,18.5,22.2,1.5,18.03,0.0
2004,241,23.8,19.9,21.5,4.4,8.92,0.0
2004,242,23.8,18.6,20.3,7.0,9.47,0.0
2004,243,18.9,16.3,17.7,11.6,3.24,0.0
2004,244,20.7,14.0,16.8,0.0,18.13,0.0
2004,245,20.0,12.9,16.2,0.0,20.25,0.0
2004,246,21.2,11.6,16.6,0.0,17.72,0.0
2004,247,24.4,13.5,18.4,0.0,19.93,0.0
2004,248,24.0,14.9,19.3,0.2,17.96,0.0
2004,249,24.6,15.3,19.7,0.0,18.68,0.0
2004,250,23.9,15.1,19.0,0.0,18.6,0.0
2004,251,23.1,17.7,19.6,5.9,10.74,0.0
2004,252,17.2,15.3,15.9,32.5,2.54,0.0
2004,253,18.3,14.4,15.7,59.3,4.08,0.0
2004,254,18.9,12.4,15.2,0.0,13.98,0.0
2004,255,21.7,9.5,15.6,0.0,20.36,0.0
2004,256,22.4,12.5,17.2,0.0,19.14,0.0
2004,257,22.3,14.3,17.7,0.0,17.17,0.0
2004,258,24.0,13.1,18.0,0.0,17.13,0.0
2004,259,22.5,16.2,18.5,0.2,15.97,0.0
2004,260,24.1,14.3,18.7,2.2,17.01,0.0
2004,261,18.3,11.6,13.9,32.5,2.88,0.0
2004,262,14.2,9.3,11.3,3.7,17.65,0.0
2004,263,14.1,6.6,9.7,0.0,19.04,0.0
2004,264,19.4,5.2,12.0,0.0,19.46,0.0
2004,265,21.7,10.1,15.1,0.0,15.78,0.0
2004,266,22.9,11.8,16.6,0.0,19.49,0.0
2004,267,24.0,12.7,17.8,0.0,16.71,0.0
2004,268,25.1,13.5,18.8,0.0,16.85,0.0
2004,269,21.9,14.6,17.8,0.3,12.98,0.0
2004,270,18.5,12.0,15.0,0.1,13.51,0.0
2004,271,20.5,8.6,14.6,0.0,14.42,0.0
2004,272,18.1,13.0,15.3,0.2,9.04,0.0
2004,273,15.3,9.8,12.3,0.0,17.08,0.0
2004,274,15.7,9.2,11.7,0.1,12.75,0.0
2004,275,19.9,7.4,13.2,0.0,17.85,0.0
2004,276,19.1,8.8,14.1,2.9,7.19,0.0
2004,277,15.0,4.1,9.5,0.0,17.42,0.0
2004,278,14.5,5.9,9.6,0.7,10.06,0.0
2004,279,8.7,2.5,5.6,0.0,10.84,0.0
2004,280,15.7,3.1,9.0,0.0,16.58,0.0
2004,281,20.9,9.1,13.6,0.0,16.3,0.0
2004,282,21.7,10.0,14.9,0.0,15.72,0.0
2004,283,16.8,10.0,14.3,0.0,8.88,0.0
2004,284,9.4,7.6,8.3,0.0,4.52,0.0
2004,285,9.3,4.2,7.1,0.0,10.2,0.0
2004,286,13.5,1.9,6.9,0.0,15.58,0.0
2004,287,17.0,3.6,9.6,0.0,11.3,0.0
2004,288,12.1,7.0,9.4,1.2,2.25,0.0
2004,289,12.3,7.3,10.4,6.1,4.87,0.0
2004,290,9.4,3.6,6.7,1.8,9.57,0.0
2004,291,4.6,1.0,2.9,9.6,4.94,0.0
2004,292,7.8,2.8,5.1,4.3,7.48,0.0
2004,293,6.1,4.6,5.3,12.9,1.22,0.0
2004,294,8.8,5.7,7.2,2.3,1.63,0.0
2004,295,8.9,7.2,8.0,6.7,1.44,0.0
2004,296,9.1,6.4,7.5,0.0,3.04,0.0
2004,297,12.9,2.7,7.3,0.0,13.85,0.0
2004,298,10.0,5.9,7.6,2.5,2.97,0.0
2004,299,11.6,7.4,9.1,0.0,4.49,0.0
2004,300,12.6,6.0,8.9,0.0,7.13,0.0
2004,301,11.5,6.0,8.3,0.0,5.55,0.0
2004,302,12.4,3.7,7.1,0.0,11.55,0.0
2004,303,13.7,5.9,9.1,6.2,4.83,0.0
2004,304,17.5,11.5,14.9,8.4,3.71,0.0
2004,305,11.9,7.5,9.6,0.4,5.03,0.0
2004,306,8.8,4.5,6.3,0.0,8.03,0.0
2004,307,15.9,5.3,10.0,14.7,1.56,0.0
2004,308,7.2,1.3,4.2,0.1,11.52,0.0
2004,309,7.1,-0.8,2.7,9.5,2.25,0.0
2004,310,4.9,1.7,3.1,3.2,8.07,0.0
2004,311,9.8,4.2,6.4,0.0,10.81,0.0
2004,312,12.9,3.3,7.8,0.5,8.73,0.0
2004,313,2.8,-2.3,0.3,1.7,9.45,0.0
2004,314,-0.8,-4.6,-3.0,0.0,7.97,0.0
2004,315,8.8,-3.9,2.6,0.0,9.63,0.0
2004,316,8.8,0.2,5.0,1.8,1.65,0.0
2004,317,3.0,-2.6,-0.4,0.0,9.0,0.0
2004,318,0.7,-3.9,-2.4,0.0,7.62,0.0
2004,319,5.2,-4.3,-0.7,0.0,10.41,0.0
2004,320,8.6,-1.1,2.3,0.0,9.84,0.0
2004,321,10.1,-0.1,3.8,0.0,9.91,0.0
2004,322,11.0,2.4,6.6,0.0,5.28,0.0
2004,323,10.1,7.0,8.1,0.0,2.02,0.0
2004,324,8.3,4.5,6.9,0.4,2.68,0.0
2004,325,9.5,3.9,7.1,5.5,1.35,0.0
2004,326,9.0,3.8,6.9,0.1,2.25,0.0
2004,327,7.1,0.5,3.5,0.0,7.19,0.0
2004,328,9.0,-1.4,3.3,0.0,6.02,0.0
2004,329,11.7,6.0,7.4,20.2,0.63,0.0
2004,330,12.3,-3.1,2.5,3.5,2.25,0.0
2004,331,1.5,-3.5,-1.6,0.0,5.69,0.0
2004,332,7.1,-2.1,3.0,0.3,5.82,0.0
2004,333,6.6,1.5,4.5,17.2,5.15,0.0
2004,334,2.9,-1.5,0.5,0.0,5.58,0.0
2004,335,5.9,-0.9,2.1,0.2,4.59,0.0
2004,336,5.4,1.0,2.8,21.1,3.04,0.0
2004,337,2.2,-1.1,0.2,0.0,5.08,0.0
2004,338,-0.8,-3.9,-1.9,4.0,6.34,0.0
2004,339,3.0,-5.9,-1.1,0.9,6.43,0.0
2004,340,2.5,-3.7,-0.7,0.1,3.93,0.0
2004,341,1.0,-4.1,-1.5,2.2,1.86,0.0
2004,342,7.8,1.4,3.5,5.5,1.09,0.0
2004,343,5.8,-0.2,2.5,0.5,2.91,0.0
2004,344,6.1,-0.3,2.3,1.1,4.36,0.0
2004,345,5.2,3.1,3.9,10.9,0.95,0.0
2004,346,3.8,-1.7,1.6,8.7,1.21,0.0
2004,347,0.8,-2.4,-1.0,3.0,3.1,0.0
2004,348,0.4,-3.1,-1.3,3.9,4.56,0.0
2004,349,-3.9,-9.4,-7.7,0.7,3.23,0.0
2004,350,-2.7,-9.3,-5.9,0.0,4.78,0.0
2004,351,2.0,-5.6,-2.3,0.3,7.49,0.0
2004,352,-1.4,-6.9,-4.4,1.4,3.9,0.0
2004,353,2.8,-12.2,-3.5,0.0,5.72,0.0
2004,354,-0.1,-18.6,-8.2,2.8,4.28,0.0
2004,355,-15.5,-21.9,-19.1,0.0,7.61,0.0
2004,356,0.7,-19.4,-6.2,0.0,3.65,0.0
2004,357,1.9,-2.5,-0.2,6.2,1.87,0.0
2004,358,8.3,-7.0,0.3,17.3,1.69,0.0
2004,359,-6.5,-11.2,-8.7,0.4,5.2,0.0
2004,360,-10.2,-17.7,-13.8,0.7,6.53,0.0
2004,361,-6.1,-17.7,-11.4,1.2,4.68,0.0
2004,362,-11.7,-16.3,-13.8,0.2,6.71,0.0
2004,363,-0.9,-16.3,-8.4,0.2,3.04,0.0
2004,364,1.2,-1.8,-0.1,1.3,2.84,0.0
2004,365,4.9,-3.8,0.3,0.5,4.28,0.0
2004,366,9.2,3.3,6.8,5.1,2.1,0.0
2005,1,8.8,-2.1,1.2,0.0,5.69,0.0
2005,2,7.8,-2.6,2.8,4.0,3.05,0.0
2005,3,7.7,1.0,4.0,3.6,2.02,0.0
2005,4,1.5,-1.6,-0.2,5.4,4.59,0.0
2005,5,-1.3,-5.3,-3.0,3.5,2.34,0.0
2005,6,3.4,-6.8,-2.6,16.9,1.05,0.0
2005,7,-2.4,-6.3,-4.8,0.2,5.64,0.0
2005,8,-0.5,-5.9,-3.1,12.3,2.55,0.0
2005,9,0.9,-6.3,-3.2,0.0,3.61,0.0
2005,10,1.9,-3.6,-0.5,0.6,4.78,0.0
2005,11,-0.9,-5.2,-2.7,4.4,2.49,0.0
2005,12,8.5,-1.3,4.2,7.0,1.56,0.0
2005,13,14.7,7.1,10.5,4.8,5.55,0.0
2005,14,5.9,-9.3,-3.7,11.4,6.02,0.0
2005,15,-7.3,-11.7,-9.4,0.0,8.57,0.0
2005,16,-6.2,-10.5,-8.4,0.6,5.07,0.0
2005,17,-9.3,-15.5,-12.4,2.4,7.14,0.0
2005,18,-16.0,-20.7,-18.4,0.2,9.17,0.0
2005,19,-4.6,-17.5,-8.4,4.2,4.07,0.0
2005,20,-6.7,-16.9,-12.2,0.3,7.25,0.0
2005,21,-15.5,-23.2,-18.5,0.0,9.55,0.0
2005,22,-13.0,-25.0,-17.3,12.2,1.99,0.0
2005,23,-13.9,-18.0,-16.3,2.8,7.49,0.0
2005,24,-8.4,-18.7,-13.1,1.9,5.53,0.0
2005,25,-5.6,-9.8,-7.5,1.2,8.45,0.0
2005,26,-3.3,-15.0,-9.1,7.0,5.46,0.0
2005,27,-13.8,-19.3,-16.7,0.0,9.97,0.0
2005,28,-8.6,-25.7,-16.7,0.0,10.91,0.0
2005,29,-1.2,-14.3,-7.8,0.0,7.42,0.0
2005,30,-2.1,-10.4,-6.7,0.0,11.44,0.0
2005,31,-2.6,-17.2,-9.1,0.0,11.53,0.0
2005,32,-1.8,-14.7,-9.0,0.0,11.81,0.0
2005,33,1.2,-17.8,-8.1,0.0,12.22,0.0
2005,34,1.0,-3.9,-1.8,0.9,4.64,0.0
2005,35,2.0,-7.6,-3.6,0.0,11.85,0.0
2005,36,7.2,-9.8,-2.9,0.0,12.21,0.0
2005,37,8.9,-5.5,0.7,0.0,12.46,0.0
2005,38,8.2,1.0,3.5,0.7,8.16,0.0
2005,39,3.6,0.2,2.5,7.2,2.34,0.0
2005,40,0.2,-4.0,-1.5,7.9,2.76,0.0
2005,41,-4.6,-9.2,-6.3,1.9,6.21,0.0
2005,42,-4.5,-13.0,-8.9,0.1,13.46,0.0
2005,43,-0.5,-5.8,-3.5,4.4,6.35,0.0
2005,44,-3.0,-13.1,-7.6,0.0,13.48,0.0
2005,45,3.3,-6.3,0.3,8.2,3.3,0.0
2005,46,7.8,-0.5,2.5,0.6,11.38,0.0
2005,47,0.4,-7.5,-2.0,10.5,7.77,0.0
2005,48,-4.1,-10.1,-7.5,3.2,11.88,0.0
2005,49,-11.1,-17.2,-13.3,0.1,11.63,0.0
2005,50,-5.6,-20.2,-12.4,0.2,13.52,0.0
2005,51,-1.9,-19.8,-8.9,3.7,11.04,0.0
2005,52,1.4,-2.9,-0.6,7.4,6.14,0.0
2005,53,-0.4,-4.0,-2.5,2.8,6.62,0.0
2005,54,-4.2,-12.8,-8.3,0.5,8.72,0.0
2005,55,-6.1,-16.6,-11.5,1.2,10.22,0.0
2005,56,-4.1,-16.5,-10.2,0.1,15.06,0.0
2005,57,-5.2,-11.6,-7.2,1.1,10.02,0.0
2005,58,-3.0,-18.2,-10.5,0.0,16.44,0.0
2005,59,-0.1,-8.4,-3.6,4.9,7.02,0.0
2005,60,-1.1,-6.1,-3.8,12.9,6.45,0.0
2005,61,-6.3,-11.1,-7.9,4.1,9.65,0.0
2005,62,-7.4,-13.9,-11.2,0.0,13.97,0.0
2005,63,-4.0,-13.6,-9.5,0.0,16.79,0.0
2005,64,-1.7,-14.9,-8.1,0.0,18.17,0.0
2005,65,1.5,-7.1,-2.3,0.6,6.82,0.0
2005,66,8.4,-2.9,3.2,5.7,12.75,0.0
2005,67,0.8,-16.8,-11.4,1.6,13.1,0.0
2005,68,-10.6,-18.1,-14.6,0.0,16.59,0.0
2005,69,-5.8,-17.9,-11.9,0.0,18.87,0.0
2005,70,-1.1,-10.9,-5.9,2.3,10.47,0.0
2005,71,-0.6,-12.5,-6.3,2.2,12.45,0.0
2005,72,-2.7,-11.3,-7.2,0.0,14.1,0.0
2005,73,-3.8,-17.0,-10.3,0.0,20.0,0.0
2005,74,-1.6,-13.1,-7.9,0.0,20.09,0.0
2005,75,-1.1,-10.4,-6.3,0.0,17.9,0.0
2005,76,2.5,-14.8,-6.2,0.0,17.92,0.0
2005,77,1.4,-12.5,-5.5,0.0,16.97,0.0
2005,78,5.6,-12.6,-3.2,1.0,17.29,0.0
2005,79,3.9,-1.7,0.8,6.9,7.87,0.0
2005,80,2.1,-3.6,-1.2,1.5,11.91,0.0
2005,81,5.5,-5.4,-1.0,0.0,20.57,0.0
2005,82,0.7,-3.9,-2.6,10.8,6.44,0.0
2005,83,4.5,-3.2,-0.2,3.3,17.76,0.0
2005,84,2.6,-4.3,-0.8,0.0,14.73,0.0
2005,85,7.2,-4.5,-0.1,0.0,20.05,0.0
2005,86,7.2,-2.2,2.3,0.1,15.7,0.0
2005,87,3.7,1.1,2.7,5.7,3.33,0.0
2005,88,8.4,-0.3,3.2,0.0,14.19,0.0
2005,89,11.6,-2.8,5.6,0.0,15.96,0.0
2005,90,14.4,6.0,9.2,4.3,14.23,0.0
2005,91,11.1,2.7,6.2,0.0,20.76,0.0
2005,92,4.2,-0.8,0.8,47.1,1.69,0.0
2005,93,1.2,-1.2,-0.4,26.3,5.14,0.0
2005,94,4.9,-1.6,0.7,3.9,22.99,0.0
2005,95,9.5,-3.2,3.1,0.0,21.15,0.0
2005,96,18.2,3.8,10.3,0.2,19.84,0.0
2005,97,14.0,3.3,8.4,2.3,6.56,0.0
2005,98,12.3,0.9,5.8,0.0,23.62,0.0
2005,99,14.7,-1.1,6.6,0.0,24.96,0.0
2005,100,16.4,0.9,8.3,0.0,23.73,0.0
2005,101,9.0,0.5,4.2,0.0,25.73,0.0
2005,102,9.0,-2.3,2.7,0.0,25.83,0.0
2005,103,9.3,-2.6,3.4,0.0,25.74,0.0
2005,104,10.9,-0.8,4.6,0.0,24.99,0.0
2005,105,13.0,-0.9,5.8,0.0,26.1,0.0
2005,106,17.8,1.1,9.2,0.0,26.11,0.0
2005,107,18.3,2.9,10.4,0.0,23.81,0.0
2005,108,18.6,3.9,11.3,0.0,25.31,0.0
2005,109,22.7,5.2,14.0,0.0,24.33,0.0
2005,110,20.5,3.5,13.6,5.6,14.65,0.0
2005,111,10.2,0.9,4.8,0.0,27.19,0.0
2005,112,14.7,-0.4,6.1,16.0,16.01,0.0
2005,113,14.7,5.5,8.3,16.1,8.08,0.0
2005,114,6.6,0.2,3.3,12.2,13.23,0.0
2005,115,4.4,-0.5,1.9,1.3,10.46,0.0
2005,116,17.0,1.7,9.8,0.0,17.65,0.0
2005,117,11.7,4.4,8.7,2.8,22.1,0.0
2005,118,6.1,2.3,4.2,3.2,18.75,0.0
2005,119,10.2,-1.0,5.1,0.9,15.03,0.0
2005,120,7.3,3.5,5.6,11.8,2.77,0.0
2005,121,9.1,2.4,5.2,0.4,25.38,0.0
2005,122,6.7,1.3,3.7,2.0,21.85,0.0
2005,123,6.9,-0.6,2.8,1.7,22.97,0.0
2005,124,7.9,-1.3,3.2,1.0,22.38,0.0
2005,125,13.5,-1.9,6.2,0.0,25.35,0.0
2005,126,16.3,4.7,10.3,0.0,22.65,0.0
2005,127,15.7,4.6,10.0,0.6,22.9,0.0
2005,128,16.2,3.7,10.5,0.0,29.08,0.0
2005,129,20.7,5.0,13.1,0.0,28.52,0.0
2005,130,25.5,9.0,16.9,0.0,27.48,0.0
2005,131,20.8,10.1,16.2,0.7,21.87,0.0
2005,132,9.1,1.6,5.3,0.0,29.73,0.0
2005,133,17.9,0.8,8.8,0.0,28.43,0.0
2005,134,18.7,11.2,14.8,23.9,9.65,0.0
2005,135,13.9,6.9,11.3,1.3,22.8,0.0
2005,136,9.0,4.5,6.7,0.3,15.63,0.0
2005,137,10.7,1.3,6.7,0.1,20.57,0.0
2005,138,14.1,1.6,8.3,0.0,29.54,0.0
2005,139,16.7,1.2,9.8,0.0,23.89,0.0
2005,140,17.4,6.5,12.0,0.0,26.91,0.0
2005,141,17.6,5.7,12.0,0.0,26.84,0.0
2005,142,12.4,5.3,8.5,0.3,17.05,0.0
2005,143,11.6,4.4,7.9,0.0,14.16,0.0
2005,144,10.1,6.4,7.6,4.9,11.77,0.0
2005,145,16.4,5.8,10.8,0.0,25.93,0.0
2005,146,19.5,7.4,13.3,0.0,30.52,0.0
2005,147,18.1,8.2,13.3,0.1,23.55,0.0
2005,148,16.0,8.6,11.5,1.9,16.73,0.0
2005,149,16.2,7.6,11.3,3.8,24.31,0.0
2005,150,17.3,7.3,12.3,2.3,24.71,0.0
2005,151,19.5,7.4,14.1,0.0,25.16,0.0
2005,152,22.4,8.9,16.3,0.0,24.31,0.0
2005,153,24.0,11.8,17.8,0.0,25.9,0.0
2005,154,16.9,13.2,14.5,0.4,9.18,0.0
2005,155,20.2,12.9,16.4,0.0,10.98,0.0
2005,156,27.7,13.2,20.7,0.0,25.19,0.0
2005,157,26.8,18.8,21.8,3.6,26.23,0.0
2005,158,25.9,16.7,21.1,0.0,27.97,0.0
2005,159,28.7,16.4,22.6,0.0,25.57,0.0
2005,160,29.9,17.4,22.9,3.5,25.57,0.0
2005,161,27.8,19.1,23.0,1.2,22.08,0.0
2005,162,28.0,18.9,23.1,8.6,21.05,0.0
2005,163,27.4,19.5,22.3,7.6,14.8,0.0
2005,164,28.8,19.1,22.6,15.2,20.52,0.0
2005,165,27.4,19.2,22.3,8.7,24.5,0.0
2005,166,21.0,16.7,18.6,7.7,20.21,0.0
2005,167,16.5,10.9,13.7,13.5,6.03,0.0
2005,168,15.6,9.3,12.3,7.1,16.2,0.0
2005,169,16.1,11.9,13.2,0.0,11.3,0.0
2005,170,16.7,10.5,13.6,0.0,14.68,0.0
2005,171,23.5,10.0,16.8,0.0,28.9,0.0
2005,172,23.1,12.1,17.8,0.0,22.78,0.0
2005,173,20.0,14.6,16.6,0.0,20.33,0.0
2005,174,23.0,7.9,16.2,0.0,30.16,0.0
2005,175,28.3,13.1,20.4,0.0,30.38,0.0
2005,176,29.7,17.6,23.4,0.0,27.01,0.0
2005,177,29.8,17.5,23.5,0.1,27.69,0.0
2005,178,30.4,18.0,24.4,0.1,25.19,0.0
2005,179,31.3,19.5,24.9,0.0,28.3,0.0
2005,180,24.4,19.2,21.6,14.4,17.2,0.0
2005,181,27.2,17.9,22.4,0.0,23.28,0.0
2005,182,24.2,17.2,20.6,5.9,16.92,0.0
2005,183,20.6,12.6,16.3,0.0,27.7,0.0
2005,184,26.5,10.1,18.8,0.0,27.37,0.0
2005,185,28.2,17.2,22.6,0.0,24.91,0.0
2005,186,26.0,18.9,22.0,4.6,19.89,0.0
2005,187,21.9,16.2,18.4,1.0,16.06,0.0
2005,188,23.2,14.0,18.7,0.0,24.1,0.0
2005,189,19.6,15.6,17.3,9.4,13.2,0.0
2005,190,22.9,14.2,18.0,4.7,19.49,0.0
2005,191,26.6,14.7,20.3,0.0,30.45,0.0
2005,192,28.8,15.5,22.4,0.0,26.67,0.0
2005,193,30.5,17.9,24.4,0.0,24.8,0.0
2005,194,31.7,19.8,25.4,0.8,26.56,0.0
2005,195,30.3,19.6,24.0,3.8,24.58,0.0
2005,196,28.4,18.9,23.5,0.0,22.19,0.0
2005,197,28.1,20.5,23.2,20.7,15.37,0.0
2005,198,27.2,20.5,23.0,11.9,17.75,0.0
2005,199,29.1,20.2,23.4,2.2,22.0,0.0
2005,200,27.2,20.2,23.1,0.7,23.07,0.0
2005,201,26.0,16.1,21.1,0.0,28.38,0.0
2005,202,27.8,15.5,21.5,0.0,22.14,0.0
2005,203,24.3,18.6,21.4,5.0,14.97,0.0
2005,204,24.7,15.0,19.8,0.0,28.21,0.0
2005,205,25.9,13.9,19.5,6.9,21.09,0.0
2005,206,28.6,18.7,23.2,1.9,25.03,0.0
2005,207,30.0,17.4,23.2,6.6,23.97,0.0
2005,208,21.2,15.8,18.9,24.0,10.31,0.0
2005,209,21.9,12.5,17.4,0.0,22.68,0.0
2005,210,23.4,12.8,18.3,0.0,24.34,0.0
2005,211,22.5,15.5,18.9,0.1,20.22,0.0
2005,212,25.8,14.4,20.1,0.5,26.38,0.0
2005,213,27.5,15.3,21.3,0.2,23.95,0.0
2005,214,27.0,18.8,22.4,2.1,22.15,0.0
2005,215,28.3,19.0,23.3,1.3,23.29,0.0
2005,216,29.8,17.9,24.0,0.0,25.03,0.0
2005,217,24.5,18.9,21.8,1.8,24.79,0.0
2005,218,24.8,14.6,19.7,0.0,25.29,0.0
2005,219,27.8,13.7,21.0,0.0,27.21,0.0
2005,220,26.7,15.2,20.8,1.8,18.98,0.0
2005,221,27.3,17.5,22.1,0.0,21.95,0.0
2005,222,28.7,17.5,22.6,0.0,23.52,0.0
2005,223,26.4,18.3,21.7,1.7,20.13,0.0
2005,224,27.7,18.5,22.6,3.0,14.34,0.0
2005,225,23.7,19.9,21.7,8.9,11.87,0.0
2005,226,21.6,16.3,18.7,16.3,7.88,0.0
2005,227,22.9,14.1,18.4,0.0,18.94,0.0
2005,228,24.2,14.0,19.1,0.0,24.21,0.0
2005,229,23.3,15.5,18.9,0.0,24.8,0.0
2005,230,25.0,12.7,18.6,0.0,20.5,0.0
2005,231,24.5,18.2,20.5,2.7,13.78,0.0
2005,232,26.3,18.2,21.2,7.8,17.23,0.0
2005,233,23.8,17.6,20.4,2.1,21.1,0.0
2005,234,18.3,14.0,16.1,0.4,15.12,0.0
2005,235,18.4,12.5,15.3,0.2,14.29,0.0
2005,236,20.7,11.5,16.1,0.0,20.61,0.0
2005,237,23.1,11.0,17.1,0.0,22.86,0.0
2005,238,26.3,13.1,19.6,0.0,23.85,0.0
2005,239,24.0,15.3,18.4,5.4,15.3,0.0
2005,240,26.0,15.9,20.5,0.7,21.29,0.0
2005,241,25.9,15.4,19.4,1.0,12.57,0.0
2005,242,23.1,16.6,19.5,15.9,8.37,0.0
2005,243,19.9,16.9,18.6,61.0,3.14,0.0
2005,244,21.7,14.9,17.9,0.0,18.02,0.0
2005,245,22.3,15.4,18.3,0.0,21.8,0.0
2005,246,20.0,12.5,16.0,0.7,15.79,0.0
2005,247,18.9,12.5,15.3,0.0,14.72,0.0
2005,248,22.1,9.1,15.6,0.0,22.66,0.0
2005,249,23.8,11.3,17.4,0.0,22.0,0.0
2005,250,24.0,12.7,18.0,0.0,21.9,0.0
2005,251,21.3,12.9,16.5,4.9,13.33,0.0
2005,252,21.2,14.1,16.7,0.0,19.68,0.0
2005,253,20.7,9.8,15.1,0.0,19.05,0.0
2005,254,24.3,9.1,16.5,0.0,21.22,0.0
2005,255,26.2,14.3,19.6,0.0,20.69,0.0
2005,256,27.0,14.7,20.2,0.0,20.46,0.0
2005,257,26.6,15.8,20.5,0.5,19.09,0.0
2005,258,23.0,16.6,19.2,1.5,15.12,0.0
2005,259,19.9,16.1,17.4,18.3,4.57,0.0
2005,260,19.5,14.7,16.6,1.6,11.28,0.0
2005,261,20.7,11.4,15.9,0.6,15.38,0.0
2005,262,23.1,13.1,17.8,0.2,16.38,0.0
2005,263,20.9,15.1,18.2,1.8,14.88,0.0
2005,264,23.3,12.3,17.2,0.0,18.71,0.0
2005,265,24.5,13.8,18.5,0.5,16.7,0.0
2005,266,19.5,11.7,16.3,5.8,15.88,0.0
2005,267,20.4,9.2,14.2,0.0,19.36,0.0
2005,268,24.9,14.7,18.9,5.1,11.77,0.0
2005,269,18.3,13.9,16.9,24.6,2.8,0.0
2005,270,17.0,9.8,13.0,0.0,18.71,0.0
2005,271,20.5,7.8,14.1,0.0,18.3,0.0
2005,272,17.7,7.6,12.2,13.6,12.89,0.0
2005,273,15.5,4.8,9.9,0.0,16.75,0.0
2005,274,20.9,7.8,13.7,0.0,17.79,0.0
2005,275,23.6,9.8,16.1,0.0,17.07,0.0
2005,276,24.8,13.3,18.2,0.0,16.24,0.0
2005,277,24.6,13.7,18.3,0.0,16.43,0.0
2005,278,24.3,13.8,18.3,0.0,16.25,0.0
2005,279,24.6,14.7,19.1,0.0,14.34,0.0
2005,280,18.4,10.4,15.1,35.6,1.41,0.0
2005,281,9.9,6.9,7.8,1.0,2.65,0.0
2005,282,11.1,7.6,8.8,0.0,5.72,0.0
2005,283,12.2,8.7,10.2,0.0,3.42,0.0
2005,284,11.6,10.1,10.6,0.0,2.05,0.0
2005,285,12.8,10.3,11.3,0.0,2.01,0.0
2005,286,13.8,10.3,11.8,0.0,3.75,0.0
2005,287,15.7,10.6,12.7,0.0,6.4,0.0
2005,288,13.9,8.4,10.6,3.8,10.93,0.0
2005,289,10.0,6.5,7.9,3.1,5.98,0.0
2005,290,10.5,7.0,8.2,1.0,6.58,0.0
2005,291,11.7,7.9,9.9,1.3,8.72,0.0
2005,292,16.9,5.5,9.5,0.0,10.16,0.0
2005,293,10.2,1.9,6.0,0.0,11.14,0.0
2005,294,10.6,2.1,6.0,0.0,12.97,0.0
2005,295,5.0,3.1,4.1,30.8,1.13,0.0
2005,296,5.8,2.3,3.7,6.6,5.8,0.0
2005,297,5.7,-0.5,2.6,5.9,4.63,0.0
2005,298,3.9,1.9,2.9,18.6,1.66,0.0
2005,299,5.3,1.6,3.0,4.2,8.04,0.0
2005,300,4.7,0.1,2.1,0.4,7.76,0.0
2005,301,5.4,-2.2,1.0,0.7,10.29,0.0
2005,302,8.0,-1.2,3.0,0.0,11.52,0.0
2005,303,12.8,4.2,7.4,0.0,12.27,0.0
2005,304,14.0,5.7,8.9,0.2,8.41,0.0
2005,305,12.1,5.3,8.7,2.9,4.98,0.0
2005,306,8.0,2.7,4.8,0.0,8.16,0.0
2005,307,15.4,3.3,9.9,0.0,10.34,0.0
2005,308,15.7,7.9,11.2,0.0,8.27,0.0
2005,309,16.6,8.9,12.5,2.6,7.52,0.0
2005,310,18.5,6.9,12.4,6.6,7.09,0.0
2005,311,8.9,5.1,6.5,0.0,9.42,0.0
2005,312,10.4,3.6,7.5,0.0,7.84,0.0
2005,313,12.0,2.6,7.1,16.1,1.8,0.0
2005,314,6.2,1.0,2.8,0.4,7.7,0.0
2005,315,4.3,-0.3,1.8,0.2,6.33,0.0
2005,316,12.9,0.1,5.5,0.0,10.32,0.0
2005,317,15.3,7.2,10.7,0.1,7.68,0.0
2005,318,10.5,3.5,5.6,0.0,8.58,0.0
2005,319,13.5,2.8,8.0,22.4,1.68,0.0
2005,320,15.3,0.6,8.3,17.8,1.87,0.0
2005,321,0.0,-4.1,-2.0,1.7,6.21,0.0
2005,322,-1.5,-4.5,-3.5,0.0,5.16,0.0
2005,323,4.6,-3.9,-0.6,0.0,9.3,0.0
2005,324,8.7,0.4,3.4,0.0,9.36,0.0
2005,325,8.0,1.8,3.9,0.0,6.75,0.0
2005,326,2.0,-5.6,-0.9,2.6,3.01,0.0
2005,327,-3.6,-7.8,-5.7,0.2,6.49,0.0
2005,328,-2.1,-11.5,-6.1,7.2,4.45,0.0
2005,329,-3.9,-10.6,-6.9,1.0,6.01,0.0
2005,330,-2.1,-8.4,-6.0,1.8,3.75,0.0
2005,331,5.4,-6.4,0.5,0.0,2.62,0.0
2005,332,12.8,3.9,9.1,2.0,4.55,0.0
2005,333,14.2,5.4,11.3,23.5,1.25,0.0
2005,334,4.6,-1.3,0.9,0.0,3.34,0.0
2005,335,0.6,-2.2,-1.2,0.0,3.79,0.0
2005,336,-1.6,-5.8,-3.2,2.7,4.18,0.0
2005,337,-3.9,-7.3,-5.9,0.0,6.34,0.0
2005,338,-3.4,-6.5,-4.9,2.8,3.72,0.0
2005,339,-3.4,-8.4,-5.5,0.3,4.05,0.0
2005,340,-5.9,-8.8,-7.3,0.3,5.92,0.0
2005,341,-6.4,-10.5,-8.6,0.3,6.31,0.0
2005,342,-4.7,-14.5,-9.2,0.0,7.02,0.0
2005,343,-2.2,-5.5,-3.7,4.4,3.65,0.0
2005,344,-2.5,-7.4,-4.8,0.0,4.44,0.0
2005,345,-1.2,-7.0,-4.1,2.0,3.74,0.0
2005,346,-4.0,-13.5,-9.4,0.3,4.85,0.0
2005,347,-8.1,-16.5,-12.6,0.0,6.27,0.0
2005,348,-7.8,-20.0,-13.9,0.0,6.31,0.0
2005,349,-1.9,-11.9,-6.9,6.6,4.02,0.0
2005,350,-0.9,-5.6,-2.3,7.1,4.69,0.0
2005,351,-3.8,-6.5,-5.2,0.3,4.09,0.0
2005,352,-3.3,-8.5,-6.2,0.0,5.15,0.0
2005,353,-6.8,-10.1,-8.1,0.7,6.36,0.0
2005,354,-6.0,-9.0,-7.5,0.2,3.88,0.0
2005,355,-6.1,-9.5,-7.4,0.8,3.42,0.0
2005,356,-0.9,-7.0,-4.5,0.0,5.77,0.0
2005,357,2.8,-1.0,0.8,0.4,3.24,0.0
2005,358,4.0,0.0,1.8,0.4,4.52,0.0
2005,359,2.6,-0.3,1.0,5.2,2.11,0.0
2005,360,0.9,-3.4,-0.9,5.8,1.97,0.0
2005,361,-0.2,-4.2,-2.5,0.0,3.95,0.0
2005,362,4.7,-4.6,0.9,0.4,1.4,0.0
2005,363,2.8,-1.8,1.4,5.1,1.14,0.0
2005,364,-1.9,-5.3,-3.4,0.1,2.93,0.0
2005,365,1.2,-6.1,-2.1,3.8,2.64,0.0
2006,1,0.5,-3.1,-1.4,0.7,2.85,0.0
2006,2,1.6,-2.5,-0.1,8.6,1.44,0.0
2006,3,2.9,-0.7,0.6,2.0,3.23,0.0
2006,4,3.1,-0.9,1.2,1.5,1.17,0.0
2006,5,2.5,-2.7,-0.0,7.5,1.9,0.0
2006,6,-3.2,-7.3,-5.8,0.7,3.73,0.0
2006,7,-2.1,-8.0,-5.4,0.2,5.24,0.0
2006,8,0.8,-3.4,-1.6,0.8,4.66,0.0
2006,9,5.6,-0.7,1.9,0.0,2.6,0.0
2006,10,2.3,-1.8,-0.4,0.0,7.37,0.0
2006,11,10.5,1.6,5.4,3.2,5.47,0.0
2006,12,9.6,0.8,4.1,0.0,8.73,0.0
2006,13,12.9,4.0,7.3,0.0,5.32,0.0
2006,14,8.0,-7.4,0.3,20.2,1.58,0.0
2006,15,-8.0,-12.2,-10.4,0.0,8.68,0.0
2006,16,-3.1,-12.7,-8.5,0.0,8.77,0.0
2006,17,3.8,-7.2,-2.1,4.3,3.42,0.0
2006,18,7.2,-4.0,1.1,8.5,2.28,0.0
2006,19,5.9,-4.3,-0.1,0.0,8.74,0.0
2006,20,10.0,3.5,7.0,0.0,4.08,0.0
2006,21,8.2,-3.6,3.1,4.9,3.16,0.0
2006,22,3.6,-4.9,-1.8,0.0,9.32,0.0
2006,23,2.3,-3.2,-0.3,0.7,5.17,0.0
2006,24,3.9,-3.2,-0.6,3.0,6.05,0.0
2006,25,-0.8,-6.8,-3.0,6.7,4.82,0.0
2006,26,-7.1,-11.8,-9.1,0.1,9.79,0.0
2006,27,4.2,-15.2,-4.7,0.0,10.72,0.0
2006,28,6.9,-0.2,2.5,0.0,10.33,0.0
2006,29,6.5,1.1,3.1,10.5,1.58,0.0
2006,30,8.3,0.7,4.8,0.9,6.18,0.0
2006,31,0.4,-2.5,-0.9,0.4,4.57,0.0
2006,32,1.6,-3.2,-1.2,0.0,6.74,0.0
2006,33,9.7,-0.3,3.5,1.5,9.32,0.0
2006,34,4.4,0.1,2.8,9.8,2.84,0.0
2006,35,6.8,-1.0,2.8,5.7,4.55,0.0
2006,36,5.2,-5.7,-0.6,4.1,8.02,0.0
2006,37,-3.9,-6.8,-5.5,4.6,5.48,0.0
2006,38,-3.9,-6.5,-5.6,1.9,4.98,0.0
2006,39,-6.0,-11.7,-8.5,1.3,9.17,0.0
2006,40,-6.3,-15.1,-10.5,0.7,9.82,0.0
2006,41,-3.1,-12.4,-7.7,1.2,6.8,0.0
2006,42,-3.5,-8.4,-6.5,0.0,6.82,0.0
2006,43,-7.2,-12.6,-9.3,0.0,8.43,0.0
2006,44,-3.8,-12.9,-7.6,0.5,8.92,0.0
2006,45,1.8,-6.3,-2.8,0.2,10.46,0.0
2006,46,6.3,-1.1,2.1,0.0,12.18,0.0
2006,47,8.5,-2.1,3.3,6.3,2.88,0.0
2006,48,10.7,-7.2,-0.5,5.3,7.45,0.0
2006,49,-6.4,-15.2,-11.6,0.2,12.54,0.0
2006,50,-8.1,-16.2,-12.3,0.0,13.68,0.0
2006,51,-3.5,-11.1,-8.1,0.0,14.77,0.0
2006,52,-2.0,-9.4,-5.7,0.5,10.13,0.0
2006,53,5.1,-9.8,-3.1,0.0,12.25,0.0
2006,54,3.1,-3.6,-0.8,2.2,13.83,0.0
2006,55,-4.1,-7.7,-6.0,0.0,15.59,0.0
2006,56,2.7,-9.2,-3.7,4.6,10.29,0.0
2006,57,-9.6,-14.7,-12.0,0.7,13.98,0.0
2006,58,-6.4,-17.9,-11.9,0.7,13.88,0.0
2006,59,-7.8,-16.0,-11.7,0.2,13.22,0.0
2006,60,-3.2,-13.9,-8.9,0.0,16.95,0.0
2006,61,-3.8,-10.4,-7.6,5.1,4.07,0.0
2006,62,-7.2,-12.2,-9.8,0.0,12.53,0.0
2006,63,-2.3,-10.8,-7.5,0.0,12.4,0.0
2006,64,-0.4,-10.4,-6.0,0.0,18.28,0.0
2006,65,-0.4,-9.8,-5.8,0.0,14.77,0.0
2006,66,-0.9,-10.5,-6.6,0.0,18.53,0.0
2006,67,5.6,-13.5,-3.8,0.0,12.57,0.0
2006,68,11.7,2.0,5.2,9.9,4.36,0.0
2006,69,9.6,1.0,6.6,0.8,4.97,0.0
2006,70,12.5,-0.6,4.6,0.0,15.72,0.0
2006,71,10.4,3.7,8.2,5.0,3.83,0.0
2006,72,15.7,5.0,10.4,16.5,5.25,0.0
2006,73,11.8,-3.4,0.9,2.6,14.44,0.0
2006,74,-0.2,-4.8,-3.1,0.4,15.12,0.0
2006,75,1.4,-5.2,-2.7,0.0,18.82,0.0
2006,76,-0.8,-6.1,-4.0,0.0,20.36,0.0
2006,77,-2.4,-7.4,-5.4,0.0,14.4,0.0
2006,78,-2.3,-8.0,-5.4,0.0,10.49,0.0
2006,79,-2.6,-7.1,-5.3,0.3,15.54,0.0
2006,80,-0.0,-9.2,-5.4,0.0,18.26,0.0
2006,81,-1.4,-6.4,-3.9,0.9,7.57,0.0
2006,82,3.2,-4.7,-1.8,0.0,15.28,0.0
2006,83,4.0,-5.0,-0.8,0.0,13.05,0.0
2006,84,3.5,-2.9,-0.3,0.3,12.29,0.0
2006,85,4.1,-2.7,-0.0,0.3,14.13,0.0
2006,86,7.3,-3.7,0.8,0.0,22.16,0.0
2006,87,9.7,-3.3,2.5,0.0,18.32,0.0
2006,88,12.0,-1.2,4.7,0.0,22.07,0.0
2006,89,15.5,-1.1,6.6,0.0,22.13,0.0
2006,90,21.0,4.2,11.9,5.0,20.06,0.0
2006,91,12.4,4.3,7.9,3.6,5.55,0.0
2006,92,12.2,-1.4,5.2,0.0,23.3,0.0
2006,93,14.1,1.9,8.4,14.1,10.85,0.0
2006,94,3.0,-3.7,-0.1,1.5,17.81,0.0
2006,95,1.2,-4.5,-1.7,1.7,14.19,0.0
2006,96,7.6,-2.0,2.1,0.0,16.23,0.0
2006,97,6.6,0.4,3.4,6.3,2.2,0.0
2006,98,2.9,-3.5,-0.7,0.3,24.16,0.0
2006,99,7.2,-4.5,0.7,0.0,24.69,0.0
2006,100,12.8,-2.6,4.6,0.0,24.58,0.0
2006,101,18.3,0.3,9.0,0.0,23.25,0.0
2006,102,18.7,8.0,12.5,5.3,9.79,0.0
2006,103,16.8,6.5,11.1,1.5,20.18,0.0
2006,104,13.3,6.3,9.9,8.1,6.69,0.0
2006,105,14.6,5.4,10.6,0.5,23.2,0.0
2006,106,11.9,1.8,6.4,0.0,25.53,0.0
2006,107,10.1,-0.2,5.1,0.0,23.32,0.0
2006,108,14.3,0.8,7.5,0.0,25.49,0.0
2006,109,16.7,3.2,10.3,0.0,26.1,0.0
2006,110,20.1,4.2,12.0,0.0,26.57,0.0
2006,111,23.1,6.0,14.2,0.3,22.48,0.0
2006,112,11.0,6.0,7.7,16.9,3.35,0.0
2006,113,10.3,6.4,8.0,11.2,9.62,0.0
2006,114,9.3,4.9,6.8,3.1,8.68,0.0
2006,115,8.9,-0.1,4.5,1.0,10.77,0.0
2006,116,11.1,-2.7,4.0,0.0,27.84,0.0
2006,117,10.5,3.0,6.2,0.0,21.98,0.0
2006,118,10.2,-1.6,4.4,0.0,28.23,0.0
2006,119,15.1,-0.3,7.1,0.0,28.5,0.0
2006,120,19.0,2.8,10.7,0.0,28.11,0.0
2006,121,19.0,6.1,12.3,0.0,25.24,0.0
2006,122,17.9,4.2,11.4,0.0,28.26,0.0
2006,123,18.9,3.8,11.4,0.0,26.15,0.0
2006,124,20.6,8.3,14.3,0.0,20.5,0.0
2006,125,15.4,6.1,11.1,0.0,23.07,0.0
2006,126,8.8,2.9,6.3,1.9,15.65,0.0
2006,127,15.8,-0.2,7.9,0.0,28.88,0.0
2006,128,20.1,4.1,11.9,0.0,27.48,0.0
2006,129,19.8,6.0,13.0,0.0,25.88,0.0
2006,130,22.8,7.7,15.6,0.0,28.09,0.0
2006,131,20.1,11.7,14.4,21.7,13.91,0.0
2006,132,16.4,7.7,12.4,12.1,21.98,0.0
2006,133,17.8,6.7,11.8,2.5,21.0,0.0
2006,134,16.7,9.6,12.4,0.3,17.3,0.0
2006,135,15.3,7.6,10.8,4.3,15.2,0.0
2006,136,13.6,7.5,9.9,2.2,17.13,0.0
2006,137,15.9,8.6,11.8,1.8,20.33,0.0
2006,138,12.7,7.4,10.2,7.5,13.49,0.0
2006,139,12.7,4.8,8.7,2.6,20.58,0.0
2006,140,11.2,5.8,8.1,3.9,15.85,0.0
2006,141,7.7,3.9,5.7,10.4,15.46,0.0
2006,142,7.0,2.8,4.7,0.8,14.57,0.0
2006,143,12.2,1.4,7.0,0.0,23.12,0.0
2006,144,18.4,3.2,11.0,0.0,28.66,0.0
2006,145,20.4,9.4,14.6,0.0,16.95,0.0
2006,146,18.4,14.0,15.9,14.2,11.64,0.0
2006,147,19.6,13.2,15.8,0.0,18.0,0.0
2006,148,25.6,8.7,18.1,0.0,28.94,0.0
2006,149,28.4,14.9,21.3,0.1,25.15,0.0
2006,150,29.6,17.5,23.6,0.0,26.44,0.0
2006,151,29.4,18.8,23.5,0.3,26.81,0.0
2006,152,22.0,16.8,19.2,8.3,11.15,0.0
2006,153,19.9,13.9,16.9,2.2,12.48,0.0
2006,154,15.5,9.9,12.4,20.9,9.21,0.0
2006,155,14.4,9.4,11.4,4.0,12.34,0.0
2006,156,21.6,9.5,15.9,0.0,27.93,0.0
2006,157,23.6,9.2,17.0,0.0,29.52,0.0
2006,158,21.5,10.4,16.8,0.0,24.43,0.0
2006,159,19.3,12.9,16.0,0.0,23.37,0.0
2006,160,16.6,8.8,12.5,12.9,16.48,0.0
2006,161,13.1,6.9,9.4,0.1,22.7,0.0
2006,162,14.1,6.5,10.2,0.0,20.33,0.0
2006,163,16.0,8.5,12.4,0.0,14.86,0.0
2006,164,18.4,9.7,14.6,0.0,19.27,0.0
2006,165,19.1,11.8,15.2,0.1,21.1,0.0
2006,166,20.4,10.2,15.6,0.0,28.3,0.0
2006,167,23.9,10.2,17.4,0.0,30.29,0.0
2006,168,28.6,15.0,21.5,0.6,28.27,0.0
2006,169,29.0,17.9,23.3,0.0,26.63,0.0
2006,170,23.3,17.4,19.9,19.4,15.15,0.0
2006,171,20.6,15.1,18.0,1.6,23.39,0.0
2006,172,24.0,10.5,17.9,0.0,26.3,0.0
2006,173,26.0,17.9,21.2,5.7,20.78,0.0
2006,174,22.2,16.2,18.6,8.0,10.52,0.0
2006,175,22.2,14.5,18.2,0.9,21.82,0.0
2006,176,23.1,14.5,18.2,3.5,16.7,0.0
2006,177,21.7,16.1,18.4,5.7,10.64,0.0
2006,178,22.6,17.1,19.2,10.6,10.71,0.0
2006,179,23.7,15.8,19.4,3.2,24.13,0.0
2006,180,20.4,14.6,16.9,2.0,20.65,0.0
2006,181,21.4,12.6,16.4,6.2,25.12,0.0
2006,182,24.7,13.8,19.5,0.0,27.46,0.0
2006,183,24.3,19.1,21.3,1.9,16.63,0.0
2006,184,25.8,17.3,21.1,0.0,22.63,0.0
2006,185,23.0,18.0,19.7,3.4,12.71,0.0
2006,186,20.3,12.8,16.7,0.0,25.2,0.0
2006,187,18.6,11.2,15.3,0.0,22.42,0.0
2006,188,22.9,12.2,17.7,0.0,26.22,0.0
2006,189,23.7,12.1,18.7,0.0,22.5,0.0
2006,190,23.9,13.8,18.9,0.0,21.06,0.0
2006,191,24.6,16.1,18.9,16.2,18.42,0.0
2006,192,25.3,15.6,20.3,0.3,25.03,0.0
2006,193,20.4,18.2,19.2,41.4,4.03,0.0
2006,194,26.2,16.8,20.8,0.0,26.9,0.0
2006,195,28.2,15.7,22.3,0.0,27.3,0.0
2006,196,25.9,18.8,21.8,13.5,20.11,0.0
2006,197,29.7,17.1,23.5,0.0,28.58,0.0
2006,198,30.1,20.8,25.0,0.0,27.81,0.0
2006,199,25.4,19.0,22.6,0.9,21.36,0.0
2006,200,26.7,15.9,21.3,0.0,26.84,0.0
2006,201,28.1,17.7,22.6,0.4,22.58,0.0
2006,202,24.4,18.7,21.2,4.1,17.47,0.0
2006,203,19.2,15.2,16.8,59.6,3.05,0.0
2006,204,21.4,13.3,16.9,0.9,23.17,0.0
2006,205,23.9,12.8,18.3,0.0,22.51,0.0
2006,206,26.2,17.7,21.3,1.6,26.04,0.0
2006,207,27.8,18.3,22.4,1.5,24.3,0.0
2006,208,25.6,18.7,21.4,13.4,16.8,0.0
2006,209,23.9,19.4,20.7,31.9,11.53,0.0
2006,210,27.5,18.6,22.7,0.2,23.98,0.0
2006,211,25.4,18.6,21.7,2.3,21.17,0.0
2006,212,27.9,19.2,23.1,3.3,19.55,0.0
2006,213,30.4,22.4,26.0,0.0,24.61,0.0
2006,214,29.8,23.7,26.4,0.0,24.34,0.0
2006,215,25.3,20.5,22.6,19.3,9.01,0.0
2006,216,25.1,17.9,21.1,6.7,24.55,0.0
2006,217,23.7,15.0,19.2,0.0,25.01,0.0
2006,218,27.0,14.5,20.2,0.0,24.04,0.0
2006,219,25.2,19.3,22.2,0.9,17.81,0.0
2006,220,20.8,14.6,17.8,0.0,25.39,0.0
2006,221,23.4,10.4,17.4,0.0,27.3,0.0
2006,222,23.7,13.7,18.1,0.0,20.72,0.0
2006,223,19.1,12.7,15.6,0.0,25.15,0.0
2006,224,20.2,10.0,15.0,0.0,26.27,0.0
2006,225,22.0,8.6,15.8,0.0,25.95,0.0
2006,226,25.1,11.7,18.4,3.6,20.35,0.0
2006,227,22.0,14.0,18.2,1.1,21.5,0.0
2006,228,21.7,13.1,17.6,0.0,18.56,0.0
2006,229,24.7,11.5,18.5,0.0,25.38,0.0
2006,230,26.3,16.8,20.9,0.0,18.83,0.0
2006,231,19.9,16.3,18.3,27.4,5.05,0.0
2006,232,20.3,15.6,18.1,2.9,14.46,0.0
2006,233,22.2,13.4,17.2,0.0,22.06,0.0
2006,234,23.3,12.9,18.0,0.2,20.79,0.0
2006,235,21.1,13.6,17.2,0.0,20.89,0.0
2006,236,21.7,12.1,16.7,1.6,18.49,0.0
2006,237,20.3,14.0,16.6,5.1,9.8,0.0
2006,238,23.0,14.8,18.4,0.3,13.05,0.0
2006,239,21.4,18.1,19.1,9.4,6.12,0.0
2006,240,21.3,17.8,19.1,2.2,9.24,0.0
2006,241,17.8,13.8,16.0,20.3,5.99,0.0
2006,242,19.7,13.4,16.2,0.0,15.49,0.0
2006,243,19.0,9.7,14.1,0.0,22.14,0.0
2006,244,19.7,11.1,15.1,0.0,17.08,0.0
2006,245,14.7,10.6,12.1,39.9,1.49,0.0
2006,246,14.3,11.5,12.7,4.0,5.35,0.0
2006,247,17.6,12.1,14.4,0.1,11.8,0.0
2006,248,17.6,11.8,14.5,0.0,9.23,0.0
2006,249,20.5,11.5,15.2,3.1,17.0,0.0
2006,250,21.3,11.0,15.7,0.2,18.77,0.0
2006,251,22.6,12.6,17.0,0.0,19.58,0.0
2006,252,21.0,13.0,15.7,4.9,12.96,0.0
2006,253,13.8,9.9,11.9,0.0,8.79,0.0
2006,254,15.5,7.9,11.7,0.0,11.92,0.0
2006,255,16.9,11.2,13.0,8.7,7.92,0.0
2006,256,18.2,11.1,14.0,15.9,6.28,0.0
2006,257,16.4,12.9,14.3,12.7,4.83,0.0
2006,258,18.0,14.1,15.3,1.3,10.04,0.0
2006,259,19.6,14.3,16.4,0.0,9.19,0.0
2006,260,21.9,12.5,16.8,0.0,14.8,0.0
2006,261,25.2,14.3,19.2,0.8,19.08,0.0
2006,262,18.4,11.3,14.8,5.6,13.74,0.0
2006,263,12.4,8.1,10.2,5.6,12.01,0.0
2006,264,13.0,6.2,9.2,0.0,13.12,0.0
2006,265,17.5,5.1,11.4,0.2,14.44,0.0
2006,266,19.3,13.2,16.3,9.6,5.49,0.0
2006,267,18.3,11.7,15.9,7.6,14.49,0.0
2006,268,13.7,9.7,11.4,0.7,11.62,0.0
2006,269,14.2,7.7,10.7,1.0,12.86,0.0
2006,270,19.4,7.7,13.5,0.1,14.48,0.0
2006,271,14.6,7.7,10.6,26.9,1.71,0.0
2006,272,10.2,5.1,7.4,0.0,12.86,0.0
2006,273,11.4,3.9,7.4,3.3,9.91,0.0
2006,274,13.3,7.9,10.1,5.2,10.63,0.0
2006,275,18.0,6.5,11.6,0.0,16.76,0.0
2006,276,18.3,12.4,14.9,1.5,8.68,0.0
2006,277,18.1,9.5,13.8,8.7,4.23,0.0
2006,278,10.3,5.4,7.6,0.0,14.42,0.0
2006,279,11.6,3.4,7.0,0.0,16.53,0.0
2006,280,14.7,2.9,8.5,0.0,17.26,0.0
2006,281,20.2,5.0,11.9,0.0,14.48,0.0
2006,282,20.0,10.8,14.4,0.0,15.14,0.0
2006,283,16.0,9.4,12.0,0.0,9.22,0.0
2006,284,15.5,11.2,13.6,9.8,3.98,0.0
2006,285,14.1,0.7,6.4,8.4,11.42,0.0
2006,286,6.0,-3.1,1.3,0.7,14.44,0.0
2006,287,4.5,-0.2,1.9,3.6,9.86,0.0
2006,288,6.7,-0.3,2.5,0.0,10.31,0.0
2006,289,13.0,0.1,5.8,0.0,13.86,0.0
2006,290,11.8,6.7,8.8,23.2,1.19,0.0
2006,291,12.7,9.4,10.6,0.0,5.8,0.0
2006,292,16.1,8.3,11.7,10.0,4.02,0.0
2006,293,7.8,2.4,4.3,22.3,2.69,0.0
2006,294,8.2,1.9,5.0,0.2,7.61,0.0
2006,295,8.7,4.3,6.1,6.7,5.33,0.0
2006,296,4.7,0.6,2.5,5.6,9.48,0.0
2006,297,3.9,0.1,1.6,1.8,7.5,0.0
2006,298,5.4,0.3,2.3,0.5,8.81,0.0
2006,299,3.9,-0.1,1.6,0.1,7.57,0.0
2006,300,4.1,-2.4,1.0,11.2,3.79,0.0
2006,301,6.3,0.8,3.8,16.3,3.63,0.0
2006,302,4.1,0.3,2.2,4.2,9.96,0.0
2006,303,12.9,1.7,6.5,0.0,12.55,0.0
2006,304,15.0,8.6,11.4,1.0,5.82,0.0
2006,305,8.3,2.9,5.3,0.0,11.67,0.0
2006,306,2.7,-2.2,0.5,1.2,8.84,0.0
2006,307,1.2,-3.4,-1.9,0.0,9.91,0.0
2006,308,1.5,-3.5,-1.4,0.0,7.84,0.0
2006,309,9.2,-1.7,2.7,0.0,11.03,0.0
2006,310,12.4,1.3,5.6,0.0,10.81,0.0
2006,311,9.8,4.1,6.4,2.6,3.96,0.0
2006,312,11.2,6.8,8.9,3.2,2.21,0.0
2006,313,14.7,7.6,10.3,0.0,8.23,0.0
2006,314,9.7,3.8,6.1,0.0,8.53,0.0
2006,315,13.3,3.0,9.1,13.5,1.86,0.0
2006,316,2.6,0.8,1.7,3.1,2.15,0.0
2006,317,8.0,1.8,3.9,3.6,2.59,0.0
2006,318,5.4,4.2,4.6,3.4,1.05,0.0
2006,319,10.1,4.3,6.1,2.3,6.8,0.0
2006,320,14.0,7.0,10.8,21.1,1.68,0.0
2006,321,10.0,2.1,4.7,4.2,2.82,0.0
2006,322,3.9,1.5,2.3,0.0,3.03,0.0
2006,323,2.1,-1.3,0.6,0.0,3.45,0.0
2006,324,-0.2,-1.8,-1.3,0.0,2.93,0.0
2006,325,3.9,-3.5,-0.4,0.0,9.7,0.0
2006,326,6.1,-4.0,-0.3,0.0,9.58,0.0
2006,327,8.2,-2.4,1.0,0.0,9.37,0.0
2006,328,7.6,-1.8,1.5,0.0,8.64,0.0
2006,329,12.8,0.1,5.2,0.0,9.04,0.0
2006,330,15.1,5.5,8.6,0.0,8.5,0.0
2006,331,14.6,6.3,9.0,0.0,6.38,0.0
2006,332,14.1,5.4,8.7,0.0,7.52,0.0
2006,333,16.2,8.0,11.8,0.0,6.67,0.0
2006,334,17.2,7.0,13.1,13.7,4.11,0.0
2006,335,10.7,1.4,5.2,32.7,0.93,0.0
2006,336,0.9,-2.2,-0.7,0.3,4.95,0.0
2006,337,1.8,-2.7,-1.2,0.3,5.7,0.0
2006,338,-2.6,-5.7,-4.5,0.9,6.7,0.0
2006,339,-2.9,-9.2,-6.3,0.7,6.97,0.0
2006,340,4.4,-7.1,-0.3,0.0,5.25,0.0
2006,341,0.7,-11.4,-4.5,4.9,4.9,0.0
2006,342,-5.3,-13.4,-8.9,0.0,4.53,0.0
2006,343,0.4,-6.8,-3.4,0.0,7.84,0.0
2006,344,5.9,-1.0,1.6,0.0,8.08,0.0
2006,345,3.5,0.6,2.0,1.0,1.66,0.0
2006,346,10.4,0.6,4.5,0.0,5.97,0.0
2006,347,8.7,3.7,5.8,1.5,3.38,0.0
2006,348,10.5,2.8,6.0,0.0,6.92,0.0
2006,349,8.1,1.4,5.9,1.1,7.11,0.0
2006,350,4.2,0.0,1.7,0.0,5.04,0.0
2006,351,10.6,2.2,7.9,0.3,1.25,0.0
2006,352,6.4,-0.2,3.8,0.7,4.26,0.0
2006,353,0.8,-2.4,-1.1,0.0,5.2,0.0
2006,354,5.3,-2.8,0.3,0.0,7.97,0.0
2006,355,6.2,-0.5,2.3,0.0,6.93,0.0
2006,356,6.1,-0.6,3.0,14.3,1.25,0.0
2006,357,7.8,1.8,4.9,1.6,3.63,0.0
2006,358,4.1,-0.8,1.2,1.1,6.46,0.0
2006,359,5.8,-1.3,1.2,9.7,3.82,0.0
2006,360,1.2,-1.9,0.3,11.4,1.97,0.0
2006,361,-0.4,-3.0,-2.1,0.6,5.09,0.0
2006,362,3.0,-3.0,-0.2,0.0,4.72,0.0
2006,363,0.9,-2.4,-1.2,0.0,5.62,0.0
2006,364,1.9,-2.8,-0.8,0.0,3.0,0.0
2006,365,5.7,-3.6,0.3,3.3,6.21,0.0
2007,1,8.2,1.0,5.2,3.6,3.7,0.0
2007,2,2.3,-2.0,-0.3,1.0,7.39,0.0
2007,3,7.3,-1.1,2.3,0.0,8.09,0.0
2007,4,11.1,2.4,6.7,0.0,7.83,0.0
2007,5,12.4,8.1,10.4,14.6,1.21,0.0
2007,6,11.5,1.9,7.8,19.2,2.73,0.0
2007,7,4.9,0.5,2.1,3.9,5.44,0.0
2007,8,5.2,-2.4,1.4,9.1,6.05,0.0
2007,9,-0.6,-4.7,-2.5,2.2,5.91,0.0
2007,10,-4.9,-7.0,-6.0,0.2,6.78,0.0
2007,11,3.5,-9.1,-2.8,0.0,7.69,0.0
2007,12,7.0,1.1,4.3,2.3,2.43,0.0
2007,13,7.4,-1.5,2.0,8.9,2.06,0.0
2007,14,-0.6,-3.4,-1.7,3.4,1.08,0.0
2007,15,3.0,-3.3,-0.8,27.2,0.6,0.0
2007,16,-3.4,-12.0,-7.8,1.4,4.63,0.0
2007,17,-5.4,-13.5,-10.0,0.0,4.92,0.0
2007,18,1.1,-11.0,-4.4,0.0,5.92,0.0
2007,19,-1.6,-7.6,-3.7,2.6,6.36,0.0
2007,20,-7.9,-12.4,-10.1,0.0,7.05,0.0
2007,21,-5.9,-16.9,-10.6,0.7,5.72,0.0
2007,22,-3.3,-7.4,-5.7,1.7,3.67,0.0
2007,23,-2.1,-8.3,-5.5,2.3,5.22,0.0
2007,24,-4.0,-8.9,-5.9,0.4,5.16,0.0
2007,25,-9.4,-18.8,-13.3,0.9,8.32,0.0
2007,26,-10.3,-20.0,-14.7,1.6,7.58,0.0
2007,27,1.2,-10.1,-2.3,2.8,3.37,0.0
2007,28,-4.3,-10.9,-6.8,2.1,7.01,0.0
2007,29,-8.7,-14.8,-11.3,1.1,8.84,0.0
2007,30,-5.6,-12.4,-9.8,1.0,6.31,0.0
2007,31,-7.2,-15.4,-10.3,0.0,8.35,0.0
2007,32,-3.0,-11.3,-7.7,0.0,10.48,0.0
2007,33,-1.5,-8.8,-5.6,2.5,5.65,0.0
2007,34,-9.7,-14.9,-12.6,0.5,11.67,0.0
2007,35,-15.4,-18.8,-17.2,0.3,10.05,0.0
2007,36,-15.5,-21.1,-18.3,0.0,9.45,0.0
2007,37,-13.9,-17.1,-15.9,0.0,10.41,0.0
2007,38,-12.3,-17.9,-15.3,0.0,11.14,0.0
2007,39,-9.8,-14.4,-12.7,0.2,9.73,0.0
2007,40,-8.5,-13.9,-11.2,0.4,9.46,0.0
2007,41,-8.2,-13.2,-11.4,0.0,9.05,0.0
2007,42,-7.0,-15.2,-11.2,0.0,11.52,0.0
2007,43,-4.7,-10.4,-8.1,0.1,7.56,0.0
2007,44,-11.0,-16.2,-14.4,4.4,6.45,0.0
2007,45,-11.9,-15.8,-13.7,23.6,3.83,0.0
2007,46,-14.2,-19.2,-16.6,0.0,12.05,0.0
2007,47,-9.7,-15.8,-13.2,0.0,13.45,0.0
2007,48,-4.1,-13.4,-9.5,1.1,13.72,0.0
2007,49,-8.7,-16.6,-11.1,1.9,10.89,0.0
2007,50,-1.7,-19.8,-12.2,0.0,14.14,0.0
2007,51,3.7,-0.7,1.5,1.5,6.52,0.0
2007,52,2.3,-5.9,-2.2,0.0,15.1,0.0
2007,53,0.9,-5.8,-1.9,6.5,6.55,0.0
2007,54,-5.6,-14.1,-9.6,4.3,12.3,0.0
2007,55,-4.5,-16.1,-11.5,0.0,15.75,0.0
2007,56,0.8,-14.1,-7.0,5.5,8.45,0.0
2007,57,0.2,-3.7,-1.8,4.6,3.96,0.0
2007,58,-0.1,-7.3,-3.5,0.1,7.79,0.0
2007,59,0.4,-5.1,-2.9,0.0,10.91,0.0
2007,60,2.6,-6.5,-2.4,2.0,6.44,0.0
2007,61,4.7,-3.1,2.0,14.0,9.72,0.0
2007,62,-0.4,-4.8,-3.1,0.2,14.36,0.0
2007,63,-4.8,-7.7,-6.4,1.3,9.12,0.0
2007,64,-6.7,-15.6,-8.7,2.7,16.27,0.0
2007,65,-15.8,-22.7,-19.0,0.0,18.89,0.0
2007,66,-7.9,-19.1,-14.1,0.9,17.23,0.0
2007,67,-6.4,-14.6,-11.4,0.0,16.25,0.0
2007,68,5.0,-14.6,-5.5,0.0,18.5,0.0
2007,69,8.0,0.1,2.8,0.5,6.13,0.0
2007,70,2.2,-4.5,-1.3,0.4,15.13,0.0
2007,71,6.4,-5.4,-0.1,0.1,13.17,0.0
2007,72,13.4,2.2,6.9,0.3,16.36,0.0
2007,73,11.1,6.2,8.7,7.5,4.77,0.0
2007,74,5.5,-4.4,-0.1,6.1,11.2,0.0
2007,75,-4.0,-7.8,-5.9,7.7,4.85,0.0
2007,76,-3.7,-9.9,-7.3,5.0,11.62,0.0
2007,77,-3.0,-10.5,-6.9,0.0,19.15,0.0
2007,78,1.6,-9.9,-3.8,3.3,5.88,0.0
2007,79,1.6,-10.8,-4.5,1.4,20.87,0.0
2007,80,7.6,-14.6,-2.9,1.2,16.21,0.0
2007,81,15.2,4.1,8.7,4.4,10.66,0.0
2007,82,10.3,-0.9,3.9,0.0,17.31,0.0
2007,83,13.2,-0.3,5.0,6.8,8.55,0.0
2007,84,13.5,-0.1,5.6,0.0,17.61,0.0
2007,85,20.2,6.0,11.8,7.3,14.17,0.0
2007,86,17.4,8.1,11.7,0.2,16.61,0.0
2007,87,7.7,-0.1,4.5,0.0,21.89,0.0
2007,88,7.6,-3.3,1.4,0.0,23.17,0.0
2007,89,12.1,-2.6,4.2,0.0,22.08,0.0
2007,90,11.1,-0.2,4.2,0.0,17.26,0.0
2007,91,10.3,3.2,6.8,9.0,5.94,0.0
2007,92,11.8,5.5,9.3,0.0,19.09,0.0
2007,93,17.7,0.3,8.9,0.0,18.31,0.0
2007,94,12.9,-1.3,5.6,3.6,6.17,0.0
2007,95,-1.9,-7.1,-4.6,3.2,16.37,0.0
2007,96,-4.0,-7.7,-6.1,0.3,12.58,0.0
2007,97,-2.4,-8.3,-5.7,0.7,16.69,0.0
2007,98,-1.9,-7.2,-4.9,0.9,15.44,0.0
2007,99,-0.3,-6.4,-3.8,0.0,12.72,0.0
2007,100,1.8,-7.3,-3.2,0.0,18.83,0.0
2007,101,8.4,-7.8,0.4,4.1,15.12,0.0
2007,102,8.9,0.3,3.4,10.6,11.44,0.0
2007,103,1.4,-1.7,-0.3,3.1,7.92,0.0
2007,104,5.9,-2.9,1.2,0.0,20.87,0.0
2007,105,0.9,-1.3,-0.4,13.4,4.51,0.0
2007,106,0.2,-1.5,-0.6,28.2,4.74,0.0
2007,107,2.7,-0.6,0.7,3.0,7.24,0.0
2007,108,6.0,0.0,2.5,0.0,15.5,0.0
2007,109,9.9,-1.2,4.2,0.0,22.45,0.0
2007,110,16.1,-2.3,7.1,0.0,26.74,0.0
2007,111,18.6,1.9,9.9,0.0,26.72,0.0
2007,112,21.0,3.4,12.1,0.0,26.78,0.0
2007,113,22.3,10.1,15.0,3.0,22.35,0.0
2007,114,12.4,5.0,8.8,0.0,26.4,0.0
2007,115,5.7,3.6,4.7,9.7,3.89,0.0
2007,116,13.1,2.5,7.3,1.5,11.82,0.0
2007,117,18.0,8.0,11.2,6.0,17.05,0.0
2007,118,8.5,6.5,7.2,0.0,3.77,0.0
2007,119,16.0,4.7,10.0,0.0,26.92,0.0
2007,120,13.4,6.8,10.4,1.4,27.82,0.0
2007,121,11.9,4.5,8.1,6.7,11.05,0.0
2007,122,14.2,3.5,8.7,0.4,28.18,0.0
2007,123,14.2,2.4,8.2,0.0,28.97,0.0
2007,124,15.6,2.0,9.0,0.0,28.44,0.0
2007,125,14.9,2.8,9.0,0.0,28.48,0.0
2007,126,12.1,1.3,6.3,0.0,29.31,0.0
2007,127,20.0,0.5,10.6,0.0,29.17,0.0
2007,128,23.4,8.5,15.1,0.0,28.88,0.0
2007,129,25.4,11.0,17.9,0.0,24.76,0.0
2007,130,20.6,13.3,16.3,3.5,17.9,0.0
2007,131,21.6,11.0,16.0,0.0,27.08,0.0
2007,132,14.4,6.0,10.5,0.0,23.35,0.0
2007,133,12.8,2.2,7.6,0.0,30.27,0.0
2007,134,18.2,2.1,10.6,0.0,25.5,0.0
2007,135,24.8,12.7,18.7,1.2,27.33,0.0
2007,136,15.3,7.8,12.6,7.8,10.5,0.0
2007,137,10.7,4.8,7.2,0.1,13.41,0.0
2007,138,11.7,1.4,7.2,0.0,24.33,0.0
2007,139,17.9,4.1,11.2,0.0,30.41,0.0
2007,140,12.9,7.6,10.1,0.8,7.44,0.0
2007,141,15.5,3.5,9.5,0.0,30.32,0.0
2007,142,21.6,3.7,13.0,0.0,27.64,0.0
2007,143,25.7,10.5,18.1,0.0,25.71,0.0
2007,144,27.2,13.8,20.6,0.0,25.4,0.0
2007,145,25.9,15.8,20.5,0.6,26.15,0.0
2007,146,21.4,11.4,15.5,3.5,21.78,0.0
2007,147,24.1,12.8,17.4,7.6,18.59,0.0
2007,148,19.8,12.4,16.2,0.0,29.78,0.0
2007,149,21.8,8.7,15.1,0.0,30.43,0.0
2007,150,26.9,9.9,18.9,0.0,29.46,0.0
2007,151,28.5,13.2,21.4,0.2,27.55,0.0
2007,152,26.1,16.4,21.0,0.5,20.64,0.0
2007,153,28.3,16.1,22.2,0.0,26.09,0.0
2007,154,24.7,16.1,19.3,8.3,13.79,0.0
2007,155,20.7,14.1,16.8,12.3,13.37,0.0
2007,156,16.4,7.8,13.0,7.4,10.76,0.0
2007,157,14.4,5.5,9.9,0.1,22.43,0.0
2007,158,26.0,5.8,16.2,0.0,27.79,0.0
2007,159,28.2,18.2,22.3,5.8,22.31,0.0
2007,160,20.3,10.1,15.6,0.3,31.15,0.0
2007,161,22.3,10.0,16.5,0.0,30.62,0.0
2007,162,23.6,10.0,17.8,0.0,26.23,0.0
2007,163,26.7,13.6,20.5,0.0,28.65,0.0
2007,164,27.0,16.5,21.4,0.5,27.76,0.0
2007,165,23.3,14.0,18.5,0.0,28.18,0.0
2007,166,23.2,11.2,18.1,0.0,24.03,0.0
2007,167,23.5,12.1,18.4,0.0,24.66,0.0
2007,168,25.5,15.2,20.2,3.2,24.13,0.0
2007,169,28.5,13.3,21.7,0.0,29.45,0.0
2007,170,29.1,18.0,22.1,29.2,21.1,0.0
2007,171,18.7,13.0,16.1,4.0,26.18,0.0
2007,172,22.1,11.4,16.6,1.4,24.17,0.0
2007,173,17.1,11.0,13.9,0.0,27.98,0.0
2007,174,17.7,7.8,13.0,0.0,31.09,0.0
2007,175,24.5,9.9,17.6,0.0,27.44,0.0
2007,176,27.6,13.6,20.8,0.0,29.26,0.0
2007,177,29.6,16.5,23.2,0.0,27.7,0.0
2007,178,27.4,19.7,23.2,4.2,23.96,0.0
2007,179,24.1,17.6,20.6,6.6,20.66,0.0
2007,180,21.2,13.2,17.1,0.0,28.92,0.0
2007,181,19.9,11.5,15.4,0.7,25.39,0.0
2007,182,16.3,9.2,12.7,0.7,23.11,0.0
2007,183,18.8,8.5,13.9,0.0,27.0,0.0
2007,184,23.2,7.8,16.4,0.0,27.51,0.0
2007,185,20.2,13.5,16.2,4.9,8.12,0.0
2007,186,21.8,15.3,18.2,12.3,18.26,0.0
2007,187,23.6,14.1,18.4,1.0,25.29,0.0
2007,188,24.1,13.6,19.1,0.0,27.4,0.0
2007,189,27.1,16.3,21.5,0.0,25.03,0.0
2007,190,29.3,20.3,24.4,0.5,26.11,0.0
2007,191,30.0,18.8,24.6,0.0,25.82,0.0
2007,192,22.7,15.6,20.0,6.8,11.37,0.0
2007,193,20.8,11.2,16.5,0.4,23.39,0.0
2007,194,19.3,13.3,16.2,0.2,24.06,0.0
2007,195,22.8,11.0,16.5,1.3,17.74,0.0
2007,196,20.4,14.9,17.6,0.2,24.04,0.0
2007,197,20.7,11.8,16.7,2.6,19.27,0.0
2007,198,25.1,12.8,17.8,4.6,18.52,0.0
2007,199,24.0,15.0,19.4,2.1,24.59,0.0
2007,200,21.7,16.7,18.4,24.7,8.72,0.0
2007,201,19.3,13.2,15.8,4.1,22.57,0.0
2007,202,20.4,11.4,16.0,0.0,26.63,0.0
2007,203,22.7,12.0,17.5,0.0,25.74,0.0
2007,204,21.4,12.2,16.6,5.6,15.89,0.0
2007,205,21.9,12.7,16.9,0.9,16.96,0.0
2007,206,23.9,13.7,19.0,0.0,20.87,0.0
2007,207,25.7,16.0,20.3,0.2,22.52,0.0
2007,208,24.0,16.7,19.3,7.5,17.85,0.0
2007,209,24.1,14.9,19.4,1.6,21.41,0.0
2007,210,23.7,16.0,19.7,0.1,21.62,0.0
2007,211,25.7,15.2,20.2,0.0,27.91,0.0
2007,212,27.7,13.5,20.8,0.0,25.65,0.0
2007,213,29.6,16.5,23.1,0.0,26.62,0.0
2007,214,30.8,17.6,23.9,0.2,25.04,0.0
2007,215,28.6,19.9,23.8,0.7,22.71,0.0
2007,216,25.3,15.9,20.6,0.0,27.87,0.0
2007,217,27.7,12.8,19.7,2.5,21.64,0.0
2007,218,25.7,18.0,21.5,2.3,12.8,0.0
2007,219,27.5,18.1,21.4,29.5,12.29,0.0
2007,220,26.7,20.5,23.0,4.2,20.21,0.0
2007,221,22.5,16.8,19.6,3.1,7.08,0.0
2007,222,21.8,16.8,19.2,0.2,14.07,0.0
2007,223,25.0,14.8,19.9,0.0,23.6,0.0
2007,224,25.8,14.5,19.2,4.1,17.27,0.0
2007,225,22.8,15.9,19.1,0.1,23.74,0.0
2007,226,23.4,12.3,17.8,0.0,26.02,0.0
2007,227,23.6,16.3,19.5,0.0,22.13,0.0
2007,228,25.2,16.0,20.3,3.4,18.91,0.0
2007,229,22.4,12.6,17.0,0.8,22.91,0.0
2007,230,18.0,10.0,13.8,0.0,22.61,0.0
2007,231,17.3,9.9,14.2,0.2,11.19,0.0
2007,232,15.1,12.2,13.2,8.9,4.23,0.0
2007,233,14.6,12.5,13.2,1.4,4.43,0.0
2007,234,22.7,13.1,17.5,0.1,9.37,0.0
2007,235,26.7,17.4,21.1,4.3,12.45,0.0
2007,236,29.6,20.8,24.3,0.2,21.6,0.0
2007,237,26.1,19.3,22.7,12.2,14.31,0.0
2007,238,21.2,15.6,18.1,0.3,13.6,0.0
2007,239,23.2,12.2,17.9,0.0,20.4,0.0
2007,240,26.0,12.9,19.4,0.0,23.66,0.0
2007,241,29.4,16.8,22.3,0.0,23.04,0.0
2007,242,20.9,16.6,18.9,1.5,6.6,0.0
2007,243,21.1,13.0,17.0,0.0,22.33,0.0
2007,244,19.3,12.2,15.5,0.0,19.05,0.0
2007,245,23.4,8.3,15.8,0.0,23.72,0.0
2007,246,25.5,13.3,18.9,0.0,20.82,0.0
2007,247,23.2,12.9,17.9,0.0,20.43,0.0
2007,248,26.4,13.7,19.1,0.2,18.13,0.0
2007,249,29.4,16.6,22.2,0.0,20.84,0.0
2007,250,29.7,20.1,24.6,0.0,20.15,0.0
2007,251,24.5,18.7,21.3,5.2,8.6,0.0
2007,252,19.3,16.9,17.9,22.6,3.55,0.0
2007,253,21.4,15.2,17.5,0.0,15.35,0.0
2007,254,19.7,12.3,15.8,9.0,9.89,0.0
2007,255,15.4,10.6,12.6,1.2,11.58,0.0
2007,256,19.6,9.2,14.0,0.0,17.78,0.0
2007,257,24.7,12.5,17.7,1.5,18.71,0.0
2007,258,11.6,7.7,9.7,6.2,14.38,0.0
2007,259,13.4,4.7,9.3,0.0,15.36,0.0
2007,260,17.3,4.6,10.9,0.0,20.64,0.0
2007,261,21.1,7.8,14.0,0.0,20.39,0.0
2007,262,24.0,11.0,16.6,0.0,20.23,0.0
2007,263,24.0,13.8,18.2,0.0,15.89,0.0
2007,264,26.1,14.2,19.4,0.0,19.09,0.0
2007,265,24.4,14.8,19.5,0.0,16.64,0.0
2007,266,20.3,11.4,15.5,0.0,19.56,0.0
2007,267,25.0,8.9,16.4,0.0,19.32,0.0
2007,268,27.9,13.4,20.4,0.4,16.94,0.0
2007,269,23.3,17.7,20.4,5.1,12.27,0.0
2007,270,20.8,14.6,17.1,12.6,6.4,0.0
2007,271,16.7,11.3,13.4,4.2,11.47,0.0
2007,272,16.7,8.9,12.4,0.0,15.16,0.0
2007,273,21.2,8.3,14.2,0.0,16.42,0.0
2007,274,22.7,12.8,16.8,0.0,16.43,0.0
2007,275,18.3,12.6,15.5,2.9,7.12,0.0
2007,276,22.8,14.9,18.0,0.2,11.98,0.0
2007,277,23.7,12.1,17.5,0.0,15.61,0.0
2007,278,26.7,13.2,19.3,0.0,16.13,0.0
2007,279,26.4,16.3,19.9,0.3,13.34,0.0
2007,280,20.8,15.9,17.8,3.0,7.31,0.0
2007,281,25.7,15.4,20.3,0.6,13.63,0.0
2007,282,23.5,13.4,18.4,6.3,10.14,0.0
2007,283,16.4,9.4,12.1,0.1,9.47,0.0
2007,284,11.6,8.2,9.5,1.1,6.08,0.0
2007,285,8.6,5.6,7.0,0.1,8.1,0.0
2007,286,9.3,4.1,6.9,0.0,9.68,0.0
2007,287,10.5,7.5,8.7,1.0,5.29,0.0
2007,288,14.7,7.2,10.4,0.0,10.53,0.0
2007,289,17.7,6.8,11.4,0.0,11.88,0.0
2007,290,19.8,10.9,14.6,2.8,11.03,0.0
2007,291,20.8,11.0,15.8,0.0,6.85,0.0
2007,292,21.8,12.5,17.6,3.8,8.1,0.0
2007,293,13.4,11.1,12.1,1.4,9.03,0.0
2007,294,23.0,10.2,15.5,0.0,13.83,0.0
2007,295,23.6,13.2,17.6,0.1,13.19,0.0
2007,296,16.3,8.3,12.5,34.9,0.89,0.0
2007,297,12.7,7.7,9.2,0.0,7.31,0.0
2007,298,12.3,4.8,8.0,0.0,9.68,0.0
2007,299,13.9,6.6,9.8,5.8,3.47,0.0
2007,300,13.2,7.9,11.5,4.6,4.95,0.0
2007,301,7.1,2.5,4.7,1.0,10.59,0.0
2007,302,9.6,-0.9,4.2,0.0,10.56,0.0
2007,303,13.9,3.9,8.0,0.0,12.3,0.0
2007,304,16.9,5.6,10.7,0.0,11.89,0.0
2007,305,12.3,3.9,7.2,1.6,8.42,0.0
2007,306,10.1,1.4,4.7,0.0,12.24,0.0
2007,307,10.8,-0.9,4.4,0.0,12.06,0.0
2007,308,7.4,2.2,4.4,0.1,7.05,0.0
2007,309,8.2,-0.6,3.8,4.9,8.2,0.0
2007,310,4.9,0.7,2.2,8.1,9.54,0.0
2007,311,1.9,-1.8,-0.1,0.7,7.99,0.0
2007,312,3.1,-2.9,-0.1,0.0,5.5,0.0
2007,313,4.2,-1.1,0.8,0.0,5.51,0.0
2007,314,3.3,-1.7,0.7,0.1,6.13,0.0
2007,315,6.3,-3.8,0.3,0.0,10.73,0.0
2007,316,10.9,1.6,6.2,2.6,4.54,0.0
2007,317,11.4,5.0,7.6,0.8,8.68,0.0
2007,318,12.5,5.4,9.4,1.1,2.85,0.0
2007,319,7.6,0.6,3.8,9.4,6.29,0.0
2007,320,0.5,-2.2,-0.9,2.6,7.38,0.0
2007,321,1.2,-2.2,-0.8,0.7,4.5,0.0
2007,322,2.3,-2.9,-1.1,0.0,6.95,0.0
2007,323,4.2,-2.0,0.4,0.0,6.31,0.0
2007,324,9.3,1.4,5.6,2.6,2.75,0.0
2007,325,11.0,1.8,7.1,16.9,1.29,0.0
2007,326,1.9,-3.1,-0.1,18.1,1.32,0.0
2007,327,-2.6,-6.2,-4.7,0.2,7.55,0.0
2007,328,0.1,-8.6,-4.1,0.0,5.41,0.0
2007,329,4.3,-3.0,-0.2,0.3,9.19,0.0
2007,330,3.8,0.0,2.3,20.4,1.25,0.0
2007,331,3.6,-2.0,0.6,3.5,5.58,0.0
2007,332,1.1,-3.7,-1.5,0.0,6.23,0.0
2007,333,3.7,-3.3,0.9,2.8,2.95,0.0
2007,334,2.4,-4.7,-2.3,1.4,7.66,0.0
2007,335,-5.2,-8.8,-7.0,0.0,6.0,0.0
2007,336,1.6,-7.8,-2.6,15.4,1.23,0.0
2007,337,4.4,-6.5,-1.5,14.0,3.94,0.0
2007,338,-5.2,-9.3,-7.0,3.3,4.66,0.0
2007,339,-6.6,-13.1,-10.0,0.2,4.32,0.0
2007,340,-4.9,-14.1,-9.3,0.0,5.96,0.0
2007,341,-1.5,-10.1,-5.0,0.0,3.97,0.0
2007,342,-1.2,-5.4,-2.5,0.0,4.0,0.0
2007,343,-1.6,-5.8,-3.5,2.8,1.85,0.0
2007,344,-0.2,-3.5,-2.0,0.0,2.71,0.0
2007,345,5.3,-4.6,-0.4,7.4,1.79,0.0
2007,346,4.1,-5.3,-1.0,9.1,4.98,0.0
2007,347,-0.2,-7.7,-3.8,8.8,1.3,0.0
2007,348,-0.3,-7.5,-2.4,0.5,4.09,0.0
2007,349,-6.0,-10.5,-8.5,4.0,3.82,0.0
2007,350,0.5,-9.7,-3.6,26.3,1.08,0.0
2007,351,-4.4,-10.3,-7.3,1.7,5.22,0.0
2007,352,-0.2,-8.3,-5.0,0.0,5.95,0.0
2007,353,0.8,-4.2,-1.4,1.2,2.03,0.0
2007,354,-1.1,-4.6,-2.4,0.0,2.94,0.0
2007,355,2.2,-6.2,-2.4,0.0,7.71,0.0
2007,356,3.6,-1.3,1.2,0.0,3.75,0.0
2007,357,9.3,-4.6,3.9,13.2,1.7,0.0
2007,358,-3.1,-5.3,-4.2,1.2,4.05,0.0
2007,359,0.2,-3.8,-2.4,0.0,4.77,0.0
2007,360,3.3,-6.6,-2.2,0.0,7.61,0.0
2007,361,2.3,-2.8,-0.3,1.2,3.27,0.0
2007,362,2.7,-2.2,0.1,1.4,5.31,0.0
2007,363,3.9,-2.1,0.5,2.4,3.92,0.0
2007,364,0.1,-2.8,-1.8,1.0,3.13,0.0
2007,365,-0.5,-4.9,-2.2,3.4,4.94,0.0
2008,1,0.5,-5.1,-1.4,5.8,5.67,0.0
2008,2,-5.6,-13.4,-10.7,1.0,5.24,0.0
2008,3,-9.3,-16.1,-12.5,0.0,7.05,0.0
2008,4,-2.6,-10.0,-6.7,0.0,6.0,0.0
2008,5,1.9,-5.2,-1.4,1.6,2.79,0.0
2008,6,6.5,1.7,3.7,0.0,1.83,0.0
2008,7,12.7,6.8,9.9,0.0,1.97,0.0
2008,8,15.2,11.0,12.8,1.2,5.92,0.0
2008,9,13.2,-0.0,5.3,5.5,5.99,0.0
2008,10,4.8,-1.5,1.0,0.7,6.22,0.0
2008,11,7.3,0.3,3.4,17.3,4.63,0.0
2008,12,2.3,-2.5,-0.2,0.0,5.03,0.0
2008,13,3.3,-3.5,-0.8,0.3,5.09,0.0
2008,14,1.2,-3.0,-1.0,1.6,6.97,0.0
2008,15,-1.5,-4.1,-3.2,1.1,3.75,0.0
2008,16,-2.1,-5.3,-3.9,0.0,4.78,0.0
2008,17,1.5,-4.8,-1.8,0.2,4.34,0.0
2008,18,0.4,-6.1,-3.2,2.0,4.18,0.0
2008,19,-4.0,-12.0,-7.2,0.5,6.65,0.0
2008,20,-12.5,-15.6,-14.0,0.0,7.67,0.0
2008,21,-8.7,-14.8,-12.0,0.0,8.08,0.0
2008,22,-1.8,-10.6,-5.7,3.0,4.2,0.0
2008,23,-7.8,-10.3,-9.2,0.1,4.69,0.0
2008,24,-7.1,-13.2,-10.6,0.8,7.46,0.0
2008,25,-7.6,-14.0,-10.8,0.0,8.48,0.0
2008,26,-4.0,-10.9,-7.9,0.3,6.04,0.0
2008,27,-2.0,-12.2,-6.7,0.0,8.46,0.0
2008,28,0.8,-12.9,-6.1,0.0,9.32,0.0
2008,29,6.3,-2.4,3.4,1.2,4.7,0.0
2008,30,5.7,-10.3,-4.6,3.6,8.91,0.0
2008,31,-2.0,-11.7,-7.7,0.0,9.73,0.0
2008,32,0.1,-5.0,-2.0,19.2,1.05,0.0
2008,33,-0.1,-5.6,-2.2,2.3,3.94,0.0
2008,34,2.0,-7.0,-2.5,0.0,6.07,0.0
2008,35,3.3,-6.2,-0.8,0.5,3.23,0.0
2008,36,9.4,1.8,5.9,6.0,1.8,0.0
2008,37,1.4,-3.5,-1.4,32.9,2.22,0.0
2008,38,-0.9,-6.1,-3.8,2.3,4.81,0.0
2008,39,0.2,-6.4,-2.9,0.6,5.7,0.0
2008,40,3.2,-5.7,-1.6,2.0,6.66,0.0
2008,41,-2.7,-20.5,-9.6,2.8,10.71,0.0
2008,42,-12.3,-21.3,-17.1,0.0,12.11,0.0
2008,43,-4.4,-17.6,-11.7,7.4,5.32,0.0
2008,44,-0.6,-9.6,-4.1,5.7,5.29,0.0
2008,45,0.1,-13.2,-6.7,0.0,13.13,0.0
2008,46,-2.4,-12.7,-5.0,1.3,7.62,0.0
2008,47,-4.2,-18.1,-11.3,0.0,14.27,0.0
2008,48,5.4,-8.9,-0.6,3.0,3.53,0.0
2008,49,7.0,-3.6,1.8,1.0,6.14,0.0
2008,50,-4.2,-11.1,-8.7,0.1,11.89,0.0
2008,51,-8.7,-15.0,-11.8,0.5,12.41,0.0
2008,52,-6.3,-16.4,-11.8,0.0,14.62,0.0
2008,53,-2.4,-10.3,-6.2,4.7,5.57,0.0
2008,54,-3.0,-9.1,-6.2,0.0,12.73,0.0
2008,55,1.2,-10.2,-5.3,0.0,15.97,0.0
2008,56,1.8,-7.6,-3.7,0.0,15.03,0.0
2008,57,-0.5,-5.5,-3.1,11.1,3.67,0.0
2008,58,-3.6,-15.2,-10.0,3.5,9.18,0.0
2008,59,-11.8,-19.6,-15.6,0.0,15.2,0.0
2008,60,-1.4,-19.9,-10.4,4.4,9.85,0.0
2008,61,-0.7,-7.2,-3.7,2.2,12.28,0.0
2008,62,1.7,-12.1,-5.0,0.0,15.75,0.0
2008,63,13.5,-1.6,7.1,0.2,14.73,0.0
2008,64,5.8,-3.8,-1.8,13.3,4.38,0.0
2008,65,-2.0,-5.9,-3.5,12.8,7.15,0.0
2008,66,3.6,-7.6,-2.5,0.0,16.44,0.0
2008,67,-0.0,-7.2,-3.1,16.1,3.59,0.0
2008,68,-2.8,-8.2,-4.5,22.4,2.4,0.0
2008,69,-6.7,-12.2,-9.8,2.4,17.81,0.0
2008,70,-0.6,-15.5,-8.3,0.0,17.54,0.0
2008,71,1.8,-12.9,-5.4,0.0,19.12,0.0
2008,72,-1.2,-8.4,-3.1,2.7,13.57,0.0
2008,73,8.7,-13.2,-3.1,1.1,13.52,0.0
2008,74,6.2,-1.4,1.5,2.3,10.97,0.0
2008,75,3.8,-2.4,0.4,0.1,10.58,0.0
2008,76,-1.1,-6.1,-3.3,1.4,7.94,0.0
2008,77,2.6,-11.9,-4.4,0.0,20.32,0.0
2008,78,3.2,-3.7,0.8,1.6,5.63,0.0
2008,79,5.6,-1.1,2.9,17.6,1.6,0.0
2008,80,-0.8,-6.1,-2.5,4.7,11.66,0.0
2008,81,-1.6,-8.3,-5.3,0.0,20.44,0.0
2008,82,-0.6,-10.0,-5.2,0.0,21.87,0.0
2008,83,-1.3,-11.8,-6.4,0.0,21.1,0.0
2008,84,-0.8,-8.8,-5.4,0.0,18.31,0.0
2008,85,4.2,-14.1,-4.0,4.0,14.03,0.0
2008,86,3.6,-3.1,0.6,2.3,20.93,0.0
2008,87,5.3,-3.5,-0.1,4.0,10.9,0.0
2008,88,-0.6,-6.2,-2.0,14.0,7.82,0.0
2008,89,-0.7,-11.9,-6.0,0.0,22.54,0.0
2008,90,6.2,-12.6,-3.3,0.0,22.92,0.0
2008,91,8.3,1.3,4.4,5.5,6.07,0.0
2008,92,11.6,-1.9,7.3,6.4,9.41,0.0
2008,93,0.6,-6.5,-2.8,0.0,23.82,0.0
2008,94,9.1,-6.8,1.4,0.0,23.61,0.0
2008,95,4.0,0.9,2.0,10.4,2.12,0.0
2008,96,9.6,-0.4,3.7,0.0,18.28,0.0
2008,97,14.4,-1.6,6.3,0.0,24.03,0.0
2008,98,14.4,1.9,7.3,0.0,19.26,0.0
2008,99,18.7,4.1,10.2,0.0,19.43,0.0
2008,100,17.1,5.5,10.7,0.5,15.93,0.0
2008,101,12.4,0.7,6.3,0.0,22.51,0.0
2008,102,19.0,2.5,9.3,19.3,8.08,0.0
2008,103,11.6,3.0,7.6,7.0,13.69,0.0
2008,104,4.9,-1.0,1.4,2.5,17.17,0.0
2008,105,6.4,-2.7,1.6,0.0,23.01,0.0
2008,106,9.8,-3.4,2.8,0.0,26.14,0.0
2008,107,16.4,-1.0,7.3,0.0,26.14,0.0
2008,108,21.3,4.2,11.9,0.0,26.02,0.0
2008,109,22.8,6.0,14.2,0.0,25.44,0.0
2008,110,25.5,7.6,16.5,0.0,23.63,0.0
2008,111,20.6,11.0,15.7,0.0,21.74,0.0
2008,112,20.6,10.5,15.0,0.0,18.71,0.0
2008,113,21.4,8.0,14.5,0.0,26.23,0.0
2008,114,19.8,10.2,14.3,1.0,20.33,0.0
2008,115,17.4,5.4,11.1,0.0,27.3,0.0
2008,116,21.9,6.3,13.7,0.0,17.78,0.0
2008,117,24.6,9.5,15.7,6.7,20.28,0.0
2008,118,18.0,5.7,11.8,0.0,26.15,0.0
2008,119,10.2,4.0,7.0,8.3,4.19,0.0
2008,120,8.5,0.0,3.6,1.1,23.25,0.0
2008,121,7.1,-3.0,1.8,0.2,24.62,0.0
2008,122,13.4,-1.4,6.0,2.2,18.81,0.0
2008,123,18.4,6.7,12.2,7.0,11.09,0.0
2008,124,22.5,11.9,15.5,7.0,14.76,0.0
2008,125,11.9,4.7,8.5,3.8,20.71,0.0
2008,126,17.2,0.9,9.4,0.0,26.56,0.0
2008,127,17.1,5.9,11.3,0.0,28.11,0.0
2008,128,21.6,5.5,13.5,2.9,18.41,0.0
2008,129,12.7,7.0,10.3,0.0,17.84,0.0
2008,130,13.8,4.6,8.8,0.0,22.83,0.0
2008,131,14.8,4.8,9.4,0.0,25.16,0.0
2008,132,16.7,4.1,10.0,3.5,18.44,0.0
2008,133,13.4,5.8,8.9,0.2,16.88,0.0
2008,134,18.5,4.8,11.7,0.0,29.33,0.0
2008,135,21.7,7.0,13.4,0.8,21.07,0.0
2008,136,14.8,6.4,11.0,1.1,24.58,0.0
2008,137,11.6,7.0,9.1,0.0,8.49,0.0
2008,138,14.3,6.3,10.2,2.9,19.4,0.0
2008,139,9.1,4.9,6.6,8.3,11.97,0.0
2008,140,7.4,2.1,5.0,1.7,19.94,0.0
2008,141,12.4,2.2,7.6,0.3,20.47,0.0
2008,142,7.9,3.9,6.0,3.0,16.0,0.0
2008,143,10.9,3.2,6.9,4.1,19.94,0.0
2008,144,12.6,4.7,8.3,0.0,18.19,0.0
2008,145,14.7,5.2,10.1,0.0,26.88,0.0
2008,146,20.4,5.3,13.1,0.0,30.41,0.0
2008,147,24.2,10.8,17.2,0.1,22.94,0.0
2008,148,17.7,6.8,13.6,0.0,21.18,0.0
2008,149,14.0,2.7,8.4,0.0,31.2,0.0
2008,150,18.6,4.7,11.6,0.0,31.0,0.0
2008,151,20.2,6.1,14.5,0.0,20.47,0.0
2008,152,21.1,14.4,17.8,7.5,21.58,0.0
2008,153,14.4,10.5,12.6,1.3,14.64,0.0
2008,154,20.8,8.9,15.0,0.0,28.57,0.0
2008,155,20.6,12.2,15.9,3.4,13.62,0.0
2008,156,20.8,12.2,16.0,7.3,13.22,0.0
2008,157,24.9,14.4,19.6,10.1,17.79,0.0
2008,158,30.0,19.6,24.5,0.0,26.85,0.0
2008,159,26.5,21.0,23.3,0.7,22.59,0.0
2008,160,27.5,20.1,23.4,1.0,20.66,0.0
2008,161,30.3,19.7,24.5,7.1,28.47,0.0
2008,162,26.4,16.4,20.8,13.2,18.78,0.0
2008,163,24.0,14.2,18.9,0.1,27.69,0.0
2008,164,25.1,12.5,18.7,0.0,28.89,0.0
2008,165,29.0,16.8,22.3,3.9,25.31,0.0
2008,166,23.6,17.3,20.3,10.3,16.28,0.0
2008,167,24.4,13.8,19.4,0.0,25.85,0.0
2008,168,21.1,12.8,16.7,9.9,18.83,0.0
2008,169,15.4,9.5,12.3,5.9,23.38,0.0
2008,170,15.5,8.5,11.3,2.7,19.56,0.0
2008,171,16.2,8.7,12.2,4.8,17.87,0.0
2008,172,19.6,10.6,14.4,6.3,23.45,0.0
2008,173,23.0,10.8,16.6,5.6,23.89,0.0
2008,174,21.6,14.1,17.1,4.5,23.46,0.0
2008,175,21.0,12.3,16.3,5.2,23.83,0.0
2008,176,19.6,12.4,15.9,1.1,25.61,0.0
2008,177,23.1,12.5,17.8,0.3,23.3,0.0
2008,178,24.0,15.5,19.4,5.7,18.05,0.0
2008,179,24.0,17.9,20.5,5.5,19.9,0.0
2008,180,24.6,17.1,20.1,8.0,13.59,0.0
2008,181,23.4,15.5,19.6,17.0,20.41,0.0
2008,182,20.3,13.9,16.2,7.1,17.63,0.0
2008,183,21.3,12.9,16.6,0.0,23.81,0.0
2008,184,24.2,11.6,18.3,0.0,29.21,0.0
2008,185,19.2,14.4,17.2,12.1,8.82,0.0
2008,186,22.3,10.2,16.3,0.0,26.66,0.0
2008,187,23.6,10.6,17.4,0.0,30.13,0.0
2008,188,26.1,12.2,19.7,0.0,25.13,0.0
2008,189,27.0,16.5,21.6,0.7,25.33,0.0
2008,190,29.2,17.9,22.9,0.8,27.56,0.0
2008,191,24.3,17.7,20.9,7.0,15.41,0.0
2008,192,21.8,13.6,17.8,0.0,25.12,0.0
2008,193,21.9,14.7,17.4,8.1,12.78,0.0
2008,194,28.2,14.7,21.6,1.2,24.48,0.0
2008,195,21.1,17.1,19.2,21.7,9.24,0.0
2008,196,20.7,14.2,17.5,0.7,19.27,0.0
2008,197,23.9,12.5,18.2,0.0,29.15,0.0
2008,198,26.2,14.5,20.0,5.1,23.59,0.0
2008,199,25.4,17.3,20.6,6.9,18.48,0.0
2008,200,28.0,18.4,22.9,0.1,25.26,0.0
2008,201,26.9,19.5,22.0,4.9,20.34,0.0
2008,202,24.8,18.6,20.4,7.1,12.18,0.0
2008,203,23.0,17.7,19.8,5.1,18.3,0.0
2008,204,22.3,16.0,19.1,5.6,17.33,0.0
2008,205,23.1,14.9,17.8,7.8,18.27,0.0
2008,206,17.5,14.3,15.6,22.9,12.44,0.0
2008,207,23.8,13.0,18.4,0.0,23.97,0.0
2008,208,23.7,16.2,19.2,6.4,18.04,0.0
2008,209,23.0,15.6,18.9,0.3,25.57,0.0
2008,210,24.0,15.9,19.8,0.1,23.12,0.0
2008,211,24.2,15.0,19.5,0.0,24.84,0.0
2008,212,25.5,15.2,19.8,1.0,15.99,0.0
2008,213,23.4,17.8,20.2,1.8,20.26,0.0
2008,214,23.5,15.3,19.4,0.2,22.49,0.0
2008,215,22.4,15.6,17.8,15.9,17.95,0.0
2008,216,20.9,14.3,17.4,0.6,19.41,0.0
2008,217,23.8,13.4,19.0,0.0,25.31,0.0
2008,218,24.4,15.3,19.8,1.9,18.22,0.0
2008,219,23.5,18.2,20.2,2.8,20.7,0.0
2008,220,20.1,14.8,17.4,4.8,19.29,0.0
2008,221,18.9,13.3,15.0,12.3,15.13,0.0
2008,222,20.8,11.5,16.0,0.4,21.64,0.0
2008,223,18.2,11.5,14.3,9.0,17.43,0.0
2008,224,18.1,10.0,13.6,9.1,12.68,0.0
2008,225,20.2,12.9,16.1,2.5,21.55,0.0
2008,226,21.6,12.3,16.3,3.7,19.85,0.0
2008,227,20.7,11.9,16.0,4.2,19.52,0.0
2008,228,19.5,11.4,15.4,3.8,21.36,0.0
2008,229,20.6,11.9,16.1,2.4,19.62,0.0
2008,230,22.5,13.8,18.0,0.0,21.23,0.0
2008,231,24.9,15.5,19.8,7.2,23.32,0.0
2008,232,17.4,12.2,15.1,6.3,19.27,0.0
2008,233,20.3,8.3,14.5,0.0,25.01,0.0
2008,234,25.6,9.6,17.6,0.0,25.15,0.0
2008,235,27.5,14.8,20.7,0.0,23.85,0.0
2008,236,26.8,16.0,21.1,0.0,22.74,0.0
2008,237,26.9,17.4,21.3,2.3,18.77,0.0
2008,238,18.0,13.8,16.0,0.5,12.9,0.0
2008,239,21.0,10.4,15.2,0.0,24.81,0.0
2008,240,23.4,10.3,16.5,0.0,19.48,0.0
2008,241,16.3,12.2,14.0,13.1,5.93,0.0
2008,242,21.3,13.6,16.9,1.1,6.94,0.0
2008,243,23.0,15.4,18.5,1.5,19.46,0.0
2008,244,23.1,12.1,17.7,0.0,22.34,0.0
2008,245,24.2,10.5,17.6,0.0,23.31,0.0
2008,246,26.7,11.3,19.2,0.0,23.27,0.0
2008,247,26.3,12.8,19.6,0.0,22.62,0.0
2008,248,25.8,16.4,20.5,1.1,16.96,0.0
2008,249,28.7,19.2,22.4,0.0,20.7,0.0
2008,250,21.7,14.5,17.8,0.6,7.61,0.0
2008,251,18.9,11.7,14.5,3.2,11.79,0.0
2008,252,20.9,11.5,15.7,0.0,17.77,0.0
2008,253,16.2,11.5,14.1,6.7,9.38,0.0
2008,254,16.3,8.5,12.0,0.0,20.66,0.0
2008,255,20.4,6.9,13.8,0.0,16.29,0.0
2008,256,18.4,15.3,16.9,4.4,3.69,0.0
2008,257,21.5,17.5,18.5,13.4,6.79,0.0
2008,258,27.9,18.6,23.6,9.8,17.51,0.0
2008,259,22.7,12.5,14.9,1.5,8.58,0.0
2008,260,15.2,9.8,12.4,0.0,9.26,0.0
2008,261,20.3,8.1,13.7,0.0,19.89,0.0
2008,262,16.2,9.4,13.1,0.0,18.45,0.0
2008,263,19.3,5.8,12.2,0.0,20.38,0.0
2008,264,22.2,10.3,15.4,0.0,17.75,0.0
2008,265,17.9,11.8,14.1,0.4,8.61,0.0
2008,266,17.6,9.2,12.5,0.0,18.74,0.0
2008,267,19.5,6.7,12.4,0.0,19.25,0.0
2008,268,22.5,7.6,14.7,0.0,18.82,0.0
2008,269,22.0,9.8,15.4,0.0,17.25,0.0
2008,270,17.6,9.8,13.3,1.7,9.95,0.0
2008,271,18.3,12.8,15.3,14.2,4.34,0.0
2008,272,15.9,14.0,15.2,3.0,2.28,0.0
2008,273,15.7,10.6,13.0,0.2,7.33,0.0
2008,274,16.5,9.5,12.5,5.2,8.19,0.0
2008,275,12.2,7.3,10.2,8.6,10.53,0.0
2008,276,10.1,5.2,6.8,6.2,10.93,0.0
2008,277,9.7,4.9,6.7,4.2,14.53,0.0
2008,278,11.3,2.9,6.8,0.0,12.4,0.0
2008,279,11.6,3.6,7.1,0.0,11.73,0.0
2008,280,10.1,4.0,6.6,0.0,13.61,0.0
2008,281,13.9,0.3,6.8,0.0,16.83,0.0
2008,282,17.5,6.0,10.8,7.2,8.04,0.0
2008,283,17.9,10.5,13.4,0.0,14.77,0.0
2008,284,16.8,6.1,11.1,0.0,16.11,0.0
2008,285,19.3,6.1,12.0,0.0,15.45,0.0
2008,286,22.6,7.7,14.2,0.0,15.4,0.0
2008,287,22.9,11.0,16.0,0.0,13.55,0.0
2008,288,19.7,10.6,14.8,0.0,7.3,0.0
2008,289,18.5,5.6,12.1,1.4,12.66,0.0
2008,290,15.8,7.9,12.1,20.3,4.11,0.0
2008,291,8.1,3.2,6.1,0.0,9.28,0.0
2008,292,7.4,2.1,4.2,0.0,9.48,0.0
2008,293,8.8,-0.8,3.8,0.0,14.62,0.0
2008,294,12.6,-0.5,5.1,0.0,12.66,0.0
2008,295,6.0,0.0,3.3,10.1,5.35,0.0
2008,296,2.4,0.3,1.2,0.2,4.68,0.0
2008,297,10.0,-1.2,3.8,0.0,14.03,0.0
2008,298,10.1,1.7,5.7,0.0,8.55,0.0
2008,299,9.9,5.4,7.9,16.4,3.02,0.0
2008,300,13.1,3.8,7.3,2.1,10.81,0.0
2008,301,5.1,1.6,3.9,1.3,7.19,0.0
2008,302,2.6,-0.5,1.2,6.4,4.89,0.0
2008,303,1.1,-2.2,-0.8,2.1,8.76,0.0
2008,304,5.8,-2.3,1.0,0.0,12.05,0.0
2008,305,14.9,1.9,8.3,0.0,12.06,0.0
2008,306,8.7,1.2,6.2,0.0,5.51,0.0
2008,307,7.7,-1.5,2.5,0.0,12.01,0.0
2008,308,15.9,4.2,9.2,0.1,9.75,0.0
2008,309,17.7,6.6,11.0,0.0,10.26,0.0
2008,310,17.8,6.7,11.4,0.0,11.18,0.0
2008,311,16.7,6.5,10.6,0.0,10.92,0.0
2008,312,18.1,6.6,11.6,0.0,9.05,0.0
2008,313,12.1,4.1,8.4,2.1,4.83,0.0
2008,314,4.0,0.9,2.6,6.2,4.84,0.0
2008,315,1.3,-2.7,-0.5,4.1,8.56,0.0
2008,316,3.2,-0.6,0.9,0.0,5.48,0.0
2008,317,8.1,-1.8,2.6,0.0,10.14,0.0
2008,318,8.4,3.1,5.7,2.9,2.32,0.0
2008,319,14.2,7.4,10.1,0.0,6.86,0.0
2008,320,9.1,6.8,8.3,14.2,1.88,0.0
2008,321,5.3,-1.4,0.3,6.8,6.19,0.0
2008,322,0.0,-5.1,-2.2,2.8,7.27,0.0
2008,323,-3.1,-7.9,-5.8,0.7,7.44,0.0
2008,324,-4.1,-11.7,-7.4,0.5,6.64,0.0
2008,325,-0.9,-7.2,-4.7,1.4,7.19,0.0
2008,326,-5.9,-12.5,-8.6,0.4,7.88,0.0
2008,327,-5.4,-12.2,-9.2,0.5,7.71,0.0
2008,328,-1.3,-12.5,-6.6,0.0,5.93,0.0
2008,329,3.1,-6.2,-2.1,4.9,4.48,0.0
2008,330,1.2,-6.4,-1.1,2.4,6.07,0.0
2008,331,-0.1,-5.2,-1.5,9.1,4.74,0.0
2008,332,0.2,-4.0,-1.9,0.0,4.97,0.0
2008,333,0.6,-4.3,-1.3,2.8,5.52,0.0
2008,334,0.4,-6.6,-2.5,0.0,5.44,0.0
2008,335,0.4,-8.5,-3.1,9.5,2.82,0.0
2008,336,2.3,-1.1,1.0,4.2,7.35,0.0
2008,337,-1.4,-5.4,-3.0,2.6,4.85,0.0
2008,338,3.5,-7.6,-2.0,0.0,8.1,0.0
2008,339,3.4,-5.7,-0.2,2.3,3.54,0.0
2008,340,-5.1,-9.4,-7.2,0.4,6.72,0.0
2008,341,-4.4,-12.1,-8.1,0.3,6.05,0.0
2008,342,-4.9,-14.3,-8.5,1.0,6.5,0.0
2008,343,-6.1,-16.6,-11.3,0.0,8.1,0.0
2008,344,7.3,-6.5,1.4,9.4,2.81,0.0
2008,345,7.4,-4.9,0.4,12.1,1.24,0.0
2008,346,-1.0,-7.1,-4.0,0.0,4.92,0.0
2008,347,-2.8,-8.1,-4.5,5.4,3.49,0.0
2008,348,-3.3,-12.5,-8.2,0.0,6.4,0.0
2008,349,5.2,-5.6,1.0,0.4,4.38,0.0
2008,350,8.7,-3.5,4.5,4.9,1.53,0.0
2008,351,-4.0,-7.0,-5.4,1.4,5.16,0.0
2008,352,0.8,-5.0,-2.2,10.4,3.38,0.0
2008,353,-1.2,-8.1,-4.3,0.0,5.34,0.0
2008,354,-5.5,-9.0,-7.0,23.2,0.82,0.0
2008,355,-8.7,-12.6,-11.1,0.0,5.24,0.0
2008,356,-2.7,-14.3,-8.6,6.8,6.13,0.0
2008,357,-9.5,-15.3,-11.9,3.2,5.38,0.0
2008,358,-3.7,-12.4,-8.8,0.6,4.84,0.0
2008,359,7.7,-3.1,3.0,14.7,1.92,0.0
2008,360,0.2,-7.6,-4.1,0.5,4.43,0.0
2008,361,3.2,-10.3,-4.1,0.6,2.51,0.0
2008,362,11.3,3.6,8.5,0.9,2.44,0.0
2008,363,12.4,-1.9,5.7,2.6,4.4,0.0
2008,364,3.1,-2.4,-0.4,0.8,7.38,0.0
2008,365,-0.7,-4.8,-3.7,0.5,4.57,0.0
2008,366,-3.8,-12.8,-8.9,11.1,3.68,0.0
2009,1,-7.8,-17.8,-13.0,0.1,7.23,0.0
2009,2,-0.4,-6.7,-3.6,0.7,5.37,0.0
2009,3,-5.5,-11.2,-7.2,0.0,4.96,0.0
2009,4,2.5,-19.2,-7.5,0.1,7.37,0.0
2009,5,2.2,-9.1,-3.9,0.1,6.72,0.0
2009,6,-1.6,-14.5,-6.9,1.6,6.35,0.0
2009,7,2.1,-3.6,-0.6,17.9,1.77,0.0
2009,8,-4.0,-9.2,-6.2,5.3,5.41,0.0
2009,9,-6.7,-11.1,-9.4,0.0,4.95,0.0
2009,10,-6.4,-14.1,-9.7,5.9,3.79,0.0
2009,11,-7.4,-11.2,-8.7,2.8,5.18,0.0
2009,12,-5.6,-12.0,-9.1,0.0,5.59,0.0
2009,13,-0.3,-12.0,-4.9,3.6,4.37,0.0
2009,14,-13.2,-19.8,-15.9,0.4,6.86,0.0
2009,15,-13.1,-19.3,-16.5,0.0,7.43,0.0
2009,16,-16.2,-20.6,-18.4,0.0,8.05,0.0
2009,17,-11.2,-21.7,-16.3,0.7,6.04,0.0
2009,18,-2.6,-10.8,-7.0,5.6,5.58,0.0
2009,19,-7.8,-15.1,-11.2,0.5,7.44,0.0
2009,20,-9.5,-13.6,-11.8,0.1,5.31,0.0
2009,21,-7.7,-15.0,-11.7,0.0,8.96,0.0
2009,22,-3.4,-9.6,-6.1,0.0,4.72,0.0
2009,23,4.1,-6.5,-1.2,0.4,6.19,0.0
2009,24,-3.5,-17.5,-12.2,0.3,8.12,0.0
2009,25,-10.8,-18.3,-15.1,0.0,8.79,0.0
2009,26,-9.6,-18.2,-14.3,0.0,9.6,0.0
2009,27,-5.6,-14.9,-10.7,0.2,10.3,0.0
2009,28,-2.2,-8.9,-5.6,19.4,1.9,0.0
2009,29,-5.7,-10.2,-8.3,0.0,7.36,0.0
2009,30,-5.9,-11.8,-7.4,2.0,8.76,0.0
2009,31,-7.7,-16.3,-12.6,0.0,10.15,0.0
2009,32,2.5,-6.8,-1.2,0.0,8.63,0.0
2009,33,-0.3,-9.4,-3.7,0.0,8.57,0.0
2009,34,-3.6,-15.1,-10.2,0.0,10.34,0.0
2009,35,-10.5,-17.0,-13.9,0.0,9.79,0.0
2009,36,-13.3,-20.3,-17.1,0.0,12.06,0.0
2009,37,-3.0,-15.3,-9.0,0.0,12.57,0.0
2009,38,8.9,-7.8,2.4,0.0,6.46,0.0
2009,39,6.9,-4.8,0.0,0.0,6.86,0.0
2009,40,2.9,-9.0,-2.8,0.0,12.71,0.0
2009,41,8.2,-1.0,4.3,1.2,4.03,0.0
2009,42,9.8,5.1,6.7,3.9,2.42,0.0
2009,43,7.4,-0.8,1.6,20.8,2.98,0.0
2009,44,-0.9,-10.6,-5.7,3.1,14.07,0.0
2009,45,-3.1,-12.1,-7.5,0.0,9.34,0.0
2009,46,-2.7,-13.2,-7.9,0.0,14.41,0.0
2009,47,-4.2,-13.8,-8.9,0.0,13.46,0.0
2009,48,-0.1,-14.8,-8.2,0.0,13.43,0.0
2009,49,0.8,-9.5,-2.3,5.3,4.59,0.0
2009,50,1.2,-13.1,-5.1,1.5,11.92,0.0
2009,51,-7.8,-14.6,-11.3,0.6,11.16,0.0
2009,52,0.5,-12.7,-6.0,0.2,14.18,0.0
2009,53,-1.4,-9.2,-5.1,1.3,12.41,0.0
2009,54,-8.9,-13.1,-10.7,0.0,9.96,0.0
2009,55,-5.8,-16.0,-11.7,0.0,15.99,0.0
2009,56,5.9,-14.2,-4.8,0.0,15.88,0.0
2009,57,7.7,1.4,3.9,0.6,10.99,0.0
2009,58,8.3,-6.1,4.0,10.4,2.54,0.0
2009,59,-5.0,-11.6,-8.6,0.0,17.42,0.0
2009,60,-4.2,-12.8,-9.6,0.0,17.2,0.0
2009,61,-12.0,-16.3,-14.3,0.0,15.22,0.0
2009,62,-8.9,-18.3,-14.2,0.0,17.89,0.0
2009,63,-2.2,-15.4,-9.7,0.0,17.88,0.0
2009,64,9.1,-11.9,-1.9,0.0,15.89,0.0
2009,65,13.3,2.8,8.1,0.4,4.33,0.0
2009,66,11.9,-0.0,4.9,15.8,7.83,0.0
2009,67,8.2,0.4,3.4,16.7,10.23,0.0
2009,68,5.7,-2.4,1.7,4.2,7.2,0.0
2009,69,5.3,-2.9,1.0,6.6,4.29,0.0
2009,70,8.1,-5.6,2.4,10.2,12.61,0.0
2009,71,-3.2,-8.2,-6.2,0.0,16.72,0.0
2009,72,3.2,-9.5,-4.5,0.0,19.14,0.0
2009,73,7.5,-5.8,-0.3,0.0,19.57,0.0
2009,74,10.6,-4.3,2.0,0.0,20.08,0.0
2009,75,13.2,-2.4,4.5,0.0,17.53,0.0
2009,76,13.2,0.9,5.8,0.0,18.06,0.0
2009,77,10.9,3.5,7.3,6.6,9.27,0.0
2009,78,5.5,-3.0,1.4,0.3,19.91,0.0
2009,79,0.3,-5.5,-3.0,0.0,21.61,0.0
2009,80,5.8,-6.2,-1.1,0.0,17.72,0.0
2009,81,1.9,-3.6,-0.7,0.0,9.5,0.0
2009,82,-0.2,-6.6,-4.0,0.0,22.35,0.0
2009,83,5.6,-7.1,-1.6,0.0,22.26,0.0
2009,84,13.3,-1.9,5.2,0.5,17.86,0.0
2009,85,9.0,3.8,5.7,6.1,3.97,0.0
2009,86,12.7,-2.1,5.3,0.0,21.41,0.0
2009,87,15.8,1.9,8.5,0.0,17.05,0.0
2009,88,12.6,2.4,8.2,5.5,8.96,0.0
2009,89,2.1,-2.2,-0.6,1.6,9.75,0.0
2009,90,12.3,-3.4,3.7,0.0,22.66,0.0
2009,91,8.8,4.9,6.5,6.8,7.79,0.0
2009,92,15.9,0.3,8.4,0.0,21.04,0.0
2009,93,10.9,0.6,8.5,21.7,2.56,0.0
2009,94,2.5,-0.7,0.6,13.9,9.55,0.0
2009,95,8.4,-2.3,2.7,0.0,23.66,0.0
2009,96,12.9,-1.9,4.2,10.9,12.74,0.0
2009,97,-2.3,-5.1,-3.7,4.0,12.26,0.0
2009,98,2.3,-4.9,-1.7,0.6,13.61,0.0
2009,99,6.8,-2.2,1.8,0.0,22.38,0.0
2009,100,11.7,-4.1,3.8,0.0,20.24,0.0
2009,101,5.2,-2.0,1.5,0.0,25.42,0.0
2009,102,2.1,-4.3,-1.3,0.0,25.92,0.0
2009,103,8.3,-4.0,1.7,0.0,22.26,0.0
2009,104,12.4,-0.8,5.4,0.1,20.06,0.0
2009,105,12.0,2.1,5.7,0.0,18.8,0.0
2009,106,11.7,-1.1,5.4,0.0,26.28,0.0
2009,107,14.6,0.0,7.1,0.0,26.22,0.0
2009,108,17.4,4.6,10.7,0.0,25.41,0.0
2009,109,13.1,3.5,7.4,0.0,21.39,0.0
2009,110,8.4,3.1,5.1,15.8,4.77,0.0
2009,111,13.2,4.1,7.4,3.3,15.99,0.0
2009,112,7.3,1.4,3.6,1.3,18.78,0.0
2009,113,7.2,-0.1,2.8,1.8,17.43,0.0
2009,114,23.1,0.2,11.7,6.0,25.44,0.0
2009,115,25.3,13.9,19.0,0.2,25.33,0.0
2009,116,24.0,13.0,17.2,0.3,20.54,0.0
2009,117,26.1,13.2,19.9,0.0,26.07,0.0
2009,118,20.0,6.3,13.3,6.8,9.03,0.0
2009,119,15.2,3.0,8.3,0.0,27.25,0.0
2009,120,18.9,5.4,11.4,4.8,13.73,0.0
2009,121,17.5,9.0,13.9,7.5,14.66,0.0
2009,122,13.2,3.4,8.2,2.3,26.53,0.0
2009,123,16.0,4.4,9.8,0.0,25.22,0.0
2009,124,15.2,5.4,9.5,0.0,20.42,0.0
2009,125,16.6,4.6,10.4,0.0,20.89,0.0
2009,126,17.5,8.2,12.3,5.8,14.4,0.0
2009,127,15.9,9.8,12.1,9.1,14.74,0.0
2009,128,20.6,9.3,14.3,0.1,23.17,0.0
2009,129,20.2,8.3,13.4,5.9,19.0,0.0
2009,130,8.8,4.9,6.6,0.9,11.97,0.0
2009,131,12.2,0.9,6.8,0.0,26.91,0.0
2009,132,13.5,2.2,8.1,0.0,25.99,0.0
2009,133,18.6,3.4,11.4,0.1,27.25,0.0
2009,134,17.6,10.3,13.0,8.6,14.18,0.0
2009,135,19.3,6.4,12.9,0.0,27.15,0.0
2009,136,22.6,9.2,15.4,18.4,12.66,0.0
2009,137,9.7,3.4,6.1,0.0,26.69,0.0
2009,138,10.5,0.1,5.5,0.0,29.84,0.0
2009,139,18.1,1.1,9.8,0.0,29.45,0.0
2009,140,24.4,8.7,16.2,0.0,29.64,0.0
2009,141,25.3,12.2,18.3,0.0,30.32,0.0
2009,142,21.7,12.7,16.4,0.0,23.11,0.0
2009,143,23.8,10.3,17.1,0.0,25.21,0.0
2009,144,21.2,11.9,15.8,1.2,23.32,0.0
2009,145,18.2,7.2,12.8,0.0,30.42,0.0
2009,146,18.5,5.9,10.9,2.1,15.87,0.0
2009,147,23.6,9.9,16.0,7.4,18.04,0.0
2009,148,22.9,14.8,17.7,23.5,14.12,0.0
2009,149,17.9,13.6,15.5,3.0,15.39,0.0
2009,150,16.0,9.3,12.6,3.4,26.77,0.0
2009,151,11.8,5.6,9.2,3.3,29.43,0.0
2009,152,16.7,2.9,10.8,0.5,14.24,0.0
2009,153,17.8,9.6,13.1,0.0,21.05,0.0
2009,154,17.2,7.8,12.1,0.0,21.45,0.0
2009,155,18.1,5.5,11.9,0.0,29.41,0.0
2009,156,20.7,7.0,14.0,0.0,27.23,0.0
2009,157,21.0,9.7,15.6,0.2,28.05,0.0
2009,158,23.0,11.1,16.0,0.0,23.37,0.0
2009,159,22.5,10.6,15.4,2.2,20.12,0.0
2009,160,22.7,14.0,17.8,3.3,25.3,0.0
2009,161,22.1,10.3,15.4,0.6,23.76,0.0
2009,162,21.4,12.5,16.3,14.3,14.2,0.0
2009,163,19.4,13.2,16.1,4.7,16.2,0.0
2009,164,18.5,11.2,15.2,0.1,18.91,0.0
2009,165,20.1,10.1,15.6,0.0,25.8,0.0
2009,166,20.7,10.2,15.8,0.0,27.8,0.0
2009,167,23.8,9.0,17.1,0.0,29.67,0.0
2009,168,20.2,12.8,15.5,24.8,13.25,0.0
2009,169,16.5,13.1,14.3,3.3,5.54,0.0
2009,170,21.6,12.7,16.4,0.0,19.46,0.0
2009,171,19.7,14.1,16.1,24.1,6.38,0.0
2009,172,20.8,13.1,16.6,1.8,18.01,0.0
2009,173,22.5,14.7,18.1,0.0,27.08,0.0
2009,174,23.1,12.5,18.1,0.0,29.96,0.0
2009,175,26.4,14.4,20.6,0.0,30.32,0.0
2009,176,27.0,15.9,20.8,4.0,21.15,0.0
2009,177,23.9,16.4,19.2,22.0,21.76,0.0
2009,178,22.1,13.7,18.0,0.0,26.9,0.0
2009,179,22.5,13.2,17.0,10.5,14.62,0.0
2009,180,21.5,13.9,17.2,3.2,22.06,0.0
2009,181,18.7,13.7,15.9,4.9,18.72,0.0
2009,182,19.8,12.3,15.8,7.9,17.47,0.0
2009,183,18.9,13.8,15.7,11.5,15.22,0.0
2009,184,19.9,13.3,15.9,3.6,20.68,0.0
2009,185,17.8,12.5,14.7,0.8,19.17,0.0
2009,186,21.2,9.1,15.6,0.0,29.2,0.0
2009,187,20.8,12.4,16.5,0.7,23.66,0.0
2009,188,17.8,12.5,14.8,3.0,21.81,0.0
2009,189,18.9,10.7,14.7,0.3,21.97,0.0
2009,190,21.5,9.0,16.1,0.0,25.23,0.0
2009,191,24.3,12.1,18.5,0.0,24.03,0.0
2009,192,20.7,16.4,18.5,8.5,12.03,0.0
2009,193,18.7,9.9,14.7,0.0,28.68,0.0
2009,194,18.4,10.7,14.6,0.0,26.05,0.0
2009,195,17.9,10.0,14.0,0.0,19.58,0.0
2009,196,23.7,10.1,17.4,0.2,27.04,0.0
2009,197,23.3,16.4,19.5,0.4,23.23,0.0
2009,198,20.5,14.9,17.3,2.6,13.57,0.0
2009,199,18.4,12.9,15.4,3.6,21.3,0.0
2009,200,19.3,12.0,15.6,0.3,19.87,0.0
2009,201,22.3,9.9,16.7,0.0,24.95,0.0
2009,202,20.2,14.3,16.7,2.7,10.98,0.0
2009,203,22.9,12.0,17.9,0.4,19.55,0.0
2009,204,22.3,16.0,18.3,19.1,12.25,0.0
2009,205,21.1,15.6,17.9,2.7,19.46,0.0
2009,206,24.6,14.1,18.3,6.3,18.21,0.0
2009,207,23.2,16.5,18.9,7.4,22.17,0.0
2009,208,21.7,15.6,18.3,0.3,22.32,0.0
2009,209,25.2,15.9,20.2,0.3,23.22,0.0
2009,210,21.0,17.5,18.9,8.3,7.16,0.0
2009,211,23.0,15.1,18.9,0.3,20.51,0.0
2009,212,23.2,16.2,19.0,3.2,18.52,0.0
2009,213,23.6,14.6,19.2,0.0,21.48,0.0
2009,214,21.4,15.5,17.9,12.3,15.85,0.0
2009,215,22.8,12.9,17.9,0.0,23.65,0.0
2009,216,25.9,17.0,20.4,3.7,22.48,0.0
2009,217,20.5,14.1,17.4,1.3,26.06,0.0
2009,218,19.4,12.1,15.9,0.4,20.84,0.0
2009,219,19.8,11.9,15.8,0.0,22.4,0.0
2009,220,23.1,10.8,16.3,4.3,17.97,0.0
2009,221,25.6,15.9,20.5,30.1,11.0,0.0
2009,222,23.7,19.8,21.5,10.0,13.01,0.0
2009,223,23.7,17.5,20.0,7.2,17.34,0.0
2009,224,22.3,15.7,18.6,7.7,18.52,0.0
2009,225,24.8,15.7,19.7,0.0,21.72,0.0
2009,226,25.4,14.7,20.5,0.0,22.13,0.0
2009,227,25.7,17.2,21.4,0.2,19.43,0.0
2009,228,27.0,17.3,22.0,0.0,21.72,0.0
2009,229,28.4,18.6,23.0,0.1,22.69,0.0
2009,230,24.1,19.4,21.2,7.8,13.45,0.0
2009,231,24.7,18.6,21.0,0.5,21.25,0.0
2009,232,26.2,17.7,21.6,5.0,14.75,0.0
2009,233,23.8,18.0,20.6,2.5,13.32,0.0
2009,234,23.1,15.9,19.1,1.8,17.81,0.0
2009,235,20.3,15.4,17.2,7.5,14.17,0.0
2009,236,21.1,14.8,17.0,0.0,17.0,0.0
2009,237,23.2,11.6,17.4,0.0,22.88,0.0
2009,238,19.4,14.9,17.3,7.3,6.92,0.0
2009,239,20.2,11.7,15.4,0.1,19.95,0.0
2009,240,20.5,12.1,14.8,8.3,13.32,0.0
2009,241,19.5,14.7,17.1,13.5,11.53,0.0
2009,242,16.7,11.5,14.0,1.7,14.13,0.0
2009,243,16.6,9.2,12.6,0.0,19.28,0.0
2009,244,19.2,6.7,13.1,0.0,21.88,0.0
2009,245,21.3,7.5,14.6,0.0,22.84,0.0
2009,246,22.2,9.5,16.0,0.0,22.18,0.0
2009,247,21.8,9.5,16.1,0.0,18.75,0.0
2009,248,21.5,11.2,16.2,0.4,17.97,0.0
2009,249,21.7,11.8,16.3,0.0,19.85,0.0
2009,250,20.8,13.0,16.5,5.8,11.9,0.0
2009,251,21.7,13.3,16.9,0.0,14.24,0.0
2009,252,21.3,14.0,16.8,0.1,13.6,0.0
2009,253,20.7,11.3,15.6,0.0,16.77,0.0
2009,254,17.9,10.3,13.8,0.0,13.28,0.0
2009,255,19.3,12.5,15.2,0.0,12.24,0.0
2009,256,20.2,11.2,15.5,1.0,15.88,0.0
2009,257,19.7,12.4,15.9,0.5,12.69,0.0
2009,258,19.5,11.7,15.7,0.9,14.76,0.0
2009,259,15.0,9.1,12.0,0.0,10.34,0.0
2009,260,18.2,9.2,13.3,0.6,14.42,0.0
2009,261,18.3,10.0,13.1,0.9,9.57,0.0
2009,262,16.4,6.1,10.8,0.0,20.56,0.0
2009,263,22.7,5.8,13.8,0.0,20.26,0.0
2009,264,23.6,12.5,17.1,1.2,12.82,0.0
2009,265,23.1,14.9,18.5,4.6,11.1,0.0
2009,266,22.8,16.7,18.8,3.8,9.13,0.0
2009,267,19.2,13.3,16.2,1.0,11.18,0.0
2009,268,14.2,8.1,11.5,0.0,15.02,0.0
2009,269,14.2,7.0,10.5,5.7,7.39,0.0
2009,270,15.7,10.4,12.3,14.0,5.84,0.0
2009,271,13.2,9.7,11.4,10.7,9.87,0.0
2009,272,13.8,8.3,10.0,6.8,7.05,0.0
2009,273,8.4,5.3,6.3,0.6,4.74,0.0
2009,274,7.4,4.5,5.8,0.1,5.76,0.0
2009,275,11.2,3.6,7.1,9.6,2.51,0.0
2009,276,16.0,6.5,11.3,0.9,14.36,0.0
2009,277,12.7,6.1,8.9,3.0,11.69,0.0
2009,278,11.2,7.1,8.7,1.7,11.5,0.0
2009,279,14.9,5.0,9.9,1.3,12.38,0.0
2009,280,12.8,7.4,9.4,7.0,5.51,0.0
2009,281,14.3,6.2,9.9,0.0,13.54,0.0
2009,282,13.1,9.5,10.7,3.2,3.74,0.0
2009,283,10.2,5.7,7.8,3.0,10.32,0.0
2009,284,6.7,1.9,4.6,0.0,12.68,0.0
2009,285,8.1,-0.6,3.4,0.2,9.17,0.0
2009,286,7.4,3.0,5.2,2.3,8.13,0.0
2009,287,4.5,0.5,2.3,0.0,6.92,0.0
2009,288,2.0,-0.8,0.3,3.0,4.59,0.0
2009,289,3.6,-0.6,1.2,2.3,6.18,0.0
2009,290,4.1,0.4,1.8,2.4,4.95,0.0
2009,291,6.2,-1.5,1.8,0.0,13.05,0.0
2009,292,10.1,-2.3,3.3,0.0,14.26,0.0
2009,293,13.9,6.5,9.2,0.5,7.57,0.0
2009,294,14.5,8.2,10.9,3.1,5.25,0.0
2009,295,15.9,5.6,11.3,0.5,8.26,0.0
2009,296,10.4,2.1,5.7,10.6,2.67,0.0
2009,297,13.8,5.6,11.1,1.7,4.44,0.0
2009,298,9.9,4.0,6.2,0.0,11.75,0.0
2009,299,14.4,1.3,7.0,0.0,12.62,0.0
2009,300,14.8,6.6,9.7,0.0,9.36,0.0
2009,301,10.1,7.6,8.7,20.2,1.54,0.0
2009,302,11.4,7.6,9.1,0.0,4.0,0.0
2009,303,16.0,9.4,11.7,0.6,6.53,0.0
2009,304,12.9,5.6,10.2,8.6,1.97,0.0
2009,305,7.5,3.0,4.9,0.0,9.4,0.0
2009,306,10.1,-0.4,4.6,0.0,11.51,0.0
2009,307,6.6,1.0,4.5,2.1,9.83,0.0
2009,308,3.8,-0.9,1.3,0.0,4.91,0.0
2009,309,2.8,-1.6,0.5,4.3,6.52,0.0
2009,310,1.8,-2.3,-0.8,0.0,7.23,0.0
2009,311,12.7,-1.9,5.7,0.0,10.2,0.0
2009,312,16.2,6.4,10.6,0.0,10.74,0.0
2009,313,17.0,9.2,12.2,0.0,7.08,0.0
2009,314,11.2,4.9,8.3,0.0,6.45,0.0
2009,315,7.3,0.9,3.7,0.0,9.95,0.0
2009,316,8.5,-1.3,2.3,0.0,10.97,0.0
2009,317,11.6,-1.6,4.1,0.0,10.39,0.0
2009,318,12.5,3.6,7.1,0.0,2.8,0.0
2009,319,15.1,6.8,9.5,0.0,7.51,0.0
2009,320,6.2,2.0,3.7,0.0,5.4,0.0
2009,321,7.3,-1.7,1.9,0.0,10.11,0.0
2009,322,12.0,0.1,5.0,0.0,9.76,0.0
2009,323,10.1,4.7,7.4,14.0,2.87,0.0
2009,324,8.2,3.6,5.2,0.9,6.01,0.0
2009,325,8.2,4.0,5.6,0.0,3.98,0.0
2009,326,9.0,2.6,5.4,0.0,6.44,0.0
2009,327,8.7,1.0,4.3,0.0,7.61,0.0
2009,328,6.6,4.4,5.6,5.8,0.66,0.0
2009,329,9.2,5.1,7.0,2.2,3.41,0.0
2009,330,8.2,2.1,5.0,2.2,4.9,0.0
2009,331,3.0,-1.5,0.7,3.1,4.97,0.0
2009,332,3.0,0.5,1.5,0.1,3.81,0.0
2009,333,9.8,-0.6,4.1,0.6,7.69,0.0
2009,334,6.6,-2.0,1.7,3.5,5.79,0.0
2009,335,4.0,-2.1,0.3,5.6,6.47,0.0
2009,336,9.4,-0.8,3.6,6.4,6.5,0.0
2009,337,9.3,2.2,6.2,3.5,1.43,0.0
2009,338,1.8,-3.0,-0.3,0.2,5.13,0.0
2009,339,-0.6,-4.4,-2.8,0.0,3.79,0.0
2009,340,-0.4,-5.1,-3.4,0.0,7.04,0.0
2009,341,-0.7,-4.5,-3.0,0.2,4.1,0.0
2009,342,-0.1,-3.6,-2.3,0.0,4.59,0.0
2009,343,4.9,-1.9,0.9,19.1,2.44,0.0
2009,344,-2.5,-10.2,-5.7,3.8,5.92,0.0
2009,345,-8.0,-11.1,-9.8,1.4,5.79,0.0
2009,346,-1.6,-9.4,-6.2,0.0,8.25,0.0
2009,347,1.7,-5.7,-1.4,10.4,1.23,0.0
2009,348,3.5,-1.3,0.9,1.0,3.68,0.0
2009,349,3.9,-4.9,0.4,3.9,2.88,0.0
2009,350,-5.4,-8.8,-7.5,0.1,4.58,0.0
2009,351,-7.5,-17.4,-10.2,0.9,4.91,0.0
2009,352,-3.2,-18.5,-10.9,0.0,6.98,0.0
2009,353,-5.3,-8.5,-7.4,0.0,4.11,0.0
2009,354,-3.3,-8.9,-6.7,0.0,6.85,0.0
2009,355,-3.0,-10.3,-6.1,0.1,4.85,0.0
2009,356,-5.6,-10.6,-7.7,0.3,6.35,0.0
2009,357,-7.2,-10.4,-8.7,0.0,3.56,0.0
2009,358,-1.8,-9.1,-5.9,0.0,5.75,0.0
2009,359,3.0,-5.5,-0.7,8.5,2.82,0.0
2009,360,3.4,-0.9,1.8,11.7,0.81,0.0
2009,361,0.9,-6.0,-2.5,0.0,5.97,0.0
2009,362,-2.1,-7.5,-4.5,9.5,5.52,0.0
2009,363,-8.3,-16.0,-13.2,0.3,7.08,0.0
2009,364,-3.1,-14.8,-9.1,0.0,5.76,0.0
2009,365,0.9,-4.3,-1.6,1.7,3.28,0.0
2010,1,-1.4,-6.4,-3.5,0.7,3.89,0.0
2010,2,-7.3,-15.2,-12.7,0.5,5.63,0.0
2010,3,-11.0,-15.8,-13.6,3.7,4.6,0.0
2010,4,-9.9,-13.0,-11.8,0.0,4.98,0.0
2010,5,-8.4,-11.7,-10.0,2.0,4.67,0.0
2010,6,-6.8,-9.2,-7.8,0.3,3.93,0.0
2010,7,-3.6,-8.3,-6.3,0.1,4.17,0.0
2010,8,-6.3,-11.7,-8.8,5.4,4.78,0.0
2010,9,-10.3,-15.3,-12.7,0.0,6.57,0.0
2010,10,-6.2,-17.4,-11.8,0.0,8.4,0.0
2010,11,-6.1,-9.9,-8.5,0.6,5.19,0.0
2010,12,-7.5,-9.9,-9.1,0.2,4.25,0.0
2010,13,-1.8,-11.1,-6.0,0.0,7.11,0.0
2010,14,4.3,-5.7,-1.6,0.0,9.19,0.0
2010,15,2.0,-2.3,0.2,0.1,3.43,0.0
2010,16,2.2,-2.9,-1.1,0.0,7.26,0.0
2010,17,5.6,-3.9,0.2,2.9,5.14,0.0
2010,18,1.5,-2.6,-0.3,0.4,5.51,0.0
2010,19,-1.1,-3.3,-2.4,0.5,3.96,0.0
2010,20,-2.9,-5.2,-3.9,0.6,4.2,0.0
2010,21,1.7,-8.6,-4.1,0.0,10.09,0.0
2010,22,2.5,-6.5,-3.3,0.0,8.26,0.0
2010,23,4.9,-6.9,-2.0,0.0,10.43,0.0
2010,24,5.9,-1.4,2.0,6.3,5.2,0.0
2010,25,9.0,-2.2,4.8,22.8,2.04,0.0
2010,26,-2.0,-4.6,-3.2,0.0,8.14,0.0
2010,27,-4.2,-6.2,-5.1,1.1,6.88,0.0
2010,28,-4.6,-16.3,-8.7,3.7,8.42,0.0
2010,29,-12.5,-17.8,-15.8,0.0,9.24,0.0
2010,30,-12.2,-22.2,-17.1,0.0,9.21,0.0
2010,31,-7.0,-23.6,-14.5,0.0,11.65,0.0
2010,32,-6.4,-12.9,-9.6,0.1,10.81,0.0
2010,33,-1.5,-13.6,-7.4,0.3,7.54,0.0
2010,34,-3.0,-6.8,-4.8,0.6,5.95,0.0
2010,35,-2.5,-13.7,-7.6,0.0,12.11,0.0
2010,36,-0.9,-9.1,-5.6,0.0,6.82,0.0
2010,37,-7.1,-12.7,-10.4,0.0,8.94,0.0
2010,38,-6.8,-18.4,-12.2,0.0,10.83,0.0
2010,39,-4.4,-13.0,-9.7,0.0,11.65,0.0
2010,40,-2.2,-11.4,-7.4,1.2,6.69,0.0
2010,41,-3.2,-6.4,-4.5,6.3,3.41,0.0
2010,42,-5.0,-11.0,-8.5,0.0,12.09,0.0
2010,43,-3.9,-11.6,-8.7,0.0,11.93,0.0
2010,44,-5.6,-12.4,-8.9,0.2,11.03,0.0
2010,45,-3.3,-8.8,-6.6,1.5,9.45,0.0
2010,46,-0.5,-7.1,-5.1,0.7,10.46,0.0
2010,47,-3.8,-8.6,-6.5,0.3,9.96,0.0
2010,48,-3.5,-7.7,-5.6,4.2,6.25,0.0
2010,49,-3.2,-5.2,-4.1,3.2,5.72,0.0
2010,50,-1.8,-5.9,-4.3,0.1,8.66,0.0
2010,51,-0.2,-7.5,-4.1,0.0,12.61,0.0
2010,52,0.2,-6.6,-3.9,0.0,14.61,0.0
2010,53,1.9,-8.8,-3.0,3.8,5.82,0.0
2010,54,2.5,-3.2,-0.0,0.7,5.44,0.0
2010,55,-0.7,-5.3,-3.4,0.6,8.16,0.0
2010,56,-3.8,-8.5,-5.9,6.3,6.2,0.0
2010,57,-2.2,-9.0,-6.9,17.3,3.86,0.0
2010,58,-0.8,-8.5,-3.5,8.2,5.09,0.0
2010,59,0.3,-3.7,-2.3,1.8,10.36,0.0
2010,60,0.2,-3.1,-1.9,2.0,8.58,0.0
2010,61,0.7,-4.7,-2.3,0.0,7.84,0.0
2010,62,1.5,-5.2,-2.4,0.1,15.09,0.0
2010,63,-0.7,-9.4,-5.2,0.0,16.25,0.0
2010,64,-0.0,-9.5,-5.2,0.0,18.03,0.0
2010,65,2.8,-12.4,-4.8,0.0,18.24,0.0
2010,66,5.0,-6.3,-1.3,0.0,17.99,0.0
2010,67,6.5,-3.5,0.2,0.0,18.32,0.0
2010,68,8.7,-4.0,1.2,0.0,18.35,0.0
2010,69,8.7,-2.6,2.8,0.0,10.54,0.0
2010,70,12.0,1.8,6.7,1.0,16.39,0.0
2010,71,8.5,5.6,6.8,2.8,6.71,0.0
2010,72,5.3,0.5,3.3,19.1,2.52,0.0
2010,73,3.1,0.0,1.4,10.2,4.4,0.0
2010,74,4.7,-0.2,1.9,1.7,9.5,0.0
2010,75,9.4,-3.3,2.7,0.0,20.25,0.0
2010,76,12.4,-4.0,3.8,0.0,20.09,0.0
2010,77,13.5,1.0,6.1,0.0,19.69,0.0
2010,78,14.9,2.0,7.7,0.0,19.48,0.0
2010,79,11.2,1.1,5.8,0.0,15.12,0.0
2010,80,11.6,-1.8,4.1,0.1,17.61,0.0
2010,81,5.7,0.6,2.3,5.2,5.97,0.0
2010,82,2.3,-0.6,1.2,3.6,1.46,0.0
2010,83,9.6,-1.5,3.0,0.6,21.91,0.0
2010,84,9.0,-1.5,2.4,4.9,6.8,0.0
2010,85,-1.4,-6.3,-3.7,0.0,22.4,0.0
2010,86,8.0,-7.1,-0.5,0.0,21.58,0.0
2010,87,6.9,-0.1,2.7,9.2,9.81,0.0
2010,88,4.8,0.7,3.7,2.5,5.91,0.0
2010,89,6.0,-1.8,2.0,0.0,18.18,0.0
2010,90,13.7,-0.1,6.1,0.0,20.43,0.0
2010,91,23.2,1.7,11.9,0.0,22.08,0.0
2010,92,26.5,9.9,17.1,0.0,21.53,0.0
2010,93,25.7,9.2,17.4,0.5,21.21,0.0
2010,94,16.1,5.6,10.6,0.0,22.69,0.0
2010,95,18.0,7.5,12.0,1.2,17.04,0.0
2010,96,18.0,6.6,12.3,7.2,6.91,0.0
2010,97,20.5,12.0,16.7,1.7,10.85,0.0
2010,98,19.5,3.9,11.3,6.7,10.61,0.0
2010,99,3.7,-0.6,1.7,0.1,9.72,0.0
2010,100,10.9,-2.0,4.2,0.0,24.91,0.0
2010,101,13.4,5.0,9.1,0.4,24.86,0.0
2010,102,10.6,0.9,5.7,0.0,25.0,0.0
2010,103,11.9,2.8,6.8,0.0,20.4,0.0
2010,104,15.0,-1.4,7.4,0.0,25.84,0.0
2010,105,20.8,2.5,11.3,0.4,22.85,0.0
2010,106,18.1,6.8,12.8,8.8,11.79,0.0
2010,107,5.4,0.7,2.4,1.1,11.28,0.0
2010,108,8.6,0.4,3.3,2.5,13.56,0.0
2010,109,11.8,0.1,5.9,0.0,24.55,0.0
2010,110,16.2,1.4,8.6,0.0,24.26,0.0
2010,111,15.9,3.0,9.3,0.2,25.44,0.0
2010,112,9.3,2.3,5.8,0.0,21.82,0.0
2010,113,12.3,-0.7,5.9,0.0,27.15,0.0
2010,114,18.4,0.7,9.6,0.5,25.6,0.0
2010,115,8.7,6.3,7.2,14.6,3.39,0.0
2010,116,7.8,3.7,6.7,8.2,2.74,0.0
2010,117,6.0,0.6,3.0,1.3,22.08,0.0
2010,118,9.0,-0.2,4.2,0.0,27.45,0.0
2010,119,13.5,1.0,7.0,0.0,28.18,0.0
2010,120,21.6,5.4,13.5,0.3,25.66,0.0
2010,121,25.7,12.4,18.5,0.4,22.18,0.0
2010,122,22.0,15.7,18.4,5.9,7.57,0.0
2010,123,18.9,12.0,16.9,2.3,19.05,0.0
2010,124,16.7,10.3,12.9,4.2,21.28,0.0
2010,125,23.4,9.2,16.4,0.7,27.68,0.0
2010,126,14.2,7.2,11.5,6.2,24.51,0.0
2010,127,15.2,4.2,9.6,5.1,17.9,0.0
2010,128,12.4,1.0,8.1,16.5,18.59,0.0
2010,129,4.4,-0.4,1.9,0.6,13.91,0.0
2010,130,8.9,-1.4,4.2,0.0,26.49,0.0
2010,131,7.4,-0.0,3.5,12.6,9.72,0.0
2010,132,6.5,2.9,4.5,5.8,5.83,0.0
2010,133,14.9,1.0,8.9,4.6,18.81,0.0
2010,134,19.3,11.5,14.9,3.1,21.19,0.0
2010,135,13.1,7.9,10.3,0.0,21.2,0.0
2010,136,16.3,5.3,10.9,0.0,27.62,0.0
2010,137,18.5,6.5,12.5,0.0,21.26,0.0
2010,138,13.8,8.0,10.2,7.6,11.93,0.0
2010,139,18.6,7.3,12.7,0.0,27.57,0.0
2010,140,23.4,9.1,16.0,0.0,28.71,0.0
2010,141,25.9,9.3,17.6,0.0,23.11,0.0
2010,142,22.3,13.6,17.0,6.2,18.79,0.0
2010,143,21.9,13.5,17.2,0.6,14.77,0.0
2010,144,25.9,13.0,19.4,0.0,28.3,0.0
2010,145,26.2,14.0,20.2,0.0,23.39,0.0
2010,146,27.6,15.6,21.5,0.0,27.5,0.0
2010,147,27.2,16.3,21.0,1.3,27.84,0.0
2010,148,24.3,15.1,19.0,1.6,22.94,0.0
2010,149,23.7,13.5,18.4,0.0,26.12,0.0
2010,150,25.9,11.8,19.2,0.0,29.78,0.0
2010,151,28.1,14.7,21.6,0.2,25.54,0.0
2010,152,23.0,15.6,19.0,37.0,20.74,0.0
2010,153,26.3,12.1,19.3,6.8,27.06,0.0
2010,154,22.9,15.7,19.0,0.7,21.53,0.0
2010,155,23.5,15.1,18.5,1.9,19.48,0.0
2010,156,23.8,16.9,19.5,3.7,21.78,0.0
2010,157,16.5,9.3,12.9,41.8,7.39,0.0
2010,158,16.0,9.4,12.4,0.3,24.79,0.0
2010,159,16.3,6.8,11.9,0.0,26.29,0.0
2010,160,14.9,9.9,12.0,5.2,5.12,0.0
2010,161,18.1,12.9,15.6,0.9,22.54,0.0
2010,162,22.3,9.6,16.1,0.5,25.94,0.0
2010,163,25.5,14.6,19.9,9.8,17.23,0.0
2010,164,19.0,16.2,17.5,4.3,7.2,0.0
2010,165,21.3,14.0,17.6,1.3,16.45,0.0
2010,166,22.5,12.1,17.3,0.0,29.37,0.0
2010,167,22.7,14.4,18.2,6.5,16.66,0.0
2010,168,18.9,12.5,15.2,0.0,18.41,0.0
2010,169,25.3,10.1,18.1,0.0,30.57,0.0
2010,170,25.1,16.5,20.9,1.5,22.95,0.0
2010,171,24.0,17.6,20.4,1.3,23.86,0.0
2010,172,24.0,14.4,19.3,0.0,28.34,0.0
2010,173,23.1,15.7,19.5,10.3,15.33,0.0
2010,174,27.5,17.3,22.2,1.5,25.95,0.0
2010,175,23.1,17.5,20.8,10.0,18.19,0.0
2010,176,21.9,14.4,18.1,0.0,25.61,0.0
2010,177,23.2,13.3,18.4,0.6,17.11,0.0
2010,178,26.2,16.2,21.4,6.6,23.06,0.0
2010,179,24.5,18.8,21.4,8.2,20.06,0.0
2010,180,18.4,12.1,15.8,0.1,20.86,0.0
2010,181,15.4,8.7,12.5,0.0,19.92,0.0
2010,182,16.7,8.8,13.2,0.2,21.82,0.0
2010,183,21.4,9.6,15.7,0.0,30.74,0.0
2010,184,27.1,11.6,19.2,0.0,30.42,0.0
2010,185,27.7,15.2,21.4,0.0,30.43,0.0
2010,186,30.2,17.8,23.8,0.0,27.12,0.0
2010,187,29.7,19.2,24.5,0.0,24.36,0.0
2010,188,30.9,18.3,24.8,0.0,25.63,0.0
2010,189,31.5,19.1,25.6,0.0,25.64,0.0
2010,190,27.8,18.4,22.2,8.7,14.71,0.0
2010,191,25.2,15.5,20.2,0.0,30.07,0.0
2010,192,26.1,13.1,20.5,0.1,25.88,0.0
2010,193,27.5,17.0,21.6,0.4,17.13,0.0
2010,194,25.4,18.9,21.7,4.1,14.67,0.0
2010,195,25.0,18.6,21.4,1.2,19.95,0.0
2010,196,29.6,15.4,22.9,0.0,28.75,0.0
2010,197,26.6,19.6,22.4,2.1,18.84,0.0
2010,198,28.0,19.0,22.8,4.0,23.76,0.0
2010,199,25.9,17.6,21.2,2.0,25.21,0.0
2010,200,23.9,18.7,20.8,3.4,14.57,0.0
2010,201,25.0,16.8,20.7,1.0,18.4,0.0
2010,202,25.6,17.3,20.4,4.8,21.07,0.0
2010,203,24.8,16.3,20.3,0.0,22.45,0.0
2010,204,25.6,16.3,21.6,19.3,12.41,0.0
2010,205,27.9,21.6,23.6,14.2,15.56,0.0
2010,206,23.0,17.2,20.5,1.1,17.19,0.0
2010,207,23.8,14.3,19.2,0.0,25.81,0.0
2010,208,25.5,14.8,20.4,0.0,22.77,0.0
2010,209,27.9,15.6,21.4,7.9,24.53,0.0
2010,210,21.8,16.0,19.0,2.6,24.27,0.0
2010,211,20.0,14.0,17.0,2.0,20.64,0.0
2010,212,22.8,13.0,18.0,0.1,20.37,0.0
2010,213,24.7,15.6,19.6,0.4,20.59,0.0
2010,214,25.9,16.6,21.0,0.7,20.52,0.0
2010,215,26.9,18.3,22.2,0.5,19.04,0.0
2010,216,28.5,19.2,23.4,0.0,21.63,0.0
2010,217,26.1,19.8,22.2,6.2,20.05,0.0
2010,218,20.6,15.8,18.3,0.4,22.29,0.0
2010,219,21.4,11.6,16.5,0.0,25.44,0.0
2010,220,25.4,13.7,19.6,0.1,18.35,0.0
2010,221,27.9,18.0,21.8,7.5,17.81,0.0
2010,222,26.6,18.7,22.1,8.1,20.79,0.0
2010,223,25.9,17.7,22.0,0.4,19.76,0.0
2010,224,24.6,18.8,21.1,0.8,16.75,0.0
2010,225,25.6,16.5,20.5,0.0,20.08,0.0
2010,226,26.5,17.3,21.5,0.0,17.78,0.0
2010,227,24.5,19.0,21.5,3.4,11.4,0.0
2010,228,24.1,17.6,21.1,0.1,22.96,0.0
2010,229,23.9,14.9,19.2,0.0,23.31,0.0
2010,230,23.4,16.3,19.3,0.7,14.23,0.0
2010,231,25.1,15.2,19.9,1.1,21.21,0.0
2010,232,23.2,14.9,18.3,3.9,22.9,0.0
2010,233,27.0,14.7,20.5,2.0,13.37,0.0
2010,234,20.5,16.7,18.5,12.8,11.02,0.0
2010,235,16.7,15.3,16.0,2.8,3.75,0.0
2010,236,21.9,13.6,17.3,0.0,16.96,0.0
2010,237,22.0,14.6,18.2,0.1,15.6,0.0
2010,238,18.7,13.5,16.0,0.7,17.37,0.0
2010,239,20.2,11.3,15.2,0.0,19.94,0.0
2010,240,25.4,11.0,17.9,0.0,24.0,0.0
2010,241,27.6,13.8,20.2,0.0,24.16,0.0
2010,242,28.6,14.6,21.6,0.0,20.65,0.0
2010,243,29.7,17.2,23.0,0.0,22.07,0.0
2010,244,29.6,18.7,23.5,0.0,22.35,0.0
2010,245,27.7,19.5,23.0,0.6,18.68,0.0
2010,246,29.1,16.5,21.4,3.8,17.3,0.0
2010,247,16.2,10.9,13.6,3.0,15.58,0.0
2010,248,15.5,9.5,12.1,0.5,14.64,0.0
2010,249,21.9,9.1,15.3,0.4,15.72,0.0
2010,250,28.1,16.1,21.4,3.0,21.66,0.0
2010,251,18.1,12.8,14.7,0.6,6.91,0.0
2010,252,13.5,11.1,12.4,0.4,5.79,0.0
2010,253,16.7,10.6,13.1,0.5,13.59,0.0
2010,254,20.3,8.6,14.8,0.0,19.62,0.0
2010,255,17.8,11.7,14.4,9.6,10.36,0.0
2010,256,18.8,10.4,14.3,2.8,15.95,0.0
2010,257,15.4,9.5,12.8,0.1,13.55,0.0
2010,258,14.2,8.1,11.2,0.0,12.0,0.0
2010,259,15.9,8.2,12.5,17.6,5.36,0.0
2010,260,13.6,8.9,11.0,0.0,8.31,0.0
2010,261,21.1,7.8,14.2,0.0,18.1,0.0
2010,262,16.4,10.6,13.6,1.8,10.21,0.0
2010,263,15.5,7.3,11.2,0.0,17.98,0.0
2010,264,23.8,6.2,14.9,0.0,17.65,0.0
2010,265,20.9,16.1,18.4,4.9,8.2,0.0
2010,266,23.2,12.7,17.9,0.0,12.36,0.0
2010,267,27.8,20.1,23.1,0.0,15.94,0.0
2010,268,19.8,10.6,13.7,0.0,6.01,0.0
2010,269,14.2,8.8,11.4,0.0,10.74,0.0
2010,270,14.9,8.4,11.9,7.8,3.47,0.0
2010,271,20.6,13.6,16.8,7.1,11.64,0.0
2010,272,16.3,12.2,13.9,0.3,6.34,0.0
2010,273,13.3,11.7,12.4,16.7,1.68,0.0
2010,274,14.1,9.2,11.7,0.7,13.06,0.0
2010,275,12.2,6.3,8.3,5.0,9.41,0.0
2010,276,8.5,4.8,6.6,12.8,6.88,0.0
2010,277,9.8,5.3,6.6,3.6,6.82,0.0
2010,278,8.5,5.9,6.9,11.3,2.93,0.0
2010,279,12.8,7.4,9.5,5.1,8.05,0.0
2010,280,15.6,8.6,11.4,0.5,13.98,0.0
2010,281,17.1,7.7,12.0,0.0,16.43,0.0
2010,282,14.3,6.1,10.9,0.0,16.33,0.0
2010,283,19.0,2.8,10.3,0.0,15.59,0.0
2010,284,16.8,8.4,12.1,3.5,9.89,0.0
2010,285,10.5,5.3,8.8,1.5,8.26,0.0
2010,286,14.5,1.1,7.4,0.0,15.79,0.0
2010,287,9.4,4.9,6.8,4.8,3.57,0.0
2010,288,7.3,4.0,5.6,3.9,8.59,0.0
2010,289,10.2,4.4,7.1,0.0,14.14,0.0
2010,290,13.0,6.1,9.0,0.0,11.97,0.0
2010,291,9.0,3.7,6.0,0.0,8.84,0.0
2010,292,9.4,3.9,5.9,0.7,9.24,0.0
2010,293,12.9,3.3,7.6,0.0,13.63,0.0
2010,294,8.5,0.8,5.0,12.0,10.44,0.0
2010,295,5.3,-0.2,2.4,1.5,9.88,0.0
2010,296,13.6,3.3,7.5,3.1,9.18,0.0
2010,297,15.5,8.3,12.0,0.9,6.56,0.0
2010,298,15.3,12.2,13.2,5.9,4.02,0.0
2010,299,19.0,11.9,14.9,9.1,8.54,0.0
2010,300,17.2,8.5,12.6,1.3,13.09,0.0
2010,301,12.9,5.6,8.8,0.2,5.84,0.0
2010,302,5.8,2.6,4.2,2.9,8.36,0.0
2010,303,10.1,2.5,5.8,0.0,8.0,0.0
2010,304,7.3,0.1,3.2,0.5,9.53,0.0
2010,305,2.4,-1.4,0.2,0.0,7.04,0.0
2010,306,5.5,-2.6,1.0,0.0,9.45,0.0
2010,307,8.5,-2.3,2.0,0.0,12.02,0.0
2010,308,5.0,0.5,2.7,4.3,4.27,0.0
2010,309,2.8,-0.1,1.7,7.1,4.13,0.0
2010,310,2.3,-1.9,0.1,0.3,5.98,0.0
2010,311,4.2,-3.6,-0.4,0.0,5.13,0.0
2010,312,5.8,-1.4,1.2,0.0,9.66,0.0
2010,313,7.0,-0.6,2.7,0.0,5.79,0.0
2010,314,8.4,0.0,3.3,0.0,10.97,0.0
2010,315,11.6,-1.8,3.7,0.0,10.85,0.0
2010,316,14.1,0.1,5.6,0.0,10.72,0.0
2010,317,14.3,-0.7,5.3,0.0,10.43,0.0
2010,318,11.4,4.5,7.3,3.1,4.42,0.0
2010,319,8.9,1.2,4.4,0.0,10.14,0.0
2010,320,9.4,0.9,4.9,13.1,5.61,0.0
2010,321,9.4,3.3,5.9,8.0,2.54,0.0
2010,322,4.7,-0.4,2.5,2.4,5.17,0.0
2010,323,2.9,-1.8,0.1,0.0,6.33,0.0
2010,324,4.5,0.1,3.0,0.0,5.35,0.0
2010,325,6.6,-1.9,2.0,0.0,7.16,0.0
2010,326,11.8,5.3,9.3,7.1,2.94,0.0
2010,327,12.6,0.2,8.5,3.6,5.93,0.0
2010,328,2.0,-1.6,-0.3,0.0,8.67,0.0
2010,329,3.0,-1.7,0.3,7.7,1.32,0.0
2010,330,4.3,-2.8,-0.3,9.8,4.32,0.0
2010,331,-0.4,-3.3,-2.1,2.1,5.73,0.0
2010,332,1.2,-3.0,-1.0,0.0,5.01,0.0
2010,333,6.1,-2.8,0.5,0.0,8.13,0.0
2010,334,10.6,0.0,5.4,18.4,1.15,0.0
2010,335,10.9,-3.9,2.0,42.8,1.38,0.0
2010,336,-2.1,-7.5,-4.3,1.7,5.7,0.0
2010,337,-2.2,-7.6,-5.7,0.0,6.35,0.0
2010,338,-3.4,-7.3,-5.6,0.0,5.34,0.0
2010,339,-4.0,-7.9,-6.3,1.1,4.94,0.0
2010,340,-5.8,-7.6,-6.9,4.0,4.96,0.0
2010,341,-5.6,-7.9,-7.3,1.3,4.53,0.0
2010,342,-6.7,-12.0,-9.1,0.2,6.66,0.0
2010,343,-8.2,-15.3,-12.3,0.0,5.17,0.0
2010,344,-0.4,-15.8,-6.3,0.0,3.9,0.0
2010,345,2.9,-2.6,-0.5,0.0,6.08,0.0
2010,346,3.8,-1.9,1.7,6.1,1.04,0.0
2010,347,-0.9,-14.6,-9.1,1.3,4.62,0.0
2010,348,-10.4,-14.8,-12.8,3.5,5.13,0.0
2010,349,-7.7,-12.6,-10.3,0.1,5.53,0.0
2010,350,-6.0,-10.4,-8.3,0.0,6.13,0.0
2010,351,-3.3,-10.1,-6.4,0.1,5.29,0.0
2010,352,-5.5,-10.3,-7.8,0.4,6.84,0.0
2010,353,-4.9,-12.1,-9.2,0.0,6.03,0.0
2010,354,-3.9,-9.6,-6.9,0.6,4.82,0.0
2010,355,-4.9,-8.4,-7.1,0.0,4.46,0.0
2010,356,-5.3,-8.7,-7.2,0.6,3.65,0.0
2010,357,-5.6,-7.5,-6.7,0.9,3.24,0.0
2010,358,-5.7,-7.6,-6.8,0.0,3.81,0.0
2010,359,-5.0,-8.4,-7.1,1.1,3.44,0.0
2010,360,-7.9,-10.3,-8.7,1.1,3.23,0.0
2010,361,-6.6,-12.1,-9.5,0.0,4.12,0.0
2010,362,-4.9,-6.7,-5.8,0.0,3.21,0.0
2010,363,-2.4,-7.9,-4.6,0.0,4.21,0.0
2010,364,3.0,-9.3,-3.0,0.0,5.34,0.0
2010,365,8.3,2.4,5.1,0.0,5.52,0.0
2011,1,10.0,3.2,7.1,5.7,1.93,0.0
2011,2,1.9,-7.3,-4.1,0.9,6.31,0.0
2011,3,-2.9,-8.0,-5.7,0.0,6.94,0.0
2011,4,-1.0,-4.5,-3.3,0.5,4.65,0.0
2011,5,-4.3,-9.8,-6.4,0.6,4.56,0.0
2011,6,-3.1,-11.1,-7.3,0.5,5.94,0.0
2011,7,-4.4,-15.2,-8.5,1.7,6.82,0.0
2011,8,-6.4,-13.7,-9.5,1.0,5.07,0.0
2011,9,-8.2,-12.9,-10.4,0.5,4.19,0.0
2011,10,-6.5,-12.1,-9.7,0.0,7.17,0.0
2011,11,-4.1,-9.5,-7.4,3.4,4.78,0.0
2011,12,-8.0,-10.4,-9.2,6.3,4.16,0.0
2011,13,-9.5,-13.2,-11.2,0.0,5.23,0.0
2011,14,-6.1,-12.0,-9.4,0.1,4.94,0.0
2011,15,-3.3,-13.4,-8.1,2.8,2.69,0.0
2011,16,-7.4,-14.9,-10.5,0.0,6.01,0.0
2011,17,-5.8,-24.7,-14.0,0.0,9.61,0.0
2011,18,3.9,-5.6,-0.9,1.9,5.33,0.0
2011,19,-0.4,-7.2,-4.1,2.0,4.61,0.0
2011,20,-7.5,-12.8,-10.2,1.8,5.85,0.0
2011,21,-10.2,-15.9,-12.1,3.3,8.58,0.0
2011,22,-11.2,-20.0,-15.5,0.0,9.39,0.0
2011,23,-13.6,-21.7,-16.3,0.1,8.46,0.0
2011,24,-6.4,-29.3,-17.9,0.3,9.26,0.0
2011,25,-1.3,-5.8,-3.2,0.7,4.09,0.0
2011,26,-0.3,-6.7,-4.1,0.5,4.5,0.0
2011,27,-3.5,-7.0,-5.7,0.4,6.3,0.0
2011,28,-2.7,-7.6,-5.6,0.7,6.41,0.0
2011,29,-3.3,-8.2,-6.3,1.7,5.19,0.0
2011,30,-6.3,-11.0,-8.3,0.0,8.15,0.0
2011,31,-9.4,-19.2,-13.9,0.0,10.28,0.0
2011,32,-6.7,-12.7,-9.9,6.8,4.13,0.0
2011,33,3.0,-11.0,-5.0,13.8,3.86,0.0
2011,34,-6.3,-15.3,-11.1,0.0,12.47,0.0
2011,35,-4.3,-10.7,-8.1,0.0,11.4,0.0
2011,36,2.1,-7.2,-3.4,7.7,7.37,0.0
2011,37,-1.7,-6.0,-4.4,1.1,8.56,0.0
2011,38,1.1,-6.7,-2.3,3.8,4.98,0.0
2011,39,-3.1,-16.2,-11.6,3.1,8.97,0.0
2011,40,-7.2,-16.2,-12.4,0.0,13.1,0.0
2011,41,-11.9,-16.9,-14.5,0.2,12.09,0.0
2011,42,-6.5,-15.6,-11.5,0.0,12.0,0.0
2011,43,-3.9,-9.6,-6.4,3.2,11.26,0.0
2011,44,3.3,-10.8,-1.8,0.3,9.31,0.0
2011,45,4.9,-7.6,0.7,2.1,4.84,0.0
2011,46,-4.9,-14.9,-9.8,0.0,14.64,0.0
2011,47,5.0,-8.4,0.2,0.2,8.43,0.0
2011,48,10.6,2.3,5.5,0.9,10.12,0.0
2011,49,8.2,-0.4,5.5,0.1,11.06,0.0
2011,50,-1.1,-11.4,-7.2,0.7,9.9,0.0
2011,51,-0.1,-14.2,-7.3,1.8,13.99,0.0
2011,52,-5.8,-14.4,-10.4,7.8,9.57,0.0
2011,53,-6.2,-16.8,-12.3,0.0,16.01,0.0
2011,54,2.3,-20.4,-9.6,0.0,16.29,0.0
2011,55,2.5,-7.0,-2.1,0.5,6.39,0.0
2011,56,-1.9,-7.1,-4.1,13.8,4.04,0.0
2011,57,-2.0,-12.3,-6.6,1.8,10.12,0.0
2011,58,2.5,-4.7,-1.5,2.2,10.62,0.0
2011,59,6.4,-6.5,1.6,17.1,4.46,0.0
2011,60,0.2,-12.7,-6.0,0.0,16.17,0.0
2011,61,-1.3,-13.0,-4.9,0.1,13.19,0.0
2011,62,-4.4,-18.0,-10.8,0.0,16.65,0.0
2011,63,5.4,-8.2,-0.8,0.6,9.95,0.0
2011,64,7.5,2.2,4.8,18.3,3.26,0.0
2011,65,7.1,-6.9,-2.6,24.3,4.51,0.0
2011,66,-2.1,-11.5,-7.6,0.0,18.57,0.0
2011,67,4.0,-14.6,-5.4,0.0,17.95,0.0
2011,68,2.6,-2.4,0.1,9.3,3.94,0.0
2011,69,7.1,2.7,5.0,7.9,3.2,0.0
2011,70,6.7,-2.1,0.8,7.6,10.26,0.0
2011,71,5.0,-2.2,0.9,1.4,11.91,0.0
2011,72,0.6,-2.2,-1.0,1.6,6.41,0.0
2011,73,1.0,-4.9,-2.4,0.0,15.07,0.0
2011,74,8.1,-7.4,0.8,0.2,18.22,0.0
2011,75,4.2,-0.4,2.3,4.6,4.64,0.0
2011,76,13.7,-0.6,6.2,0.0,17.59,0.0
2011,77,13.0,3.1,9.2,0.4,17.29,0.0
2011,78,2.2,-3.6,-0.7,0.0,12.82,0.0
2011,79,7.9,-4.3,1.3,0.3,16.89,0.0
2011,80,9.3,0.6,4.5,10.2,6.01,0.0
2011,81,4.2,-1.1,1.3,0.2,12.95,0.0
2011,82,-0.4,-5.1,-3.4,16.5,3.08,0.0
2011,83,-2.5,-9.2,-5.6,0.6,18.81,0.0
2011,84,-4.2,-11.9,-8.1,0.0,18.69,0.0
2011,85,-4.4,-17.1,-10.5,0.0,21.03,0.0
2011,86,-4.0,-14.5,-9.1,0.0,23.26,0.0
2011,87,-1.8,-15.7,-7.8,0.0,23.3,0.0
2011,88,1.9,-9.7,-4.4,0.0,21.73,0.0
2011,89,6.7,-6.5,-0.2,0.4,21.19,0.0
2011,90,3.0,-1.7,0.3,3.0,8.37,0.0
2011,91,2.6,-2.3,-0.2,2.8,13.55,0.0
2011,92,5.0,-3.7,0.2,0.0,21.68,0.0
2011,93,5.5,-2.9,0.9,7.5,19.47,0.0
2011,94,16.9,0.6,8.4,22.9,6.18,0.0
2011,95,7.8,-1.8,1.6,7.0,15.91,0.0
2011,96,4.0,-2.3,0.4,3.4,10.7,0.0
2011,97,10.0,-0.8,3.3,0.0,21.06,0.0
2011,98,8.5,-0.4,3.5,0.0,10.74,0.0
2011,99,15.5,0.4,6.9,0.0,22.45,0.0
2011,100,20.6,3.9,11.8,0.5,14.59,0.0
2011,101,21.2,9.5,16.5,1.4,11.2,0.0
2011,102,10.2,3.1,6.0,0.6,18.65,0.0
2011,103,5.5,2.1,4.0,19.0,3.62,0.0
2011,104,11.0,0.9,5.5,0.0,23.13,0.0
2011,105,10.8,-2.4,3.9,0.0,24.71,0.0
2011,106,8.0,3.1,5.8,11.8,6.25,0.0
2011,107,6.1,-0.0,2.9,3.7,18.88,0.0
2011,108,4.5,-1.2,1.3,2.8,10.0,0.0
2011,109,4.1,-1.1,1.3,7.9,6.27,0.0
2011,110,14.5,1.9,8.5,25.7,9.25,0.0
2011,111,4.6,-0.9,1.6,1.8,18.04,0.0
2011,112,9.6,-2.6,2.3,6.7,15.15,0.0
2011,113,16.3,2.0,9.0,4.9,10.39,0.0
2011,114,14.3,5.0,9.3,1.0,14.43,0.0
2011,115,14.2,5.6,9.1,16.8,10.39,0.0
2011,116,24.1,6.8,14.9,16.4,17.34,0.0
2011,117,23.8,12.7,17.4,9.1,18.99,0.0
2011,118,17.3,6.9,13.0,8.4,19.1,0.0
2011,119,6.9,3.6,5.3,2.1,12.82,0.0
2011,120,15.4,1.4,8.1,0.0,28.32,0.0
2011,121,16.1,6.5,11.1,3.8,14.97,0.0
2011,122,14.1,7.8,10.4,4.8,4.08,0.0
2011,123,7.5,3.1,4.8,33.7,1.78,0.0
2011,124,7.7,2.4,4.6,1.6,14.37,0.0
2011,125,11.7,1.6,6.8,0.0,27.77,0.0
2011,126,14.6,3.7,9.0,0.0,20.08,0.0
2011,127,13.9,5.0,9.5,1.0,23.52,0.0
2011,128,13.8,3.4,8.6,0.0,25.4,0.0
2011,129,14.4,3.6,8.8,0.0,27.6,0.0
2011,130,17.2,4.7,10.8,0.4,24.11,0.0
2011,131,20.7,6.0,13.4,0.0,28.95,0.0
2011,132,24.4,9.2,16.2,0.0,20.36,0.0
2011,133,22.5,14.1,18.2,9.4,19.47,0.0
2011,134,18.8,14.2,16.0,12.9,8.55,0.0
2011,135,14.7,5.1,9.0,23.3,1.9,0.0
2011,136,8.1,4.8,6.1,0.1,6.18,0.0
2011,137,11.4,5.1,7.7,2.5,4.95,0.0
2011,138,19.3,11.5,14.0,11.8,10.91,0.0
2011,139,16.9,11.4,13.7,14.3,18.39,0.0
2011,140,17.7,10.0,13.5,4.9,16.4,0.0
2011,141,22.1,10.6,16.5,2.1,25.2,0.0
2011,142,21.2,12.7,16.7,3.3,12.83,0.0
2011,143,22.7,16.3,18.6,11.2,17.59,0.0
2011,144,19.3,12.5,16.6,2.0,19.88,0.0
2011,145,22.7,9.9,16.0,0.0,22.84,0.0
2011,146,23.8,15.6,19.4,6.4,19.5,0.0
2011,147,20.3,13.5,15.9,18.9,7.86,0.0
2011,148,21.8,13.5,17.6,0.7,18.02,0.0
2011,149,25.9,15.6,20.2,5.0,20.46,0.0
2011,150,27.2,17.8,21.5,21.9,22.95,0.0
2011,151,29.1,16.9,23.1,0.0,26.25,0.0
2011,152,24.0,16.0,21.3,0.1,28.97,0.0
2011,153,15.1,9.1,12.5,0.0,29.97,0.0
2011,154,18.0,6.4,12.5,0.0,31.34,0.0
2011,155,20.8,8.5,14.8,0.0,18.81,0.0
2011,156,22.8,14.4,18.5,0.0,29.43,0.0
2011,157,23.4,11.9,18.5,0.1,25.84,0.0
2011,158,25.9,13.9,19.9,0.0,21.69,0.0
2011,159,29.5,17.7,23.5,0.5,27.72,0.0
2011,160,25.8,18.3,22.2,8.5,22.77,0.0
2011,161,21.2,12.9,16.7,0.3,21.03,0.0
2011,162,22.1,13.7,18.3,8.1,16.02,0.0
2011,163,18.3,12.7,16.0,8.2,15.14,0.0
2011,164,16.5,10.5,13.4,0.1,19.69,0.0
2011,165,14.8,9.8,11.8,2.8,12.24,0.0
2011,166,23.3,8.3,16.2,0.0,29.36,0.0
2011,167,22.6,12.5,16.9,2.2,20.42,0.0
2011,168,20.9,14.8,17.5,4.6,20.64,0.0
2011,169,24.2,14.0,19.1,0.0,26.51,0.0
2011,170,22.1,12.1,16.9,0.0,30.64,0.0
2011,171,24.5,11.5,17.6,0.9,25.44,0.0
2011,172,25.7,14.5,20.1,0.0,24.51,0.0
2011,173,25.0,17.2,20.0,14.1,13.39,0.0
2011,174,24.2,17.1,19.9,5.3,21.28,0.0
2011,175,19.3,15.5,17.2,15.2,14.85,0.0
2011,176,18.7,14.7,16.0,1.0,14.09,0.0
2011,177,18.5,14.0,16.1,1.5,10.17,0.0
2011,178,24.6,12.1,18.5,0.0,25.29,0.0
2011,179,23.7,17.0,19.8,4.9,19.54,0.0
2011,180,17.4,14.5,15.9,0.4,15.21,0.0
2011,181,21.4,12.0,16.5,0.0,30.45,0.0
2011,182,24.1,10.7,17.8,0.0,30.65,0.0
2011,183,27.4,12.9,20.6,0.6,25.65,0.0
2011,184,25.8,18.4,21.3,14.1,25.64,0.0
2011,185,24.0,14.2,19.3,0.0,29.02,0.0
2011,186,25.1,13.2,19.4,0.0,29.78,0.0
2011,187,26.4,16.6,21.3,1.8,24.79,0.0
2011,188,24.6,15.3,19.9,0.0,25.06,0.0
2011,189,26.2,15.3,20.4,0.0,24.97,0.0
2011,190,24.5,14.4,19.6,0.0,28.06,0.0
2011,191,27.4,14.4,21.3,0.3,24.63,0.0
2011,192,29.8,18.1,23.5,1.3,21.93,0.0
2011,193,26.7,20.2,23.1,2.1,24.57,0.0
2011,194,22.1,16.2,19.2,1.1,23.29,0.0
2011,195,24.3,13.2,18.7,0.0,29.75,0.0
2011,196,26.9,11.8,19.9,0.0,29.25,0.0
2011,197,29.1,14.8,22.2,0.0,29.01,0.0
2011,198,29.4,16.3,23.2,0.0,27.42,0.0
2011,199,28.6,20.7,24.1,4.6,19.7,0.0
2011,200,28.0,19.6,23.3,4.2,23.1,0.0
2011,201,30.8,18.8,24.7,0.0,26.85,0.0
2011,202,32.2,22.0,26.8,0.0,25.89,0.0
2011,203,32.4,22.1,26.8,0.0,25.97,0.0
2011,204,30.2,22.1,25.6,0.1,23.55,0.0
2011,205,27.9,19.9,23.3,9.1,23.82,0.0
2011,206,25.6,19.1,21.6,6.9,17.4,0.0
2011,207,23.8,16.3,19.9,2.4,23.32,0.0
2011,208,24.3,14.3,19.5,0.0,23.12,0.0
2011,209,21.1,16.5,18.8,9.2,6.03,0.0
2011,210,25.3,19.8,21.8,15.9,12.94,0.0
2011,211,26.4,16.5,21.3,0.0,25.43,0.0
2011,212,25.9,15.9,20.9,2.6,22.39,0.0
2011,213,26.3,19.3,21.6,5.6,20.48,0.0
2011,214,26.6,15.4,20.8,0.0,25.74,0.0
2011,215,21.8,18.5,19.9,10.7,9.8,0.0
2011,216,24.5,17.3,20.3,0.6,18.38,0.0
2011,217,27.0,15.4,21.3,0.2,21.9,0.0
2011,218,24.0,19.0,20.6,6.5,9.89,0.0
2011,219,24.6,18.9,21.1,6.8,13.35,0.0
2011,220,23.1,18.4,20.2,3.1,16.44,0.0
2011,221,20.3,16.6,18.3,12.1,9.31,0.0
2011,222,21.0,15.5,17.9,1.7,17.77,0.0
2011,223,18.6,12.9,15.9,0.0,19.62,0.0
2011,224,22.6,12.0,17.4,0.1,21.53,0.0
2011,225,25.3,14.2,19.0,0.2,19.66,0.0
2011,226,22.3,16.5,18.3,21.2,10.41,0.0
2011,227,19.6,15.8,17.3,15.2,10.32,0.0
2011,228,23.6,15.7,18.9,2.3,22.1,0.0
2011,229,24.4,14.1,19.2,0.0,22.4,0.0
2011,230,24.3,14.8,19.4,0.0,20.47,0.0
2011,231,23.7,15.9,19.6,1.8,19.72,0.0
2011,232,26.6,14.3,20.1,0.2,23.73,0.0
2011,233,21.1,14.7,18.1,13.5,12.59,0.0
2011,234,18.1,12.0,14.8,0.6,19.76,0.0
2011,235,21.4,10.9,16.0,0.0,19.88,0.0
2011,236,24.9,15.0,19.7,0.6,20.34,0.0
2011,237,23.4,18.1,20.0,13.6,16.24,0.0
2011,238,21.4,16.4,18.6,0.8,11.69,0.0
2011,239,24.7,13.4,18.9,0.0,18.54,0.0
2011,240,18.4,13.8,17.0,0.1,10.02,0.0
2011,241,20.0,10.4,15.3,0.0,20.51,0.0
2011,242,22.0,12.2,17.1,0.0,19.0,0.0
2011,243,24.0,13.1,18.0,0.0,16.03,0.0
2011,244,23.7,15.3,18.7,10.1,12.37,0.0
2011,245,28.1,16.7,21.8,0.0,20.52,0.0
2011,246,29.0,20.1,23.6,2.3,18.65,0.0
2011,247,26.4,18.2,21.8,8.9,16.28,0.0
2011,248,18.1,12.9,15.4,22.3,4.6,0.0
2011,249,15.6,11.9,13.3,1.2,7.96,0.0
2011,250,15.6,12.3,13.7,7.9,3.44,0.0
2011,251,20.7,14.4,16.6,0.2,9.27,0.0
2011,252,22.4,14.9,17.9,0.1,13.35,0.0
2011,253,20.6,13.7,16.8,0.0,14.34,0.0
2011,254,21.9,10.4,15.4,5.8,16.36,0.0
2011,255,22.3,14.2,17.5,0.1,17.02,0.0
2011,256,24.2,15.6,18.9,1.4,19.06,0.0
2011,257,18.7,12.6,15.3,0.8,17.46,0.0
2011,258,13.4,8.1,9.9,11.0,10.38,0.0
2011,259,12.2,5.9,8.8,0.0,14.62,0.0
2011,260,15.4,5.6,9.8,0.1,14.84,0.0
2011,261,16.6,5.4,10.8,0.0,20.06,0.0
2011,262,18.1,7.9,12.3,5.2,12.1,0.0
2011,263,18.6,12.3,14.8,6.3,11.72,0.0
2011,264,22.2,11.1,16.8,0.4,15.54,0.0
2011,265,20.4,14.4,17.3,2.0,12.06,0.0
2011,266,21.3,14.1,16.5,5.3,8.38,0.0
2011,267,19.2,12.8,15.8,0.0,12.08,0.0
2011,268,23.6,14.2,18.2,0.0,15.74,0.0
2011,269,24.5,14.7,19.0,0.0,15.85,0.0
2011,270,20.4,16.9,18.1,6.9,6.35,0.0
2011,271,19.9,13.9,16.7,22.3,6.18,0.0
2011,272,16.2,11.2,13.1,7.3,10.49,0.0
2011,273,14.1,9.9,11.5,4.6,11.08,0.0
2011,274,9.5,4.6,6.8,3.7,1.71,0.0
2011,275,7.3,3.2,5.3,14.9,2.61,0.0
2011,276,13.7,7.5,10.1,8.2,8.64,0.0
2011,277,13.5,9.1,10.9,1.8,6.47,0.0
2011,278,15.9,8.0,10.9,0.0,15.39,0.0
2011,279,16.3,3.2,9.8,0.0,17.58,0.0
2011,280,19.8,4.1,11.6,0.0,16.37,0.0
2011,281,23.1,9.5,15.3,0.0,16.34,0.0
2011,282,23.2,10.6,16.1,0.0,16.2,0.0
2011,283,22.8,10.2,16.0,0.0,14.94,0.0
2011,284,21.9,10.7,15.9,0.0,13.26,0.0
2011,285,16.3,10.2,13.2,12.6,4.08,0.0
2011,286,18.9,10.6,14.3,2.3,8.72,0.0
2011,287,15.7,8.2,12.9,12.2,5.23,0.0
2011,288,7.9,5.5,6.5,13.7,5.0,0.0
2011,289,10.5,7.5,8.6,3.8,5.78,0.0
2011,290,10.4,5.8,7.9,0.3,10.68,0.0
2011,291,13.0,5.3,9.1,1.0,12.9,0.0
2011,292,15.8,7.0,10.7,7.9,6.69,0.0
2011,293,11.3,4.4,8.9,13.5,8.09,0.0
2011,294,7.6,4.0,5.6,4.0,5.54,0.0
2011,295,8.1,4.5,5.9,0.0,6.4,0.0
2011,296,12.8,2.5,7.2,0.0,12.01,0.0
2011,297,12.3,6.4,8.1,1.8,7.78,0.0
2011,298,11.1,4.1,7.1,1.5,11.92,0.0
2011,299,10.0,5.0,7.2,9.8,1.39,0.0
2011,300,4.7,-1.3,1.6,9.0,2.26,0.0
2011,301,5.9,-3.0,0.9,0.0,11.46,0.0
2011,302,1.9,-1.1,0.1,3.0,4.81,0.0
2011,303,6.6,-2.1,1.4,0.0,10.6,0.0
2011,304,7.5,-0.8,2.8,0.0,7.83,0.0
2011,305,10.1,0.2,4.6,0.0,10.22,0.0
2011,306,15.2,2.5,7.6,0.0,11.78,0.0
2011,307,12.7,6.3,8.9,0.0,7.5,0.0
2011,308,5.9,1.2,3.4,0.0,11.41,0.0
2011,309,8.1,-2.2,2.1,0.0,12.06,0.0
2011,310,13.0,0.8,5.5,0.0,11.87,0.0
2011,311,14.9,5.7,9.2,0.0,8.67,0.0
2011,312,18.2,8.4,12.0,0.0,8.91,0.0
2011,313,15.9,6.8,10.9,1.4,8.73,0.0
2011,314,9.8,1.0,5.1,1.1,5.83,0.0
2011,315,3.2,-0.9,0.6,1.3,7.97,0.0
2011,316,10.0,-0.3,4.2,0.0,10.46,0.0
2011,317,13.1,5.7,9.6,0.0,6.03,0.0
2011,318,14.2,11.6,13.0,15.3,4.3,0.0
2011,319,11.5,7.2,9.4,1.5,4.46,0.0
2011,320,10.1,2.9,7.6,0.6,2.3,0.0
2011,321,2.2,-2.3,0.4,1.1,7.19,0.0
2011,322,2.8,-3.1,-0.7,0.0,9.0,0.0
2011,323,9.7,0.8,5.5,0.2,8.61,0.0
2011,324,11.6,4.5,9.3,0.3,3.34,0.0
2011,325,5.2,-1.4,2.1,0.0,8.87,0.0
2011,326,3.2,-3.2,-0.7,11.8,4.77,0.0
2011,327,3.5,-0.2,1.3,19.4,1.78,0.0
2011,328,7.6,-1.0,3.1,0.0,8.01,0.0
2011,329,13.5,4.0,7.6,0.0,8.58,0.0
2011,330,11.2,6.2,8.3,0.0,3.6,0.0
2011,331,13.1,8.3,10.2,6.1,2.58,0.0
2011,332,10.8,5.0,7.3,10.1,1.14,0.0
2011,333,13.0,7.2,10.9,10.0,1.14,0.0
2011,334,5.8,-1.2,1.9,1.9,3.55,0.0
2011,335,5.0,-1.9,0.7,0.0,8.25,0.0
2011,336,1.5,-2.5,-0.3,2.2,3.76,0.0
2011,337,5.6,-2.8,0.3,0.0,6.94,0.0
2011,338,12.0,1.5,6.2,0.0,7.31,0.0
2011,339,8.6,5.1,6.8,16.6,0.76,0.0
2011,340,4.6,1.3,2.3,9.6,1.18,0.0
2011,341,1.4,-1.8,0.3,1.4,1.56,0.0
2011,342,1.1,-2.7,-1.2,0.0,7.78,0.0
2011,343,2.6,-1.4,-0.2,2.7,4.76,0.0
2011,344,-1.8,-5.6,-4.5,0.6,5.52,0.0
2011,345,1.5,-5.2,-2.9,0.0,8.17,0.0
2011,346,4.7,-3.2,-0.9,0.0,8.45,0.0
2011,347,5.0,-3.7,-0.6,0.0,7.65,0.0
2011,348,4.9,-1.5,1.6,3.4,3.36,0.0
2011,349,10.7,4.4,7.9,9.9,1.07,0.0
2011,350,3.2,-2.1,-0.3,2.4,5.73,0.0
2011,351,-1.6,-7.4,-4.6,0.5,4.45,0.0
2011,352,0.1,-10.4,-5.5,0.0,6.86,0.0
2011,353,3.5,-3.2,1.2,0.9,2.58,0.0
2011,354,1.2,-2.9,-0.7,0.3,6.9,0.0
2011,355,9.8,1.2,5.8,10.5,1.71,0.0
2011,356,4.1,1.9,2.9,1.7,1.45,0.0
2011,357,1.3,-5.2,-2.0,5.2,2.95,0.0
2011,358,-2.4,-6.8,-4.9,0.0,6.86,0.0
2011,359,4.7,-3.4,-0.3,1.1,6.96,0.0
2011,360,1.2,-1.7,-0.7,1.0,4.7,0.0
2011,361,2.1,-1.2,0.8,9.2,1.38,0.0
2011,362,-0.1,-8.0,-4.8,3.6,2.91,0.0
2011,363,-1.0,-11.4,-6.0,0.7,6.25,0.0
2011,364,5.3,-1.0,1.7,0.5,5.54,0.0
2011,365,3.7,0.8,1.9,0.7,1.86,0.0
2012,1,7.2,-0.6,2.5,4.4,5.05,0.0
2012,2,-1.4,-7.4,-3.7,2.6,6.45,0.0
2012,3,-8.1,-16.4,-13.1,0.3,7.24,0.0
2012,4,-3.1,-19.2,-9.7,0.0,6.63,0.0
2012,5,-1.5,-4.4,-3.2,0.1,4.53,0.0
2012,6,8.2,-3.2,3.0,0.0,6.87,0.0
2012,7,5.1,-0.8,2.5,0.0,6.67,0.0
2012,8,-1.3,-5.0,-2.8,0.0,4.37,0.0
2012,9,3.5,-4.2,-1.3,0.0,7.97,0.0
2012,10,1.9,-1.2,-0.1,0.0,4.22,0.0
2012,11,7.2,-2.7,1.2,0.7,8.4,0.0
2012,12,4.2,1.2,2.4,11.4,0.87,0.0
2012,13,3.0,-7.5,-3.8,14.9,2.78,0.0
2012,14,-7.4,-17.0,-10.7,2.1,5.78,0.0
2012,15,-10.4,-19.0,-15.7,0.0,8.81,0.0
2012,16,2.8,-18.8,-6.4,2.1,8.0,0.0
2012,17,8.4,-1.0,3.9,8.6,1.07,0.0
2012,18,-2.3,-11.7,-6.7,0.0,8.33,0.0
2012,19,-3.5,-12.6,-7.9,3.5,4.96,0.0
2012,20,-8.3,-14.2,-11.0,0.1,8.01,0.0
2012,21,-3.9,-8.9,-7.2,4.2,6.27,0.0
2012,22,0.0,-13.0,-6.4,0.0,7.88,0.0
2012,23,5.0,-1.7,2.2,3.6,3.07,0.0
2012,24,2.5,-2.4,-1.2,0.4,3.64,0.0
2012,25,-1.3,-4.2,-3.0,0.3,5.2,0.0
2012,26,3.2,-6.1,-1.4,5.3,4.8,0.0
2012,27,7.5,-2.0,2.3,13.5,3.15,0.0
2012,28,2.1,-4.4,-1.7,2.3,5.1,0.0
2012,29,-0.3,-5.0,-3.4,4.0,7.97,0.0
2012,30,-1.9,-8.4,-5.4,2.0,8.22,0.0
2012,31,8.9,-0.7,4.6,0.0,10.13,0.0
2012,32,8.1,-0.6,4.6,4.4,4.94,0.0
2012,33,-0.6,-3.3,-1.6,0.0,3.33,0.0
2012,34,2.0,-4.1,-1.6,0.0,7.88,0.0
2012,35,2.1,-4.0,-1.3,0.0,8.03,0.0
2012,36,1.0,-4.3,-2.0,0.0,6.78,0.0
2012,37,6.0,-2.2,1.0,0.0,12.2,0.0
2012,38,0.1,-3.5,-1.2,0.4,4.55,0.0
2012,39,0.6,-4.7,-2.8,0.0,8.48,0.0
2012,40,2.6,-4.7,-2.2,0.0,13.06,0.0
2012,41,-0.1,-3.9,-2.6,0.0,7.38,0.0
2012,42,-2.6,-13.6,-6.4,3.7,4.36,0.0
2012,43,-7.4,-13.7,-10.1,1.3,9.27,0.0
2012,44,-0.5,-7.7,-4.7,0.0,13.65,0.0
2012,45,1.5,-5.0,-1.8,1.5,5.07,0.0
2012,46,1.7,-5.7,-1.1,0.2,8.8,0.0
2012,47,3.5,-6.6,0.0,2.8,3.23,0.0
2012,48,2.1,-3.0,-0.4,1.9,11.67,0.0
2012,49,2.6,-5.8,-2.0,4.8,9.94,0.0
2012,50,-1.9,-5.0,-3.7,0.0,6.57,0.0
2012,51,0.4,-7.2,-4.0,0.0,14.63,0.0
2012,52,3.0,-9.5,-1.8,2.0,6.97,0.0
2012,53,5.5,-1.1,1.5,4.9,11.41,0.0
2012,54,2.5,-3.4,-0.7,3.2,11.26,0.0
2012,55,4.5,-2.8,0.5,10.1,3.48,0.0
2012,56,-2.3,-7.5,-3.9,3.9,9.02,0.0
2012,57,-0.7,-8.3,-5.8,0.0,14.57,0.0
2012,58,6.4,-6.1,0.4,0.0,11.55,0.0
2012,59,0.9,-4.7,-2.8,0.0,13.25,0.0
2012,60,2.5,-3.5,-0.3,8.5,2.57,0.0
2012,61,3.9,-0.7,1.6,3.4,8.38,0.0
2012,62,8.4,-4.8,2.1,0.9,13.35,0.0
2012,63,6.4,-1.8,2.4,1.0,15.35,0.0
2012,64,-1.9,-8.0,-3.5,1.2,12.04,0.0
2012,65,-4.7,-10.4,-7.9,0.0,17.72,0.0
2012,66,6.2,-9.9,-2.7,0.0,14.84,0.0
2012,67,15.6,2.5,8.8,0.0,16.13,0.0
2012,68,13.1,-1.0,8.6,10.1,6.42,0.0
2012,69,1.0,-6.6,-2.3,1.9,13.04,0.0
2012,70,1.9,-8.1,-4.0,0.0,16.94,0.0
2012,71,13.5,-1.4,5.3,0.0,18.79,0.0
2012,72,15.9,2.1,8.2,0.5,9.28,0.0
2012,73,15.2,6.8,11.3,2.0,16.68,0.0
2012,74,14.8,1.2,7.8,0.0,19.52,0.0
2012,75,22.2,4.9,13.1,3.5,17.06,0.0
2012,76,16.3,9.5,12.4,6.5,8.03,0.0
2012,77,21.7,7.5,13.1,0.0,17.93,0.0
2012,78,21.4,10.2,14.4,4.0,16.16,0.0
2012,79,20.5,9.8,14.1,11.3,14.07,0.0
2012,80,22.0,9.8,15.1,0.0,18.14,0.0
2012,81,23.4,11.1,16.5,0.0,19.68,0.0
2012,82,23.0,10.6,16.3,0.0,19.67,0.0
2012,83,19.5,10.2,13.9,0.1,16.4,0.0
2012,84,14.1,7.6,10.8,12.6,4.08,0.0
2012,85,13.0,7.6,10.0,3.9,8.77,0.0
2012,86,7.0,-3.2,0.3,0.0,22.17,0.0
2012,87,6.8,-4.9,0.4,0.0,22.69,0.0
2012,88,16.2,4.0,9.5,4.6,17.45,0.0
2012,89,4.0,-0.4,1.4,2.6,8.5,0.0
2012,90,8.5,-3.3,1.4,3.0,19.95,0.0
2012,91,5.3,-0.2,1.8,0.8,10.02,0.0
2012,92,5.7,-1.3,1.8,6.4,7.24,0.0
2012,93,7.9,-2.7,2.8,0.0,24.04,0.0
2012,94,12.9,-2.5,5.3,0.0,22.32,0.0
2012,95,9.9,1.1,5.2,0.1,21.11,0.0
2012,96,4.8,-1.7,1.1,0.0,17.33,0.0
2012,97,6.9,-2.7,1.8,0.0,24.59,0.0
2012,98,9.6,-2.1,3.4,0.0,24.86,0.0
2012,99,12.8,-1.0,4.9,0.4,20.58,0.0
2012,100,8.2,1.2,4.4,0.0,19.75,0.0
2012,101,5.7,-0.1,2.8,1.9,18.21,0.0
2012,102,5.9,-1.0,2.0,2.0,16.69,0.0
2012,103,7.6,-1.2,3.2,0.0,17.71,0.0
2012,104,12.4,-1.5,5.1,0.0,25.62,0.0
2012,105,16.0,1.7,8.5,2.2,18.29,0.0
2012,106,19.1,9.3,13.0,6.6,6.99,0.0
2012,107,25.7,11.9,17.3,3.8,19.31,0.0
2012,108,11.0,3.5,7.9,0.0,24.65,0.0
2012,109,13.6,-0.6,5.8,0.0,26.14,0.0
2012,110,18.1,3.2,10.8,0.0,22.49,0.0
2012,111,22.3,9.0,15.6,0.0,25.06,0.0
2012,112,14.9,1.8,5.9,15.1,2.24,0.0
2012,113,3.6,0.8,2.0,1.7,6.44,0.0
2012,114,0.5,-1.1,-0.3,32.6,5.17,0.0
2012,115,3.4,-1.4,0.6,6.7,18.58,0.0
2012,116,7.5,-2.0,2.8,0.0,22.81,0.0
2012,117,12.9,-3.1,4.9,3.1,15.59,0.0
2012,118,3.0,-1.9,0.5,0.3,12.86,0.0
2012,119,8.0,-4.9,1.4,0.0,21.18,0.0
2012,120,9.9,-3.0,3.6,0.0,28.53,0.0
2012,121,14.0,-2.0,6.5,3.6,13.81,0.0
2012,122,15.8,9.2,11.2,6.4,14.27,0.0
2012,123,21.9,7.8,15.0,3.3,18.75,0.0
2012,124,25.5,12.6,19.2,0.0,24.2,0.0
2012,125,21.2,14.8,17.3,3.7,12.15,0.0
2012,126,16.4,7.8,11.8,0.0,27.4,0.0
2012,127,17.7,4.4,10.9,0.0,28.62,0.0
2012,128,15.5,8.4,11.8,18.8,7.48,0.0
2012,129,17.5,12.2,14.0,24.4,7.53,0.0
2012,130,16.7,9.0,12.4,0.4,18.72,0.0
2012,131,11.4,5.1,8.0,0.9,23.86,0.0
2012,132,15.9,4.6,10.1,0.0,29.45,0.0
2012,133,21.0,8.0,14.3,0.0,28.27,0.0
2012,134,20.1,10.3,14.7,0.0,22.87,0.0
2012,135,19.2,10.1,14.6,0.2,17.32,0.0
2012,136,21.3,11.3,15.9,0.1,23.22,0.0
2012,137,18.9,7.6,13.3,4.5,20.2,0.0
2012,138,14.6,3.7,9.2,0.0,30.28,0.0
2012,139,21.2,3.7,12.9,0.0,29.73,0.0
2012,140,25.2,8.9,17.1,0.0,29.44,0.0
2012,141,27.5,10.0,19.4,0.0,29.56,0.0
2012,142,23.9,13.5,18.1,8.6,24.95,0.0
2012,143,22.1,14.7,17.0,5.9,16.49,0.0
2012,144,21.8,13.1,17.2,0.7,19.22,0.0
2012,145,24.6,13.8,19.0,0.1,22.88,0.0
2012,146,27.0,16.8,21.5,0.0,25.88,0.0
2012,147,25.2,15.3,19.7,0.0,26.65,0.0
2012,148,27.2,13.4,20.5,0.0,27.34,0.0
2012,149,29.5,15.6,22.7,0.0,26.51,0.0
2012,150,27.1,18.1,22.1,3.4,18.14,0.0
2012,151,21.1,13.9,17.7,0.0,25.73,0.0
2012,152,16.2,9.6,13.0,0.0,18.78,0.0
2012,153,17.6,9.5,12.5,27.1,5.64,0.0
2012,154,15.6,9.9,12.5,0.6,17.65,0.0
2012,155,14.1,9.7,11.7,19.6,12.73,0.0
2012,156,14.3,8.3,10.6,7.9,15.23,0.0
2012,157,15.9,8.2,11.8,0.1,20.34,0.0
2012,158,19.4,6.4,13.0,5.4,25.36,0.0
2012,159,20.5,8.9,14.7,1.0,26.38,0.0
2012,160,21.3,11.6,16.7,0.0,26.63,0.0
2012,161,21.3,14.8,17.8,1.4,16.17,0.0
2012,162,27.2,15.9,21.6,0.1,28.97,0.0
2012,163,27.5,15.9,21.7,1.0,23.66,0.0
2012,164,23.0,14.4,18.3,18.5,12.95,0.0
2012,165,18.5,9.4,13.9,0.0,26.31,0.0
2012,166,21.9,9.5,15.5,0.0,29.82,0.0
2012,167,24.6,11.3,18.4,0.0,28.77,0.0
2012,168,25.2,13.4,19.6,0.0,27.27,0.0
2012,169,25.4,14.8,20.0,0.0,26.13,0.0
2012,170,22.8,15.3,18.7,5.0,18.21,0.0
2012,171,27.9,17.2,22.5,1.2,24.63,0.0
2012,172,29.7,20.1,24.3,0.0,28.03,0.0
2012,173,29.3,19.3,23.8,0.5,27.34,0.0
2012,174,23.4,16.9,19.7,5.6,20.73,0.0
2012,175,22.6,13.3,18.1,0.0,27.57,0.0
2012,176,22.6,13.1,17.9,7.3,18.82,0.0
2012,177,17.1,12.2,14.8,7.4,22.45,0.0
2012,178,18.9,10.8,14.8,0.1,22.85,0.0
2012,179,22.8,12.5,17.5,0.0,28.16,0.0
2012,180,28.6,14.7,21.2,0.1,27.14,0.0
2012,181,27.9,19.1,23.2,2.3,29.79,0.0
2012,182,26.9,17.2,22.2,0.0,26.33,0.0
2012,183,25.5,17.8,21.3,1.1,28.26,0.0
2012,184,25.6,15.0,20.5,0.0,28.03,0.0
2012,185,28.3,15.1,21.8,0.7,22.55,0.0
2012,186,28.1,19.0,23.4,7.2,24.12,0.0
2012,187,28.3,18.1,23.0,0.0,28.71,0.0
2012,188,30.5,17.4,24.2,0.2,26.26,0.0
2012,189,27.1,18.8,22.9,1.6,19.29,0.0
2012,190,25.3,17.5,21.4,0.0,24.71,0.0
2012,191,23.6,15.3,19.5,0.0,22.51,0.0
2012,192,24.1,14.3,19.5,0.0,27.08,0.0
2012,193,26.9,12.3,20.5,0.0,30.25,0.0
2012,194,28.6,14.9,22.1,0.0,25.71,0.0
2012,195,28.1,17.7,23.1,0.0,20.59,0.0
2012,196,27.9,17.1,22.6,0.0,22.47,0.0
2012,197,25.7,19.9,21.9,7.1,16.31,0.0
2012,198,27.9,18.4,22.6,3.4,24.3,0.0
2012,199,31.2,20.3,25.5,0.0,27.06,0.0
2012,200,25.6,20.4,22.8,0.8,18.39,0.0
2012,201,25.4,16.2,20.1,2.2,15.47,0.0
2012,202,20.9,13.4,17.1,6.2,12.42,0.0
2012,203,25.1,13.9,19.3,0.0,23.79,0.0
2012,204,27.5,16.0,20.9,2.2,20.96,0.0
2012,205,29.3,19.1,23.6,4.0,24.17,0.0
2012,206,23.9,17.1,21.0,2.0,22.97,0.0
2012,207,25.4,14.3,19.9,0.0,27.16,0.0
2012,208,27.4,17.3,21.5,32.2,13.87,0.0
2012,209,23.8,18.1,20.3,2.8,19.27,0.0
2012,210,22.8,16.6,18.9,6.0,14.57,0.0
2012,211,25.1,15.0,20.3,0.0,26.31,0.0
2012,212,25.5,13.9,19.9,0.0,24.22,0.0
2012,213,26.5,17.6,20.7,9.4,21.08,0.0
2012,214,24.1,17.4,20.4,1.9,21.34,0.0
2012,215,26.4,15.9,21.1,0.0,23.74,0.0
2012,216,29.7,17.6,23.1,0.0,23.94,0.0
2012,217,30.0,19.1,24.3,0.5,23.65,0.0
2012,218,23.8,19.1,22.1,16.4,7.11,0.0
2012,219,21.9,14.3,18.0,0.0,22.64,0.0
2012,220,25.5,12.1,18.9,0.0,27.46,0.0
2012,221,26.5,14.8,20.6,0.5,20.88,0.0
2012,222,24.8,17.4,20.4,5.5,15.48,0.0
2012,223,24.1,16.7,19.6,12.9,15.04,0.0
2012,224,20.2,15.7,17.8,0.5,18.23,0.0
2012,225,20.7,15.1,17.5,0.7,16.61,0.0
2012,226,23.2,14.6,18.8,0.1,19.14,0.0
2012,227,24.7,15.4,18.7,3.1,18.54,0.0
2012,228,21.9,14.5,18.1,0.9,19.28,0.0
2012,229,24.9,14.2,19.2,0.0,24.82,0.0
2012,230,21.4,15.4,18.9,1.2,15.91,0.0
2012,231,19.8,11.3,15.4,0.0,22.14,0.0
2012,232,22.5,9.3,15.8,0.0,20.84,0.0
2012,233,21.7,11.1,16.2,0.2,21.49,0.0
2012,234,22.0,10.9,16.8,0.0,22.77,0.0
2012,235,22.4,11.4,17.2,0.1,18.78,0.0
2012,236,25.2,12.2,18.7,0.0,24.34,0.0
2012,237,27.5,13.1,20.4,0.0,23.64,0.0
2012,238,28.1,15.1,21.2,0.0,22.99,0.0
2012,239,25.8,15.8,20.9,0.0,19.25,0.0
2012,240,24.5,18.1,20.3,15.4,8.75,0.0
2012,241,22.5,15.8,18.8,1.1,18.46,0.0
2012,242,20.6,11.8,15.9,0.0,21.33,0.0
2012,243,25.3,11.1,17.8,0.0,23.82,0.0
2012,244,28.1,17.0,21.8,0.0,23.03,0.0
2012,245,26.2,16.3,20.8,0.0,21.34,0.0
2012,246,26.7,14.4,20.2,0.0,22.84,0.0
2012,247,25.2,15.3,20.5,1.3,14.91,0.0
2012,248,24.9,19.1,21.0,12.1,9.79,0.0
2012,249,25.1,16.1,20.2,0.0,18.62,0.0
2012,250,25.2,17.8,20.2,4.4,15.9,0.0
2012,251,26.0,14.9,20.1,1.0,16.2,0.0
2012,252,19.8,13.7,17.4,13.1,7.33,0.0
2012,253,17.0,11.7,13.7,0.8,15.32,0.0
2012,254,16.0,9.3,12.7,0.0,18.68,0.0
2012,255,20.7,7.1,14.0,0.0,19.64,0.0
2012,256,25.0,11.0,17.3,0.0,21.53,0.0
2012,257,25.3,13.1,19.0,0.0,19.03,0.0
2012,258,23.7,11.5,17.0,3.6,14.41,0.0
2012,259,16.7,9.7,12.8,0.6,14.2,0.0
2012,260,19.1,9.0,13.6,0.0,15.63,0.0
2012,261,21.4,10.2,15.8,0.0,19.35,0.0
2012,262,17.3,10.3,14.9,13.1,4.41,0.0
2012,263,13.3,7.3,9.9,0.0,14.99,0.0
2012,264,18.8,6.2,12.2,0.0,19.84,0.0
2012,265,19.3,12.2,14.9,2.4,9.16,0.0
2012,266,14.4,7.5,12.2,15.0,8.99,0.0
2012,267,11.6,5.9,8.2,0.3,16.48,0.0
2012,268,12.1,4.1,8.1,0.0,14.39,0.0
2012,269,19.4,8.3,13.2,0.3,18.32,0.0
2012,270,16.5,12.6,14.4,2.4,4.43,0.0
2012,271,15.4,8.6,11.8,0.0,16.03,0.0
2012,272,13.8,7.6,10.3,0.0,7.4,0.0
2012,273,14.0,7.9,10.7,0.1,10.93,0.0
2012,274,12.8,7.4,9.3,3.3,11.89,0.0
2012,275,14.5,8.0,11.0,0.0,8.89,0.0
2012,276,16.4,8.2,12.4,5.1,3.53,0.0
2012,277,22.0,14.1,17.2,0.5,8.43,0.0
2012,278,20.3,13.8,16.2,0.0,12.53,0.0
2012,279,17.5,10.2,14.0,3.3,8.23,0.0
2012,280,10.5,5.3,8.2,12.5,11.0,0.0
2012,281,7.5,2.9,4.9,4.6,6.97,0.0
2012,282,9.4,1.3,5.1,0.1,10.12,0.0
2012,283,13.7,1.4,7.1,0.0,15.99,0.0
2012,284,9.8,3.2,6.9,2.9,6.77,0.0
2012,285,9.9,2.0,5.5,0.0,15.13,0.0
2012,286,7.1,0.4,4.1,3.8,13.36,0.0
2012,287,8.8,-3.2,2.8,1.4,12.23,0.0
2012,288,21.0,6.6,14.6,9.4,8.59,0.0
2012,289,15.9,5.2,10.9,1.9,5.68,0.0
2012,290,8.0,2.9,5.3,0.1,9.4,0.0
2012,291,17.4,2.6,9.2,0.4,11.46,0.0
2012,292,16.5,9.4,12.3,9.6,10.65,0.0
2012,293,16.4,5.2,10.1,7.2,13.8,0.0
2012,294,10.2,5.5,7.3,3.9,9.95,0.0
2012,295,11.4,6.0,7.8,0.4,11.16,0.0
2012,296,15.6,4.9,9.2,0.0,13.37,0.0
2012,297,13.7,6.7,10.2,10.8,2.93,0.0
2012,298,16.3,9.6,12.3,0.4,4.3,0.0
2012,299,23.1,12.3,16.5,0.0,12.62,0.0
2012,300,20.3,8.3,14.6,2.9,10.65,0.0
2012,301,10.0,5.3,7.7,13.1,1.54,0.0
2012,302,5.3,4.0,4.5,9.3,1.03,0.0
2012,303,6.5,4.6,5.7,30.5,0.79,0.0
2012,304,9.8,3.2,7.1,16.7,3.55,0.0
2012,305,6.1,2.0,3.7,2.8,5.18,0.0
2012,306,5.0,2.5,3.8,8.1,2.97,0.0
2012,307,2.3,0.0,1.1,4.0,4.2,0.0
2012,308,1.9,-0.6,0.4,1.2,4.9,0.0
2012,309,0.8,-1.2,-0.5,0.0,4.49,0.0
2012,310,0.1,-2.1,-1.1,0.0,4.0,0.0
2012,311,2.9,-3.8,-1.1,0.0,11.34,0.0
2012,312,3.1,-4.1,-1.1,0.0,9.6,0.0
2012,313,3.4,-3.3,-0.8,0.0,11.16,0.0
2012,314,6.9,-1.6,2.0,0.0,9.0,0.0
2012,315,10.3,2.1,5.4,0.0,3.93,0.0
2012,316,18.4,6.6,12.0,0.0,9.44,0.0
2012,317,15.7,3.5,11.9,7.6,6.12,0.0
2012,318,2.7,-0.9,0.7,2.0,4.49,0.0
2012,319,2.5,-2.6,-0.4,0.0,7.49,0.0
2012,320,5.9,-2.8,0.5,0.0,10.35,0.0
2012,321,5.5,-2.0,0.9,0.0,9.9,0.0
2012,322,7.3,-2.3,1.4,0.0,9.6,0.0
2012,323,8.3,-2.4,1.7,0.0,9.77,0.0
2012,324,8.6,-1.2,2.5,0.0,9.23,0.0
2012,325,8.2,-0.6,2.9,0.0,6.88,0.0
2012,326,9.9,-1.8,3.1,0.0,9.64,0.0
2012,327,12.3,0.1,4.8,0.0,9.3,0.0
2012,328,8.2,-0.9,5.2,0.8,3.05,0.0
2012,329,-0.8,-3.4,-2.0,1.2,6.96,0.0
2012,330,-0.8,-3.7,-2.4,2.3,4.17,0.0
2012,331,0.3,-2.8,-1.6,0.0,5.97,0.0
2012,332,-0.1,-3.6,-2.0,0.0,5.24,0.0
2012,333,0.2,-4.1,-2.3,0.3,5.16,0.0
2012,334,4.1,-3.4,-0.5,0.0,8.46,0.0
2012,335,-0.6,-2.8,-1.9,1.4,2.11,0.0
2012,336,7.1,-2.8,1.4,0.0,5.86,0.0
2012,337,8.3,2.9,6.2,5.8,1.74,0.0
2012,338,12.6,4.1,7.6,0.0,6.25,0.0
2012,339,16.2,5.6,12.0,9.3,5.94,0.0
2012,340,4.8,-3.8,0.5,0.4,3.56,0.0
2012,341,4.2,-5.0,-1.5,0.0,7.88,0.0
2012,342,3.5,-0.3,1.8,2.0,2.26,0.0
2012,343,8.0,0.9,4.1,3.5,1.37,0.0
2012,344,3.2,-1.8,0.5,2.6,4.7,0.0
2012,345,9.6,-0.2,4.8,11.4,0.92,0.0
2012,346,-0.4,-3.6,-2.0,0.8,4.02,0.0
2012,347,1.8,-3.8,-1.9,0.0,6.85,0.0
2012,348,4.2,-3.9,-1.0,0.0,8.13,0.0
2012,349,4.6,-1.1,0.7,0.0,7.83,0.0
2012,350,5.2,-2.7,0.3,1.2,6.16,0.0
2012,351,7.0,0.4,4.2,0.4,3.86,0.0
2012,352,7.4,4.9,5.8,6.0,1.91,0.0
2012,353,4.9,0.1,2.9,11.8,1.35,0.0
2012,354,2.5,-1.7,0.0,0.0,4.38,0.0
2012,355,3.1,-2.0,0.2,8.0,3.66,0.0
2012,356,1.6,-1.7,0.0,12.0,3.0,0.0
2012,357,-2.5,-5.5,-4.2,4.8,2.86,0.0
2012,358,-1.4,-4.0,-3.1,0.0,6.17,0.0
2012,359,-1.0,-8.5,-4.1,1.2,6.32,0.0
2012,360,-2.6,-4.7,-3.4,1.4,3.61,0.0
2012,361,-4.5,-5.9,-5.2,13.9,2.92,0.0
2012,362,-4.6,-6.5,-5.5,12.9,3.02,0.0
2012,363,-3.7,-9.3,-6.1,0.6,2.94,0.0
2012,364,-3.8,-10.4,-6.4,9.1,2.01,0.0
2012,365,-5.3,-8.1,-6.8,0.5,4.98,0.0
2012,366,-1.1,-6.3,-3.8,1.0,5.49,0.0
2013,1,-1.9,-11.6,-6.6,1.0,4.59,0.0
2013,2,-6.2,-12.0,-9.1,0.0,5.53,0.0
2013,3,-4.3,-10.1,-7.2,1.6,5.12,0.0
2013,4,-2.3,-5.0,-3.9,0.0,5.85,0.0
2013,5,-0.8,-5.8,-3.4,0.0,5.02,0.0
2013,6,0.0,-4.6,-1.9,0.6,4.51,0.0
2013,7,-1.7,-5.7,-3.6,0.3,5.57,0.0
2013,8,2.0,-4.7,-2.1,0.0,7.69,0.0
2013,9,5.3,-3.1,0.5,0.3,5.69,0.0
2013,10,2.0,-3.4,-1.1,0.0,8.67,0.0
2013,11,5.2,-2.3,2.7,5.5,2.01,0.0
2013,12,10.4,4.3,7.0,0.0,4.69,0.0
2013,13,15.6,6.9,10.6,5.0,4.13,0.0
2013,14,11.1,-3.8,0.7,4.2,5.25,0.0
2013,15,-0.6,-4.2,-3.2,0.0,8.6,0.0
2013,16,1.8,-3.3,-1.6,0.2,4.55,0.0
2013,17,-1.7,-7.2,-3.8,0.0,4.82,0.0
2013,18,-3.2,-10.5,-7.4,0.4,9.31,0.0
2013,19,5.5,-2.4,1.9,0.0,7.01,0.0
2013,20,4.8,-8.0,-2.8,1.9,4.48,0.0
2013,21,-7.6,-11.8,-8.8,1.8,4.99,0.0
2013,22,-12.6,-16.5,-15.1,0.0,7.92,0.0
2013,23,-12.5,-17.1,-15.1,0.0,6.96,0.0
2013,24,-11.9,-18.8,-15.6,0.0,8.87,0.0
2013,25,-9.9,-19.7,-14.6,1.1,4.59,0.0
2013,26,-6.9,-20.2,-13.1,0.0,8.41,0.0
2013,27,-3.7,-12.3,-8.6,0.0,8.65,0.0
2013,28,4.7,-7.7,0.0,5.2,1.13,0.0
2013,29,8.7,-0.2,4.2,1.6,1.93,0.0
2013,30,15.4,8.1,11.3,16.1,2.68,0.0
2013,31,8.0,-7.9,-2.5,13.9,8.38,0.0
2013,32,-8.3,-12.4,-9.9,0.9,8.88,0.0
2013,33,-7.7,-14.0,-11.3,0.7,8.41,0.0
2013,34,-5.6,-13.1,-10.2,0.5,7.31,0.0
2013,35,-8.7,-13.7,-11.5,0.0,8.96,0.0
2013,36,-3.9,-18.3,-10.0,0.0,9.42,0.0
2013,37,-6.4,-13.3,-8.6,0.0,10.1,0.0
2013,38,0.9,-16.5,-8.2,0.0,9.2,0.0
2013,39,1.8,-9.2,-2.2,14.3,2.25,0.0
2013,40,-7.0,-14.6,-10.1,1.5,7.87,0.0
2013,41,5.0,-18.1,-7.3,0.0,13.26,0.0
2013,42,7.0,-1.7,1.5,3.0,7.36,0.0
2013,43,-1.9,-4.5,-3.1,0.2,5.84,0.0
2013,44,1.2,-5.8,-3.4,0.0,11.26,0.0
2013,45,3.5,-10.7,-3.3,2.0,10.11,0.0
2013,46,0.2,-8.1,-2.6,0.2,10.3,0.0
2013,47,-4.0,-12.4,-8.0,0.0,10.5,0.0
2013,48,-8.3,-14.6,-11.6,2.0,12.34,0.0
2013,49,-0.5,-17.5,-9.3,0.0,14.9,0.0
2013,50,4.3,-7.8,-0.9,5.8,6.11,0.0
2013,51,-8.1,-13.1,-10.3,2.0,12.54,0.0
2013,52,-7.9,-14.9,-11.8,0.0,13.08,0.0
2013,53,0.9,-16.7,-6.9,0.9,7.7,0.0
2013,54,2.3,-3.9,-1.1,0.8,4.49,0.0
2013,55,-2.8,-5.7,-4.4,0.9,8.31,0.0
2013,56,0.4,-9.2,-4.8,0.0,11.41,0.0
2013,57,4.4,-10.5,-3.2,7.1,12.38,0.0
2013,58,2.0,-0.8,0.1,16.0,3.58,0.0
2013,59,0.9,-2.4,-0.8,2.9,8.6,0.0
2013,60,-2.4,-6.3,-4.0,2.4,7.09,0.0
2013,61,-5.1,-9.2,-7.3,0.1,9.21,0.0
2013,62,-6.2,-10.3,-8.3,0.9,10.52,0.0
2013,63,-5.0,-10.6,-7.9,0.0,11.49,0.0
2013,64,1.2,-10.8,-5.6,0.0,17.13,0.0
2013,65,2.3,-8.0,-3.2,0.0,13.65,0.0
2013,66,1.3,-7.8,-3.3,0.6,13.51,0.0
2013,67,1.1,-6.4,-2.9,0.0,17.8,0.0
2013,68,7.0,-10.9,-1.9,0.0,18.4,0.0
2013,69,12.8,-0.6,6.2,0.4,15.36,0.0
2013,70,11.3,5.1,7.2,0.8,6.2,0.0
2013,71,7.3,-2.0,1.9,7.0,8.1,0.0
2013,72,0.9,-6.8,-2.6,1.3,14.81,0.0
2013,73,-4.3,-8.9,-7.0,0.2,16.51,0.0
2013,74,-0.3,-8.7,-3.7,1.8,6.54,0.0
2013,75,-1.9,-7.5,-4.7,0.8,8.51,0.0
2013,76,-2.6,-11.2,-7.1,0.0,18.58,0.0
2013,77,-0.1,-13.7,-6.0,8.2,8.7,0.0
2013,78,0.7,-6.5,-2.0,1.3,11.3,0.0
2013,79,-3.2,-8.0,-5.8,1.1,15.31,0.0
2013,80,-4.3,-12.2,-7.7,1.4,15.38,0.0
2013,81,-2.5,-6.9,-5.3,2.4,13.35,0.0
2013,82,-0.7,-6.8,-4.0,0.0,13.32,0.0
2013,83,1.5,-8.6,-3.4,0.0,19.19,0.0
2013,84,2.9,-3.9,-1.1,0.1,13.44,0.0
2013,85,4.2,-7.9,-1.5,1.3,20.26,0.0
2013,86,2.7,-4.5,-1.2,3.6,17.61,0.0
2013,87,3.5,-3.0,-0.5,0.6,15.16,0.0
2013,88,5.0,-5.2,-0.0,0.0,20.01,0.0
2013,89,6.6,-5.1,0.2,0.0,22.47,0.0
2013,90,10.1,-2.7,3.4,2.5,9.98,0.0
2013,91,2.6,-5.1,-1.0,1.8,19.16,0.0
2013,92,-2.6,-6.7,-4.9,0.0,17.93,0.0
2013,93,-1.7,-6.4,-4.2,0.0,21.69,0.0
2013,94,10.1,-9.2,-0.2,0.0,24.12,0.0
2013,95,3.9,-3.6,0.3,0.0,21.81,0.0
2013,96,7.6,-5.5,0.5,0.0,23.46,0.0
2013,97,15.5,3.5,8.0,0.0,15.43,0.0
2013,98,18.4,-0.8,7.6,4.7,19.09,0.0
2013,99,17.4,4.8,10.0,6.3,19.59,0.0
2013,100,8.0,1.9,5.3,10.6,3.84,0.0
2013,101,2.0,-1.5,-0.2,10.5,2.88,0.0
2013,102,8.8,-0.5,4.0,15.7,4.69,0.0
2013,103,4.8,0.5,2.3,0.3,9.8,0.0
2013,104,5.9,-1.7,1.9,0.0,20.38,0.0
2013,105,19.6,0.0,10.4,0.0,21.77,0.0
2013,106,16.4,5.5,11.4,6.5,8.7,0.0
2013,107,12.6,0.1,6.4,0.0,25.85,0.0
2013,108,22.5,4.8,14.4,0.7,21.36,0.0
2013,109,16.8,3.0,12.1,10.9,6.47,0.0
2013,110,2.9,-2.8,0.9,0.7,23.28,0.0
2013,111,5.5,-4.1,-0.2,0.0,24.98,0.0
2013,112,12.0,-1.6,4.7,0.0,24.62,0.0
2013,113,15.9,0.4,7.7,0.0,27.28,0.0
2013,114,17.1,0.8,8.7,11.6,10.68,0.0
2013,115,11.2,-0.1,4.4,0.8,24.93,0.0
2013,116,10.0,-1.7,4.4,0.0,27.13,0.0
2013,117,17.2,0.6,8.8,0.0,27.56,0.0
2013,118,18.4,6.1,11.1,3.9,20.84,0.0
2013,119,13.4,7.7,10.4,5.8,10.77,0.0
2013,120,18.0,9.8,13.1,0.5,17.1,0.0
2013,121,21.9,9.7,15.0,0.0,26.6,0.0
2013,122,21.4,8.6,14.6,0.0,28.08,0.0
2013,123,21.6,9.0,14.9,0.0,25.98,0.0
2013,124,20.0,8.0,13.8,0.0,28.63,0.0
2013,125,20.9,7.0,14.1,0.0,28.44,0.0
2013,126,21.1,7.0,13.9,0.0,29.28,0.0
2013,127,21.9,9.3,15.4,0.0,24.36,0.0
2013,128,19.1,11.1,13.9,6.5,15.97,0.0
2013,129,17.3,10.5,13.4,13.2,14.64,0.0
2013,130,20.6,9.5,13.9,15.8,12.03,0.0
2013,131,14.3,7.8,10.6,4.3,10.38,0.0
2013,132,7.9,0.5,4.6,4.7,23.85,0.0
2013,133,5.8,-0.6,2.5,1.0,24.21,0.0
2013,134,11.6,-1.3,5.3,0.0,23.05,0.0
2013,135,22.0,6.5,13.5,1.4,23.67,0.0
2013,136,20.1,9.4,14.4,0.0,29.23,0.0
2013,137,16.3,4.9,10.3,0.0,25.41,0.0
2013,138,20.7,6.6,13.2,0.0,22.13,0.0
2013,139,23.3,11.0,16.8,0.0,23.68,0.0
2013,140,26.0,13.7,19.7,0.1,23.78,0.0
2013,141,28.1,16.7,21.4,2.2,23.52,0.0
2013,142,27.2,16.5,21.3,0.8,24.13,0.0
2013,143,20.5,9.2,16.5,9.8,16.27,0.0
2013,144,7.1,1.0,4.0,6.1,12.79,0.0
2013,145,10.4,2.1,6.1,0.0,27.12,0.0
2013,146,12.5,2.9,7.8,0.0,31.15,0.0
2013,147,18.1,3.2,10.9,0.0,30.88,0.0
2013,148,17.4,8.1,12.2,17.5,7.99,0.0
2013,149,24.6,15.9,19.1,2.6,17.87,0.0
2013,150,27.0,16.1,21.3,0.0,27.4,0.0
2013,151,27.4,17.1,22.3,0.5,25.97,0.0
2013,152,27.9,17.9,21.4,3.9,22.93,0.0
2013,153,22.1,15.4,19.0,5.9,22.73,0.0
2013,154,15.3,8.8,12.1,0.0,29.12,0.0
2013,155,16.5,6.5,11.3,0.0,31.19,0.0
2013,156,19.4,8.1,13.3,0.0,24.96,0.0
2013,157,12.2,10.5,11.5,36.1,3.2,0.0
2013,158,17.0,12.3,14.1,0.9,7.11,0.0
2013,159,16.6,11.6,13.7,0.4,11.74,0.0
2013,160,21.9,10.5,16.3,0.0,28.68,0.0
2013,161,18.0,14.7,16.4,11.7,7.53,0.0
2013,162,18.2,14.4,16.1,4.3,11.33,0.0
2013,163,22.3,11.1,16.6,0.0,29.33,0.0
2013,164,15.8,11.4,14.2,56.7,3.84,0.0
2013,165,19.1,10.5,14.4,0.3,22.64,0.0
2013,166,20.2,9.7,15.2,0.0,27.76,0.0
2013,167,20.0,13.7,16.3,6.7,12.56,0.0
2013,168,22.3,14.6,17.6,6.9,26.42,0.0
2013,169,17.6,11.3,14.3,9.3,19.76,0.0
2013,170,17.5,8.5,13.0,0.0,30.17,0.0
2013,171,22.0,7.0,14.8,0.0,31.2,0.0
2013,172,24.5,9.5,17.6,0.0,30.41,0.0
2013,173,27.3,14.3,20.7,0.0,27.85,0.0
2013,174,27.3,18.6,22.4,4.7,24.86,0.0
2013,175,27.3,18.9,22.6,0.7,26.16,0.0
2013,176,25.6,18.6,20.7,8.5,16.15,0.0
2013,177,24.3,18.3,20.6,2.1,18.66,0.0
2013,178,23.6,16.1,19.1,5.0,11.84,0.0
2013,179,19.7,15.5,17.0,14.5,9.08,0.0
2013,180,20.4,14.3,17.2,6.6,15.03,0.0
2013,181,22.1,13.6,17.5,2.5,19.05,0.0
2013,182,18.0,15.3,16.4,4.2,7.94,0.0
2013,183,24.9,14.3,18.4,5.3,14.74,0.0
2013,184,26.5,17.8,21.5,8.9,21.31,0.0
2013,185,26.2,18.9,21.5,3.6,18.46,0.0
2013,186,27.0,18.3,21.4,2.9,20.25,0.0
2013,187,26.2,18.5,22.0,0.6,21.03,0.0
2013,188,25.4,19.3,21.9,3.1,22.27,0.0
2013,189,25.0,18.2,21.0,1.5,18.3,0.0
2013,190,24.2,18.2,21.3,1.6,16.3,0.0
2013,191,26.5,19.8,21.7,8.3,13.41,0.0
2013,192,21.1,14.2,18.1,0.0,22.11,0.0
2013,193,22.9,13.9,17.8,0.0,23.07,0.0
2013,194,24.0,14.8,19.5,0.1,17.38,0.0
2013,195,27.8,16.9,22.7,0.0,22.97,0.0
2013,196,27.7,19.3,23.5,1.4,24.15,0.0
2013,197,28.7,19.5,24.0,0.0,25.71,0.0
2013,198,29.1,20.6,24.7,0.4,23.49,0.0
2013,199,29.6,21.9,25.1,1.6,24.99,0.0
2013,200,29.4,21.7,25.5,0.0,26.77,0.0
2013,201,24.4,19.2,21.3,12.0,13.34,0.0
2013,202,23.1,16.5,19.7,0.1,23.83,0.0
2013,203,24.8,14.5,19.4,4.4,19.28,0.0
2013,204,25.6,16.9,20.2,17.4,23.0,0.0
2013,205,16.8,12.1,14.3,0.0,15.86,0.0
2013,206,19.8,9.3,14.6,0.0,28.74,0.0
2013,207,22.5,9.4,16.4,0.0,28.59,0.0
2013,208,22.8,12.7,17.4,16.2,14.91,0.0
2013,209,20.2,14.0,17.1,2.9,18.41,0.0
2013,210,17.2,11.7,14.5,0.5,14.19,0.0
2013,211,19.8,11.8,16.0,0.2,18.1,0.0
2013,212,22.2,11.4,17.3,0.0,20.08,0.0
2013,213,21.6,15.3,17.8,3.9,19.82,0.0
2013,214,20.9,13.0,16.9,2.3,21.52,0.0
2013,215,20.8,14.7,17.1,0.6,23.13,0.0
2013,216,18.1,12.3,15.2,0.4,21.19,0.0
2013,217,19.8,9.5,15.0,0.0,22.1,0.0
2013,218,22.8,9.9,16.4,0.0,21.87,0.0
2013,219,24.2,15.4,19.0,21.9,18.94,0.0
2013,220,25.6,17.8,20.4,10.4,12.44,0.0
2013,221,22.1,16.9,19.1,12.6,13.95,0.0
2013,222,20.4,14.1,17.2,0.0,24.0,0.0
2013,223,21.0,10.4,15.8,0.0,24.15,0.0
2013,224,21.5,12.9,17.0,0.4,16.06,0.0
2013,225,19.7,13.1,16.5,19.0,14.38,0.0
2013,226,16.5,10.4,13.0,0.6,17.87,0.0
2013,227,18.2,9.0,13.9,0.0,18.86,0.0
2013,228,20.2,9.5,15.2,0.0,21.36,0.0
2013,229,22.7,9.6,16.7,0.0,24.83,0.0
2013,230,22.6,11.5,17.1,0.0,17.7,0.0
2013,231,22.1,14.5,18.2,0.7,19.08,0.0
2013,232,24.2,13.7,18.8,0.0,21.5,0.0
2013,233,25.2,14.5,19.9,0.0,21.51,0.0
2013,234,25.1,15.9,19.6,3.0,18.5,0.0
2013,235,21.1,13.5,17.3,0.0,23.22,0.0
2013,236,21.7,10.5,16.2,0.0,24.99,0.0
2013,237,24.0,10.5,17.4,0.0,21.47,0.0
2013,238,24.4,17.9,20.3,2.1,12.92,0.0
2013,239,26.5,17.7,21.3,2.5,15.18,0.0
2013,240,25.1,18.6,20.9,8.3,15.76,0.0
2013,241,26.0,16.8,21.1,0.0,22.47,0.0
2013,242,26.0,15.4,20.7,0.0,18.75,0.0
2013,243,24.1,19.0,20.9,5.8,11.14,0.0
2013,244,25.6,17.1,20.6,0.6,13.29,0.0
2013,245,23.1,16.0,19.1,8.1,12.22,0.0
2013,246,16.6,13.3,15.2,0.6,9.46,0.0
2013,247,21.1,12.4,16.6,0.2,21.53,0.0
2013,248,16.3,9.7,13.4,1.3,18.0,0.0
2013,249,18.3,5.9,12.3,0.0,22.45,0.0
2013,250,19.2,11.1,14.0,7.4,7.5,0.0
2013,251,16.4,10.5,14.2,1.6,16.01,0.0
2013,252,22.8,7.7,14.7,0.0,15.69,0.0
2013,253,29.1,17.5,23.2,0.0,19.35,0.0
2013,254,28.6,20.9,24.1,0.6,18.33,0.0
2013,255,21.9,14.9,18.8,7.8,6.47,0.0
2013,256,14.4,8.9,10.9,6.5,6.51,0.0
2013,257,13.5,7.4,9.7,0.6,16.26,0.0
2013,258,16.5,7.1,11.7,1.5,11.83,0.0
2013,259,11.2,7.4,9.6,4.5,5.35,0.0
2013,260,15.8,4.2,9.7,0.0,21.02,0.0
2013,261,19.9,6.4,12.6,0.0,20.78,0.0
2013,262,21.7,8.9,14.9,0.0,19.48,0.0
2013,263,24.8,11.8,17.8,0.0,18.75,0.0
2013,264,18.6,12.2,15.6,37.8,2.46,0.0
2013,265,11.4,7.6,9.2,0.0,6.83,0.0
2013,266,11.8,6.8,8.6,0.0,14.57,0.0
2013,267,16.2,4.7,9.9,0.0,18.98,0.0
2013,268,18.6,4.3,11.4,0.0,18.25,0.0
2013,269,18.1,6.7,12.0,0.0,15.03,0.0
2013,270,18.8,7.1,12.3,0.0,16.52,0.0
2013,271,20.3,7.6,13.6,0.0,17.81,0.0
2013,272,20.4,10.0,14.4,0.0,14.19,0.0
2013,273,20.5,12.3,15.6,0.3,11.04,0.0
2013,274,20.1,12.2,15.7,0.1,13.69,0.0
2013,275,21.3,13.8,17.1,0.0,12.79,0.0
2013,276,20.4,8.7,14.7,0.8,11.75,0.0
2013,277,19.9,15.2,17.0,9.0,6.07,0.0
2013,278,19.9,15.1,16.5,1.8,6.17,0.0
2013,279,25.6,15.2,19.3,12.5,9.26,0.0
2013,280,20.7,9.4,14.0,24.2,5.61,0.0
2013,281,13.8,7.1,10.0,0.0,12.92,0.0
2013,282,17.5,5.4,11.0,0.0,16.61,0.0
2013,283,17.6,5.6,11.2,0.0,15.4,0.0
2013,284,17.9,8.4,12.0,0.0,11.94,0.0
2013,285,20.7,7.0,13.1,0.0,15.45,0.0
2013,286,18.8,11.3,14.2,3.7,8.75,0.0
2013,287,14.2,9.9,12.5,2.2,6.92,0.0
2013,288,18.4,8.3,13.0,0.0,7.69,0.0
2013,289,16.8,10.5,13.2,13.6,5.77,0.0
2013,290,14.5,8.9,10.9,6.2,6.83,0.0
2013,291,11.2,7.2,8.8,0.7,9.85,0.0
2013,292,12.5,4.8,8.7,5.3,7.11,0.0
2013,293,9.6,4.0,6.2,0.7,9.98,0.0
2013,294,15.2,4.9,9.8,0.0,11.11,0.0
2013,295,10.0,3.4,5.8,6.5,11.72,0.0
2013,296,5.5,-0.4,2.6,2.9,8.0,0.0
2013,297,4.6,-1.1,1.4,2.3,10.86,0.0
2013,298,5.4,0.4,2.1,2.9,8.8,0.0
2013,299,5.8,0.9,2.7,2.1,6.21,0.0
2013,300,5.6,1.3,2.8,0.7,8.52,0.0
2013,301,6.6,0.6,3.4,0.0,7.22,0.0
2013,302,6.5,-0.8,2.3,0.1,10.7,0.0
2013,303,12.7,1.6,6.3,0.8,12.16,0.0
2013,304,17.5,5.3,11.7,14.1,4.04,0.0
2013,305,13.8,7.5,10.7,8.6,8.2,0.0
2013,306,7.6,0.6,5.3,4.9,4.21,0.0
2013,307,0.8,-2.6,-0.8,0.0,7.56,0.0
2013,308,3.2,-4.2,-1.1,0.0,10.55,0.0
2013,309,11.6,-0.7,4.3,0.0,11.14,0.0
2013,310,15.3,5.3,9.9,5.0,8.25,0.0
2013,311,11.3,0.0,4.9,12.1,4.61,0.0
2013,312,3.0,-0.7,0.6,0.4,9.44,0.0
2013,313,7.4,-1.6,2.5,1.1,6.4,0.0
2013,314,5.3,1.2,3.4,3.6,7.11,0.0
2013,315,5.4,-2.0,1.3,8.5,4.41,0.0
2013,316,-1.8,-5.7,-3.8,1.0,7.89,0.0
2013,317,-0.3,-7.2,-3.7,0.0,7.81,0.0
2013,318,6.8,-1.8,2.1,0.0,9.78,0.0
2013,319,9.5,2.0,4.8,0.0,7.56,0.0
2013,320,12.0,2.1,6.7,0.0,9.44,0.0
2013,321,12.8,8.0,10.2,6.5,4.36,0.0
2013,322,11.1,0.1,5.2,5.3,6.44,0.0
2013,323,0.8,-3.4,-0.9,0.1,5.34,0.0
2013,324,3.8,-4.7,-1.7,0.0,9.75,0.0
2013,325,5.2,-1.3,1.0,0.5,4.56,0.0
2013,326,6.8,-0.8,3.8,7.1,1.66,0.0
2013,327,-0.3,-8.4,-3.1,1.3,7.1,0.0
2013,328,-6.3,-11.1,-8.8,0.1,7.76,0.0
2013,329,0.4,-8.3,-4.3,0.0,8.22,0.0
2013,330,0.1,-2.4,-1.5,8.3,2.71,0.0
2013,331,-0.8,-8.4,-3.1,11.8,4.18,0.0
2013,332,-5.7,-9.9,-8.2,0.0,6.21,0.0
2013,333,-5.3,-15.1,-8.6,0.4,5.61,0.0
2013,334,-0.8,-17.1,-8.2,0.0,5.53,0.0
2013,335,1.7,-3.7,-1.2,1.2,3.32,0.0
2013,336,2.1,-2.7,-0.0,0.2,4.55,0.0
2013,337,2.2,-6.6,-2.1,0.0,7.17,0.0
2013,338,6.0,-1.9,2.2,1.0,5.79,0.0
2013,339,13.5,3.0,7.9,1.0,2.02,0.0
2013,340,2.2,-3.0,-0.6,4.1,4.42,0.0
2013,341,-3.0,-6.2,-4.6,0.4,4.31,0.0
2013,342,-3.5,-8.2,-5.8,0.4,4.13,0.0
2013,343,2.8,-4.3,-1.3,2.1,2.87,0.0
2013,344,-3.4,-7.9,-5.5,0.3,5.12,0.0
2013,345,-6.1,-11.7,-7.9,2.7,4.07,0.0
2013,346,-9.2,-15.9,-12.2,1.5,6.07,0.0
2013,347,-5.6,-12.1,-8.5,1.8,3.41,0.0
2013,348,-2.5,-12.8,-9.5,9.7,2.68,0.0
2013,349,-2.0,-8.7,-4.5,7.0,3.4,0.0
2013,350,-8.9,-14.8,-10.9,0.0,4.43,0.0
2013,351,-3.0,-18.1,-9.5,2.2,3.87,0.0
2013,352,-3.1,-7.2,-5.2,0.9,5.67,0.0
2013,353,3.2,-6.7,-0.8,0.0,5.95,0.0
2013,354,6.1,1.0,4.2,3.9,1.18,0.0
2013,355,9.1,1.6,6.1,25.5,0.55,0.0
2013,356,13.7,-0.6,4.7,32.5,2.15,0.0
2013,357,2.2,-4.1,-0.3,1.3,1.98,0.0
2013,358,-4.3,-10.7,-6.5,3.5,4.38,0.0
2013,359,-4.6,-12.3,-8.7,0.0,5.47,0.0
2013,360,-2.3,-6.4,-4.4,1.6,5.14,0.0
2013,361,-1.8,-8.1,-4.5,0.8,3.61,0.0
2013,362,4.1,-2.1,1.6,0.0,7.26,0.0
2013,363,3.9,-0.7,1.9,2.8,1.85,0.0
2013,364,-1.0,-11.8,-7.9,0.6,4.14,0.0
2013,365,-7.5,-11.4,-9.9,1.4,5.35,0.0
2014,1,-9.0,-12.9,-10.7,2.9,4.86,0.0
2014,2,-10.8,-16.2,-13.4,11.2,2.49,0.0
2014,3,-15.7,-20.6,-18.4,0.8,7.9,0.0
2014,4,-0.7,-19.5,-8.4,0.0,8.38,0.0
2014,5,3.5,-5.6,-1.9,2.6,3.16,0.0
2014,6,5.4,-21.1,-5.9,7.9,4.2,0.0
2014,7,-18.3,-25.0,-21.5,0.7,7.7,0.0
2014,8,-9.9,-18.3,-14.7,0.0,7.88,0.0
2014,9,-6.5,-14.3,-10.9,0.0,9.16,0.0
2014,10,3.3,-7.3,-0.8,1.1,4.62,0.0
2014,11,7.5,-0.3,4.8,17.7,1.25,0.0
2014,12,-0.7,-2.7,-1.6,0.7,4.56,0.0
2014,13,8.4,-1.6,3.8,1.3,5.64,0.0
2014,14,4.6,-2.2,1.7,4.5,3.12,0.0
2014,15,-0.0,-5.5,-2.1,0.8,7.13,0.0
2014,16,-0.5,-5.8,-3.8,0.0,8.89,0.0
2014,17,1.3,-4.3,-2.3,0.4,7.09,0.0
2014,18,-3.1,-10.2,-7.3,3.2,5.36,0.0
2014,19,-3.6,-10.5,-7.2,0.9,5.85,0.0
2014,20,-3.2,-13.9,-6.8,3.7,3.92,0.0
2014,21,-13.7,-18.7,-15.9,0.0,8.57,0.0
2014,22,-14.8,-22.8,-18.4,0.0,9.22,0.0
2014,23,-12.6,-20.1,-17.2,0.0,7.87,0.0
2014,24,-11.6,-21.1,-16.2,0.0,8.82,0.0
2014,25,-5.1,-13.7,-9.0,3.7,5.55,0.0
2014,26,-5.0,-19.0,-14.0,0.4,7.6,0.0
2014,27,1.1,-18.3,-10.0,4.0,10.36,0.0
2014,28,-15.6,-22.1,-19.1,0.0,11.34,0.0
2014,29,-13.1,-21.4,-17.4,0.0,11.57,0.0
2014,30,-3.5,-16.1,-10.3,0.0,11.46,0.0
2014,31,-0.8,-5.5,-3.5,0.0,6.19,0.0
2014,32,3.4,-6.5,-1.6,5.2,2.98,0.0
2014,33,3.5,-5.1,-1.5,7.7,3.54,0.0
2014,34,-4.7,-10.4,-6.8,0.0,8.33,0.0
2014,35,-3.8,-17.6,-10.3,0.4,9.6,0.0
2014,36,-6.2,-9.9,-7.4,18.8,2.66,0.0
2014,37,-8.5,-14.5,-11.6,0.0,10.44,0.0
2014,38,-11.0,-16.7,-13.7,0.0,11.56,0.0
2014,39,-9.8,-18.6,-14.9,0.0,9.94,0.0
2014,40,-7.2,-19.2,-12.7,3.4,5.7,0.0
2014,41,-9.1,-14.5,-12.0,0.0,10.44,0.0
2014,42,-11.1,-18.7,-15.1,0.0,12.25,0.0
2014,43,-4.7,-23.3,-14.7,0.0,14.48,0.0
2014,44,-3.0,-12.6,-8.2,1.4,8.19,0.0
2014,45,-3.3,-7.8,-5.9,0.3,7.57,0.0
2014,46,-5.4,-9.2,-7.1,0.1,7.71,0.0
2014,47,-9.0,-13.7,-11.6,0.9,7.69,0.0
2014,48,-5.1,-19.8,-11.9,0.0,14.66,0.0
2014,49,-3.7,-6.5,-4.8,4.1,8.77,0.0
2014,50,6.6,-3.9,1.3,0.2,12.06,0.0
2014,51,4.9,-4.4,-0.1,7.7,5.98,0.0
2014,52,6.6,-0.4,3.7,16.3,5.83,0.0
2014,53,2.0,-2.6,-0.5,0.0,15.23,0.0
2014,54,0.8,-6.3,-2.1,0.0,14.9,0.0
2014,55,-6.3,-10.8,-8.9,1.2,11.62,0.0
2014,56,-9.5,-13.0,-11.4,0.0,13.18,0.0
2014,57,-11.2,-18.0,-15.0,0.8,15.32,0.0
2014,58,-10.6,-19.2,-15.0,1.5,11.21,0.0
2014,59,-11.0,-24.0,-17.8,0.0,17.52,0.0
2014,60,2.4,-16.2,-5.7,0.5,12.02,0.0
2014,61,-5.7,-14.9,-11.0,4.1,10.81,0.0
2014,62,-12.1,-20.2,-16.6,0.0,17.46,0.0
2014,63,-7.3,-23.1,-15.2,0.7,10.29,0.0
2014,64,-7.5,-14.3,-11.0,0.0,11.97,0.0
2014,65,-2.7,-20.1,-11.5,0.0,18.91,0.0
2014,66,5.5,-9.1,-2.8,0.0,18.32,0.0
2014,67,-0.0,-3.8,-1.2,0.0,6.05,0.0
2014,68,-3.6,-8.8,-5.8,0.0,14.65,0.0
2014,69,6.5,-2.8,1.9,0.0,14.58,0.0
2014,70,8.8,0.1,3.8,0.1,16.63,0.0
2014,71,1.9,-13.2,-5.0,26.6,1.97,0.0
2014,72,-11.6,-17.5,-14.5,0.4,19.37,0.0
2014,73,9.1,-14.0,-0.7,1.1,17.89,0.0
2014,74,4.4,-8.4,-0.7,3.8,11.95,0.0
2014,75,-8.4,-13.6,-10.6,0.0,19.35,0.0
2014,76,-1.8,-17.9,-10.3,0.0,19.5,0.0
2014,77,6.4,-11.4,-2.8,0.0,19.94,0.0
2014,78,6.0,-1.5,1.9,5.7,9.31,0.0
2014,79,3.2,-2.7,-0.2,2.8,13.36,0.0
2014,80,1.4,-5.5,-2.5,0.0,16.71,0.0
2014,81,3.6,-4.6,-0.1,2.0,11.88,0.0
2014,82,-2.9,-10.9,-7.4,0.2,13.29,0.0
2014,83,-6.3,-14.0,-10.1,0.0,16.31,0.0
2014,84,-0.4,-15.3,-7.6,0.0,19.44,0.0
2014,85,-6.9,-13.0,-10.1,0.0,14.21,0.0
2014,86,5.7,-15.4,-4.1,0.7,13.08,0.0
2014,87,10.1,0.3,4.8,2.7,8.94,0.0
2014,88,5.8,-1.3,0.5,14.2,10.07,0.0
2014,89,3.0,-3.5,-1.0,16.1,10.33,0.0
2014,90,6.4,-5.1,0.6,0.0,23.3,0.0
2014,91,12.1,-3.7,3.7,0.0,15.36,0.0
2014,92,7.0,-1.4,2.3,0.0,23.45,0.0
2014,93,6.3,-4.3,0.5,0.1,16.97,0.0
2014,94,7.2,-0.2,4.1,13.7,2.58,0.0
2014,95,1.9,-2.5,-0.9,0.5,12.14,0.0
2014,96,10.2,-5.8,2.0,0.0,24.5,0.0
2014,97,10.0,0.1,3.4,11.5,10.74,0.0
2014,98,7.6,1.3,4.8,5.3,9.4,0.0
2014,99,6.7,-1.3,2.4,0.0,23.28,0.0
2014,100,17.3,-0.8,8.6,1.5,23.64,0.0
2014,101,13.5,2.9,8.2,5.2,19.95,0.0
2014,102,16.9,1.2,8.8,0.0,20.2,0.0
2014,103,23.3,9.0,15.5,1.2,19.22,0.0
2014,104,20.0,11.7,15.8,8.6,10.8,0.0
2014,105,11.0,-4.9,1.8,13.0,4.54,0.0
2014,106,1.6,-6.7,-3.1,0.0,25.02,0.0
2014,107,11.1,-3.7,3.0,0.0,25.6,0.0
2014,108,14.7,0.7,6.8,0.0,20.66,0.0
2014,109,9.6,-1.5,4.1,0.0,26.58,0.0
2014,110,18.4,-0.5,8.3,0.0,26.36,0.0
2014,111,20.8,5.8,12.8,0.1,24.05,0.0
2014,112,11.8,3.6,9.4,4.6,5.32,0.0
2014,113,5.0,0.3,2.3,3.7,10.66,0.0
2014,114,8.5,-2.4,2.8,0.0,27.9,0.0
2014,115,15.9,0.2,7.5,4.7,16.29,0.0
2014,116,9.5,1.6,5.2,5.2,18.11,0.0
2014,117,8.8,-0.2,3.9,0.0,19.83,0.0
2014,118,12.4,0.4,6.1,0.0,24.88,0.0
2014,119,8.3,5.1,6.3,12.3,4.97,0.0
2014,120,8.9,5.1,7.0,21.5,5.83,0.0
2014,121,12.2,5.7,9.4,7.1,17.84,0.0
2014,122,9.7,4.9,6.7,1.9,14.5,0.0
2014,123,12.8,4.8,7.7,3.6,16.91,0.0
2014,124,10.1,3.0,6.1,1.5,25.2,0.0
2014,125,11.7,0.8,6.0,0.0,25.23,0.0
2014,126,12.4,1.9,6.9,0.0,25.83,0.0
2014,127,16.5,2.0,9.3,0.0,22.05,0.0
2014,128,23.2,7.5,14.5,7.4,23.53,0.0
2014,129,25.1,13.5,18.7,3.0,19.18,0.0
2014,130,18.2,9.7,14.9,2.3,22.82,0.0
2014,131,19.4,6.9,12.8,0.0,29.28,0.0
2014,132,22.3,10.4,16.3,1.0,21.26,0.0
2014,133,26.5,14.4,19.6,14.7,19.61,0.0
2014,134,24.5,16.7,19.3,9.6,14.87,0.0
2014,135,22.1,13.7,17.9,15.2,12.84,0.0
2014,136,11.3,4.4,7.7,35.6,7.26,0.0
2014,137,10.5,2.2,6.3,0.0,23.76,0.0
2014,138,12.4,2.2,7.4,1.4,27.39,0.0
2014,139,16.3,4.5,10.4,0.0,28.71,0.0
2014,140,18.3,6.5,11.7,5.4,17.62,0.0
2014,141,19.7,9.8,14.2,11.9,14.92,0.0
2014,142,17.5,11.6,14.5,3.1,16.55,0.0
2014,143,13.1,8.4,10.9,0.0,16.42,0.0
2014,144,19.2,8.8,13.4,0.0,26.41,0.0
2014,145,21.2,7.3,14.5,0.0,29.91,0.0
2014,146,23.0,11.6,17.3,0.0,28.64,0.0
2014,147,24.5,14.8,19.0,2.6,24.64,0.0
2014,148,17.5,10.3,15.0,1.2,22.04,0.0
2014,149,17.2,8.5,13.0,0.6,12.66,0.0
2014,150,19.7,8.2,14.4,0.5,26.08,0.0
2014,151,18.8,9.8,14.2,0.0,31.04,0.0
2014,152,23.8,8.2,16.2,0.0,30.61,0.0
2014,153,26.0,13.8,19.7,0.3,25.83,0.0
2014,154,24.5,15.7,19.3,8.5,16.04,0.0
2014,155,19.5,10.6,15.4,0.0,21.11,0.0
2014,156,14.4,9.2,12.2,0.0,16.17,0.0
2014,157,18.6,8.1,13.5,0.0,24.37,0.0
2014,158,23.1,8.6,16.4,0.0,31.07,0.0
2014,159,24.6,11.4,16.8,35.9,16.56,0.0
2014,160,20.7,12.0,16.0,1.5,16.1,0.0
2014,161,22.6,13.1,18.0,0.3,21.05,0.0
2014,162,23.3,15.9,18.8,9.9,13.67,0.0
2014,163,22.0,16.4,18.3,16.9,12.74,0.0
2014,164,22.2,14.2,18.0,8.1,18.35,0.0
2014,165,14.1,9.7,11.9,0.5,12.59,0.0
2014,166,21.8,8.6,15.1,0.0,30.25,0.0
2014,167,25.1,11.6,18.8,0.5,25.72,0.0
2014,168,27.2,15.6,21.3,11.3,25.55,0.0
2014,169,24.6,15.3,19.7,0.0,27.21,0.0
2014,170,21.1,13.9,17.3,1.9,26.77,0.0
2014,171,20.1,9.5,15.3,0.0,27.06,0.0
2014,172,21.4,10.3,15.2,0.5,26.2,0.0
2014,173,22.7,10.4,16.7,0.0,30.36,0.0
2014,174,24.7,11.7,18.9,0.0,22.02,0.0
2014,175,27.0,16.7,20.5,21.2,18.93,0.0
2014,176,19.9,16.8,18.4,38.2,6.0,0.0
2014,177,22.6,15.7,18.6,7.0,22.31,0.0
2014,178,24.7,12.8,19.2,0.0,26.81,0.0
2014,179,25.4,15.0,20.6,0.1,23.84,0.0
2014,180,27.0,17.5,21.8,0.4,23.71,0.0
2014,181,27.1,18.4,22.8,0.2,25.83,0.0
2014,182,27.0,19.8,23.2,2.4,25.08,0.0
2014,183,25.8,19.1,21.7,4.9,18.06,0.0
2014,184,23.1,15.8,18.6,10.7,15.74,0.0
2014,185,17.9,12.0,14.9,0.0,22.4,0.0
2014,186,21.4,10.4,15.9,0.0,30.54,0.0
2014,187,23.4,12.2,17.9,0.0,29.99,0.0
2014,188,23.6,16.0,19.1,5.3,13.96,0.0
2014,189,26.5,17.7,20.3,15.8,16.71,0.0
2014,190,20.5,14.7,17.3,1.7,21.75,0.0
2014,191,20.8,11.3,16.1,0.0,27.5,0.0
2014,192,23.7,10.2,17.5,0.0,27.39,0.0
2014,193,25.2,14.3,19.9,0.0,24.78,0.0
2014,194,24.8,17.9,20.2,12.9,13.94,0.0
2014,195,24.3,15.0,19.5,3.1,21.75,0.0
2014,196,22.2,14.6,18.3,3.9,20.83,0.0
2014,197,18.3,12.0,14.9,0.0,20.23,0.0
2014,198,18.7,11.0,14.8,0.2,23.32,0.0
2014,199,21.9,10.3,16.6,0.0,26.25,0.0
2014,200,20.6,13.0,16.2,7.1,10.48,0.0
2014,201,21.9,14.4,17.9,1.4,15.51,0.0
2014,202,24.6,15.0,19.9,1.0,22.35,0.0
2014,203,27.4,16.2,21.7,0.0,24.61,0.0
2014,204,22.4,16.1,20.1,0.9,10.09,0.0
2014,205,18.4,13.4,15.9,0.0,24.31,0.0
2014,206,22.0,9.8,16.1,0.0,28.28,0.0
2014,207,23.1,12.5,17.7,3.9,20.67,0.0
2014,208,24.8,16.7,20.2,4.5,23.35,0.0
2014,209,18.3,13.1,15.0,23.9,5.41,0.0
2014,210,17.1,10.5,13.7,0.0,17.6,0.0
2014,211,18.8,10.6,14.3,7.0,18.23,0.0
2014,212,20.4,12.0,15.5,4.5,21.55,0.0
2014,213,23.8,13.1,18.4,0.2,24.06,0.0
2014,214,25.2,13.9,18.9,1.5,23.85,0.0
2014,215,21.0,15.1,17.3,9.4,15.08,0.0
2014,216,23.6,12.8,18.3,0.2,22.59,0.0
2014,217,22.4,14.9,17.4,11.8,12.88,0.0
2014,218,20.9,14.1,17.1,0.8,21.35,0.0
2014,219,20.2,12.7,16.5,0.2,22.87,0.0
2014,220,21.3,10.8,16.5,0.0,23.73,0.0
2014,221,23.3,10.5,17.3,0.0,26.71,0.0
2014,222,24.9,11.6,18.6,0.0,26.01,0.0
2014,223,25.0,14.2,19.5,0.0,20.34,0.0
2014,224,20.1,15.6,17.8,14.6,9.34,0.0
2014,225,19.0,12.9,16.5,1.6,18.98,0.0
2014,226,14.9,10.9,12.7,1.2,18.57,0.0
2014,227,17.4,10.1,13.3,0.0,19.12,0.0
2014,228,19.6,10.5,14.8,2.6,17.52,0.0
2014,229,19.9,13.3,16.0,0.1,17.14,0.0
2014,230,19.5,12.8,15.4,0.0,14.15,0.0
2014,231,24.1,10.5,17.2,0.0,21.92,0.0
2014,232,22.3,15.5,18.6,9.3,9.25,0.0
2014,233,23.3,16.6,19.1,6.7,18.74,0.0
2014,234,23.1,15.6,19.0,1.5,16.8,0.0
2014,235,21.9,15.7,18.3,1.7,14.0,0.0
2014,236,22.9,13.2,18.1,0.0,18.04,0.0
2014,237,24.8,13.1,18.8,0.0,21.76,0.0
2014,238,26.7,14.9,20.3,0.0,22.83,0.0
2014,239,23.1,15.5,19.7,5.4,16.87,0.0
2014,240,17.5,11.4,14.5,0.1,17.11,0.0
2014,241,21.7,9.1,15.8,0.0,23.28,0.0
2014,242,27.5,14.2,20.2,0.3,19.76,0.0
2014,243,21.6,18.4,19.9,6.5,7.3,0.0
2014,244,26.0,17.9,21.2,0.9,17.03,0.0
2014,245,23.8,17.1,20.0,10.4,9.77,0.0
2014,246,22.9,14.3,18.6,0.0,19.65,0.0
2014,247,24.8,15.2,19.7,0.1,17.09,0.0
2014,248,28.2,17.5,22.4,0.0,20.72,0.0
2014,249,21.8,14.0,17.8,7.4,6.52,0.0
2014,250,19.4,10.5,14.5,0.0,22.3,0.0
2014,251,22.6,8.6,15.4,0.0,22.12,0.0
2014,252,21.0,12.9,16.7,0.7,12.51,0.0
2014,253,23.0,14.2,18.3,3.6,13.42,0.0
2014,254,20.0,12.5,16.4,4.2,9.88,0.0
2014,255,12.3,8.8,10.8,0.0,9.44,0.0
2014,256,12.9,7.0,9.5,7.8,6.14,0.0
2014,257,13.5,6.5,9.7,0.0,15.89,0.0
2014,258,15.5,8.7,11.4,2.2,11.98,0.0
2014,259,15.4,9.3,11.5,4.0,17.19,0.0
2014,260,15.4,7.4,11.3,0.1,13.22,0.0
2014,261,14.2,8.0,10.3,0.1,11.7,0.0
2014,262,16.7,5.8,10.6,0.0,20.66,0.0
2014,263,21.7,12.6,17.0,0.0,15.5,0.0
2014,264,19.9,12.7,16.9,9.5,10.47,0.0
2014,265,12.0,7.5,9.0,1.2,7.7,0.0
2014,266,17.6,6.1,11.3,0.0,19.0,0.0
2014,267,21.3,7.8,13.9,0.0,17.23,0.0
2014,268,19.9,10.4,14.7,0.0,16.77,0.0
2014,269,20.8,8.3,14.5,0.0,18.52,0.0
2014,270,22.9,10.0,16.6,0.0,18.4,0.0
2014,271,23.6,9.8,16.4,0.0,17.63,0.0
2014,272,22.4,10.3,16.1,0.0,15.16,0.0
2014,273,21.3,10.3,15.2,0.0,13.92,0.0
2014,274,19.2,12.4,15.2,0.1,9.09,0.0
2014,275,20.9,11.4,15.5,0.0,12.25,0.0
2014,276,19.7,12.7,15.3,2.7,13.6,0.0
2014,277,14.8,4.3,9.5,7.9,11.86,0.0
2014,278,8.8,2.4,5.6,0.9,10.91,0.0
2014,279,16.5,4.9,9.8,10.0,14.13,0.0
2014,280,16.3,10.3,12.0,14.6,12.72,0.0
2014,281,11.5,8.3,9.9,5.7,11.09,0.0
2014,282,11.5,5.0,8.1,0.0,13.76,0.0
2014,283,10.7,3.0,6.7,0.0,10.45,0.0
2014,284,9.6,3.5,6.2,0.0,10.07,0.0
2014,285,13.2,0.9,6.8,0.0,16.18,0.0
2014,286,20.6,6.7,13.4,0.0,10.0,0.0
2014,287,22.6,13.8,18.2,0.0,9.58,0.0
2014,288,19.4,13.0,16.3,19.2,1.7,0.0
2014,289,16.9,10.8,13.1,0.3,10.48,0.0
2014,290,15.3,10.3,12.1,2.2,5.32,0.0
2014,291,12.0,4.7,7.9,5.1,5.22,0.0
2014,292,5.3,1.5,3.2,0.1,10.04,0.0
2014,293,12.6,2.6,7.0,1.0,9.52,0.0
2014,294,10.3,6.2,7.8,14.2,5.55,0.0
2014,295,7.4,5.1,6.2,0.0,3.74,0.0
2014,296,12.1,5.1,8.1,0.0,12.27,0.0
2014,297,11.5,5.4,7.8,0.0,12.26,0.0
2014,298,15.6,6.0,9.9,1.5,9.66,0.0
2014,299,7.9,6.2,6.8,0.3,3.77,0.0
2014,300,14.2,2.3,7.8,0.0,12.19,0.0
2014,301,20.8,10.7,15.1,5.7,9.57,0.0
2014,302,11.3,5.1,8.6,0.5,6.53,0.0
2014,303,6.7,3.2,4.7,0.1,5.82,0.0
2014,304,6.7,2.6,4.1,4.8,5.28,0.0
2014,305,3.2,-0.6,1.2,7.4,2.94,0.0
2014,306,2.4,-1.8,0.1,0.4,11.72,0.0
2014,307,10.3,0.1,4.9,0.0,10.54,0.0
2014,308,15.6,5.4,10.2,0.7,9.18,0.0
2014,309,9.4,4.2,7.0,2.5,9.29,0.0
2014,310,4.7,2.2,3.3,8.7,2.44,0.0
2014,311,3.2,-2.3,0.9,9.1,7.48,0.0
2014,312,4.8,-2.6,1.1,0.9,4.73,0.0
2014,313,5.2,-0.2,2.5,1.5,7.11,0.0
2014,314,12.5,2.8,6.6,0.0,9.22,0.0
2014,315,16.3,6.7,10.6,0.0,10.55,0.0
2014,316,12.0,0.1,4.0,1.0,6.24,0.0
2014,317,-0.2,-3.2,-1.3,2.0,3.51,0.0
2014,318,-0.5,-4.5,-3.1,0.7,8.9,0.0
2014,319,-0.0,-5.1,-3.1,0.5,7.53,0.0
2014,320,2.0,-3.1,-1.5,0.0,6.6,0.0
2014,321,0.2,-4.3,-1.2,14.8,1.33,0.0
2014,322,-5.7,-12.5,-10.0,2.8,8.23,0.0
2014,323,-3.0,-14.6,-9.5,1.2,8.97,0.0
2014,324,-2.4,-8.4,-5.5,7.3,6.9,0.0
2014,325,-5.4,-10.9,-8.5,0.0,7.14,0.0
2014,326,4.7,-10.2,-2.3,2.3,3.52,0.0
2014,327,6.6,4.1,5.1,0.8,2.26,0.0
2014,328,15.2,6.0,10.6,6.2,5.25,0.0
2014,329,5.0,-0.7,2.0,0.0,5.18,0.0
2014,330,-0.4,-2.6,-1.4,1.9,2.79,0.0
2014,331,-0.9,-3.6,-2.7,1.3,5.19,0.0
2014,332,-3.3,-7.7,-6.1,1.9,5.13,0.0
2014,333,2.3,-8.3,-3.2,0.2,6.46,0.0
2014,334,10.4,2.1,7.4,1.6,1.6,0.0
2014,335,10.5,-4.3,1.5,1.1,4.44,0.0
2014,336,1.6,-6.1,-3.0,6.4,5.96,0.0
2014,337,1.5,-1.8,0.4,1.6,2.73,0.0
2014,338,-1.6,-4.5,-3.1,0.0,5.42,0.0
2014,339,0.8,-5.0,-1.7,1.2,1.88,0.0
2014,340,1.0,-1.3,-0.0,11.0,1.61,0.0
2014,341,-1.6,-6.3,-4.2,0.0,8.45,0.0
2014,342,1.6,-6.1,-2.8,0.0,5.21,0.0
2014,343,4.5,-2.3,0.1,0.4,7.35,0.0
2014,344,-0.7,-5.9,-3.6,8.0,2.08,0.0
2014,345,-4.9,-6.7,-6.0,13.0,3.59,0.0
2014,346,-1.4,-6.4,-4.1,0.2,3.66,0.0
2014,347,0.5,-2.7,-0.9,0.0,3.33,0.0
2014,348,2.0,0.0,1.0,0.0,3.13,0.0
2014,349,4.0,-1.0,0.4,0.0,5.13,0.0
2014,350,3.1,-1.1,1.6,7.6,1.25,0.0
2014,351,3.3,-2.6,0.6,4.5,2.65,0.0
2014,352,-2.0,-3.3,-2.7,0.1,2.64,0.0
2014,353,-3.5,-6.2,-4.6,0.0,3.42,0.0
2014,354,-1.4,-7.5,-4.4,0.0,6.47,0.0
2014,355,-1.1,-6.2,-3.5,0.0,4.59,0.0
2014,356,2.6,-8.5,-3.1,0.0,7.43,0.0
2014,357,5.3,-1.1,3.0,2.6,1.95,0.0
2014,358,8.5,4.8,6.6,2.6,1.83,0.0
2014,359,9.1,0.3,2.2,2.7,3.97,0.0
2014,360,6.1,-0.8,1.6,0.0,7.78,0.0
2014,361,9.3,0.5,4.4,0.0,4.83,0.0
2014,362,7.0,-1.6,1.2,6.8,2.93,0.0
2014,363,-2.1,-5.0,-3.4,0.0,3.21,0.0
2014,364,-4.2,-7.7,-6.0,0.0,5.44,0.0
2014,365,-7.1,-10.5,-8.7,0.0,5.42,0.0
2015,1,-3.9,-8.3,-6.3,0.4,5.49,0.0
2015,2,-2.7,-4.6,-4.0,0.2,4.47,0.0
2015,3,1.8,-6.1,-2.8,11.6,1.69,0.0
2015,4,10.2,-2.0,4.8,5.8,1.98,0.0
2015,5,-2.8,-13.2,-9.8,1.6,7.29,0.0
2015,6,-9.5,-13.1,-11.3,2.0,5.04,0.0
2015,7,-11.1,-18.7,-15.0,1.5,7.56,0.0
2015,8,-11.9,-18.7,-14.7,0.0,7.13,0.0
2015,9,-9.1,-13.4,-10.9,4.3,7.6,0.0
2015,10,-12.2,-15.9,-14.2,0.9,7.75,0.0
2015,11,-1.3,-14.4,-7.4,0.0,6.4,0.0
2015,12,-1.6,-8.7,-3.0,7.3,2.79,0.0
2015,13,-9.6,-20.1,-15.4,0.0,8.65,0.0
2015,14,-6.4,-22.3,-14.9,0.0,9.98,0.0
2015,15,-5.2,-15.4,-10.6,0.0,7.3,0.0
2015,16,-4.5,-16.2,-8.4,1.9,7.09,0.0
2015,17,-0.3,-23.1,-10.7,0.0,8.38,0.0
2015,18,3.7,-1.7,0.7,1.2,5.04,0.0
2015,19,-1.8,-6.4,-4.3,0.8,4.21,0.0
2015,20,-5.4,-13.2,-8.5,0.0,6.89,0.0
2015,21,-1.8,-22.6,-11.3,0.0,7.34,0.0
2015,22,-3.5,-9.4,-6.4,0.0,8.13,0.0
2015,23,-1.5,-7.3,-5.5,0.0,8.82,0.0
2015,24,-3.0,-6.5,-4.8,1.1,6.49,0.0
2015,25,-2.6,-13.6,-7.9,0.3,8.92,0.0
2015,26,-9.8,-13.9,-12.1,5.0,3.78,0.0
2015,27,-9.9,-15.1,-11.9,1.3,8.7,0.0
2015,28,-6.3,-16.5,-13.0,0.0,11.52,0.0
2015,29,-0.2,-16.5,-6.6,3.5,3.12,0.0
2015,30,-2.0,-15.9,-9.6,2.4,5.56,0.0
2015,31,-7.7,-17.0,-12.8,0.0,8.79,0.0
2015,32,-5.7,-11.7,-8.1,5.2,5.21,0.0
2015,33,-9.1,-15.0,-11.7,14.5,5.27,0.0
2015,34,-7.9,-16.6,-12.5,0.0,10.12,0.0
2015,35,-1.1,-10.3,-5.0,6.0,4.23,0.0
2015,36,-6.8,-16.3,-12.8,1.6,11.39,0.0
2015,37,-8.4,-17.7,-12.5,0.7,9.61,0.0
2015,38,-0.6,-10.0,-5.1,3.5,5.08,0.0
2015,39,-1.7,-10.2,-4.7,7.7,2.43,0.0
2015,40,-9.2,-12.0,-10.7,7.0,3.67,0.0
2015,41,-6.7,-11.3,-9.5,0.0,8.49,0.0
2015,42,0.3,-11.8,-6.6,1.3,11.07,0.0
2015,43,-3.5,-19.3,-9.8,2.6,10.13,0.0
2015,44,-13.8,-20.6,-17.7,0.0,12.61,0.0
2015,45,-6.4,-15.5,-11.1,5.5,6.89,0.0
2015,46,-16.6,-22.0,-20.7,1.0,12.37,0.0
2015,47,-15.3,-23.6,-19.9,0.0,13.85,0.0
2015,48,-10.6,-24.0,-17.3,0.0,15.03,0.0
2015,49,-7.9,-16.9,-12.6,2.1,9.65,0.0
2015,50,-13.5,-21.4,-17.3,0.6,13.81,0.0
2015,51,-16.5,-23.9,-20.8,0.0,15.78,0.0
2015,52,-6.5,-19.6,-11.1,5.5,4.41,0.0
2015,53,-3.9,-10.9,-7.6,0.4,13.31,0.0
2015,54,-11.2,-21.6,-18.7,0.1,15.64,0.0
2015,55,-7.7,-22.9,-15.1,0.0,13.8,0.0
2015,56,-9.4,-16.0,-11.7,0.6,13.94,0.0
2015,57,-10.4,-17.7,-14.5,0.0,9.8,0.0
2015,58,-12.6,-19.2,-16.0,0.0,16.86,0.0
2015,59,-7.5,-19.7,-14.6,0.0,17.57,0.0
2015,60,-1.9,-15.3,-7.6,4.8,7.74,0.0
2015,61,-5.9,-10.8,-7.6,1.2,11.1,0.0
2015,62,1.6,-16.4,-8.4,7.7,4.51,0.0
2015,63,1.8,-3.9,-1.6,1.2,7.44,0.0
2015,64,-4.7,-16.5,-13.0,1.2,11.73,0.0
2015,65,-7.5,-21.8,-14.1,0.0,18.47,0.0
2015,66,-1.9,-10.7,-6.1,0.9,11.11,0.0
2015,67,-0.1,-4.0,-2.7,0.8,14.58,0.0
2015,68,3.4,-3.9,-1.0,0.0,17.58,0.0
2015,69,7.6,-3.3,1.9,0.0,9.93,0.0
2015,70,5.3,-1.0,2.3,0.0,18.2,0.0
2015,71,0.4,-7.2,-2.7,0.0,19.46,0.0
2015,72,8.7,-8.2,-0.1,0.0,17.13,0.0
2015,73,5.3,-0.4,2.5,0.6,3.6,0.0
2015,74,0.2,-3.4,-1.7,0.8,8.0,0.0
2015,75,8.4,-4.3,2.0,2.4,14.19,0.0
2015,76,2.2,-6.7,-0.8,2.3,11.75,0.0
2015,77,-3.0,-9.9,-6.5,0.3,17.53,0.0
2015,78,0.6,-14.5,-6.5,0.0,21.27,0.0
2015,79,3.4,-6.7,-0.9,0.7,10.61,0.0
2015,80,3.3,-4.1,0.3,3.9,8.24,0.0
2015,81,-5.1,-10.4,-7.8,0.0,19.47,0.0
2015,82,-5.1,-13.2,-9.7,0.0,21.43,0.0
2015,83,2.6,-13.2,-5.9,0.0,20.94,0.0
2015,84,5.6,-6.4,0.5,2.9,9.89,0.0
2015,85,3.8,-1.1,1.0,11.4,3.54,0.0
2015,86,-0.4,-7.9,-3.3,1.5,11.81,0.0
2015,87,-6.5,-11.4,-9.1,0.0,20.69,0.0
2015,88,2.7,-15.2,-5.7,0.0,23.56,0.0
2015,89,3.1,-1.8,0.4,3.3,16.03,0.0
2015,90,1.7,-5.8,-2.3,0.7,11.34,0.0
2015,91,4.1,-8.1,-2.0,0.0,23.67,0.0
2015,92,15.0,-2.5,6.9,7.6,18.3,0.0
2015,93,10.8,3.0,6.3,5.5,18.07,0.0
2015,94,2.4,-2.9,-0.7,6.2,19.36,0.0
2015,95,1.5,-4.3,-1.2,4.1,6.32,0.0
2015,96,12.1,-2.2,3.3,1.5,17.15,0.0
2015,97,6.8,0.1,2.3,0.0,11.56,0.0
2015,98,8.1,0.4,4.2,12.5,3.96,0.0
2015,99,15.3,4.0,7.8,4.2,8.68,0.0
2015,100,14.5,4.4,8.5,3.1,13.47,0.0
2015,101,5.3,-0.6,2.1,0.7,15.5,0.0
2015,102,16.0,-0.3,7.5,0.0,25.12,0.0
2015,103,22.7,4.9,13.6,4.6,21.83,0.0
2015,104,13.5,2.9,8.5,0.0,20.15,0.0
2015,105,12.9,1.1,6.8,0.0,25.82,0.0
2015,106,18.7,1.6,9.3,0.9,22.13,0.0
2015,107,15.0,8.1,10.7,1.3,13.26,0.0
2015,108,16.9,5.4,10.5,0.0,25.77,0.0
2015,109,17.3,2.1,9.5,0.2,24.63,0.0
2015,110,16.5,5.0,10.4,14.3,12.58,0.0
2015,111,9.8,4.0,6.4,1.4,22.97,0.0
2015,112,6.6,-0.9,3.3,2.1,19.05,0.0
2015,113,2.1,-2.8,-1.0,0.9,18.27,0.0
2015,114,1.5,-3.1,-1.1,0.0,14.4,0.0
2015,115,8.2,-4.0,1.7,0.0,27.34,0.0
2015,116,8.0,-1.9,3.1,0.1,19.17,0.0
2015,117,6.1,1.0,3.3,2.3,11.86,0.0
2015,118,12.9,1.8,6.9,0.0,20.58,0.0
2015,119,16.3,3.6,9.5,0.0,25.73,0.0
2015,120,16.8,3.2,10.1,0.0,24.27,0.0
2015,121,15.1,4.1,9.8,0.0,23.04,0.0
2015,122,18.1,5.0,11.2,0.0,27.07,0.0
2015,123,20.3,6.7,13.6,0.0,24.29,0.0
2015,124,23.3,10.2,15.6,1.1,22.28,0.0
2015,125,19.2,9.8,14.0,0.1,17.62,0.0
2015,126,19.5,10.3,13.9,0.0,18.11,0.0
2015,127,23.9,8.6,16.3,0.0,26.34,0.0
2015,128,27.7,11.3,19.5,0.0,24.09,0.0
2015,129,28.2,16.0,21.3,0.0,23.16,0.0
2015,130,27.2,16.9,20.9,3.8,23.8,0.0
2015,131,26.8,16.0,20.6,3.9,22.18,0.0
2015,132,18.7,8.5,13.8,7.9,18.78,0.0
2015,133,8.6,4.8,7.0,0.5,10.79,0.0
2015,134,16.4,2.4,9.3,0.0,29.76,0.0
2015,135,18.5,7.3,12.9,6.1,15.8,0.0
2015,136,20.3,13.0,16.2,4.2,11.82,0.0
2015,137,24.3,13.0,17.7,0.5,19.71,0.0
2015,138,24.7,15.4,19.6,6.2,21.15,0.0
2015,139,19.0,8.9,15.3,0.0,25.25,0.0
2015,140,10.5,2.7,6.2,0.0,23.1,0.0
2015,141,14.3,4.6,8.9,0.0,23.7,0.0
2015,142,12.2,4.5,8.8,0.5,26.26,0.0
2015,143,15.2,0.2,8.1,0.0,31.15,0.0
2015,144,22.6,7.5,15.2,0.0,27.07,0.0
2015,145,25.2,13.7,19.4,0.4,19.82,0.0
2015,146,25.7,17.5,21.0,1.5,23.21,0.0
2015,147,24.7,18.3,20.7,1.7,19.77,0.0
2015,148,22.5,14.6,18.5,0.6,27.79,0.0
2015,149,26.2,11.2,19.2,0.1,25.14,0.0
2015,150,26.4,18.1,21.0,14.3,21.65,0.0
2015,151,17.7,5.9,8.6,36.3,3.41,0.0
2015,152,9.1,5.8,7.4,6.8,4.48,0.0
2015,153,16.5,7.7,11.3,0.0,26.05,0.0
2015,154,20.9,6.2,13.6,0.0,31.32,0.0
2015,155,19.8,10.1,15.3,0.0,14.18,0.0
2015,156,23.5,12.5,17.6,3.3,22.13,0.0
2015,157,16.6,9.3,13.1,1.9,31.28,0.0
2015,158,24.3,6.3,15.6,1.8,26.23,0.0
2015,159,22.0,16.0,17.5,20.3,10.6,0.0
2015,160,16.5,13.0,15.2,13.5,11.05,0.0
2015,161,24.9,11.0,18.1,2.6,26.81,0.0
2015,162,22.7,14.7,18.3,0.0,28.17,0.0
2015,163,27.5,13.9,19.5,8.4,20.42,0.0
2015,164,23.0,12.7,17.3,0.0,23.32,0.0
2015,165,23.5,15.1,18.8,21.9,11.48,0.0
2015,166,23.3,18.0,20.2,10.6,16.08,0.0
2015,167,23.0,16.3,19.4,6.3,14.92,0.0
2015,168,22.1,12.8,17.3,0.0,23.45,0.0
2015,169,24.1,14.6,18.8,2.0,21.33,0.0
2015,170,18.6,12.7,16.1,3.0,17.0,0.0
2015,171,23.7,10.5,17.0,0.0,17.88,0.0
2015,172,23.3,16.5,19.4,1.2,21.64,0.0
2015,173,24.4,13.6,19.3,0.0,27.8,0.0
2015,174,22.3,15.1,19.6,17.5,18.62,0.0
2015,175,21.1,11.6,16.3,0.0,30.11,0.0
2015,176,22.9,12.1,17.4,0.0,24.12,0.0
2015,177,20.6,12.1,16.4,0.0,26.14,0.0
2015,178,16.2,11.0,13.7,32.9,4.47,0.0
2015,179,14.6,10.7,12.1,13.0,5.67,0.0
2015,180,20.7,11.8,15.6,0.4,22.5,0.0
2015,181,20.5,13.4,16.2,19.4,13.67,0.0
2015,182,19.2,14.4,16.4,4.3,18.92,0.0
2015,183,19.0,12.2,15.2,0.0,24.17,0.0
2015,184,22.0,8.4,16.1,0.0,29.62,0.0
2015,185,21.6,13.8,17.6,2.7,22.89,0.0
2015,186,24.2,11.9,18.4,0.0,27.92,0.0
2015,187,26.0,14.0,20.1,1.2,24.91,0.0
2015,188,26.9,17.7,21.7,3.8,25.56,0.0
2015,189,19.8,13.2,16.4,1.9,17.78,0.0
2015,190,18.7,13.9,16.0,16.8,5.29,0.0
2015,191,22.6,12.2,17.3,0.0,27.44,0.0
2015,192,24.6,12.3,18.5,0.0,28.84,0.0
2015,193,25.1,13.4,19.4,0.0,23.53,0.0
2015,194,26.1,14.6,20.7,0.0,26.36,0.0
2015,195,23.5,18.2,20.2,16.4,14.61,0.0
2015,196,18.6,12.2,15.4,0.0,21.63,0.0
2015,197,21.6,9.6,15.9,0.0,30.09,0.0
2015,198,21.6,12.6,17.8,2.4,12.47,0.0
2015,199,26.1,19.9,22.4,1.3,20.93,0.0
2015,200,26.8,19.8,23.0,2.2,19.56,0.0
2015,201,25.1,17.6,20.6,3.1,26.31,0.0
2015,202,21.8,16.0,18.6,13.2,20.96,0.0
2015,203,19.7,13.8,16.5,0.0,23.1,0.0
2015,204,20.4,11.4,16.4,0.6,25.1,0.0
2015,205,23.8,11.3,17.7,0.0,28.72,0.0
2015,206,25.3,13.7,19.5,0.3,21.91,0.0
2015,207,26.4,17.5,21.5,0.5,23.46,0.0
2015,208,27.1,14.5,21.4,0.0,27.48,0.0
2015,209,28.4,16.4,22.4,0.0,26.79,0.0
2015,210,29.2,16.6,23.1,0.0,24.25,0.0
2015,211,25.5,18.5,21.9,0.9,24.87,0.0
2015,212,25.1,15.6,20.2,0.0,24.46,0.0
2015,213,21.9,15.6,18.5,0.8,23.81,0.0
2015,214,26.0,14.2,20.2,0.0,27.76,0.0
2015,215,22.1,17.1,20.0,3.7,15.79,0.0
2015,216,21.6,14.7,18.0,0.0,21.74,0.0
2015,217,20.2,13.9,17.1,0.0,22.15,0.0
2015,218,20.5,11.4,16.2,0.0,20.12,0.0
2015,219,22.5,11.1,16.7,0.0,22.56,0.0
2015,220,20.9,12.8,16.6,0.1,17.5,0.0
2015,221,24.3,11.6,17.9,0.0,24.69,0.0
2015,222,26.1,13.7,19.3,5.2,15.89,0.0
2015,223,22.1,16.5,18.8,6.6,20.79,0.0
2015,224,19.4,14.4,16.2,2.2,16.42,0.0
2015,225,22.4,10.5,16.7,0.0,25.57,0.0
2015,226,25.5,16.3,20.0,1.3,20.38,0.0
2015,227,25.8,17.4,20.8,0.3,16.27,0.0
2015,228,27.3,15.5,21.3,0.0,23.98,0.0
2015,229,27.5,17.5,22.3,0.0,21.43,0.0
2015,230,27.0,18.0,21.5,3.4,16.43,0.0
2015,231,27.4,19.1,22.7,0.1,18.3,0.0
2015,232,22.7,15.9,20.0,15.7,6.57,0.0
2015,233,19.4,13.8,16.3,0.0,18.48,0.0
2015,234,20.8,11.0,15.9,0.0,20.02,0.0
2015,235,23.6,10.7,17.3,0.0,23.81,0.0
2015,236,20.7,15.7,17.8,0.0,18.07,0.0
2015,237,17.6,12.2,14.8,0.0,12.5,0.0
2015,238,16.7,11.8,14.1,0.9,11.19,0.0
2015,239,17.0,12.3,14.4,0.5,11.65,0.0
2015,240,19.5,9.7,15.0,0.0,12.58,0.0
2015,241,23.4,11.7,17.5,0.0,18.41,0.0
2015,242,23.7,15.8,19.1,0.6,15.33,0.0
2015,243,25.0,16.3,20.2,0.7,18.47,0.0
2015,244,27.4,15.9,21.0,0.0,22.18,0.0
2015,245,27.1,16.6,21.5,0.0,19.95,0.0
2015,246,27.0,17.9,21.6,0.4,17.44,0.0
2015,247,27.5,15.9,21.6,0.0,21.68,0.0
2015,248,26.9,18.1,22.1,0.4,18.42,0.0
2015,249,27.1,18.1,22.3,0.2,18.36,0.0
2015,250,28.4,18.7,23.0,0.0,20.46,0.0
2015,251,28.7,19.9,23.5,0.0,16.45,0.0
2015,252,24.0,18.3,20.8,9.3,11.73,0.0
2015,253,21.2,14.2,17.3,0.0,17.65,0.0
2015,254,22.3,10.5,16.5,0.0,19.34,0.0
2015,255,15.3,12.3,13.5,27.3,2.7,0.0
2015,256,12.3,9.4,10.7,11.4,5.56,0.0
2015,257,17.6,9.0,12.6,0.0,21.21,0.0
2015,258,23.0,10.6,16.2,0.0,20.76,0.0
2015,259,24.9,12.3,18.4,0.0,20.02,0.0
2015,260,24.5,12.9,18.4,0.0,20.26,0.0
2015,261,24.7,13.0,18.7,0.0,18.73,0.0
2015,262,25.2,13.1,18.3,8.4,12.83,0.0
2015,263,16.2,10.1,12.6,0.0,19.32,0.0
2015,264,18.2,8.2,12.5,0.0,19.13,0.0
2015,265,19.6,9.2,14.0,0.0,14.99,0.0
2015,266,21.0,8.6,14.8,0.0,19.56,0.0
2015,267,22.0,10.9,15.7,0.0,17.87,0.0
2015,268,21.6,10.5,15.5,0.0,14.9,0.0
2015,269,20.5,9.9,14.9,0.0,14.46,0.0
2015,270,21.4,11.6,16.1,0.0,17.96,0.0
2015,271,18.3,14.5,16.2,8.8,6.17,0.0
2015,272,18.8,16.1,17.2,29.6,4.13,0.0
2015,273,15.2,9.5,11.5,24.6,5.63,0.0
2015,274,10.9,6.4,8.3,0.0,12.82,0.0
2015,275,9.0,5.6,7.0,0.0,10.36,0.0
2015,276,6.3,5.1,5.5,7.2,3.21,0.0
2015,277,15.8,5.9,10.0,0.0,11.42,0.0
2015,278,17.1,6.4,11.5,0.0,10.43,0.0
2015,279,15.5,10.2,12.2,0.0,5.01,0.0
2015,280,17.3,10.2,13.1,1.0,12.11,0.0
2015,281,15.9,6.5,11.2,0.0,13.86,0.0
2015,282,14.3,8.1,12.3,11.4,4.58,0.0
2015,283,12.3,5.6,8.5,0.0,13.57,0.0
2015,284,18.6,6.8,12.1,0.0,15.86,0.0
2015,285,21.2,10.8,15.2,0.2,15.78,0.0
2015,286,15.3,10.0,12.6,3.8,9.25,0.0
2015,287,9.9,6.9,8.7,0.8,7.27,0.0
2015,288,14.2,3.8,8.4,4.0,13.55,0.0
2015,289,9.7,3.5,6.3,7.2,11.55,0.0
2015,290,3.7,-0.7,1.6,0.4,12.51,0.0
2015,291,3.5,-2.4,-0.2,1.9,11.33,0.0
2015,292,10.2,-2.8,3.5,0.0,14.46,0.0
2015,293,16.7,8.5,12.0,0.2,11.44,0.0
2015,294,17.7,9.6,12.5,3.3,6.76,0.0
2015,295,15.3,8.1,12.5,1.3,5.48,0.0
2015,296,8.9,2.7,5.6,0.0,14.03,0.0
2015,297,11.2,3.3,7.8,5.5,3.47,0.0
2015,298,11.2,4.9,8.2,4.2,5.17,0.0
2015,299,8.5,0.7,4.1,0.0,13.36,0.0
2015,300,11.5,0.7,5.4,0.0,10.39,0.0
2015,301,13.7,6.8,9.9,24.8,1.47,0.0
2015,302,13.7,5.1,8.0,3.3,8.38,0.0
2015,303,6.0,2.7,4.8,0.2,6.39,0.0
2015,304,8.0,-0.2,4.2,0.0,5.87,0.0
2015,305,12.3,7.4,9.4,3.7,7.6,0.0
2015,306,13.8,4.1,8.5,0.0,11.72,0.0
2015,307,18.2,7.1,11.4,0.0,11.55,0.0
2015,308,21.0,7.3,12.9,0.0,11.56,0.0
2015,309,20.2,11.5,14.8,0.0,7.97,0.0
2015,310,16.3,9.8,14.1,5.1,3.18,0.0
2015,311,9.6,3.5,6.8,0.4,7.03,0.0
2015,312,7.1,1.7,3.6,0.0,9.12,0.0
2015,313,11.5,-0.7,4.2,0.0,11.34,0.0
2015,314,9.6,2.7,7.1,8.6,1.28,0.0
2015,315,8.3,4.8,7.6,0.9,1.49,0.0
2015,316,11.8,4.3,7.5,4.8,3.42,0.0
2015,317,5.6,0.9,3.5,6.7,7.09,0.0
2015,318,3.2,-0.3,1.3,0.6,5.98,0.0
2015,319,11.9,1.5,6.2,0.0,9.95,0.0
2015,320,12.6,3.9,7.6,0.0,9.7,0.0
2015,321,12.4,1.2,5.8,0.0,9.71,0.0
2015,322,12.7,5.9,9.1,0.0,5.99,0.0
2015,323,15.1,6.5,12.1,4.3,4.62,0.0
2015,324,6.1,-0.4,2.7,0.0,6.77,0.0
2015,325,4.4,-0.9,1.6,0.0,4.14,0.0
2015,326,4.2,-3.6,0.1,0.8,7.99,0.0
2015,327,-0.3,-5.1,-3.2,0.0,8.15,0.0
2015,328,2.1,-3.7,-1.2,0.1,6.11,0.0
2015,329,7.3,-3.0,1.3,0.0,9.08,0.0
2015,330,13.1,3.6,7.6,0.0,6.22,0.0
2015,331,13.5,5.8,10.3,3.7,3.36,0.0
2015,332,4.3,-0.7,1.4,3.4,1.91,0.0
2015,333,1.9,-3.3,-1.3,0.0,8.36,0.0
2015,334,5.2,-3.0,0.1,0.0,9.1,0.0
2015,335,7.5,1.2,4.6,3.1,0.88,0.0
2015,336,7.6,0.9,4.8,10.4,0.8,0.0
2015,337,3.5,-0.4,1.4,0.8,5.95,0.0
2015,338,3.8,1.5,2.5,0.0,3.54,0.0
2015,339,7.0,-0.4,2.5,0.0,7.54,0.0
2015,340,8.3,-1.5,1.6,0.0,7.03,0.0
2015,341,3.8,-1.3,0.4,0.0,5.33,0.0
2015,342,5.3,-2.1,0.8,0.0,6.16,0.0
2015,343,9.4,0.5,3.9,0.1,7.66,0.0
2015,344,9.5,4.4,6.4,0.5,4.95,0.0
2015,345,12.0,6.2,8.6,0.0,7.52,0.0
2015,346,13.8,2.1,7.8,0.1,3.11,0.0
2015,347,14.1,7.2,10.1,0.2,2.51,0.0
2015,348,15.9,8.9,12.3,9.4,4.55,0.0
2015,349,8.6,2.5,5.6,0.5,1.85,0.0
2015,350,7.7,1.8,3.9,0.0,6.07,0.0
2015,351,8.0,0.8,5.5,4.1,0.85,0.0
2015,352,1.1,-2.8,-0.5,0.3,5.12,0.0
2015,353,-2.6,-4.9,-3.8,0.6,5.88,0.0
2015,354,2.3,-3.8,-1.4,0.0,7.15,0.0
2015,355,7.9,1.0,5.2,1.3,2.83,0.0
2015,356,10.2,7.2,8.1,9.3,2.03,0.0
2015,357,13.9,7.5,10.5,0.0,2.84,0.0
2015,358,14.9,4.2,11.3,0.7,6.48,0.0
2015,359,7.8,2.3,4.2,0.1,2.02,0.0
2015,360,4.9,-0.3,2.3,1.9,3.31,0.0
2015,361,9.7,-0.7,4.4,18.5,0.72,0.0
2015,362,-0.9,-4.0,-2.8,6.6,3.26,0.0
2015,363,4.7,-2.7,2.0,7.1,1.1,0.0
2015,364,5.4,-0.6,1.4,1.3,5.16,0.0
2015,365,0.1,-1.9,-0.9,0.4,3.16,0.0
2016,1,-1.9,-5.4,-3.1,4.7,4.41,0.0
2016,2,-2.2,-5.5,-3.8,0.9,3.23,0.0
2016,3,-0.3,-6.8,-2.7,1.0,5.31,0.0
2016,4,-7.3,-14.6,-12.6,0.0,4.81,0.0
2016,5,-5.9,-15.5,-11.1,0.0,8.87,0.0
2016,6,1.1,-8.9,-5.1,0.0,8.77,0.0
2016,7,3.6,-8.5,-4.1,0.0,8.65,0.0
2016,8,2.9,-10.6,-3.7,2.2,5.41,0.0
2016,9,4.8,0.6,2.9,0.4,1.76,0.0
2016,10,6.4,-5.6,2.9,16.1,1.85,0.0
2016,11,-6.1,-10.6,-8.4,1.3,6.49,0.0
2016,12,-2.0,-11.4,-7.5,2.4,5.6,0.0
2016,13,-9.3,-12.7,-10.8,0.6,6.03,0.0
2016,14,-3.5,-11.4,-7.2,2.3,5.74,0.0
2016,15,5.6,-5.6,1.1,0.0,6.54,0.0
2016,16,2.1,-5.6,-1.4,2.7,3.43,0.0
2016,17,-2.6,-10.4,-5.9,2.0,5.41,0.0
2016,18,-9.9,-13.5,-11.9,0.5,7.44,0.0
2016,19,-8.2,-13.6,-11.1,0.0,7.14,0.0
2016,20,-5.6,-9.8,-8.1,0.0,5.78,0.0
2016,21,-5.6,-11.5,-9.1,0.0,6.31,0.0
2016,22,-7.2,-18.8,-11.2,0.0,7.24,0.0
2016,23,-6.8,-11.2,-9.3,0.0,6.12,0.0
2016,24,-3.3,-15.8,-9.4,0.1,8.35,0.0
2016,25,2.6,-7.6,-3.2,0.0,7.6,0.0
2016,26,6.6,-2.2,1.8,1.4,4.19,0.0
2016,27,-2.5,-6.2,-3.5,1.8,5.85,0.0
2016,28,2.1,-6.5,-2.6,0.0,7.46,0.0
2016,29,-0.8,-8.1,-5.1,2.2,5.43,0.0
2016,30,6.7,-9.0,-1.6,0.0,8.14,0.0
2016,31,9.6,1.9,5.4,0.5,5.48,0.0
2016,32,9.9,-2.0,2.9,1.0,8.59,0.0
2016,33,5.3,-2.9,0.6,0.0,9.78,0.0
2016,34,10.7,2.5,5.3,14.6,3.66,0.0
2016,35,2.0,-2.4,-0.3,0.2,4.97,0.0
2016,36,-1.3,-4.9,-3.1,1.8,8.1,0.0
2016,37,0.8,-4.9,-2.3,0.0,9.25,0.0
2016,38,6.3,-3.5,0.1,0.0,11.33,0.0
2016,39,4.9,-1.2,0.8,0.2,6.93,0.0
2016,40,1.5,-3.2,-0.8,1.6,9.29,0.0
2016,41,-2.7,-10.4,-5.1,2.8,7.28,0.0
2016,42,-10.9,-14.6,-12.9,0.0,10.12,0.0
2016,43,-6.9,-13.9,-10.7,1.5,10.2,0.0
2016,44,-10.8,-22.3,-18.7,0.2,11.97,0.0
2016,45,-13.7,-26.5,-20.4,0.0,13.81,0.0
2016,46,-4.2,-20.0,-10.1,0.1,7.21,0.0
2016,47,-2.4,-4.6,-3.4,35.8,2.09,0.0
2016,48,-2.1,-8.3,-4.9,1.4,8.54,0.0
2016,49,-5.8,-15.3,-11.1,0.1,14.23,0.0
2016,50,2.4,-13.4,-3.9,0.1,7.4,0.0
2016,51,9.8,0.8,5.3,2.9,12.03,0.0
2016,52,2.6,-3.7,-0.5,0.0,7.8,0.0
2016,53,-1.2,-9.1,-4.9,0.0,9.64,0.0
2016,54,4.2,-12.6,-4.2,0.0,10.83,0.0
2016,55,6.0,-0.2,1.8,18.1,1.57,0.0
2016,56,6.4,-5.5,0.5,6.1,4.8,0.0
2016,57,-6.1,-9.6,-7.7,0.0,11.96,0.0
2016,58,2.1,-9.2,-3.8,0.0,14.26,0.0
2016,59,12.4,0.5,5.8,0.0,15.35,0.0
2016,60,9.4,-3.9,2.9,5.0,11.09,0.0
2016,61,4.7,-7.8,-2.0,1.1,10.52,0.0
2016,62,4.4,-9.2,-5.7,3.5,10.53,0.0
2016,63,-2.8,-12.4,-7.6,0.0,14.92,0.0
2016,64,-0.7,-9.6,-5.4,0.3,12.41,0.0
2016,65,-0.9,-9.0,-5.1,0.0,10.33,0.0
2016,66,2.7,-6.9,-2.7,0.0,17.47,0.0
2016,67,12.1,-1.7,5.1,0.0,15.31,0.0
2016,68,17.0,2.6,8.6,0.0,14.1,0.0
2016,69,19.4,6.3,11.8,0.0,14.4,0.0
2016,70,10.9,6.4,9.4,13.4,1.3,0.0
2016,71,7.8,0.6,3.7,0.3,16.88,0.0
2016,72,14.8,-2.0,5.5,0.0,18.15,0.0
2016,73,9.2,0.9,5.1,0.6,10.03,0.0
2016,74,8.9,5.4,6.5,6.6,6.82,0.0
2016,75,7.9,4.8,5.9,4.8,2.24,0.0
2016,76,12.3,4.7,7.6,4.0,7.96,0.0
2016,77,9.8,1.7,5.7,0.8,17.77,0.0
2016,78,3.4,-2.0,1.2,2.6,14.87,0.0
2016,79,1.7,-4.9,-2.4,0.0,21.15,0.0
2016,80,4.0,-6.4,-2.2,0.0,18.26,0.0
2016,81,1.1,-5.2,-2.6,0.9,16.96,0.0
2016,82,7.8,-4.1,1.9,1.0,13.32,0.0
2016,83,8.0,-0.8,3.9,4.3,6.92,0.0
2016,84,17.8,-0.8,7.9,5.6,9.86,0.0
2016,85,11.2,-2.7,2.9,8.5,8.79,0.0
2016,86,9.7,-3.3,2.2,0.0,21.8,0.0
2016,87,18.2,0.6,8.3,0.0,22.0,0.0
2016,88,9.1,0.7,5.1,12.4,5.9,0.0
2016,89,3.4,-2.4,0.2,0.0,23.33,0.0
2016,90,14.4,-3.1,5.8,0.0,22.16,0.0
2016,91,14.4,8.5,11.3,13.4,4.49,0.0
2016,92,12.7,2.9,8.6,11.0,8.99,0.0
2016,93,4.2,-1.8,1.6,3.2,15.97,0.0
2016,94,-2.5,-7.2,-4.5,5.8,19.28,0.0
2016,95,-3.9,-9.0,-5.2,7.6,10.76,0.0
2016,96,-2.5,-12.7,-6.9,0.0,24.73,0.0
2016,97,7.3,-8.4,0.3,0.2,10.74,0.0
2016,98,7.2,-0.8,4.4,0.3,10.57,0.0
2016,99,-0.1,-5.3,-2.5,1.2,14.39,0.0
2016,100,-2.1,-8.5,-4.8,0.6,18.81,0.0
2016,101,1.7,-8.0,-3.1,5.8,15.59,0.0
2016,102,9.0,0.6,6.0,7.7,3.56,0.0
2016,103,6.7,-2.3,1.3,2.3,17.33,0.0
2016,104,5.8,-3.7,0.5,0.0,20.76,0.0
2016,105,10.4,-3.3,2.9,0.0,25.89,0.0
2016,106,16.0,-1.0,7.0,0.0,25.74,0.0
2016,107,18.4,1.1,9.7,0.0,25.61,0.0
2016,108,20.2,2.8,11.6,0.0,26.11,0.0
2016,109,19.6,4.7,12.3,0.0,25.92,0.0
2016,110,12.1,4.5,8.2,0.0,22.93,0.0
2016,111,16.0,1.4,8.1,0.0,27.35,0.0
2016,112,21.4,5.6,12.6,0.2,19.98,0.0
2016,113,16.1,9.8,13.1,3.0,12.32,0.0
2016,114,9.8,2.8,6.2,0.0,24.84,0.0
2016,115,12.5,-0.4,5.8,0.0,25.33,0.0
2016,116,15.3,3.4,7.9,2.1,16.5,0.0
2016,117,5.6,0.5,3.5,9.8,5.78,0.0
2016,118,11.2,-1.8,4.3,0.0,28.16,0.0
2016,119,10.6,-0.0,4.2,0.0,13.9,0.0
2016,120,9.5,2.5,5.3,2.1,9.5,0.0
2016,121,13.9,3.5,8.7,0.1,19.81,0.0
2016,122,12.7,6.8,8.9,12.8,4.61,0.0
2016,123,7.4,4.5,5.8,11.3,5.89,0.0
2016,124,11.5,2.8,7.3,0.0,16.47,0.0
2016,125,14.1,4.0,8.5,2.4,20.5,0.0
2016,126,12.2,4.9,8.4,0.6,20.38,0.0
2016,127,14.6,4.6,8.8,1.4,21.88,0.0
2016,128,16.9,7.3,11.3,1.5,18.61,0.0
2016,129,11.0,4.0,7.8,3.6,25.91,0.0
2016,130,11.9,1.9,7.0,0.0,28.52,0.0
2016,131,15.7,1.3,8.7,0.0,25.98,0.0
2016,132,19.6,4.4,11.9,0.0,24.57,0.0
2016,133,22.8,7.6,15.8,0.0,22.65,0.0
2016,134,16.2,10.7,14.1,5.4,16.47,0.0
2016,135,11.5,4.2,8.8,3.6,11.41,0.0
2016,136,4.5,0.5,2.4,1.7,21.35,0.0
2016,137,12.1,0.3,6.1,1.4,29.28,0.0
2016,138,13.7,6.0,9.3,0.3,21.88,0.0
2016,139,14.3,3.2,8.5,0.0,25.42,0.0
2016,140,15.1,3.5,9.9,0.5,25.01,0.0
2016,141,19.8,4.4,12.7,0.0,28.54,0.0
2016,142,15.6,9.0,11.8,2.1,11.13,0.0
2016,143,17.6,7.1,12.3,0.7,21.93,0.0
2016,144,21.7,9.1,15.4,0.0,28.72,0.0
2016,145,22.0,9.1,15.7,0.0,30.55,0.0
2016,146,24.5,11.7,18.1,0.0,24.99,0.0
2016,147,24.7,14.2,19.0,2.9,18.79,0.0
2016,148,25.9,16.0,20.6,3.1,23.87,0.0
2016,149,28.9,15.7,22.2,0.5,24.69,0.0
2016,150,26.8,17.8,21.5,1.0,18.73,0.0
2016,151,24.0,15.6,19.6,1.8,26.12,0.0
2016,152,24.2,13.1,18.4,0.0,27.71,0.0
2016,153,26.2,10.3,18.1,0.0,28.84,0.0
2016,154,24.1,17.5,20.3,4.0,19.09,0.0
2016,155,25.2,13.9,19.4,0.0,28.37,0.0
2016,156,25.4,12.3,19.2,0.6,25.2,0.0
2016,157,20.6,15.1,17.8,10.5,13.21,0.0
2016,158,21.0,13.6,17.0,0.0,26.87,0.0
2016,159,16.4,11.9,14.1,15.1,21.1,0.0
2016,160,12.7,7.5,9.9,1.7,16.39,0.0
2016,161,15.0,5.7,10.6,0.0,27.28,0.0
2016,162,19.0,6.9,13.2,0.0,30.63,0.0
2016,163,25.8,10.3,18.9,3.8,22.62,0.0
2016,164,19.9,11.5,14.9,0.0,23.3,0.0
2016,165,17.8,8.6,12.2,0.0,17.95,0.0
2016,166,20.5,7.4,13.8,0.0,31.36,0.0
2016,167,26.2,8.8,17.3,2.2,24.34,0.0
2016,168,24.4,14.2,19.4,4.1,21.64,0.0
2016,169,25.2,13.1,19.6,0.0,31.23,0.0
2016,170,27.2,12.8,20.4,0.0,29.5,0.0
2016,171,27.8,14.1,21.2,0.0,29.05,0.0
2016,172,27.5,17.4,22.3,17.2,24.85,0.0
2016,173,21.5,13.7,17.9,0.3,27.88,0.0
2016,174,21.1,13.5,16.9,0.2,28.58,0.0
2016,175,23.7,11.9,17.4,0.0,24.03,0.0
2016,176,25.2,10.6,18.5,0.0,31.28,0.0
2016,177,27.4,12.1,20.3,0.0,25.76,0.0
2016,178,29.6,16.6,23.1,0.0,27.94,0.0
2016,179,27.7,18.4,22.6,5.8,25.1,0.0
2016,180,22.4,15.4,19.1,0.0,23.99,0.0
2016,181,20.9,13.7,16.7,0.2,21.91,0.0
2016,182,24.1,11.4,18.0,0.0,29.8,0.0
2016,183,22.6,12.4,16.9,2.9,18.41,0.0
2016,184,21.1,10.6,15.8,0.0,26.54,0.0
2016,185,22.9,11.4,17.6,0.0,26.01,0.0
2016,186,27.8,11.0,19.7,0.0,27.0,0.0
2016,187,26.9,17.5,21.7,0.0,23.95,0.0
2016,188,29.1,16.9,23.1,0.0,23.16,0.0
2016,189,27.4,18.5,22.5,2.9,20.89,0.0
2016,190,23.7,18.5,21.0,12.2,13.96,0.0
2016,191,23.5,17.3,20.1,3.8,24.79,0.0
2016,192,22.3,15.3,18.3,1.4,21.43,0.0
2016,193,25.9,12.6,19.8,0.0,26.17,0.0
2016,194,28.3,15.3,22.4,0.0,20.3,0.0
2016,195,28.9,19.7,24.3,1.1,25.17,0.0
2016,196,26.3,19.3,22.0,8.0,17.18,0.0
2016,197,25.0,18.0,21.2,0.1,25.05,0.0
2016,198,22.2,14.4,18.6,0.0,18.6,0.0
2016,199,25.1,13.4,19.7,0.0,24.97,0.0
2016,200,25.5,18.2,22.2,1.4,17.02,0.0
2016,201,21.5,14.1,18.1,0.0,19.12,0.0
2016,202,25.2,11.9,18.9,0.0,28.08,0.0
2016,203,29.7,13.2,21.5,0.0,28.38,0.0
2016,204,29.3,20.7,24.1,2.0,24.03,0.0
2016,205,28.6,18.3,23.5,0.0,27.97,0.0
2016,206,31.2,17.7,23.8,0.1,21.83,0.0
2016,207,25.5,20.7,22.7,4.7,11.46,0.0
2016,208,26.2,17.1,21.6,0.0,27.74,0.0
2016,209,28.4,16.0,22.3,0.0,26.5,0.0
2016,210,28.3,17.3,22.4,0.4,19.84,0.0
2016,211,26.2,17.8,21.8,0.8,23.05,0.0
2016,212,23.0,16.8,19.5,4.5,13.65,0.0
2016,213,23.2,16.6,19.4,11.7,14.47,0.0
2016,214,24.1,17.4,20.2,3.0,17.63,0.0
2016,215,26.1,16.0,20.7,0.0,27.14,0.0
2016,216,27.5,15.3,21.3,0.0,23.24,0.0
2016,217,29.5,17.3,23.1,0.0,25.74,0.0
2016,218,29.3,19.0,23.6,0.0,21.42,0.0
2016,219,24.5,18.4,21.1,4.4,23.9,0.0
2016,220,24.5,15.4,19.9,0.0,25.08,0.0
2016,221,26.4,14.9,20.5,0.0,27.27,0.0
2016,222,30.2,15.5,22.4,0.2,23.14,0.0
2016,223,28.9,19.6,23.1,10.9,17.56,0.0
2016,224,30.4,20.0,24.5,0.6,22.31,0.0
2016,225,29.5,21.9,25.0,5.9,20.79,0.0
2016,226,29.1,21.6,24.0,12.5,16.14,0.0
2016,227,25.1,20.2,22.2,2.5,16.21,0.0
2016,228,25.0,17.8,21.0,0.0,14.02,0.0
2016,229,28.0,19.1,21.5,19.7,12.56,0.0
2016,230,26.3,15.6,20.8,0.0,22.36,0.0
2016,231,23.6,17.9,20.3,1.3,16.61,0.0
2016,232,26.3,16.0,20.9,0.4,20.29,0.0
2016,233,28.9,18.0,22.5,3.1,20.73,0.0
2016,234,22.3,16.7,19.9,7.6,10.17,0.0
2016,235,19.3,13.3,16.3,0.0,19.43,0.0
2016,236,24.2,12.3,18.1,0.0,24.03,0.0
2016,237,27.8,14.8,20.9,0.0,24.19,0.0
2016,238,26.6,19.5,22.2,6.5,12.89,0.0
2016,239,26.2,19.0,21.9,0.7,19.23,0.0
2016,240,28.6,16.2,21.9,0.0,22.73,0.0
2016,241,28.6,20.0,23.5,1.0,20.67,0.0
2016,242,24.9,16.4,20.5,0.1,22.65,0.0
2016,243,26.5,13.2,19.9,0.0,22.47,0.0
2016,244,24.5,17.6,19.8,6.1,12.88,0.0
2016,245,19.7,14.7,17.0,0.0,18.03,0.0
2016,246,20.3,13.5,16.2,0.0,18.28,0.0
2016,247,22.3,10.4,15.9,0.0,23.22,0.0
2016,248,25.5,9.4,17.5,0.0,23.14,0.0
2016,249,26.9,12.2,19.4,0.0,22.77,0.0
2016,250,27.5,15.1,21.1,0.0,18.56,0.0
2016,251,27.8,18.4,22.7,3.6,17.08,0.0
2016,252,27.3,20.5,23.0,4.1,13.06,0.0
2016,253,25.7,19.5,21.8,1.3,16.7,0.0
2016,254,29.0,18.0,22.6,1.9,14.22,0.0
2016,255,19.2,13.0,16.2,3.2,18.58,0.0
2016,256,22.2,10.0,16.0,0.0,21.27,0.0
2016,257,25.3,11.5,18.2,0.0,20.92,0.0
2016,258,19.1,12.4,17.0,0.8,12.29,0.0
2016,259,19.3,9.4,13.8,0.0,19.93,0.0
2016,260,24.4,9.3,16.4,0.0,18.9,0.0
2016,261,26.2,15.8,19.1,13.2,11.97,0.0
2016,262,24.0,17.7,19.8,4.2,13.23,0.0
2016,263,24.1,15.2,19.1,0.0,16.43,0.0
2016,264,26.0,13.6,19.1,0.0,18.23,0.0
2016,265,25.4,12.3,18.8,0.0,19.45,0.0
2016,266,26.4,13.4,19.5,0.0,18.66,0.0
2016,267,20.3,13.2,17.0,0.4,8.19,0.0
2016,268,15.8,9.6,12.5,0.0,16.95,0.0
2016,269,16.9,6.8,11.4,0.0,19.03,0.0
2016,270,23.1,9.5,14.5,8.3,12.58,0.0
2016,271,18.3,9.5,13.4,0.0,16.32,0.0
2016,272,20.4,10.2,15.1,0.0,14.46,0.0
2016,273,14.7,11.3,12.5,18.7,2.1,0.0
2016,274,15.5,11.7,12.6,0.1,7.01,0.0
2016,275,16.9,11.4,13.6,14.7,6.44,0.0
2016,276,18.1,12.0,14.1,8.3,10.67,0.0
2016,277,17.0,11.5,13.5,2.1,10.55,0.0
2016,278,20.0,11.1,14.6,0.0,15.23,0.0
2016,279,20.0,10.2,14.4,0.0,16.68,0.0
2016,280,22.8,9.9,15.6,0.0,15.73,0.0
2016,281,22.2,10.9,16.3,0.0,15.95,0.0
2016,282,15.4,9.5,13.8,2.1,6.01,0.0
2016,283,10.7,7.0,8.5,0.0,9.17,0.0
2016,284,11.0,3.8,6.8,0.0,15.15,0.0
2016,285,18.0,2.2,9.4,0.0,14.25,0.0
2016,286,20.9,8.4,13.8,0.0,15.42,0.0
2016,287,14.1,6.4,10.8,2.5,5.36,0.0
2016,288,12.8,3.0,7.4,0.0,15.67,0.0
2016,289,19.9,5.3,11.7,0.0,15.29,0.0
2016,290,21.4,13.2,16.4,2.2,10.29,0.0
2016,291,21.5,13.9,17.2,2.1,6.75,0.0
2016,292,24.0,16.9,19.5,4.2,10.5,0.0
2016,293,17.8,10.7,14.2,0.3,14.16,0.0
2016,294,11.5,9.4,10.5,50.8,1.69,0.0
2016,295,9.3,5.4,7.7,52.5,0.89,0.0
2016,296,5.5,3.0,4.0,3.4,3.88,0.0
2016,297,10.0,3.5,6.7,1.0,7.11,0.0
2016,298,6.7,3.9,5.6,0.9,7.08,0.0
2016,299,4.9,1.1,2.8,1.6,8.91,0.0
2016,300,3.6,-0.5,1.4,0.2,8.48,0.0
2016,301,7.1,0.3,2.8,12.7,1.34,0.0
2016,302,5.9,0.2,2.3,0.3,10.05,0.0
2016,303,16.4,2.8,11.3,0.0,4.05,0.0
2016,304,11.1,3.7,7.4,5.3,2.17,0.0
2016,305,7.1,1.6,3.6,0.0,10.47,0.0
2016,306,17.7,1.8,9.3,0.0,10.49,0.0
2016,307,20.0,12.1,14.8,1.2,7.5,0.0
2016,308,12.9,7.2,11.2,22.4,6.98,0.0
2016,309,7.4,4.0,5.7,0.0,10.02,0.0
2016,310,11.9,4.6,7.8,0.0,7.94,0.0
2016,311,10.0,3.3,6.6,0.0,10.91,0.0
2016,312,14.8,0.8,6.6,0.0,11.35,0.0
2016,313,14.6,4.5,8.8,1.8,8.64,0.0
2016,314,8.7,2.9,5.7,4.4,1.84,0.0
2016,315,12.0,0.7,6.3,0.0,10.11,0.0
2016,316,9.0,0.6,4.6,1.3,4.68,0.0
2016,317,5.6,-2.1,1.5,0.0,10.56,0.0
2016,318,10.7,2.6,5.8,0.0,10.63,0.0
2016,319,11.9,2.9,6.4,0.0,10.53,0.0
2016,320,11.3,1.4,5.1,0.0,10.09,0.0
2016,321,7.8,0.6,4.5,1.3,3.48,0.0
2016,322,10.1,3.8,5.9,0.0,7.82,0.0
2016,323,19.2,3.7,10.3,0.0,9.17,0.0
2016,324,13.9,-0.1,7.5,6.0,5.26,0.0
2016,325,-0.4,-3.7,-1.8,6.1,3.23,0.0
2016,326,-2.8,-4.5,-3.7,3.1,4.15,0.0
2016,327,-1.7,-3.6,-2.8,0.4,4.63,0.0
2016,328,1.7,-5.1,-2.0,0.9,7.04,0.0
2016,329,3.6,-0.9,1.5,3.7,1.28,0.0
2016,330,4.5,1.6,3.0,1.2,2.88,0.0
2016,331,3.0,-0.8,1.0,5.7,4.53,0.0
2016,332,3.9,-1.1,0.9,0.3,5.75,0.0
2016,333,9.0,-1.2,3.0,0.0,7.6,0.0
2016,334,11.5,3.7,7.1,2.6,3.23,0.0
2016,335,12.0,4.7,8.8,2.9,3.83,0.0
2016,336,9.5,0.8,2.8,11.5,4.79,0.0
2016,337,2.6,0.3,1.3,2.0,5.66,0.0
2016,338,2.2,-0.7,0.4,1.3,4.63,0.0
2016,339,1.8,-2.1,-0.4,0.6,5.0,0.0
2016,340,3.0,0.0,1.3,3.7,4.65,0.0
2016,341,4.6,-2.8,0.4,7.0,5.53,0.0
2016,342,1.8,-1.4,0.6,0.8,4.87,0.0
2016,343,-1.4,-4.2,-2.5,0.8,5.73,0.0
2016,344,-3.8,-7.2,-5.0,0.6,6.83,0.0
2016,345,-4.4,-10.2,-7.3,1.5,5.45,0.0
2016,346,-3.7,-9.1,-6.1,4.5,3.6,0.0
2016,347,1.5,-3.6,-1.0,5.8,4.56,0.0
2016,348,-1.8,-5.2,-3.5,0.3,4.5,0.0
2016,349,-3.5,-10.0,-7.4,2.6,5.41,0.0
2016,350,-9.7,-14.6,-12.3,1.0,6.79,0.0
2016,351,-8.7,-13.4,-11.2,0.3,6.52,0.0
2016,352,3.7,-9.5,-2.9,7.4,2.53,0.0
2016,353,2.7,-12.3,-3.8,21.7,3.75,0.0
2016,354,-7.7,-19.0,-12.6,0.0,6.08,0.0
2016,355,-2.1,-12.9,-7.7,0.0,6.27,0.0
2016,356,-0.1,-4.6,-2.9,0.0,6.67,0.0
2016,357,-0.1,-2.7,-1.3,2.1,3.86,0.0
2016,358,1.7,-3.3,-1.0,0.0,6.33,0.0
2016,359,2.5,-0.3,1.4,2.3,3.11,0.0
2016,360,0.3,-6.3,-1.8,0.0,3.95,0.0
2016,361,8.5,-6.7,1.9,4.2,3.15,0.0
2016,362,9.1,-2.8,1.0,7.3,2.82,0.0
2016,363,-2.6,-6.7,-4.1,0.2,4.26,0.0
2016,364,0.7,-5.9,-1.4,5.9,4.6,0.0
2016,365,-2.8,-6.1,-4.1,2.9,6.3,0.0
2016,366,1.5,-7.4,-2.4,2.2,5.19,0.0
2017,1,0.9,-5.6,-2.8,1.5,7.83,0.0
2017,2,1.9,-5.2,-0.8,1.3,1.64,0.0
2017,3,3.2,1.4,2.4,12.3,0.92,0.0
2017,4,2.7,-9.9,-2.6,4.3,6.18,0.0
2017,5,-7.4,-10.6,-9.4,4.3,3.09,0.0
2017,6,-10.1,-15.9,-12.5,3.2,4.85,0.0
2017,7,-9.9,-21.0,-14.4,1.6,6.38,0.0
2017,8,-11.1,-15.7,-13.4,1.4,7.1,0.0
2017,9,-5.8,-17.0,-11.6,0.1,6.48,0.0
2017,10,0.6,-10.2,-4.5,6.0,1.59,0.0
2017,11,6.9,-0.3,3.5,2.7,7.82,0.0
2017,12,10.1,-0.8,6.7,21.7,2.12,0.0
2017,13,-1.9,-7.1,-5.1,0.2,7.34,0.0
2017,14,0.2,-7.9,-4.7,0.0,3.12,0.0
2017,15,-0.4,-7.7,-5.0,0.0,8.5,0.0
2017,16,5.5,-5.8,-1.0,0.0,7.99,0.0
2017,17,5.8,-0.9,2.4,9.9,1.49,0.0
2017,18,5.1,0.1,1.3,0.4,1.61,0.0
2017,19,2.0,-2.2,0.1,0.4,4.06,0.0
2017,20,5.9,-2.2,1.9,5.1,3.16,0.0
2017,21,13.4,5.3,8.1,0.0,6.96,0.0
2017,22,10.9,1.0,6.1,0.3,5.3,0.0
2017,23,6.2,-1.0,3.5,0.4,5.24,0.0
2017,24,-1.3,-2.8,-2.1,13.8,2.2,0.0
2017,25,5.3,-3.6,0.8,0.6,5.12,0.0
2017,26,5.1,-1.3,1.2,5.9,3.98,0.0
2017,27,-1.4,-3.8,-2.7,2.6,7.99,0.0
2017,28,-2.9,-5.5,-4.2,2.9,4.57,0.0
2017,29,-4.4,-9.6,-6.2,1.8,9.32,0.0
2017,30,-6.6,-12.4,-10.3,0.5,9.44,0.0
2017,31,-1.0,-13.9,-7.0,3.3,5.08,0.0
2017,32,-0.8,-6.6,-3.2,2.3,9.53,0.0
2017,33,-4.8,-9.5,-6.9,2.5,10.2,0.0
2017,34,-8.6,-12.1,-10.1,1.4,5.22,0.0
2017,35,-5.5,-12.2,-9.1,0.0,7.24,0.0
2017,36,-0.7,-7.3,-4.2,0.9,6.24,0.0
2017,37,1.5,-10.4,-5.0,0.0,11.72,0.0
2017,38,10.3,-2.5,3.5,8.7,2.27,0.0
2017,39,9.4,-5.7,0.5,3.6,7.17,0.0
2017,40,-6.2,-10.3,-8.8,1.7,9.88,0.0
2017,41,-3.2,-10.7,-7.3,2.1,9.1,0.0
2017,42,4.9,-3.5,0.4,0.4,9.5,0.0
2017,43,1.5,-2.0,-0.4,18.0,1.83,0.0
2017,44,-3.0,-6.7,-4.8,3.8,7.37,0.0
2017,45,5.2,-7.4,-1.8,0.0,13.24,0.0
2017,46,-0.1,-6.8,-2.1,6.1,9.32,0.0
2017,47,-6.4,-9.3,-7.9,2.3,6.46,0.0
2017,48,2.7,-12.1,-5.4,0.0,14.4,0.0
2017,49,13.7,-0.4,7.1,0.0,13.59,0.0
2017,50,10.6,0.1,5.3,0.0,14.36,0.0
2017,51,5.5,-3.5,0.4,0.0,14.38,0.0
2017,52,11.9,-3.5,4.6,1.1,8.52,0.0
2017,53,16.4,5.3,10.1,0.3,9.72,0.0
2017,54,15.5,7.3,11.0,0.5,7.12,0.0
2017,55,20.3,4.5,12.2,6.4,10.06,0.0
2017,56,14.9,-3.5,6.8,13.4,4.94,0.0
2017,57,-1.5,-6.1,-3.7,0.4,9.45,0.0
2017,58,7.2,-1.5,2.3,0.0,13.89,0.0
2017,59,13.8,-0.2,6.6,0.5,8.31,0.0
2017,60,15.7,3.8,11.7,4.3,11.14,0.0
2017,61,1.9,-7.2,-4.1,1.8,13.87,0.0
2017,62,-4.7,-10.1,-7.5,1.9,10.88,0.0
2017,63,-8.4,-13.8,-10.8,0.6,15.1,0.0
2017,64,1.9,-15.1,-7.3,0.0,17.78,0.0
2017,65,13.4,-3.0,5.1,0.0,12.41,0.0
2017,66,11.6,5.4,8.6,10.6,4.6,0.0
2017,67,8.4,-0.6,3.9,2.8,17.06,0.0
2017,68,2.6,-2.2,-0.3,0.0,13.8,0.0
2017,69,-2.3,-11.9,-5.9,2.2,12.43,0.0
2017,70,-7.1,-12.2,-10.1,2.2,14.17,0.0
2017,71,-7.2,-14.4,-10.6,1.3,13.87,0.0
2017,72,-3.0,-12.9,-9.0,1.5,11.07,0.0
2017,73,-6.8,-10.9,-9.3,14.5,6.29,0.0
2017,74,-5.8,-12.9,-9.8,7.2,10.1,0.0
2017,75,-1.5,-9.4,-6.1,0.3,19.18,0.0
2017,76,3.4,-9.1,-3.4,0.0,20.35,0.0
2017,77,4.4,-5.3,-0.4,5.4,6.79,0.0
2017,78,3.5,-3.1,0.4,0.2,9.62,0.0
2017,79,4.5,-4.6,-0.3,0.9,11.53,0.0
2017,80,6.8,-2.2,2.6,0.0,20.79,0.0
2017,81,-2.7,-11.9,-8.4,0.4,19.88,0.0
2017,82,2.8,-15.9,-6.0,0.0,22.09,0.0
2017,83,16.5,-2.0,7.3,4.7,11.67,0.0
2017,84,3.8,-0.3,0.9,7.9,3.18,0.0
2017,85,13.1,-0.2,5.9,1.7,14.25,0.0
2017,86,13.4,4.7,8.2,4.4,10.41,0.0
2017,87,10.6,3.5,7.4,0.4,5.9,0.0
2017,88,7.8,-0.4,3.4,0.0,16.45,0.0
2017,89,4.4,-2.0,0.9,7.0,7.39,0.0
2017,90,4.6,1.6,3.4,18.1,3.2,0.0
2017,91,3.8,-0.3,1.7,1.3,5.85,0.0
2017,92,11.2,-1.0,4.7,0.0,16.38,0.0
2017,93,17.2,3.8,9.7,2.7,13.71,0.0
2017,94,16.7,4.6,9.4,16.8,10.73,0.0
2017,95,13.6,1.8,6.6,0.1,20.26,0.0
2017,96,8.8,0.9,7.0,27.6,4.1,0.0
2017,97,0.2,-1.8,-0.9,13.9,6.65,0.0
2017,98,6.4,-3.3,1.4,0.0,24.84,0.0
2017,99,18.7,0.9,9.6,0.0,23.38,0.0
2017,100,22.5,11.0,16.2,0.0,18.66,0.0
2017,101,19.9,12.1,15.2,2.6,10.8,0.0
2017,102,11.4,2.7,7.1,0.0,17.72,0.0
2017,103,9.9,-0.2,4.9,0.0,19.85,0.0
2017,104,15.0,2.1,8.2,0.0,24.63,0.0
2017,105,21.8,5.7,13.9,0.8,13.41,0.0
2017,106,21.4,13.2,17.5,3.5,19.5,0.0
2017,107,13.1,3.3,9.8,0.3,22.72,0.0
2017,108,13.4,-0.6,6.1,0.0,26.13,0.0
2017,109,15.2,6.3,11.3,12.0,11.82,0.0
2017,110,13.4,4.8,9.1,19.2,7.85,0.0
2017,111,14.4,6.1,10.9,4.0,11.48,0.0
2017,112,8.0,2.9,5.2,0.0,12.84,0.0
2017,113,17.0,1.1,9.0,0.0,27.14,0.0
2017,114,16.7,3.0,9.7,0.0,27.0,0.0
2017,115,15.9,6.8,10.4,6.8,9.29,0.0
2017,116,21.1,10.0,14.8,0.0,15.23,0.0
2017,117,26.0,12.4,18.2,7.4,22.49,0.0
2017,118,20.0,7.0,13.5,0.0,22.93,0.0
2017,119,14.8,8.1,12.2,0.0,8.76,0.0
2017,120,19.3,3.2,10.1,12.8,15.45,0.0
2017,121,22.4,12.9,16.7,21.9,7.58,0.0
2017,122,11.4,4.7,7.9,5.4,11.06,0.0
2017,123,10.9,2.7,6.3,1.1,23.46,0.0
2017,124,10.6,3.2,6.7,6.2,8.52,0.0
2017,125,12.9,7.2,9.4,26.5,3.5,0.0
2017,126,10.1,2.9,5.5,25.4,5.34,0.0
2017,127,5.9,1.1,3.0,6.3,10.38,0.0
2017,128,7.7,-0.6,3.8,0.3,20.88,0.0
2017,129,11.0,-0.5,5.4,0.0,25.76,0.0
2017,130,12.4,0.2,6.2,0.0,27.44,0.0
2017,131,12.2,3.3,7.4,0.0,13.14,0.0
2017,132,13.9,5.3,9.6,0.6,13.11,0.0
2017,133,14.4,6.8,9.4,6.7,12.16,0.0
2017,134,13.6,6.3,9.4,3.0,22.74,0.0
2017,135,15.4,4.1,9.8,0.0,26.75,0.0
2017,136,19.3,6.5,13.0,0.3,16.41,0.0
2017,137,26.3,16.4,21.5,0.0,23.52,0.0
2017,138,25.3,20.4,22.0,2.8,19.88,0.0
2017,139,20.2,8.8,14.1,0.0,19.87,0.0
2017,140,18.0,6.7,11.3,0.0,27.24,0.0
2017,141,21.9,10.8,14.3,12.5,16.68,0.0
2017,142,14.8,8.7,12.4,0.4,12.99,0.0
2017,143,20.0,8.4,14.4,0.0,20.34,0.0
2017,144,21.4,10.0,15.5,0.0,18.89,0.0
2017,145,14.8,10.4,12.2,28.2,5.86,0.0
2017,146,13.3,10.7,11.9,0.6,6.65,0.0
2017,147,15.8,10.7,13.6,0.9,10.91,0.0
2017,148,21.7,8.9,15.7,1.7,18.98,0.0
2017,149,21.4,14.4,16.9,5.4,20.5,0.0
2017,150,20.3,13.1,16.1,7.3,20.57,0.0
2017,151,19.6,10.5,15.3,3.5,25.52,0.0
2017,152,16.0,8.8,12.9,0.7,24.99,0.0
2017,153,15.4,8.2,11.9,0.1,24.18,0.0
2017,154,18.3,8.4,12.8,0.2,30.66,0.0
2017,155,19.4,9.0,13.8,13.1,10.54,0.0
2017,156,18.5,11.9,15.4,8.6,10.49,0.0
2017,157,15.4,8.7,11.6,4.5,14.36,0.0
2017,158,18.1,7.6,12.1,0.0,23.91,0.0
2017,159,20.9,8.6,15.1,0.0,25.15,0.0
2017,160,21.5,11.4,16.4,0.0,28.34,0.0
2017,161,24.5,14.3,19.4,0.8,27.33,0.0
2017,162,26.8,18.5,22.2,0.0,30.3,0.0
2017,163,27.5,19.2,23.1,0.0,26.68,0.0
2017,164,27.9,17.2,22.6,4.3,22.67,0.0
2017,165,23.8,14.4,18.4,0.0,30.32,0.0
2017,166,25.0,14.2,19.0,22.4,17.59,0.0
2017,167,26.6,17.8,21.7,2.7,24.71,0.0
2017,168,28.0,17.7,22.5,0.0,27.4,0.0
2017,169,27.0,19.1,22.1,28.3,17.95,0.0
2017,170,22.9,16.9,19.3,3.1,15.57,0.0
2017,171,20.4,13.9,16.3,8.9,22.05,0.0
2017,172,20.0,12.1,15.9,1.8,23.74,0.0
2017,173,25.8,11.8,18.8,1.5,23.32,0.0
2017,174,23.9,18.8,21.0,3.6,13.98,0.0
2017,175,21.8,14.8,18.3,2.1,25.87,0.0
2017,176,19.0,13.1,15.6,1.4,24.55,0.0
2017,177,19.0,11.2,14.1,1.3,23.23,0.0
2017,178,15.9,9.9,12.3,9.6,21.72,0.0
2017,179,20.5,10.6,15.7,0.2,25.63,0.0
2017,180,24.6,14.4,19.8,1.7,18.01,0.0
2017,181,23.6,18.8,20.1,9.3,12.93,0.0
2017,182,24.4,18.2,19.8,16.3,13.27,0.0
2017,183,22.7,16.5,19.5,1.5,23.0,0.0
2017,184,22.9,15.2,19.0,0.0,28.36,0.0
2017,185,22.9,15.0,18.6,0.1,23.68,0.0
2017,186,26.1,13.4,19.9,0.1,23.86,0.0
2017,187,26.6,18.1,21.7,0.3,21.28,0.0
2017,188,23.4,17.5,20.4,2.9,19.81,0.0
2017,189,19.6,14.9,17.6,7.6,19.72,0.0
2017,190,22.9,12.4,17.8,0.7,27.08,0.0
2017,191,24.0,14.9,19.4,3.6,20.15,0.0
2017,192,24.8,17.1,20.4,1.9,19.59,0.0
2017,193,24.8,18.5,21.3,5.1,15.01,0.0
2017,194,23.5,19.1,20.4,10.5,9.09,0.0
2017,195,24.4,17.9,21.4,1.2,23.49,0.0
2017,196,21.2,15.4,18.0,1.1,15.09,0.0
2017,197,25.8,15.4,19.6,2.9,23.73,0.0
2017,198,24.2,15.2,19.5,8.0,25.34,0.0
2017,199,24.8,14.5,19.4,0.0,28.79,0.0
2017,200,27.5,15.9,21.8,0.0,24.29,0.0
2017,201,27.2,17.6,21.6,2.9,18.36,0.0
2017,202,27.0,17.9,22.0,0.9,23.06,0.0
2017,203,23.2,17.7,20.5,0.0,9.7,0.0
2017,204,24.1,17.6,20.3,6.8,17.54,0.0
2017,205,21.5,15.9,18.8,5.7,19.83,0.0
2017,206,17.0,13.5,15.2,1.8,10.13,0.0
2017,207,24.2,11.8,17.8,0.0,24.62,0.0
2017,208,23.9,16.5,19.8,6.1,13.85,0.0
2017,209,20.4,13.4,17.6,0.2,15.08,0.0
2017,210,21.9,13.2,17.4,0.0,27.13,0.0
2017,211,25.0,15.0,20.1,0.3,23.53,0.0
2017,212,25.9,15.1,20.1,3.9,23.99,0.0
2017,213,25.5,16.6,21.2,1.0,22.71,0.0
2017,214,26.1,17.5,21.4,0.4,22.85,0.0
2017,215,26.8,17.0,21.2,2.0,22.17,0.0
2017,216,25.8,17.5,20.8,12.4,20.77,0.0
2017,217,17.9,12.4,15.1,0.5,19.21,0.0
2017,218,21.9,11.6,16.6,0.0,21.7,0.0
2017,219,23.3,14.3,17.6,0.9,16.59,0.0
2017,220,21.5,13.4,16.8,0.1,21.97,0.0
2017,221,24.0,14.9,19.1,0.4,22.29,0.0
2017,222,25.8,15.1,20.1,0.0,22.89,0.0
2017,223,23.6,15.8,19.4,0.1,13.43,0.0
2017,224,22.6,15.9,18.9,1.4,18.49,0.0
2017,225,23.1,14.8,18.2,0.0,21.79,0.0
2017,226,24.4,13.8,19.0,0.5,18.96,0.0
2017,227,25.2,16.5,20.1,0.7,19.05,0.0
2017,228,23.9,14.8,18.8,0.1,19.03,0.0
2017,229,27.8,13.9,20.4,2.7,17.93,0.0
2017,230,25.5,19.1,21.8,5.2,19.55,0.0
2017,231,22.7,16.5,19.1,0.2,17.87,0.0
2017,232,24.5,14.0,19.1,0.0,21.7,0.0
2017,233,26.8,16.9,21.2,1.5,18.64,0.0
2017,234,27.2,16.8,21.3,9.1,12.84,0.0
2017,235,20.0,13.0,16.1,0.1,18.18,0.0
2017,236,18.0,10.6,14.4,1.0,15.12,0.0
2017,237,18.9,11.1,14.6,0.4,17.88,0.0
2017,238,20.8,10.5,15.0,0.0,24.17,0.0
2017,239,22.4,10.5,15.8,0.0,21.34,0.0
2017,240,21.8,12.1,16.3,0.0,18.09,0.0
2017,241,22.7,12.9,16.7,0.0,17.73,0.0
2017,242,22.6,12.0,16.9,0.0,18.97,0.0
2017,243,18.4,12.2,15.2,1.0,15.51,0.0
2017,244,15.9,7.3,11.6,0.0,19.69,0.0
2017,245,20.1,6.7,12.2,0.1,18.48,0.0
2017,246,16.5,11.1,13.4,8.2,10.54,0.0
2017,247,24.6,13.2,19.0,1.7,20.9,0.0
2017,248,19.6,13.8,16.4,11.2,11.97,0.0
2017,249,18.5,10.5,14.1,0.5,14.96,0.0
2017,250,15.7,9.1,11.9,0.1,16.02,0.0
2017,251,14.6,9.6,11.1,9.2,13.35,0.0
2017,252,15.1,7.8,11.0,0.0,20.28,0.0
2017,253,16.4,8.8,12.3,0.0,18.75,0.0
2017,254,21.5,8.8,14.4,0.0,21.72,0.0
2017,255,24.4,10.8,16.7,0.0,21.44,0.0
2017,256,24.3,12.3,17.3,3.0,14.55,0.0
2017,257,20.8,14.9,17.6,6.7,9.75,0.0
2017,258,23.0,14.1,18.3,1.0,15.87,0.0
2017,259,25.0,14.5,19.6,0.0,17.12,0.0
2017,260,24.8,15.7,20.0,0.3,14.95,0.0
2017,261,25.7,16.3,20.3,0.8,13.9,0.0
2017,262,24.5,15.6,19.6,0.5,14.41,0.0
2017,263,24.5,15.1,19.7,0.1,16.15,0.0
2017,264,25.9,15.6,19.8,0.0,19.04,0.0
2017,265,25.4,14.6,19.5,0.0,18.09,0.0
2017,266,27.6,15.9,21.4,0.0,18.37,0.0
2017,267,29.6,19.4,24.0,0.0,17.88,0.0
2017,268,29.6,18.9,24.1,0.0,16.86,0.0
2017,269,29.6,19.0,23.4,0.2,15.3,0.0
2017,270,27.6,15.4,21.8,0.4,15.01,0.0
2017,271,14.6,10.8,12.6,0.0,10.32,0.0
2017,272,15.8,7.9,11.2,1.5,9.97,0.0
2017,273,11.0,5.7,8.4,1.4,10.44,0.0
2017,274,16.1,3.5,9.3,0.0,18.26,0.0
2017,275,20.6,5.2,12.6,0.0,18.04,0.0
2017,276,23.5,10.2,15.7,0.0,17.61,0.0
2017,277,24.4,13.9,18.6,2.5,14.17,0.0
2017,278,20.0,13.4,16.0,4.3,16.23,0.0
2017,279,19.2,12.3,15.3,1.9,6.61,0.0
2017,280,25.5,14.9,19.3,3.4,11.87,0.0
2017,281,21.0,14.9,17.9,5.4,11.3,0.0
2017,282,19.1,14.2,16.1,30.1,3.68,0.0
2017,283,21.6,14.1,17.1,0.0,15.3,0.0
2017,284,13.7,8.6,11.1,10.1,2.71,0.0
2017,285,15.2,8.4,11.7,1.7,6.4,0.0
2017,286,18.0,10.9,13.2,0.5,9.63,0.0
2017,287,21.5,12.1,15.6,0.0,10.18,0.0
2017,288,23.0,9.6,17.0,12.0,7.96,0.0
2017,289,8.4,3.0,5.7,0.4,8.62,0.0
2017,290,14.3,1.8,8.1,0.0,14.75,0.0
2017,291,18.9,9.0,13.1,0.0,14.58,0.0
2017,292,18.2,10.3,13.5,0.0,13.8,0.0
2017,293,18.4,7.6,12.4,0.0,14.23,0.0
2017,294,20.9,10.6,15.1,0.0,11.06,0.0
2017,295,22.1,11.6,16.3,0.0,12.29,0.0
2017,296,19.0,12.4,15.9,2.0,7.48,0.0
2017,297,16.6,8.6,13.2,10.1,9.61,0.0
2017,298,8.9,5.0,6.9,0.2,6.28,0.0
2017,299,8.6,3.8,5.9,0.0,9.84,0.0
2017,300,16.1,3.3,9.0,0.0,10.5,0.0
2017,301,13.9,5.2,9.4,11.9,4.32,0.0
2017,302,5.2,3.2,4.0,38.2,1.11,0.0
2017,303,6.8,2.1,4.1,12.6,5.88,0.0
2017,304,4.2,1.3,2.2,4.6,6.42,0.0
2017,305,5.6,-0.5,2.7,2.4,3.05,0.0
2017,306,15.9,5.9,11.9,11.2,7.64,0.0
2017,307,14.9,2.3,9.0,5.0,3.57,0.0
2017,308,8.1,1.1,4.5,0.0,7.13,0.0
2017,309,12.5,7.6,9.9,21.8,2.76,0.0
2017,310,14.1,2.1,7.5,4.0,3.91,0.0
2017,311,3.6,-1.3,1.2,0.3,6.08,0.0
2017,312,5.9,-2.3,1.8,0.0,11.39,0.0
2017,313,7.2,-1.8,2.1,3.7,8.38,0.0
2017,314,-1.9,-9.2,-7.0,1.0,6.79,0.0
2017,315,0.0,-8.9,-4.7,0.0,10.35,0.0
2017,316,6.1,-4.6,0.0,0.6,8.15,0.0
2017,317,4.6,-1.0,1.4,1.2,5.16,0.0
2017,318,4.5,-0.9,1.5,0.0,4.63,0.0
2017,319,7.2,-2.1,2.2,0.1,7.71,0.0
2017,320,4.8,0.0,2.9,6.4,3.11,0.0
2017,321,1.5,-3.5,-1.1,0.1,8.7,0.0
2017,322,7.1,0.6,4.6,9.4,1.89,0.0
2017,323,8.1,-3.8,1.1,10.6,4.25,0.0
2017,324,2.8,-4.2,-1.2,2.2,3.83,0.0
2017,325,8.9,1.1,4.8,0.0,9.41,0.0
2017,326,5.6,-5.7,-1.0,4.3,3.51,0.0
2017,327,0.8,-5.8,-2.4,0.0,3.31,0.0
2017,328,8.7,-2.0,2.9,0.0,8.98,0.0
2017,329,8.0,2.3,5.8,2.0,2.38,0.0
2017,330,1.6,-2.0,-0.5,0.8,4.42,0.0
2017,331,3.0,-3.3,0.7,0.0,6.98,0.0
2017,332,13.6,-2.8,6.9,0.0,8.54,0.0
2017,333,10.8,-1.5,4.5,0.3,6.92,0.0
2017,334,7.8,-2.7,2.6,3.9,5.53,0.0
2017,335,5.6,0.8,2.5,0.0,7.53,0.0
2017,336,4.8,-1.3,1.3,0.0,4.01,0.0
2017,337,8.1,-0.4,2.7,0.0,8.1,0.0
2017,338,8.0,-1.4,3.2,0.0,5.37,0.0
2017,339,9.6,0.8,5.8,9.4,1.6,0.0
2017,340,0.6,-3.5,-1.1,1.6,5.11,0.0
2017,341,-0.8,-5.0,-2.7,6.8,2.82,0.0
2017,342,-2.6,-7.2,-5.2,2.7,8.36,0.0
2017,343,-1.8,-8.0,-5.6,0.0,7.63,0.0
2017,344,-2.0,-7.6,-4.4,4.0,3.39,0.0
2017,345,-3.3,-6.3,-5.1,3.5,2.91,0.0
2017,346,-1.9,-12.3,-5.2,7.5,4.96,0.0
2017,347,-9.4,-13.2,-11.8,2.6,5.68,0.0
2017,348,-10.3,-12.4,-11.4,2.7,4.5,0.0
2017,349,-5.8,-11.1,-8.3,2.3,4.98,0.0
2017,350,-5.8,-9.8,-7.1,5.4,1.71,0.0
2017,351,-3.8,-12.3,-7.9,0.2,5.54,0.0
2017,352,3.5,-1.9,1.3,1.8,3.0,0.0
2017,353,5.7,1.5,3.6,1.5,4.71,0.0
2017,354,0.8,-5.2,-2.8,0.3,4.35,0.0
2017,355,-2.0,-11.1,-5.5,1.2,6.55,0.0
2017,356,3.1,-4.8,-1.0,9.2,0.84,0.0
2017,357,2.8,-2.9,-0.4,19.9,0.55,0.0
2017,358,-2.9,-5.8,-4.7,1.2,4.74,0.0
2017,359,-0.8,-10.2,-5.9,12.9,5.83,0.0
2017,360,-10.7,-16.9,-13.6,2.4,4.06,0.0
2017,361,-12.1,-18.6,-15.8,0.7,6.22,0.0
2017,362,-14.1,-20.1,-17.2,0.4,5.3,0.0
2017,363,-10.5,-19.4,-14.6,1.6,6.7,0.0
2017,364,-10.0,-14.2,-12.1,4.4,5.33,0.0
2017,365,-14.9,-19.8,-17.1,1.6,4.52,0.0
2018,1,-12.4,-21.0,-16.2,1.5,6.54,0.0
2018,2,-9.9,-13.8,-12.0,1.0,3.58,0.0
2018,3,-7.3,-16.2,-12.0,0.2,8.24,0.0
2018,4,-9.9,-16.2,-12.7,1.6,3.26,0.0
2018,5,-17.1,-20.2,-18.7,2.2,4.82,0.0
2018,6,-18.0,-21.2,-19.6,1.0,5.87,0.0
2018,7,-4.3,-22.4,-14.6,0.2,7.54,0.0
2018,8,1.0,-3.6,-1.0,4.1,4.26,0.0
2018,9,-0.8,-7.1,-3.3,1.0,4.27,0.0
2018,10,5.6,-10.1,-2.1,0.3,7.71,0.0
2018,11,9.6,4.6,7.3,8.2,2.91,0.0
2018,12,13.4,-7.8,4.9,30.0,2.17,0.0
2018,13,-9.1,-15.9,-13.6,17.5,6.29,0.0
2018,14,-11.9,-20.1,-16.2,0.0,9.57,0.0
2018,15,-7.8,-18.1,-13.0,1.8,5.66,0.0
2018,16,-3.8,-9.5,-6.8,2.5,6.17,0.0
2018,17,-8.9,-14.9,-11.5,0.3,5.94,0.0
2018,18,-6.3,-12.6,-9.4,0.0,6.79,0.0
2018,19,0.6,-6.7,-3.3,0.0,9.5,0.0
2018,20,3.3,-0.4,1.0,0.0,9.51,0.0
2018,21,4.1,-1.6,1.2,0.4,4.81,0.0
2018,22,9.4,2.5,5.2,1.6,3.15,0.0
2018,23,7.1,-1.5,3.8,5.5,4.87,0.0
2018,24,-3.2,-9.8,-6.9,1.1,4.7,0.0
2018,25,-3.2,-12.0,-7.9,0.1,10.35,0.0
2018,26,8.1,-7.5,-1.1,0.0,9.97,0.0
2018,27,6.8,2.8,4.5,5.0,4.45,0.0
2018,28,5.7,-2.7,1.1,0.0,10.16,0.0
2018,29,1.5,-5.2,-3.0,0.4,6.99,0.0
2018,30,-5.1,-14.7,-9.5,6.6,4.34,0.0
2018,31,1.4,-17.1,-8.4,0.5,4.51,0.0
2018,32,5.1,-7.2,0.2,1.8,9.19,0.0
2018,33,-8.6,-14.3,-12.5,1.2,6.78,0.0
2018,34,-4.3,-12.6,-8.9,1.5,8.73,0.0
2018,35,0.8,-3.2,-0.5,4.5,4.28,0.0
2018,36,-1.5,-13.4,-10.4,2.6,9.84,0.0
2018,37,-7.1,-10.6,-9.2,1.9,5.0,0.0
2018,38,-4.8,-12.7,-8.0,11.5,2.4,0.0
2018,39,-6.9,-13.9,-10.0,1.3,6.29,0.0
2018,40,0.6,-12.1,-7.6,7.1,4.17,0.0
2018,41,5.4,-4.6,-0.2,7.9,3.3,0.0
2018,42,10.4,-5.5,-0.1,1.3,6.9,0.0
2018,43,-2.9,-11.1,-6.1,0.2,10.43,0.0
2018,44,-0.4,-13.9,-7.4,0.0,11.37,0.0
2018,45,7.1,-3.0,2.8,0.2,12.2,0.0
2018,46,11.3,3.6,7.8,1.3,6.01,0.0
2018,47,7.3,-7.1,0.2,6.0,5.63,0.0
2018,48,0.7,-8.8,-4.2,1.4,7.71,0.0
2018,49,2.5,-5.2,-1.9,1.1,11.3,0.0
2018,50,10.4,-2.9,3.9,11.5,4.3,0.0
2018,51,18.7,9.8,13.9,4.1,6.98,0.0
2018,52,16.1,-2.3,8.4,0.6,3.73,0.0
2018,53,0.5,-3.3,-1.5,5.9,3.42,0.0
2018,54,9.1,-1.2,3.0,1.1,3.19,0.0
2018,55,5.6,-0.2,2.6,0.2,5.73,0.0
2018,56,9.3,0.3,4.2,13.3,7.37,0.0
2018,57,5.2,-1.2,1.2,0.0,15.97,0.0
2018,58,10.4,-1.5,3.8,0.0,14.78,0.0
2018,59,13.8,2.0,6.8,1.4,12.0,0.0
2018,60,5.4,-1.3,1.5,12.3,5.94,0.0
2018,61,-1.2,-4.0,-2.7,30.6,6.87,0.0
2018,62,0.1,-6.7,-3.5,0.2,13.63,0.0
2018,63,-2.2,-8.0,-5.6,0.0,17.88,0.0
2018,64,-1.4,-10.4,-6.3,0.0,13.54,0.0
2018,65,3.5,-10.4,-3.7,0.8,12.03,0.0
2018,66,2.2,-3.8,-1.1,1.0,6.25,0.0
2018,67,-2.5,-7.0,-4.4,2.8,11.11,0.0
2018,68,-0.2,-7.2,-3.9,4.9,10.02,0.0
2018,69,-2.2,-6.3,-4.3,1.2,8.64,0.0
2018,70,-2.0,-7.3,-4.8,0.3,9.36,0.0
2018,71,0.6,-10.5,-4.8,0.6,13.33,0.0
2018,72,-2.0,-7.4,-4.8,1.1,12.7,0.0
2018,73,-2.5,-5.7,-4.2,9.3,5.85,0.0
2018,74,0.5,-6.8,-3.5,4.2,14.59,0.0
2018,75,-3.9,-8.2,-6.5,3.7,10.94,0.0
2018,76,0.8,-8.3,-4.2,0.0,20.28,0.0
2018,77,3.8,-12.4,-3.9,0.0,20.35,0.0
2018,78,-1.6,-10.1,-5.7,0.0,21.19,0.0
2018,79,-0.4,-12.1,-6.9,0.0,19.66,0.0
2018,80,-1.0,-8.2,-4.9,0.0,16.09,0.0
2018,81,1.0,-8.2,-3.6,0.0,20.83,0.0
2018,82,0.8,-8.4,-4.0,0.0,18.63,0.0
2018,83,0.6,-8.9,-5.1,0.0,20.27,0.0
2018,84,2.5,-12.0,-5.3,0.0,19.55,0.0
2018,85,6.7,-8.9,-0.5,0.0,22.54,0.0
2018,86,2.6,-0.8,0.8,2.7,3.51,0.0
2018,87,7.8,2.2,4.1,1.7,6.89,0.0
2018,88,10.2,2.8,6.7,15.8,3.12,0.0
2018,89,3.5,-2.4,1.1,5.8,7.11,0.0
2018,90,9.6,-4.2,2.9,0.9,19.66,0.0
2018,91,6.1,-4.8,-1.0,4.9,20.52,0.0
2018,92,5.0,-5.4,-0.4,0.0,22.51,0.0
2018,93,7.8,-2.0,2.4,5.0,2.46,0.0
2018,94,11.7,-4.7,3.2,4.1,15.62,0.0
2018,95,-0.2,-6.9,-3.9,0.1,15.15,0.0
2018,96,6.1,-5.8,-0.4,5.9,13.01,0.0
2018,97,-0.8,-8.2,-4.5,0.4,15.26,0.0
2018,98,-1.0,-7.1,-4.0,1.2,15.71,0.0
2018,99,5.1,-6.9,-2.1,0.8,16.71,0.0
2018,100,3.3,-4.3,-1.0,0.9,16.5,0.0
2018,101,5.2,-3.7,1.0,0.7,12.06,0.0
2018,102,15.3,-1.4,6.8,4.6,9.87,0.0
2018,103,17.5,2.9,8.4,1.5,12.56,0.0
2018,104,3.5,-3.9,0.1,2.2,7.97,0.0
2018,105,9.6,-3.5,1.5,7.0,5.81,0.0
2018,106,4.2,-1.2,1.9,41.2,3.54,0.0
2018,107,-0.3,-3.3,-1.8,5.4,11.57,0.0
2018,108,3.0,-2.5,-0.4,0.9,17.7,0.0
2018,109,0.2,-2.8,-1.4,2.6,8.87,0.0
2018,110,5.3,-4.7,-0.1,0.2,24.79,0.0
2018,111,9.9,-1.9,3.6,0.0,25.37,0.0
2018,112,13.6,1.3,7.2,0.0,26.98,0.0
2018,113,18.2,1.8,10.2,0.0,26.92,0.0
2018,114,13.6,7.4,10.1,2.1,8.88,0.0
2018,115,11.6,4.8,8.1,3.7,5.19,0.0
2018,116,10.9,1.6,4.9,0.4,18.24,0.0
2018,117,16.2,2.0,8.7,1.4,17.92,0.0
2018,118,9.0,0.5,5.4,4.8,15.27,0.0
2018,119,6.7,-1.5,1.9,0.9,13.71,0.0
2018,120,12.6,-0.6,6.2,0.0,28.04,0.0
2018,121,22.1,6.6,14.1,0.0,25.88,0.0
2018,122,25.2,13.9,19.0,0.7,24.91,0.0
2018,123,21.5,15.9,17.9,4.2,11.89,0.0
2018,124,24.5,8.5,16.4,3.9,16.4,0.0
2018,125,20.2,6.6,13.7,0.0,26.28,0.0
2018,126,19.6,10.9,14.7,0.4,19.09,0.0
2018,127,15.8,6.7,10.7,0.2,25.25,0.0
2018,128,20.0,6.1,13.3,0.0,19.05,0.0
2018,129,23.0,11.0,17.3,0.0,22.3,0.0
2018,130,19.5,11.6,15.9,4.0,17.01,0.0
2018,131,12.8,2.0,7.9,0.2,21.79,0.0
2018,132,14.4,5.7,8.8,4.3,9.31,0.0
2018,133,16.2,5.7,11.2,0.0,11.89,0.0
2018,134,21.9,10.5,15.9,0.3,24.78,0.0
2018,135,20.5,11.9,16.1,4.4,12.51,0.0
2018,136,22.8,8.6,15.5,0.0,25.84,0.0
2018,137,24.5,12.9,17.8,0.0,26.67,0.0
2018,138,19.4,7.2,13.0,0.0,28.09,0.0
2018,139,21.1,10.9,14.4,9.4,13.88,0.0
2018,140,16.5,10.6,14.6,0.8,9.19,0.0
2018,141,21.2,7.3,14.7,0.0,29.0,0.0
2018,142,22.0,11.6,16.2,17.6,16.08,0.0
2018,143,22.0,12.1,16.4,0.2,28.77,0.0
2018,144,24.0,11.8,17.9,0.0,29.42,0.0
2018,145,25.4,14.0,19.5,0.0,29.02,0.0
2018,146,24.9,16.7,20.5,0.3,14.95,0.0
2018,147,24.6,16.1,20.2,1.6,20.55,0.0
2018,148,27.3,16.7,22.0,0.0,28.13,0.0
2018,149,26.9,17.4,22.1,0.0,26.72,0.0
2018,150,28.9,16.8,22.9,0.0,26.0,0.0
2018,151,23.5,19.1,21.0,2.2,12.13,0.0
2018,152,26.0,18.5,21.2,3.7,18.14,0.0
2018,153,19.6,13.6,16.3,0.0,18.8,0.0
2018,154,19.2,13.2,15.3,11.3,9.72,0.0
2018,155,16.6,11.9,13.9,3.6,18.57,0.0
2018,156,14.9,9.9,12.2,2.2,12.51,0.0
2018,157,14.6,8.1,11.0,0.2,13.87,0.0
2018,158,22.0,8.8,14.9,0.0,23.4,0.0
2018,159,23.1,13.3,17.8,0.0,28.44,0.0
2018,160,21.9,12.5,17.6,0.0,21.79,0.0
2018,161,20.3,13.4,16.5,0.1,18.21,0.0
2018,162,22.2,10.2,15.9,0.0,30.73,0.0
2018,163,25.5,11.9,18.5,0.0,26.61,0.0
2018,164,25.8,15.7,19.4,6.7,23.38,0.0
2018,165,21.5,13.9,17.3,0.0,29.72,0.0
2018,166,22.6,11.2,16.8,0.0,29.37,0.0
2018,167,24.5,12.5,19.0,0.0,22.35,0.0
2018,168,30.2,15.7,23.1,0.0,28.83,0.0
2018,169,28.8,20.5,24.1,2.3,19.0,0.0
2018,170,22.7,14.6,18.9,0.7,28.09,0.0
2018,171,21.8,13.1,17.0,0.7,13.62,0.0
2018,172,22.1,12.4,17.0,0.0,29.89,0.0
2018,173,20.5,10.4,15.7,3.7,11.28,0.0
2018,174,22.9,13.6,17.2,10.7,15.15,0.0
2018,175,19.6,14.8,17.2,11.9,9.1,0.0
2018,176,20.0,12.1,15.9,0.1,30.74,0.0
2018,177,24.2,10.7,17.1,0.0,29.36,0.0
2018,178,19.2,16.0,17.7,26.3,8.08,0.0
2018,179,24.3,16.9,19.9,4.5,21.94,0.0
2018,180,27.3,17.0,22.1,0.0,29.22,0.0
2018,181,30.3,19.4,24.9,0.0,28.63,0.0
2018,182,32.2,20.4,26.3,0.0,28.59,0.0
2018,183,28.9,22.1,24.4,14.0,18.49,0.0
2018,184,29.6,20.9,24.3,0.0,28.89,0.0
2018,185,30.6,19.6,24.7,0.4,23.79,0.0
2018,186,28.4,21.5,24.2,7.9,20.92,0.0
2018,187,22.2,14.6,19.2,1.4,28.54,0.0
2018,188,23.1,12.7,17.6,0.0,30.03,0.0
2018,189,26.4,12.9,19.8,0.0,29.89,0.0
2018,190,28.2,15.7,21.6,0.0,29.94,0.0
2018,191,27.4,18.4,22.4,0.1,24.8,0.0
2018,192,24.1,15.7,19.7,0.0,26.98,0.0
2018,193,26.5,14.6,21.0,0.0,28.03,0.0
2018,194,28.9,17.1,22.8,0.0,26.76,0.0
2018,195,29.2,19.6,23.1,1.0,19.05,0.0
2018,196,28.1,19.2,23.3,1.1,22.89,0.0
2018,197,30.5,19.7,24.6,4.8,22.88,0.0
2018,198,26.5,17.4,22.0,2.7,23.74,0.0
2018,199,23.5,14.2,18.4,0.1,24.09,0.0
2018,200,26.4,13.0,19.6,0.0,28.66,0.0
2018,201,29.4,15.6,22.3,0.0,28.43,0.0
2018,202,26.3,14.2,20.8,4.2,22.63,0.0
2018,203,26.4,14.4,18.9,28.9,18.17,0.0
2018,204,25.4,18.6,21.0,18.0,10.76,0.0
2018,205,25.1,18.1,21.0,6.5,11.68,0.0
2018,206,24.0,19.2,20.6,11.7,11.96,0.0
2018,207,25.5,17.0,21.3,1.5,23.37,0.0
2018,208,23.5,16.9,19.9,0.1,24.97,0.0
2018,209,21.5,15.4,18.1,0.2,21.96,0.0
2018,210,23.0,13.0,18.2,0.2,23.75,0.0
2018,211,23.2,14.6,18.3,4.6,14.31,0.0
2018,212,25.4,15.8,20.0,2.0,19.53,0.0
2018,213,25.4,19.0,21.2,2.0,11.93,0.0
2018,214,24.8,17.4,20.7,1.9,19.01,0.0
2018,215,24.6,17.6,20.8,1.0,11.6,0.0
2018,216,27.0,17.1,21.7,3.7,23.6,0.0
2018,217,29.1,18.1,23.3,0.0,24.01,0.0
2018,218,28.1,21.0,24.2,0.6,21.73,0.0
2018,219,25.8,19.5,21.9,5.4,16.21,0.0
2018,220,24.5,18.5,20.5,6.1,12.56,0.0
2018,221,25.0,16.8,20.7,0.4,23.05,0.0
2018,222,22.8,15.9,19.5,2.0,16.69,0.0
2018,223,24.6,14.5,19.2,0.0,24.35,0.0
2018,224,24.4,15.1,19.8,0.8,21.43,0.0
2018,225,21.8,17.0,19.0,7.2,9.22,0.0
2018,226,21.4,16.9,18.9,7.5,9.67,0.0
2018,227,26.9,17.6,22.2,0.6,21.03,0.0
2018,228,27.3,18.7,22.7,0.7,19.26,0.0
2018,229,25.5,18.4,21.2,14.8,14.41,0.0
2018,230,22.2,16.4,19.1,8.7,17.36,0.0
2018,231,23.0,15.6,18.8,0.3,16.13,0.0
2018,232,24.0,15.6,19.2,1.2,16.25,0.0
2018,233,21.8,17.5,19.4,9.0,7.32,0.0
2018,234,19.7,12.9,17.1,11.5,15.01,0.0
2018,235,20.8,11.9,16.2,0.1,22.15,0.0
2018,236,24.1,14.1,19.0,0.0,22.94,0.0
2018,237,25.4,15.6,19.9,0.0,20.47,0.0
2018,238,26.0,18.4,21.5,0.9,18.78,0.0
2018,239,27.4,18.9,23.0,0.7,11.98,0.0
2018,240,29.5,22.4,24.9,0.1,21.1,0.0
2018,241,28.7,19.6,23.7,5.4,18.63,0.0
2018,242,20.1,13.9,17.8,1.5,13.1,0.0
2018,243,24.8,12.8,18.1,0.3,16.93,0.0
2018,244,27.1,18.4,22.2,0.0,19.98,0.0
2018,245,26.4,19.6,22.3,5.3,14.16,0.0
2018,246,27.6,20.8,23.2,3.4,17.72,0.0
2018,247,27.9,20.5,23.1,3.1,15.8,0.0
2018,248,29.9,20.8,24.8,1.4,18.9,0.0
2018,249,23.9,18.4,21.8,2.5,12.58,0.0
2018,250,24.1,16.1,18.9,0.0,15.17,0.0
2018,251,16.1,10.6,14.2,0.0,10.29,0.0
2018,252,13.8,8.9,11.3,0.1,7.98,0.0
2018,253,16.9,9.0,12.5,34.8,7.7,0.0
2018,254,20.0,14.3,16.7,5.3,9.17,0.0
2018,255,21.8,14.9,17.9,0.8,12.03,0.0
2018,256,24.9,15.9,19.8,0.4,14.14,0.0
2018,257,25.5,18.4,21.4,0.1,14.35,0.0
2018,258,25.0,18.0,21.4,2.7,15.69,0.0
2018,259,26.8,17.2,21.7,0.1,19.08,0.0
2018,260,25.0,16.8,20.1,0.7,13.57,0.0
2018,261,24.5,16.9,20.1,0.3,15.03,0.0
2018,262,22.1,12.9,17.2,0.9,14.23,0.0
2018,263,23.3,11.0,16.4,0.0,12.56,0.0
2018,264,26.8,18.4,21.7,10.8,15.78,0.0
2018,265,17.9,9.5,12.5,0.0,12.58,0.0
2018,266,18.0,7.2,12.2,0.0,19.1,0.0
2018,267,20.5,8.4,13.7,0.5,16.37,0.0
2018,268,20.1,11.8,15.7,15.5,8.63,0.0
2018,269,20.1,11.7,17.7,4.1,9.05,0.0
2018,270,15.8,9.6,12.3,0.0,10.59,0.0
2018,271,19.2,9.1,13.7,1.1,17.12,0.0
2018,272,13.4,7.4,10.3,1.6,15.53,0.0
2018,273,16.3,7.2,11.2,0.6,8.28,0.0
2018,274,14.0,9.5,11.4,6.6,4.48,0.0
2018,275,19.1,12.6,16.4,25.0,4.98,0.0
2018,276,19.0,11.2,14.5,1.3,10.93,0.0
2018,277,20.2,7.3,16.6,6.8,7.71,0.0
2018,278,13.5,5.2,9.1,0.7,13.02,0.0
2018,279,22.6,10.6,18.2,4.7,8.49,0.0
2018,280,18.5,11.2,15.9,5.7,5.0,0.0
2018,281,26.6,10.9,18.0,0.8,12.34,0.0
2018,282,26.0,19.0,21.9,0.3,12.95,0.0
2018,283,24.4,17.7,20.6,3.5,11.38,0.0
2018,284,19.9,10.5,16.5,3.9,4.91,0.0
2018,285,9.4,4.8,6.6,1.2,4.91,0.0
2018,286,7.6,2.5,4.8,2.1,8.2,0.0
2018,287,12.8,3.5,7.6,0.0,14.19,0.0
2018,288,14.1,4.3,9.0,5.4,3.17,0.0
2018,289,7.6,1.2,4.7,0.0,9.18,0.0
2018,290,6.1,1.4,4.7,9.8,8.81,0.0
2018,291,4.0,-0.8,1.7,0.0,8.19,0.0
2018,292,13.8,2.6,7.8,0.8,11.24,0.0
2018,293,9.2,3.3,6.9,7.8,9.53,0.0
2018,294,2.5,-1.1,1.1,1.2,5.55,0.0
2018,295,9.4,1.0,4.6,0.0,11.34,0.0
2018,296,7.8,2.2,4.8,7.6,7.79,0.0
2018,297,3.9,0.4,2.0,0.9,3.98,0.0
2018,298,3.8,-0.9,1.2,0.0,6.08,0.0
2018,299,7.1,-0.8,3.1,0.1,7.56,0.0
2018,300,3.2,1.1,2.0,19.1,2.61,0.0
2018,301,4.7,1.1,2.7,4.8,2.23,0.0
2018,302,4.6,2.3,3.4,5.8,3.08,0.0
2018,303,9.4,-0.3,4.0,0.0,12.77,0.0
2018,304,15.0,4.8,10.6,4.5,4.72,0.0
2018,305,8.5,4.8,6.2,23.3,1.66,0.0
2018,306,12.9,4.7,8.3,5.7,5.1,0.0
2018,307,4.5,1.2,3.1,3.7,4.63,0.0
2018,308,7.9,-1.8,3.2,0.0,10.92,0.0
2018,309,12.8,5.2,7.8,1.9,6.8,0.0
2018,310,13.9,6.8,8.9,14.6,5.8,0.0
2018,311,7.3,2.0,5.4,0.9,6.75,0.0
2018,312,4.2,0.4,2.3,0.0,5.05,0.0
2018,313,3.3,-1.4,1.1,12.6,1.68,0.0
2018,314,2.0,-4.1,-1.8,5.0,6.5,0.0
2018,315,1.2,-3.3,-1.5,0.3,3.16,0.0
2018,316,4.4,-3.5,0.4,0.4,5.88,0.0
2018,317,2.2,-3.5,-0.2,3.0,2.96,0.0
2018,318,-2.8,-6.2,-4.8,0.0,5.28,0.0
2018,319,-0.3,-6.5,-3.8,10.5,3.65,0.0
2018,320,1.1,-3.7,-0.9,22.8,2.72,0.0
2018,321,1.3,-3.5,-0.2,0.3,3.11,0.0
2018,322,0.1,-5.4,-2.4,3.0,2.97,0.0
2018,323,2.1,-2.2,-0.2,0.0,7.74,0.0
2018,324,-0.2,-4.8,-2.5,2.8,2.94,0.0
2018,325,-1.1,-12.0,-5.1,6.4,3.39,0.0
2018,326,-9.8,-18.1,-13.4,0.2,8.95,0.0
2018,327,0.3,-17.1,-8.6,0.0,8.89,0.0
2018,328,3.8,-5.3,-0.6,1.4,2.29,0.0
2018,329,4.8,-1.7,2.8,0.0,3.32,0.0
2018,330,5.7,-1.2,2.1,9.0,2.47,0.0
2018,331,0.7,-3.1,-1.3,12.7,2.34,0.0
2018,332,-1.5,-3.5,-2.5,10.8,2.21,0.0
2018,333,-0.3,-5.1,-2.4,0.7,3.36,0.0
2018,334,0.9,-6.1,-2.3,0.7,2.98,0.0
2018,335,2.7,-2.7,-0.4,5.0,4.39,0.0
2018,336,10.1,3.0,5.8,4.2,6.79,0.0
2018,337,4.7,-2.3,0.9,5.2,1.56,0.0
2018,338,-2.1,-7.5,-4.2,0.5,5.19,0.0
2018,339,-0.6,-8.4,-4.9,0.4,4.9,0.0
2018,340,-0.2,-4.2,-2.7,9.2,5.32,0.0
2018,341,-4.7,-10.2,-7.8,0.0,3.68,0.0
2018,342,-4.2,-9.1,-6.5,1.6,5.03,0.0
2018,343,-0.5,-8.2,-5.5,0.0,7.54,0.0
2018,344,-1.5,-8.1,-4.4,0.0,3.54,0.0
2018,345,-3.3,-6.8,-4.7,1.5,4.58,0.0
2018,346,0.3,-3.9,-2.5,0.0,6.02,0.0
2018,347,3.8,-3.1,0.2,1.6,5.12,0.0
2018,348,6.3,-0.8,2.3,0.4,2.97,0.0
2018,349,2.9,-0.9,1.4,0.0,3.68,0.0
2018,350,1.4,-1.5,-0.1,6.2,1.4,0.0
2018,351,0.6,-2.5,-0.6,2.1,2.58,0.0
2018,352,-3.0,-6.7,-5.2,0.7,6.99,0.0
2018,353,6.9,-5.9,-0.2,0.0,6.93,0.0
2018,354,8.4,-0.6,2.9,4.8,4.36,0.0
2018,355,11.8,0.2,6.3,15.1,4.25,0.0
2018,356,-0.1,-3.5,-2.6,1.0,2.06,0.0
2018,357,1.4,-4.2,-1.6,0.0,3.18,0.0
2018,358,-0.4,-2.8,-1.6,3.7,2.66,0.0
2018,359,-1.2,-3.8,-2.6,1.0,2.97,0.0
2018,360,0.9,-3.5,-1.5,1.0,3.01,0.0
2018,361,3.9,-6.3,-0.9,0.0,5.84,0.0
2018,362,9.1,3.2,6.5,5.2,2.18,0.0
2018,363,2.8,-5.2,-1.8,2.8,1.93,0.0
2018,364,0.8,-4.7,-2.2,1.4,3.56,0.0
2018,365,5.5,-3.2,0.5,12.2,2.61,0.0
2019,1,10.5,-5.0,1.0,1.9,1.87,0.0
2019,2,0.8,-6.1,-3.0,0.5,4.7,0.0
2019,3,0.9,-2.5,-1.4,1.5,2.52,0.0
2019,4,8.3,-2.5,1.5,0.0,7.84,0.0
2019,5,4.7,-2.6,0.4,0.0,7.93,0.0
2019,6,1.9,-6.0,-1.3,0.3,4.05,0.0
2019,7,0.0,-9.3,-5.0,1.4,2.16,0.0
2019,8,8.8,-0.1,4.4,15.4,4.22,0.0
2019,9,1.5,-5.6,-2.5,10.0,3.23,0.0
2019,10,-5.9,-10.9,-7.8,4.2,2.99,0.0
2019,11,-9.4,-14.8,-12.0,0.0,8.45,0.0
2019,12,-6.5,-18.1,-11.4,0.0,7.13,0.0
2019,13,-8.2,-15.1,-11.8,0.0,9.3,0.0
2019,14,-1.9,-17.8,-9.9,0.0,9.04,0.0
2019,15,-2.8,-7.2,-4.7,0.0,3.29,0.0
2019,16,-1.4,-10.9,-5.4,0.7,4.02,0.0
2019,17,-3.6,-19.5,-10.2,0.0,6.58,0.0
2019,18,-1.1,-5.7,-3.0,2.4,2.92,0.0
2019,19,-6.2,-12.4,-10.0,11.6,2.31,0.0
2019,20,-8.8,-18.6,-14.3,17.2,3.96,0.0
2019,21,-14.9,-22.3,-18.8,1.4,6.43,0.0
2019,22,-4.3,-20.1,-12.1,0.0,6.64,0.0
2019,23,7.2,-5.8,1.3,13.8,3.39,0.0
2019,24,6.5,-5.8,-0.8,11.1,2.31,0.0
2019,25,-5.3,-13.8,-8.5,3.4,4.3,0.0
2019,26,-9.2,-14.7,-12.4,2.0,6.0,0.0
2019,27,-3.9,-12.7,-8.1,5.0,3.84,0.0
2019,28,-4.4,-20.0,-12.0,0.7,9.45,0.0
2019,29,-2.7,-12.2,-5.5,1.0,5.87,0.0
2019,30,-12.9,-22.2,-18.1,1.7,6.21,0.0
2019,31,-15.9,-22.0,-18.9,2.7,6.81,0.0
2019,32,-12.1,-19.3,-16.5,0.5,11.01,0.0
2019,33,2.7,-17.0,-6.0,0.0,9.45,0.0
2019,34,10.1,1.0,5.2,0.0,10.76,0.0
2019,35,12.1,4.9,7.7,0.1,10.92,0.0
2019,36,8.5,-3.6,3.2,1.7,3.12,0.0
2019,37,6.3,-5.2,0.5,4.9,2.43,0.0
2019,38,10.1,-0.6,4.9,6.7,5.06,0.0
2019,39,9.7,-10.0,-3.5,6.5,3.61,0.0
2019,40,-5.8,-12.1,-9.5,0.4,9.24,0.0
2019,41,-1.0,-10.5,-6.4,0.1,8.91,0.0
2019,42,-0.8,-7.2,-5.0,1.2,7.9,0.0
2019,43,0.5,-7.3,-3.6,17.8,1.56,0.0
2019,44,0.9,-6.3,-4.2,7.9,6.61,0.0
2019,45,3.6,-6.4,-1.9,0.1,9.64,0.0
2019,46,4.7,-5.4,0.3,3.1,4.35,0.0
2019,47,-4.6,-10.6,-6.8,0.4,8.02,0.0
2019,48,-3.0,-15.4,-8.7,1.2,9.87,0.0
2019,49,-7.2,-10.9,-8.2,6.0,6.57,0.0
2019,50,-6.1,-15.8,-10.9,0.0,12.5,0.0
2019,51,-1.1,-12.9,-6.6,4.7,4.15,0.0
2019,52,3.8,-3.5,-0.1,0.7,9.3,0.0
2019,53,0.5,-8.1,-4.3,0.0,10.17,0.0
2019,54,5.2,-10.6,-2.4,1.1,11.53,0.0
2019,55,7.7,-3.5,1.7,7.0,8.43,0.0
2019,56,-3.9,-10.3,-7.4,2.6,6.0,0.0
2019,57,-7.6,-12.9,-10.4,0.4,9.12,0.0
2019,58,-6.7,-12.7,-9.8,11.4,3.83,0.0
2019,59,-5.3,-12.6,-9.9,0.7,13.97,0.0
2019,60,1.9,-10.0,-5.0,0.1,16.1,0.0
2019,61,0.8,-7.1,-3.5,0.8,6.76,0.0
2019,62,-2.4,-8.6,-5.6,2.4,10.01,0.0
2019,63,-7.4,-13.8,-10.0,2.1,6.84,0.0
2019,64,-10.2,-15.1,-12.2,3.1,10.78,0.0
2019,65,-12.0,-14.9,-13.5,1.4,11.62,0.0
2019,66,-7.8,-14.1,-10.7,2.5,10.66,0.0
2019,67,-0.3,-15.5,-8.6,0.0,16.7,0.0
2019,68,3.8,-12.1,-3.9,0.0,18.77,0.0
2019,69,5.2,-0.1,2.0,10.7,5.77,0.0
2019,70,-0.2,-4.8,-1.8,0.8,11.7,0.0
2019,71,0.2,-7.9,-4.3,0.0,17.14,0.0
2019,72,8.4,-9.1,0.2,0.2,9.0,0.0
2019,73,17.5,4.4,9.9,0.0,12.54,0.0
2019,74,12.7,0.6,6.4,11.6,10.93,0.0
2019,75,0.3,-4.4,-1.8,2.6,15.01,0.0
2019,76,0.6,-7.0,-4.1,0.0,18.2,0.0
2019,77,1.6,-5.9,-2.7,0.7,16.22,0.0
2019,78,4.6,-4.8,-0.9,0.9,16.87,0.0
2019,79,9.4,-3.0,2.6,0.2,19.44,0.0
2019,80,9.1,1.0,3.9,1.2,7.54,0.0
2019,81,2.0,-4.9,-0.4,5.7,7.19,0.0
2019,82,1.4,-8.4,-3.9,0.7,21.81,0.0
2019,83,6.8,-3.2,2.2,0.0,11.57,0.0
2019,84,3.2,-5.2,-1.3,0.0,22.08,0.0
2019,85,2.3,-7.0,-2.9,0.0,22.48,0.0
2019,86,10.4,-6.4,1.3,0.0,21.64,0.0
2019,87,11.8,0.9,6.3,0.1,9.91,0.0
2019,88,11.6,2.7,6.2,3.8,13.77,0.0
2019,89,16.2,2.9,9.4,10.3,7.51,0.0
2019,90,6.1,-5.7,-0.7,13.9,11.89,0.0
2019,91,0.6,-7.4,-4.2,0.5,19.13,0.0
2019,92,8.4,-5.1,1.8,0.0,17.72,0.0
2019,93,6.1,-0.7,3.0,0.4,20.38,0.0
2019,94,4.0,-3.9,-0.4,0.0,20.03,0.0
2019,95,5.8,-2.8,1.4,9.0,4.72,0.0
2019,96,14.8,2.1,7.9,0.0,16.51,0.0
2019,97,20.1,4.1,11.5,0.1,15.8,0.0
2019,98,16.7,8.3,13.0,5.2,14.18,0.0
2019,99,12.7,3.2,8.2,0.4,18.54,0.0
2019,100,3.3,-1.5,1.4,0.4,6.17,0.0
2019,101,5.6,-2.0,1.4,1.7,8.42,0.0
2019,102,18.9,4.9,11.9,6.9,15.25,0.0
2019,103,15.1,6.5,10.5,0.1,23.62,0.0
2019,104,15.5,2.0,5.9,14.7,4.82,0.0
2019,105,9.3,0.6,3.2,12.3,6.06,0.0
2019,106,8.9,-1.1,3.0,9.0,13.85,0.0
2019,107,15.3,-2.4,7.4,0.8,24.07,0.0
2019,108,21.8,7.6,14.5,1.8,18.73,0.0
2019,109,20.4,4.3,13.4,15.4,6.06,0.0
2019,110,11.9,2.8,6.5,6.6,10.98,0.0
2019,111,11.9,3.9,7.7,0.5,12.57,0.0
2019,112,17.1,3.7,9.6,0.0,23.43,0.0
2019,113,22.5,5.8,12.2,4.9,17.77,0.0
2019,114,10.1,1.9,5.5,0.0,23.57,0.0
2019,115,18.4,2.2,10.1,0.1,24.2,0.0
2019,116,15.9,4.4,10.1,13.2,9.71,0.0
2019,117,6.2,-0.4,2.0,3.4,11.91,0.0
2019,118,9.0,-0.1,3.3,2.8,17.93,0.0
2019,119,8.5,-2.3,3.7,4.5,15.98,0.0
2019,120,10.1,3.5,6.5,0.1,13.23,0.0
2019,121,22.7,3.2,11.6,15.8,16.2,0.0
2019,122,17.5,7.8,13.6,3.6,13.24,0.0
2019,123,18.5,8.8,13.8,7.4,14.91,0.0
2019,124,13.6,7.7,10.1,0.8,9.58,0.0
2019,125,12.6,6.2,9.3,0.5,9.79,0.0
2019,126,19.9,6.3,13.2,0.0,27.49,0.0
2019,127,13.6,5.7,8.9,7.1,6.69,0.0
2019,128,11.9,2.9,7.0,0.0,28.57,0.0
2019,129,21.4,5.1,13.5,3.2,17.55,0.0
2019,130,16.5,6.6,12.7,9.9,15.94,0.0
2019,131,12.8,1.9,7.4,0.0,26.01,0.0
2019,132,6.3,4.2,5.2,10.5,4.55,0.0
2019,133,10.6,3.5,5.8,11.3,6.99,0.0
2019,134,8.6,2.7,5.3,2.5,7.83,0.0
2019,135,17.0,4.2,10.4,1.0,23.15,0.0
2019,136,16.5,5.2,11.1,0.4,21.92,0.0
2019,137,19.1,8.4,14.6,5.4,19.79,0.0
2019,138,19.9,4.6,12.2,0.0,26.25,0.0
2019,139,26.1,14.2,19.9,5.7,22.41,0.0
2019,140,17.9,7.8,14.3,2.4,19.17,0.0
2019,141,14.4,4.2,9.6,0.0,28.67,0.0
2019,142,18.2,6.6,12.9,0.7,20.63,0.0
2019,143,22.8,12.4,17.2,6.7,18.11,0.0
2019,144,17.4,10.0,13.7,0.0,18.73,0.0
2019,145,24.9,9.8,16.2,8.3,17.65,0.0
2019,146,23.0,13.2,18.2,0.3,21.07,0.0
2019,147,20.9,8.9,15.3,0.0,25.17,0.0
2019,148,19.2,10.8,14.6,13.0,10.35,0.0
2019,149,19.1,10.2,13.5,0.6,11.7,0.0
2019,150,20.7,10.8,15.0,1.8,15.86,0.0
2019,151,19.5,10.4,15.2,0.0,29.97,0.0
2019,152,21.9,12.6,17.5,1.9,20.74,0.0
2019,153,16.3,9.7,13.8,5.1,15.25,0.0
2019,154,12.6,5.1,8.8,0.0,23.93,0.0
2019,155,18.2,5.2,12.3,0.0,20.47,0.0
2019,156,24.1,15.0,17.7,13.8,12.56,0.0
2019,157,19.8,12.4,16.0,0.1,16.08,0.0
2019,158,23.0,10.9,17.1,0.0,29.79,0.0
2019,159,23.1,12.9,17.8,0.0,30.48,0.0
2019,160,24.6,13.0,18.6,0.0,28.12,0.0
2019,161,22.2,11.9,16.5,18.3,11.06,0.0
2019,162,17.7,9.9,13.5,0.4,27.65,0.0
2019,163,21.0,8.2,15.1,0.0,28.78,0.0
2019,164,15.9,11.1,14.0,12.0,8.94,0.0
2019,165,17.2,8.0,12.8,2.6,25.25,0.0
2019,166,20.6,12.1,16.5,1.5,20.47,0.0
2019,167,15.7,11.1,14.1,11.1,6.14,0.0
2019,168,22.4,10.1,15.7,0.1,20.86,0.0
2019,169,22.2,13.8,17.9,2.1,21.67,0.0
2019,170,24.4,14.1,19.5,0.5,22.47,0.0
2019,171,20.0,15.1,17.6,27.9,11.46,0.0
2019,172,19.0,13.2,15.6,12.6,20.9,0.0
2019,173,20.4,10.4,15.7,0.0,28.85,0.0
2019,174,23.5,12.6,17.8,0.0,30.61,0.0
2019,175,25.3,12.8,19.1,0.6,15.87,0.0
2019,176,22.9,16.8,19.8,6.1,26.08,0.0
2019,177,25.0,16.5,20.7,0.2,25.84,0.0
2019,178,26.8,13.4,21.0,0.0,25.51,0.0
2019,179,28.6,16.3,22.5,0.0,28.38,0.0
2019,180,25.5,18.8,21.7,2.3,22.41,0.0
2019,181,20.4,14.7,17.9,0.3,21.45,0.0
2019,182,25.2,12.2,18.7,0.0,29.52,0.0
2019,183,25.0,17.2,20.7,2.6,17.64,0.0
2019,184,25.5,18.1,21.4,5.8,19.79,0.0
2019,185,27.7,18.2,22.2,12.5,16.46,0.0
2019,186,28.2,20.1,23.7,2.7,21.8,0.0
2019,187,25.0,20.2,22.5,14.1,14.48,0.0
2019,188,23.3,15.6,19.0,0.1,25.17,0.0
2019,189,24.5,13.1,18.3,0.0,30.44,0.0
2019,190,27.0,12.7,20.2,0.0,30.27,0.0
2019,191,28.5,16.8,22.9,0.3,23.84,0.0
2019,192,26.6,19.6,22.6,1.5,16.08,0.0
2019,193,22.5,13.9,18.4,0.9,20.15,0.0
2019,194,27.0,14.9,20.6,0.1,27.06,0.0
2019,195,23.8,15.1,19.9,1.0,27.02,0.0
2019,196,26.0,14.6,20.2,0.0,26.83,0.0
2019,197,28.7,17.9,22.6,6.5,21.81,0.0
2019,198,22.8,19.5,20.9,17.7,6.51,0.0
2019,199,27.0,19.0,22.5,0.0,20.74,0.0
2019,200,30.2,21.6,25.4,0.9,23.74,0.0
2019,201,29.1,22.5,25.7,0.3,22.5,0.0
2019,202,26.5,18.9,23.4,0.2,21.21,0.0
2019,203,18.7,15.9,17.3,15.7,7.74,0.0
2019,204,21.6,15.1,18.0,2.8,21.41,0.0
2019,205,22.0,14.0,18.1,0.0,23.26,0.0
2019,206,23.9,15.1,19.2,0.0,26.61,0.0
2019,207,24.9,16.1,20.6,0.9,21.33,0.0
2019,208,26.6,16.4,21.7,0.1,24.7,0.0
2019,209,25.4,19.0,21.3,5.9,18.2,0.0
2019,210,26.9,18.8,22.7,0.6,20.94,0.0
2019,211,23.0,18.9,21.0,4.8,12.33,0.0
2019,212,24.5,17.2,20.0,1.8,20.35,0.0
2019,213,25.6,15.2,20.0,0.0,24.94,0.0
2019,214,27.3,15.1,20.7,0.0,23.91,0.0
2019,215,26.6,16.7,21.2,0.0,26.8,0.0
2019,216,24.7,16.4,19.9,1.7,22.91,0.0
2019,217,27.1,13.3,20.2,0.0,23.84,0.0
2019,218,27.4,18.1,21.8,1.7,19.22,0.0
2019,219,22.4,17.6,19.4,15.3,12.05,0.0
2019,220,24.0,16.3,19.0,6.7,17.99,0.0
2019,221,20.4,14.1,17.4,0.4,20.67,0.0
2019,222,19.7,13.1,16.4,0.2,19.56,0.0
2019,223,22.4,12.0,17.3,0.0,20.15,0.0
2019,224,25.9,15.9,20.5,0.4,19.74,0.0
2019,225,24.1,18.2,20.3,8.8,15.02,0.0
2019,226,23.1,15.9,19.0,1.2,20.27,0.0
2019,227,23.1,14.1,17.9,3.6,18.84,0.0
2019,228,23.6,15.9,19.3,6.2,17.36,0.0
2019,229,25.5,16.1,20.0,2.9,18.46,0.0
2019,230,25.9,18.1,21.3,5.6,16.61,0.0
2019,231,25.0,18.5,21.5,2.5,19.61,0.0
2019,232,27.6,16.5,21.9,0.0,22.85,0.0
2019,233,25.8,18.2,21.7,22.1,18.95,0.0
2019,234,20.5,15.4,18.5,0.7,13.9,0.0
2019,235,19.3,12.6,15.9,0.3,17.55,0.0
2019,236,18.3,12.1,15.0,0.0,14.62,0.0
2019,237,20.7,11.1,15.8,0.0,18.49,0.0
2019,238,22.0,11.4,16.7,0.0,22.47,0.0
2019,239,21.9,15.1,18.0,0.8,13.72,0.0
2019,240,23.0,16.1,19.4,4.8,16.27,0.0
2019,241,20.6,12.8,16.8,0.0,21.13,0.0
2019,242,21.9,14.4,18.7,0.9,21.71,0.0
2019,243,20.3,11.3,15.3,0.0,21.16,0.0
2019,244,23.5,12.6,16.5,9.6,13.99,0.0
2019,245,21.2,15.9,17.4,9.9,14.6,0.0
2019,246,23.4,14.4,18.7,0.4,17.29,0.0
2019,247,20.9,13.8,18.4,6.9,16.84,0.0
2019,248,20.1,11.8,15.4,0.0,21.61,0.0
2019,249,21.4,11.3,15.2,0.6,17.38,0.0
2019,250,17.7,11.3,14.6,0.9,14.17,0.0
2019,251,17.8,11.4,14.3,0.2,14.24,0.0
2019,252,18.0,8.9,13.2,0.0,17.02,0.0
2019,253,25.8,10.4,18.3,0.3,18.32,0.0
2019,254,26.3,18.4,22.0,1.0,18.22,0.0
2019,255,19.4,11.3,15.2,10.8,9.48,0.0
2019,256,20.9,10.2,15.3,0.0,14.66,0.0
2019,257,20.9,13.2,17.0,2.4,17.84,0.0
2019,258,21.8,12.3,16.6,0.2,15.13,0.0
2019,259,20.5,12.5,16.4,2.1,13.14,0.0
2019,260,20.5,11.8,15.2,0.0,20.55,0.0
2019,261,20.5,10.2,15.0,0.0,19.92,0.0
2019,262,21.1,9.6,14.7,0.0,20.03,0.0
2019,263,23.8,10.7,16.8,0.0,19.75,0.0
2019,264,26.4,13.3,19.6,0.0,17.35,0.0
2019,265,27.0,18.1,22.3,0.4,15.12,0.0
2019,266,22.0,14.9,19.2,14.3,8.39,0.0
2019,267,16.6,12.1,14.3,1.2,12.13,0.0
2019,268,23.2,11.6,17.2,0.0,17.34,0.0
2019,269,18.2,10.9,15.8,1.9,9.21,0.0
2019,270,21.5,8.4,15.1,0.0,18.44,0.0
2019,271,23.4,15.1,19.2,2.9,13.04,0.0
2019,272,15.6,8.6,12.7,0.6,12.72,0.0
2019,273,20.0,8.7,14.6,4.6,7.24,0.0
2019,274,27.4,16.9,21.5,3.6,13.33,0.0
2019,275,20.9,9.1,15.9,6.0,4.67,0.0
2019,276,16.5,7.3,10.9,9.7,3.34,0.0
2019,277,11.9,4.8,8.3,1.4,9.08,0.0
2019,278,14.4,3.0,8.4,0.0,17.68,0.0
2019,279,20.4,9.9,14.4,2.4,9.35,0.0
2019,280,14.8,9.7,12.2,13.2,5.19,0.0
2019,281,16.1,7.4,11.2,0.0,16.74,0.0
2019,282,15.8,6.2,10.1,0.0,17.02,0.0
2019,283,16.5,5.3,10.3,0.0,16.62,0.0
2019,284,19.0,7.2,12.2,0.0,16.43,0.0
2019,285,13.2,4.2,9.8,1.8,5.57,0.0
2019,286,15.6,2.3,8.6,0.0,16.23,0.0
2019,287,9.3,5.4,7.6,0.9,4.48,0.0
2019,288,14.7,2.6,8.3,0.4,15.2,0.0
2019,289,11.5,5.6,8.9,15.3,2.47,0.0
2019,290,5.9,4.3,5.0,9.1,2.32,0.0
2019,291,7.1,2.8,4.9,0.2,8.6,0.0
2019,292,13.0,1.7,6.7,0.0,14.59,0.0
2019,293,17.8,6.3,11.2,0.0,13.42,0.0
2019,294,17.4,6.9,12.7,0.0,13.65,0.0
2019,295,13.2,9.1,11.9,12.1,2.51,0.0
2019,296,11.1,5.7,8.2,0.1,12.37,0.0
2019,297,13.4,6.6,9.4,0.1,7.78,0.0
2019,298,13.4,5.8,7.8,2.1,5.58,0.0
2019,299,12.2,4.6,7.9,2.4,9.15,0.0
2019,300,15.4,8.6,11.0,22.4,5.85,0.0
2019,301,17.5,6.4,11.2,0.0,13.02,0.0
2019,302,18.8,9.2,12.6,0.3,9.9,0.0
2019,303,14.5,9.1,11.7,1.7,4.68,0.0
2019,304,17.1,6.2,13.7,22.5,2.11,0.0
2019,305,4.1,0.6,2.0,3.0,3.99,0.0
2019,306,7.6,-0.3,3.0,1.5,10.27,0.0
2019,307,3.9,-0.2,1.7,1.9,9.07,0.0
2019,308,8.9,0.1,4.9,0.0,6.82,0.0
2019,309,7.9,1.5,4.9,7.3,3.77,0.0
2019,310,4.9,-1.8,1.8,0.0,10.91,0.0
2019,311,4.9,-3.2,0.6,1.9,1.53,0.0
2019,312,-1.6,-6.8,-4.4,0.0,10.12,0.0
2019,313,2.9,-6.3,-1.7,0.0,8.33,0.0
2019,314,6.2,-1.3,2.3,1.2,5.53,0.0
2019,315,1.1,-5.1,-1.6,13.7,1.37,0.0
2019,316,-4.9,-12.2,-7.9,8.9,7.74,0.0
2019,317,-5.7,-12.8,-9.2,0.0,7.87,0.0
2019,318,1.6,-5.9,-2.4,0.9,8.63,0.0
2019,319,1.1,-1.9,-0.9,0.0,2.93,0.0
2019,320,-2.5,-9.9,-7.3,0.0,10.7,0.0
2019,321,3.5,-9.9,-3.5,0.0,10.11,0.0
2019,322,3.4,-1.5,0.4,0.0,4.86,0.0
2019,323,3.5,-5.0,0.1,0.0,6.56,0.0
2019,324,3.5,-0.6,1.2,0.0,4.32,0.0
2019,325,7.1,-1.9,2.8,1.4,6.37,0.0
2019,326,8.2,-2.8,2.4,1.7,3.29,0.0
2019,327,5.9,-4.1,0.0,0.0,9.08,0.0
2019,328,3.9,-0.4,1.4,0.3,8.07,0.0
2019,329,8.4,2.4,4.7,0.2,6.52,0.0
2019,330,11.8,3.9,6.6,0.0,8.22,0.0
2019,331,12.6,1.4,6.8,8.2,5.4,0.0
2019,332,2.3,-3.7,0.1,2.7,2.8,0.0
2019,333,-1.1,-6.2,-3.8,0.0,5.4,0.0
2019,334,-0.4,-6.5,-4.1,0.0,8.23,0.0
2019,335,-0.1,-7.1,-3.0,13.9,0.77,0.0
2019,336,-0.7,-4.3,-2.2,9.7,2.22,0.0
2019,337,-0.6,-8.1,-3.7,0.4,7.02,0.0
2019,338,1.0,-2.1,-0.9,3.5,2.75,0.0
2019,339,-1.4,-5.1,-2.6,1.4,3.89,0.0
2019,340,2.2,-6.4,-2.4,5.4,1.53,0.0
2019,341,-3.0,-8.8,-5.7,0.0,5.75,0.0
2019,342,4.0,-8.9,-1.5,0.0,7.15,0.0
2019,343,8.1,2.2,4.3,6.4,2.24,0.0
2019,344,7.8,-5.2,1.9,3.4,1.87,0.0
2019,345,-5.2,-9.7,-6.4,3.1,6.41,0.0
2019,346,-1.8,-16.5,-7.5,0.0,6.45,0.0
2019,347,3.2,-4.6,-0.9,0.3,5.77,0.0
2019,348,2.2,-0.6,0.9,23.3,0.68,0.0
2019,349,0.2,-7.2,-2.7,3.9,3.57,0.0
2019,350,-0.6,-9.4,-5.2,0.0,7.65,0.0
2019,351,-2.5,-5.7,-4.1,5.2,1.77,0.0
2019,352,-4.6,-14.9,-8.2,7.2,5.71,0.0
2019,353,-8.4,-16.8,-12.3,0.5,5.64,0.0
2019,354,-6.4,-13.6,-9.9,0.2,7.44,0.0
2019,355,2.3,-12.6,-4.4,0.0,4.65,0.0
2019,356,5.9,-0.4,2.5,0.0,7.78,0.0
2019,357,8.2,0.0,4.2,0.0,8.02,0.0
2019,358,1.0,-6.8,-1.9,0.0,7.95,0.0
2019,359,8.8,-5.1,1.3,0.0,6.72,0.0
2019,360,8.2,-0.1,4.3,0.0,3.48,0.0
2019,361,10.2,1.6,6.8,2.0,2.62,0.0
2019,362,4.5,-1.5,0.7,0.0,7.43,0.0
2019,363,6.6,-1.9,2.6,12.3,1.72,0.0
2019,364,11.0,2.1,6.3,12.9,3.62,0.0
2019,365,2.2,-3.0,-0.5,4.4,2.85,0.0
2020,1,-1.9,-3.8,-3.0,2.5,2.36,0.0
2020,2,7.2,-2.7,2.3,0.0,7.33,0.0
2020,3,5.7,2.9,4.2,0.8,1.94,0.0
2020,4,2.8,-2.2,0.0,10.4,1.61,0.0
2020,5,-1.2,-3.2,-2.4,4.1,2.66,0.0
2020,6,0.1,-3.2,-1.0,2.7,6.38,0.0
2020,7,2.1,-5.4,-1.4,0.0,5.07,0.0
2020,8,-2.2,-10.2,-5.5,4.3,5.03,0.0
2020,9,-1.8,-17.2,-8.4,0.0,6.97,0.0
2020,10,7.1,-1.2,4.1,7.3,2.56,0.0
2020,11,16.8,6.3,11.0,11.3,4.82,0.0
2020,12,12.6,-3.2,2.6,5.8,2.82,0.0
2020,13,5.1,-4.0,0.3,0.0,3.2,0.0
2020,14,7.6,-3.1,1.5,0.1,6.92,0.0
2020,15,4.5,-1.2,0.7,0.4,6.77,0.0
2020,16,3.0,-7.5,-1.8,8.3,3.3,0.0
2020,17,-8.1,-13.2,-11.0,0.1,7.75,0.0
2020,18,1.4,-13.2,-5.8,12.8,1.2,0.0
2020,19,-0.1,-9.9,-5.0,8.9,2.31,0.0
2020,20,-8.4,-15.4,-11.7,0.0,9.59,0.0
2020,21,-4.8,-11.1,-7.5,0.2,4.64,0.0
2020,22,0.3,-9.4,-5.4,0.0,8.47,0.0
2020,23,6.8,-6.6,-1.6,0.0,7.73,0.0
2020,24,6.2,-4.2,1.7,0.1,5.45,0.0
2020,25,4.4,-1.3,1.1,12.6,2.45,0.0
2020,26,0.1,-1.4,-0.7,4.4,2.84,0.0
2020,27,-0.2,-3.0,-1.6,7.0,2.43,0.0
2020,28,-1.6,-3.3,-2.7,0.8,2.89,0.0
2020,29,-3.0,-10.6,-5.8,0.1,8.25,0.0
2020,30,-0.6,-15.9,-8.4,0.0,9.12,0.0
2020,31,0.1,-5.3,-2.9,0.8,5.74,0.0
2020,32,-0.1,-6.1,-3.5,1.3,6.35,0.0
2020,33,0.2,-4.0,-1.5,10.0,2.74,0.0
2020,34,5.3,-1.2,1.7,1.5,10.15,0.0
2020,35,5.2,-2.8,1.1,0.0,3.03,0.0
2020,36,-2.8,-7.6,-5.2,1.1,10.34,0.0
2020,37,-0.9,-6.2,-3.8,14.9,1.73,0.0
2020,38,-3.5,-7.9,-5.9,14.0,3.37,0.0
2020,39,-5.2,-12.9,-8.6,1.7,6.71,0.0
2020,40,0.4,-10.0,-3.4,2.6,7.07,0.0
2020,41,1.6,-2.8,0.6,6.3,3.88,0.0
2020,42,0.1,-4.3,-1.8,0.1,6.3,0.0
2020,43,1.5,-6.4,-2.5,0.9,9.49,0.0
2020,44,-0.7,-8.7,-2.5,12.1,4.32,0.0
2020,45,-10.1,-19.1,-15.0,0.7,14.28,0.0
2020,46,-1.4,-19.4,-10.3,0.0,13.22,0.0
2020,47,1.9,-2.7,-0.8,0.3,5.54,0.0
2020,48,0.8,-5.7,-3.5,0.0,10.79,0.0
2020,49,6.2,-4.6,1.2,9.8,5.62,0.0
2020,50,-1.5,-7.5,-4.7,0.4,7.07,0.0
2020,51,-7.4,-12.8,-9.7,0.7,8.18,0.0
2020,52,-2.5,-14.6,-8.5,0.0,15.24,0.0
2020,53,2.3,-6.9,-2.6,0.0,15.44,0.0
2020,54,6.7,-3.5,1.2,0.0,13.57,0.0
2020,55,8.9,-0.3,3.3,0.0,12.78,0.0
2020,56,2.7,-1.0,0.9,3.1,7.04,0.0
2020,57,4.8,-1.8,0.6,13.4,4.24,0.0
2020,58,0.9,-8.4,-5.5,15.8,6.29,0.0
2020,59,-6.3,-10.4,-8.2,3.7,10.25,0.0
2020,60,-7.6,-11.2,-8.9,4.2,7.53,0.0
2020,61,2.7,-9.2,-3.4,0.1,16.78,0.0
2020,62,9.9,1.4,5.7,4.0,9.85,0.0
2020,63,8.7,1.4,4.4,9.9,6.17,0.0
2020,64,3.3,-1.5,0.5,1.3,10.17,0.0
2020,65,6.2,-6.8,-1.5,0.0,17.8,0.0
2020,66,2.2,-6.6,-0.8,4.0,6.47,0.0
2020,67,0.6,-9.3,-4.5,0.6,18.55,0.0
2020,68,10.7,-4.5,3.7,0.0,18.17,0.0
2020,69,15.8,6.3,10.3,0.0,17.02,0.0
2020,70,11.6,-0.9,7.1,5.9,5.95,0.0
2020,71,4.5,-3.8,-0.2,0.0,9.56,0.0
2020,72,11.1,-0.5,5.4,0.3,6.08,0.0
2020,73,9.1,0.1,5.3,4.7,13.12,0.0
2020,74,2.7,-3.3,-0.5,0.0,11.47,0.0
2020,75,2.7,-5.7,-1.9,0.2,19.92,0.0
2020,76,8.6,-6.9,0.5,0.5,17.61,0.0
2020,77,4.8,-0.6,2.6,0.8,7.84,0.0
2020,78,9.8,-2.6,2.8,2.6,11.31,0.0
2020,79,14.1,2.8,8.1,7.7,13.89,0.0
2020,80,17.5,-1.5,10.8,12.1,9.37,0.0
2020,81,0.8,-7.3,-3.6,0.0,19.16,0.0
2020,82,3.6,-7.9,-2.8,0.0,20.56,0.0
2020,83,2.8,0.6,1.3,8.7,5.53,0.0
2020,84,7.2,-1.5,1.8,0.0,12.65,0.0
2020,85,10.0,-2.0,3.6,0.0,12.1,0.0
2020,86,15.6,1.5,7.3,0.3,15.7,0.0
2020,87,11.6,0.5,4.9,0.2,20.04,0.0
2020,88,7.3,1.1,5.0,16.9,2.96,0.0
2020,89,19.2,7.6,11.0,16.7,11.67,0.0
2020,90,9.4,2.1,5.2,3.1,7.33,0.0
2020,91,6.1,1.7,3.4,0.9,5.52,0.0
2020,92,6.6,-1.7,2.2,0.0,22.98,0.0
2020,93,9.4,-1.3,3.6,0.0,17.64,0.0
2020,94,4.9,-1.4,2.2,4.2,6.92,0.0
2020,95,12.1,3.0,6.2,0.1,10.72,0.0
2020,96,11.3,1.2,6.8,0.1,15.3,0.0
2020,97,11.6,-1.5,5.2,0.1,23.59,0.0
2020,98,16.2,2.8,8.7,8.7,19.17,0.0
2020,99,12.6,4.3,7.5,5.5,15.03,0.0
2020,100,6.1,-0.6,3.7,6.8,15.88,0.0
2020,101,2.5,-2.2,-0.2,3.7,7.62,0.0
2020,102,4.3,-4.1,0.3,0.0,17.61,0.0
2020,103,15.1,-0.8,7.1,0.0,10.47,0.0
2020,104,14.4,2.1,9.4,18.2,6.56,0.0
2020,105,5.1,-1.5,1.6,0.4,21.36,0.0
2020,106,3.1,-4.8,-0.8,3.6,20.65,0.0
2020,107,1.9,-5.9,-2.2,1.0,21.63,0.0
2020,108,3.0,-4.4,-0.7,4.2,11.48,0.0
2020,109,5.4,-1.6,1.4,1.0,15.25,0.0
2020,110,12.8,1.3,5.3,3.6,18.6,0.0
2020,111,9.6,-2.8,2.3,0.0,25.02,0.0
2020,112,4.4,-2.7,1.6,3.9,20.44,0.0
2020,113,0.9,-4.9,-2.1,0.0,15.47,0.0
2020,114,4.1,-3.3,0.5,2.9,7.49,0.0
2020,115,12.8,1.6,5.9,2.0,13.98,0.0
2020,116,14.4,-0.1,6.5,0.0,23.7,0.0
2020,117,6.8,1.9,4.3,24.7,3.95,0.0
2020,118,9.8,1.5,5.5,1.5,20.34,0.0
2020,119,13.8,0.6,6.4,0.6,12.46,0.0
2020,120,18.0,4.0,10.7,1.0,12.51,0.0
2020,121,13.1,7.2,11.0,15.3,4.91,0.0
2020,122,13.3,4.2,7.9,0.8,16.77,0.0
2020,123,17.9,4.6,10.9,0.6,18.35,0.0
2020,124,20.1,8.2,14.2,0.1,27.26,0.0
2020,125,8.1,1.2,5.5,1.3,9.58,0.0
2020,126,8.9,-1.8,3.0,0.0,23.27,0.0
2020,127,8.4,1.0,4.1,0.1,14.43,0.0
2020,128,11.8,1.1,5.5,0.7,21.43,0.0
2020,129,3.7,-3.5,0.6,2.2,11.03,0.0
2020,130,2.0,-5.0,-1.4,2.1,19.4,0.0
2020,131,11.1,0.3,5.6,1.4,18.96,0.0
2020,132,5.2,1.5,3.5,4.9,8.15,0.0
2020,133,6.1,-2.7,1.8,0.3,23.51,0.0
2020,134,10.3,-1.9,4.2,0.0,29.82,0.0
2020,135,16.5,1.9,9.5,8.9,14.21,0.0
2020,136,23.9,11.0,15.6,13.7,17.47,0.0
2020,137,17.8,7.9,12.2,0.0,27.33,0.0
2020,138,20.2,6.4,11.9,16.7,16.83,0.0
2020,139,12.2,9.6,11.1,21.1,5.93,0.0
2020,140,16.9,9.8,13.4,0.0,19.74,0.0
2020,141,18.9,6.2,12.7,0.0,29.97,0.0
2020,142,21.5,5.4,13.9,0.0,30.47,0.0
2020,143,21.5,11.2,16.4,4.1,16.05,0.0
2020,144,22.0,13.1,16.8,8.7,17.65,0.0
2020,145,24.0,15.0,18.9,1.3,21.97,0.0
2020,146,27.3,14.8,20.8,0.3,25.88,0.0
2020,147,28.8,16.7,23.2,0.1,25.52,0.0
2020,148,25.9,18.0,22.1,0.0,21.12,0.0
2020,149,23.9,17.4,20.0,6.2,14.84,0.0
2020,150,23.9,13.4,19.3,7.3,18.25,0.0
2020,151,16.4,8.0,12.7,2.4,20.02,0.0
2020,152,11.2,5.9,8.5,0.2,20.35,0.0
2020,153,16.7,5.5,11.3,0.0,28.3,0.0
2020,154,21.0,10.4,15.6,2.0,19.66,0.0
2020,155,20.5,15.2,17.7,12.5,13.71,0.0
2020,156,26.1,13.8,19.3,1.1,24.5,0.0
2020,157,26.0,16.4,21.0,0.3,26.83,0.0
2020,158,22.5,14.1,18.6,0.7,25.78,0.0
2020,159,18.1,10.2,14.4,0.0,26.61,0.0
2020,160,22.5,10.0,16.1,0.0,29.96,0.0
2020,161,29.2,13.8,21.8,0.0,29.56,0.0
2020,162,30.6,20.0,24.8,0.0,24.11,0.0
2020,163,23.4,15.1,18.8,3.1,25.6,0.0
2020,164,18.1,8.6,14.8,0.1,25.95,0.0
2020,165,15.4,6.0,10.2,0.0,30.32,0.0
2020,166,16.6,6.2,11.0,0.0,27.47,0.0
2020,167,20.2,8.6,14.0,0.0,31.04,0.0
2020,168,23.9,9.6,16.7,0.0,30.77,0.0
2020,169,26.5,11.6,19.3,0.0,30.66,0.0
2020,170,26.9,15.1,21.3,0.2,25.35,0.0
2020,171,26.5,16.3,21.2,0.3,24.46,0.0
2020,172,27.1,15.8,21.3,0.8,23.72,0.0
2020,173,29.3,17.3,22.9,0.0,25.87,0.0
2020,174,29.4,18.2,22.3,2.6,20.4,0.0
2020,175,26.8,18.3,21.6,1.0,19.36,0.0
2020,176,20.2,13.4,16.7,0.0,28.05,0.0
2020,177,22.4,13.1,17.4,3.4,24.24,0.0
2020,178,23.8,14.4,19.1,0.0,23.85,0.0
2020,179,24.0,15.9,19.4,17.4,18.18,0.0
2020,180,23.8,17.5,20.3,1.2,24.09,0.0
2020,181,25.0,15.8,20.7,1.6,23.95,0.0
2020,182,23.7,15.5,19.6,0.5,24.18,0.0
2020,183,25.6,15.9,20.3,2.1,24.62,0.0
2020,184,28.6,17.3,22.8,0.1,26.86,0.0
2020,185,28.5,18.4,23.0,1.3,24.51,0.0
2020,186,28.7,18.5,22.9,1.0,26.46,0.0
2020,187,29.6,17.4,23.4,0.0,28.16,0.0
2020,188,30.0,17.5,24.0,0.0,23.12,0.0
2020,189,31.5,18.5,24.9,0.0,26.74,0.0
2020,190,30.2,20.4,24.8,0.8,24.12,0.0
2020,191,31.9,19.9,25.8,0.0,24.56,0.0
2020,192,30.9,21.1,25.2,1.3,24.74,0.0
2020,193,26.1,18.2,21.3,27.8,17.22,0.0
2020,194,25.1,16.3,20.4,0.1,26.52,0.0
2020,195,21.5,15.9,18.2,2.8,22.31,0.0
2020,196,23.5,14.2,18.9,0.7,22.24,0.0
2020,197,28.0,16.2,21.8,0.0,26.04,0.0
2020,198,25.6,19.3,21.7,37.6,12.44,0.0
2020,199,26.0,18.2,21.5,0.8,24.81,0.0
2020,200,28.6,17.6,22.9,0.0,27.98,0.0
2020,201,29.8,21.3,25.5,0.2,22.6,0.0
2020,202,25.9,19.4,22.4,2.0,25.53,0.0
2020,203,25.3,15.9,20.7,0.0,18.61,0.0
2020,204,25.6,18.1,21.1,3.2,14.21,0.0
2020,205,25.1,18.9,21.6,4.2,19.2,0.0
2020,206,24.6,17.5,21.1,0.3,20.3,0.0
2020,207,27.6,18.5,22.4,0.0,24.27,0.0
2020,208,28.3,17.5,22.4,0.0,26.78,0.0
2020,209,27.6,20.8,24.1,1.7,23.2,0.0
2020,210,24.9,18.7,21.6,2.4,22.73,0.0
2020,211,25.6,17.4,20.6,3.9,19.63,0.0
2020,212,24.9,17.6,20.7,0.2,22.85,0.0
2020,213,25.5,16.9,21.1,0.0,23.37,0.0
2020,214,27.5,16.0,21.8,0.8,21.86,0.0
2020,215,26.7,18.3,21.9,4.1,20.73,0.0
2020,216,26.0,16.4,20.6,1.5,22.02,0.0
2020,217,22.5,17.0,19.3,10.4,12.72,0.0
2020,218,21.0,14.0,17.3,0.6,23.98,0.0
2020,219,22.7,12.9,17.3,0.0,24.12,0.0
2020,220,23.3,14.9,18.9,1.3,20.25,0.0
2020,221,25.6,16.5,20.1,0.4,20.58,0.0
2020,222,27.2,14.8,21.0,0.0,24.09,0.0
2020,223,29.1,20.0,24.1,1.3,22.11,0.0
2020,224,28.3,19.5,23.1,0.1,22.05,0.0
2020,225,27.4,17.4,21.8,0.0,24.54,0.0
2020,226,28.5,17.2,22.8,0.0,25.97,0.0
2020,227,27.6,17.6,21.8,0.0,25.35,0.0
2020,228,27.8,16.8,21.4,1.2,17.37,0.0
2020,229,24.9,16.6,19.8,3.9,16.06,0.0
2020,230,23.8,16.5,19.1,0.9,18.47,0.0
2020,231,21.9,14.7,17.8,0.2,21.64,0.0
2020,232,20.2,11.9,15.9,0.1,19.01,0.0
2020,233,24.2,11.3,17.4,0.0,24.93,0.0
2020,234,26.5,16.0,20.5,0.0,23.65,0.0
2020,235,28.5,17.0,22.3,0.1,22.71,0.0
2020,236,28.7,18.2,23.0,0.0,21.42,0.0
2020,237,28.2,19.0,23.1,0.1,20.94,0.0
2020,238,25.3,17.9,21.5,0.9,19.98,0.0
2020,239,23.5,13.4,18.4,0.7,19.36,0.0
2020,240,25.9,17.8,20.8,37.8,13.97,0.0
2020,241,21.4,17.1,19.2,5.2,11.06,0.0
2020,242,22.5,16.3,19.6,3.9,13.78,0.0
2020,243,20.2,13.1,16.1,0.2,16.32,0.0
2020,244,23.6,11.0,17.3,0.0,19.13,0.0
2020,245,23.4,16.9,19.9,1.1,13.64,0.0
2020,246,24.9,17.6,21.1,3.1,13.37,0.0
2020,247,24.1,14.1,19.3,0.0,17.55,0.0
2020,248,19.2,12.9,16.7,0.4,21.87,0.0
2020,249,19.9,11.7,15.2,3.4,14.81,0.0
2020,250,20.9,11.6,15.8,0.7,21.11,0.0
2020,251,24.8,15.8,19.4,3.4,13.98,0.0
2020,252,26.5,15.4,19.7,1.6,15.66,0.0
2020,253,28.7,15.5,21.4,0.1,19.35,0.0
2020,254,24.1,13.9,19.7,0.8,15.85,0.0
2020,255,17.4,8.5,13.2,1.0,15.6,0.0
2020,256,24.3,7.8,15.2,0.0,18.07,0.0
2020,257,21.8,16.2,17.8,4.9,9.61,0.0
2020,258,16.5,9.1,13.3,0.0,17.27,0.0
2020,259,19.1,7.4,12.6,0.0,21.13,0.0
2020,260,23.0,11.1,16.3,0.0,20.98,0.0
2020,261,18.1,10.8,14.4,2.2,10.17,0.0
2020,262,12.4,7.0,10.1,1.7,11.35,0.0
2020,263,12.8,4.9,8.1,0.0,20.35,0.0
2020,264,14.1,4.3,8.6,0.0,19.82,0.0
2020,265,16.3,4.4,9.9,0.0,19.83,0.0
2020,266,18.8,6.9,12.3,0.0,19.66,0.0
2020,267,21.5,11.8,15.9,0.0,19.27,0.0
2020,268,21.9,13.5,16.9,0.7,12.47,0.0
2020,269,24.4,13.6,18.1,0.0,18.68,0.0
2020,270,24.0,12.5,17.7,0.0,18.16,0.0
2020,271,26.1,14.8,19.4,0.0,18.15,0.0
2020,272,23.9,14.9,19.4,0.3,14.97,0.0
2020,273,20.0,11.6,14.3,6.8,4.57,0.0
2020,274,15.1,8.8,11.4,14.4,14.0,0.0
2020,275,13.8,7.6,10.4,1.3,14.25,0.0
2020,276,13.1,5.9,8.5,0.8,12.53,0.0
2020,277,10.4,5.2,7.5,0.8,10.07,0.0
2020,278,15.4,4.9,9.1,0.9,7.77,0.0
2020,279,13.6,6.8,9.5,0.0,11.66,0.0
2020,280,17.5,6.3,11.5,0.0,15.55,0.0
2020,281,15.8,9.1,12.1,10.4,8.67,0.0
2020,282,11.4,6.4,8.7,0.3,8.65,0.0
2020,283,18.2,5.3,12.1,0.0,15.99,0.0
2020,284,22.3,12.6,17.1,3.5,12.23,0.0
2020,285,12.7,6.4,9.4,0.0,14.36,0.0
2020,286,16.8,8.2,12.1,0.0,9.1,0.0
2020,287,13.4,7.5,10.8,7.1,11.21,0.0
2020,288,14.9,7.3,11.0,0.0,14.91,0.0
2020,289,19.4,8.0,13.0,5.0,8.0,0.0
2020,290,7.8,2.3,5.7,5.0,8.41,0.0
2020,291,11.4,1.0,5.4,0.0,14.91,0.0
2020,292,12.1,5.4,9.1,0.3,7.71,0.0
2020,293,10.8,8.4,9.7,12.6,2.6,0.0
2020,294,11.6,6.3,8.6,8.9,2.88,0.0
2020,295,19.3,7.0,13.2,5.7,6.77,0.0
2020,296,14.8,7.9,11.0,5.1,3.84,0.0
2020,297,22.9,12.8,17.6,1.0,11.37,0.0
2020,298,15.6,2.8,7.3,7.8,7.17,0.0
2020,299,6.1,1.3,3.6,0.1,6.27,0.0
2020,300,8.7,4.1,6.3,3.1,2.18,0.0
2020,301,7.3,3.3,5.0,3.5,3.53,0.0
2020,302,8.6,3.4,5.6,0.3,5.11,0.0
2020,303,6.4,4.1,5.2,7.8,2.17,0.0
2020,304,3.3,-0.4,1.2,1.7,3.79,0.0
2020,305,5.2,-3.2,1.0,0.0,12.66,0.0
2020,306,7.1,-0.3,3.0,7.6,4.62,0.0
2020,307,3.8,-3.1,-0.3,2.3,5.17,0.0
2020,308,6.8,1.6,4.6,0.0,5.79,0.0
2020,309,16.8,4.8,10.8,0.0,11.7,0.0
2020,310,16.8,10.1,13.2,0.0,8.31,0.0
2020,311,17.9,10.0,13.4,0.0,11.0,0.0
2020,312,18.3,10.7,13.4,0.0,11.16,0.0
2020,313,20.0,10.2,13.7,0.0,11.12,0.0
2020,314,21.7,10.3,14.5,0.0,10.75,0.0
2020,315,21.9,12.4,16.1,0.0,10.02,0.0
2020,316,17.5,6.7,13.6,11.0,2.97,0.0
2020,317,7.9,0.8,3.8,0.0,8.7,0.0
2020,318,7.6,-0.6,3.0,0.3,6.56,0.0
2020,319,4.4,-0.1,1.8,0.0,7.6,0.0
2020,320,10.1,0.1,5.6,10.7,3.5,0.0
2020,321,3.2,0.9,1.9,5.2,3.2,0.0
2020,322,1.1,-3.8,-0.8,3.2,6.34,0.0
2020,323,-0.4,-6.6,-3.5,0.2,6.25,0.0
2020,324,12.4,-3.0,6.0,0.0,7.83,0.0
2020,325,14.6,9.2,11.5,0.0,8.8,0.0
2020,326,9.5,0.3,3.8,0.0,5.32,0.0
2020,327,5.4,-1.5,1.2,6.3,1.6,0.0
2020,328,6.1,-1.1,1.5,2.6,5.25,0.0
2020,329,2.5,-0.9,0.3,0.5,4.18,0.0
2020,330,8.5,1.4,4.7,6.3,2.9,0.0
2020,331,9.4,5.7,7.6,5.2,1.98,0.0
2020,332,7.6,4.4,5.7,0.1,3.89,0.0
2020,333,4.2,0.6,2.5,1.6,6.42,0.0
2020,334,9.2,0.6,3.9,0.0,8.59,0.0
2020,335,4.5,2.2,3.9,15.2,0.85,0.0
2020,336,2.1,-2.0,0.1,5.6,2.9,0.0
2020,337,1.6,-2.8,-1.0,3.8,6.67,0.0
2020,338,5.1,-1.5,1.0,0.0,8.65,0.0
2020,339,4.3,0.4,1.9,1.8,3.69,0.0
2020,340,1.2,-4.1,-0.6,0.8,2.96,0.0
2020,341,-2.5,-4.9,-4.0,0.0,3.34,0.0
2020,342,-2.5,-6.1,-4.6,0.0,4.61,0.0
2020,343,-0.4,-6.1,-3.6,0.0,7.93,0.0
2020,344,1.0,-2.2,-0.5,4.4,2.35,0.0
2020,345,3.9,-1.2,1.2,0.0,4.64,0.0
2020,346,11.2,0.7,4.2,0.0,7.12,0.0
2020,347,10.1,0.9,6.0,1.0,2.65,0.0
2020,348,9.6,-0.9,2.1,1.4,2.11,0.0
2020,349,0.6,-4.3,-1.2,0.3,1.5,0.0
2020,350,-3.3,-7.7,-5.2,0.0,3.07,0.0
2020,351,-3.6,-8.3,-6.3,4.7,3.11,0.0
2020,352,-5.7,-9.9,-7.3,7.4,4.7,0.0
2020,353,-4.3,-12.0,-7.8,0.0,7.6,0.0
2020,354,0.2,-9.4,-3.9,0.2,4.56,0.0
2020,355,1.5,-1.2,0.1,2.3,2.1,0.0
2020,356,2.6,-0.5,0.8,0.4,4.42,0.0
2020,357,1.0,-2.5,-0.5,1.6,4.58,0.0
2020,358,4.0,-5.2,-0.2,0.2,5.28,0.0
2020,359,7.4,-0.2,3.7,18.4,1.67,0.0
2020,360,-0.2,-7.7,-3.2,12.3,1.89,0.0
2020,361,-7.0,-10.6,-8.5,6.7,3.12,0.0
2020,362,-0.2,-7.0,-3.8,1.3,5.96,0.0
2020,363,4.2,-4.1,0.0,3.0,2.42,0.0
2020,364,-4.1,-10.6,-6.9,0.0,6.54,0.0
2020,365,5.8,-10.2,-0.8,10.0,4.04,0.0
2020,366,2.0,-5.1,-2.2,4.5,5.3,0.0
2021,1,0.1,-11.9,-4.1,6.5,3.66,0.0
2021,2,4.4,-3.0,-0.1,5.8,3.87,0.0
2021,3,1.6,-3.7,-1.0,2.7,1.45,0.0
2021,4,0.4,-2.0,-1.0,0.0,2.92,0.0
2021,5,0.4,-2.8,-1.3,0.5,2.42,0.0
2021,6,-1.5,-3.1,-2.4,0.3,2.17,0.0
2021,7,-1.5,-5.5,-3.4,0.0,4.36,0.0
2021,8,-2.6,-10.6,-5.8,0.0,7.11,0.0
2021,9,0.3,-8.4,-4.9,0.0,7.89,0.0
2021,10,-1.4,-5.6,-3.6,0.0,3.4,0.0
2021,11,2.3,-4.9,-2.2,0.8,6.61,0.0
2021,12,-2.7,-4.6,-3.6,0.3,2.49,0.0
2021,13,2.8,-3.7,-1.0,0.0,6.96,0.0
2021,14,3.8,-0.9,1.2,0.0,4.61,0.0
2021,15,4.8,-1.9,0.8,2.6,4.0,0.0
2021,16,0.9,-3.0,-1.1,1.7,5.83,0.0
2021,17,1.2,-3.3,-1.3,2.0,4.6,0.0
2021,18,-1.4,-3.2,-2.3,8.2,4.15,0.0
2021,19,-2.2,-4.2,-3.5,8.8,4.85,0.0
2021,20,-3.8,-9.1,-6.8,3.5,5.32,0.0
2021,21,0.4,-9.6,-3.2,1.1,4.87,0.0
2021,22,-1.4,-8.9,-3.8,2.0,4.68,0.0
2021,23,-8.1,-10.5,-9.4,1.1,4.83,0.0
2021,24,-5.3,-12.1,-9.1,0.0,8.32,0.0
2021,25,-0.1,-11.6,-6.5,0.0,8.89,0.0
2021,26,1.2,-5.6,-2.8,8.2,1.66,0.0
2021,27,-2.8,-8.6,-5.9,1.0,4.47,0.0
2021,28,-9.1,-11.2,-10.3,0.7,4.62,0.0
2021,29,-8.9,-14.3,-11.4,2.2,4.67,0.0
2021,30,-5.7,-14.4,-10.1,0.3,8.91,0.0
2021,31,-3.8,-15.5,-9.1,0.4,6.06,0.0
2021,32,-6.5,-9.3,-8.0,4.1,4.41,0.0
2021,33,-3.2,-9.0,-6.5,6.8,3.21,0.0
2021,34,-3.2,-7.8,-5.2,1.9,11.07,0.0
2021,35,1.8,-8.1,-3.6,0.0,12.31,0.0
2021,36,1.3,-6.9,-2.1,3.6,5.03,0.0
2021,37,-6.8,-11.7,-8.6,1.1,6.16,0.0
2021,38,-6.9,-14.8,-10.1,0.7,4.37,0.0
2021,39,-7.2,-18.0,-12.7,0.3,8.54,0.0
2021,40,-4.3,-9.3,-7.7,2.3,7.94,0.0
2021,41,-6.3,-13.4,-9.7,0.7,9.67,0.0
2021,42,-6.4,-13.6,-9.7,0.7,7.43,0.0
2021,43,-8.8,-14.9,-12.0,0.2,8.6,0.0
2021,44,-9.4,-14.9,-11.9,1.6,7.06,0.0
2021,45,-4.7,-10.1,-7.6,0.5,10.47,0.0
2021,46,-4.2,-11.4,-7.5,5.6,5.27,0.0
2021,47,-2.2,-11.1,-7.3,13.5,3.55,0.0
2021,48,-7.0,-14.1,-10.8,0.2,12.04,0.0
2021,49,-5.2,-11.0,-8.2,2.0,5.63,0.0
2021,50,-2.8,-7.9,-5.9,1.5,5.72,0.0
2021,51,-5.7,-9.6,-7.2,2.2,7.53,0.0
2021,52,-1.4,-9.8,-6.3,0.0,14.47,0.0
2021,53,0.6,-4.2,-2.3,6.5,4.25,0.0
2021,54,1.2,-3.2,-0.7,2.9,4.46,0.0
2021,55,11.1,-2.2,3.1,0.2,13.17,0.0
2021,56,-0.8,-6.7,-3.4,0.1,15.54,0.0
2021,57,3.2,-7.4,-2.9,0.0,16.28,0.0
2021,58,6.4,-1.3,1.6,3.8,9.91,0.0
2021,59,5.5,-2.4,1.7,0.0,7.03,0.0
2021,60,6.1,-11.1,-1.5,2.8,7.48,0.0
2021,61,-3.5,-13.5,-8.8,0.1,17.15,0.0
2021,62,3.7,-3.7,-0.3,0.1,11.48,0.0
2021,63,-0.5,-11.2,-5.2,0.7,9.05,0.0
2021,64,-2.0,-12.6,-7.7,0.6,17.23,0.0
2021,65,-4.5,-9.9,-7.0,1.7,7.64,0.0
2021,66,-2.9,-12.4,-8.0,0.0,18.1,0.0
2021,67,7.8,-10.9,-1.7,0.0,14.4,0.0
2021,68,7.1,-0.4,3.4,0.0,17.9,0.0
2021,69,14.7,-1.5,6.9,0.0,17.95,0.0
2021,70,17.9,8.4,12.5,3.1,15.81,0.0
2021,71,8.9,-3.6,3.7,0.3,18.78,0.0
2021,72,1.2,-8.2,-3.4,0.0,18.09,0.0
2021,73,1.6,-7.7,-1.4,0.4,15.83,0.0
2021,74,-1.0,-11.4,-6.4,0.0,20.02,0.0
2021,75,2.8,-6.4,-0.7,2.1,4.74,0.0
2021,76,12.8,-0.9,4.4,0.0,17.83,0.0
2021,77,3.2,-1.1,1.5,4.6,4.22,0.0
2021,78,1.3,-8.3,-3.5,0.0,21.07,0.0
2021,79,11.2,-3.5,2.8,0.0,20.82,0.0
2021,80,15.6,0.3,7.0,0.0,21.43,0.0
2021,81,17.1,2.2,8.8,0.0,21.34,0.0
2021,82,16.3,2.8,9.8,0.0,17.57,0.0
2021,83,17.2,8.0,11.7,4.1,12.38,0.0
2021,84,20.6,9.1,14.1,0.4,18.71,0.0
2021,85,15.1,2.9,8.8,4.9,5.43,0.0
2021,86,15.6,2.2,6.8,0.2,11.92,0.0
2021,87,13.8,0.2,7.6,11.7,6.81,0.0
2021,88,3.8,-2.0,0.2,0.5,15.79,0.0
2021,89,18.0,0.4,9.7,0.0,22.32,0.0
2021,90,12.2,2.3,8.3,5.1,4.61,0.0
2021,91,1.0,-5.6,-2.0,4.4,15.74,0.0
2021,92,0.2,-7.6,-3.7,0.0,24.2,0.0
2021,93,8.8,-5.5,1.1,0.6,19.21,0.0
2021,94,12.2,1.1,6.3,0.0,23.24,0.0
2021,95,13.9,1.0,7.3,0.0,21.95,0.0
2021,96,17.5,2.5,9.9,0.0,22.07,0.0
2021,97,19.8,5.0,12.2,3.3,22.59,0.0
2021,98,23.2,8.1,15.4,0.0,22.3,0.0
2021,99,19.1,9.7,13.9,2.4,16.63,0.0
2021,100,23.5,9.6,15.9,0.0,18.14,0.0
2021,101,15.2,11.9,13.1,18.2,5.54,0.0
2021,102,11.5,5.7,9.5,5.1,5.49,0.0
2021,103,14.9,5.1,9.7,0.4,15.0,0.0
2021,104,15.0,5.1,9.3,0.0,21.04,0.0
2021,105,6.5,0.7,3.9,3.8,11.82,0.0
2021,106,4.1,0.9,2.3,10.3,5.43,0.0
2021,107,9.0,2.0,4.8,0.4,11.69,0.0
2021,108,11.4,2.0,6.7,0.3,21.23,0.0
2021,109,14.1,3.0,8.7,1.1,21.11,0.0
2021,110,6.3,-0.2,3.4,3.4,11.41,0.0
2021,111,0.2,-3.1,-1.4,8.2,11.58,0.0
2021,112,2.4,-5.8,-1.7,1.7,18.64,0.0
2021,113,12.9,-2.4,5.0,0.0,26.99,0.0
2021,114,16.6,4.2,10.0,0.0,23.57,0.0
2021,115,11.4,0.1,7.1,3.8,18.27,0.0
2021,116,8.8,-3.0,2.6,0.0,26.56,0.0
2021,117,21.5,1.9,11.6,0.2,23.89,0.0
2021,118,21.2,11.4,16.5,1.9,15.63,0.0
2021,119,13.2,8.1,11.9,18.3,4.48,0.0
2021,120,7.8,1.2,5.4,8.1,13.16,0.0
2021,121,13.0,-0.6,6.3,0.5,28.13,0.0
2021,122,17.9,9.4,14.3,0.7,20.49,0.0
2021,123,17.1,8.9,13.2,6.5,9.85,0.0
2021,124,22.5,11.9,15.0,5.9,13.17,0.0
2021,125,11.9,4.9,8.0,3.2,5.44,0.0
2021,126,10.2,2.3,6.5,0.0,18.83,0.0
2021,127,5.3,2.5,4.1,12.3,5.96,0.0
2021,128,9.7,1.0,4.9,3.9,19.55,0.0
2021,129,9.1,1.0,4.3,8.6,10.16,0.0
2021,130,10.7,2.4,6.2,0.1,25.89,0.0
2021,131,7.7,0.2,4.3,1.5,24.88,0.0
2021,132,13.2,0.7,7.0,0.7,26.71,0.0
2021,133,14.8,4.8,9.8,0.2,25.58,0.0
2021,134,16.6,6.1,11.5,0.1,25.69,0.0
2021,135,17.6,6.7,12.3,0.0,26.22,0.0
2021,136,19.1,7.2,12.9,1.5,20.75,0.0
2021,137,20.2,7.1,14.1,0.0,22.1,0.0
2021,138,23.2,10.0,16.5,0.0,28.57,0.0
2021,139,26.5,12.9,19.7,0.0,27.64,0.0
2021,140,28.3,14.7,21.4,0.0,27.09,0.0
2021,141,28.0,15.6,22.1,0.0,24.74,0.0
2021,142,24.8,17.2,20.5,0.1,17.45,0.0
2021,143,23.5,12.4,18.6,1.2,17.95,0.0
2021,144,24.4,9.1,16.3,0.0,28.15,0.0
2021,145,27.6,14.1,20.2,3.3,22.37,0.0
2021,146,25.0,15.4,20.5,2.4,20.83,0.0
2021,147,16.2,8.2,12.4,0.1,24.29,0.0
2021,148,9.4,3.7,5.7,22.8,4.17,0.0
2021,149,12.4,3.5,7.0,4.4,14.07,0.0
2021,150,13.9,6.4,9.7,0.0,14.76,0.0
2021,151,18.0,5.7,12.3,0.0,28.4,0.0
2021,152,20.9,11.1,15.5,0.0,23.7,0.0
2021,153,22.9,10.5,16.4,1.2,19.86,0.0
2021,154,20.8,14.0,16.6,10.9,13.95,0.0
2021,155,24.0,13.6,18.7,0.2,25.1,0.0
2021,156,27.0,17.9,21.8,0.0,29.37,0.0
2021,157,28.5,17.6,22.6,0.0,27.8,0.0
2021,158,26.9,18.6,22.5,4.1,20.2,0.0
2021,159,24.4,19.4,21.4,7.3,13.05,0.0
2021,160,27.1,18.2,21.9,8.4,22.49,0.0
2021,161,26.0,15.1,20.1,0.0,30.06,0.0
2021,162,27.0,14.7,20.2,0.1,24.74,0.0
2021,163,25.0,13.9,18.8,1.6,26.29,0.0
2021,164,27.3,14.0,20.5,2.4,25.68,0.0
2021,165,19.6,13.4,16.2,6.4,18.1,0.0
2021,166,20.5,12.6,15.8,0.2,26.45,0.0
2021,167,17.9,8.4,13.4,0.0,29.59,0.0
2021,168,21.5,8.9,15.0,0.0,31.06,0.0
2021,169,24.9,13.6,19.1,1.9,13.75,0.0
2021,170,26.7,15.6,20.2,1.4,20.09,0.0
2021,171,26.6,14.5,20.6,0.8,24.13,0.0
2021,172,26.9,16.5,21.0,6.3,18.71,0.0
2021,173,15.1,9.4,11.8,0.2,11.15,0.0
2021,174,19.5,8.2,13.9,0.3,25.99,0.0
2021,175,24.6,11.9,18.4,0.0,29.75,0.0
2021,176,27.5,15.2,21.2,0.0,23.65,0.0
2021,177,28.6,17.6,23.4,0.5,20.87,0.0
2021,178,29.7,21.5,25.2,0.5,26.55,0.0
2021,179,30.0,22.2,25.4,2.0,23.97,0.0
2021,180,31.4,21.2,25.3,0.6,24.49,0.0
2021,181,25.2,19.4,21.8,2.5,13.2,0.0
2021,182,23.0,16.0,19.3,4.9,15.59,0.0
2021,183,17.2,13.6,15.0,25.9,14.2,0.0
2021,184,20.2,13.5,16.3,3.7,19.59,0.0
2021,185,23.2,14.1,18.5,0.9,24.75,0.0
2021,186,28.5,14.4,22.0,0.6,24.92,0.0
2021,187,25.8,19.6,22.8,4.2,18.66,0.0
2021,188,25.9,15.9,21.5,9.6,20.87,0.0
2021,189,23.8,16.2,19.6,12.7,14.74,0.0
2021,190,22.6,15.4,19.0,3.6,19.72,0.0
2021,191,21.0,14.9,17.6,0.9,15.1,0.0
2021,192,20.8,15.1,17.7,28.3,5.34,0.0
2021,193,23.0,15.6,19.0,15.3,11.93,0.0
2021,194,26.0,18.6,21.8,20.4,16.26,0.0
2021,195,24.4,18.1,20.9,7.4,20.51,0.0
2021,196,27.6,16.8,22.1,0.4,24.08,0.0
2021,197,23.2,17.5,20.0,8.0,12.7,0.0
2021,198,18.0,14.4,16.5,44.5,5.19,0.0
2021,199,22.2,14.0,18.1,7.9,18.18,0.0
2021,200,25.6,16.3,20.9,0.2,25.8,0.0
2021,201,26.3,17.5,21.1,3.1,24.67,0.0
2021,202,21.2,15.4,17.8,2.1,23.43,0.0
2021,203,21.1,12.9,17.0,0.0,21.29,0.0
2021,204,23.4,14.2,18.4,0.0,25.07,0.0
2021,205,24.7,13.9,19.3,2.5,16.55,0.0
2021,206,26.1,17.5,21.4,20.1,25.04,0.0
2021,207,25.7,17.1,21.4,0.0,23.1,0.0
2021,208,25.1,16.5,20.2,7.3,20.88,0.0
2021,209,22.6,15.8,18.7,0.2,24.8,0.0
2021,210,22.6,15.4,18.5,12.9,13.35,0.0
2021,211,18.4,11.8,16.3,2.4,21.78,0.0
2021,212,21.1,10.5,15.3,0.0,24.53,0.0
2021,213,19.7,13.4,16.0,10.5,16.1,0.0
2021,214,19.9,12.6,16.0,1.3,22.07,0.0
2021,215,22.0,12.1,17.3,0.0,21.19,0.0
2021,216,24.2,13.4,18.9,0.0,23.52,0.0
2021,217,25.8,12.6,19.8,0.0,24.47,0.0
2021,218,27.5,16.0,21.3,0.0,24.6,0.0
2021,219,27.5,17.9,21.7,1.0,20.43,0.0
2021,220,26.5,17.4,21.7,1.1,21.23,0.0
2021,221,29.9,18.6,24.1,0.0,21.91,0.0
2021,222,28.8,20.5,23.4,3.3,16.96,0.0
2021,223,28.1,21.4,24.2,2.1,20.04,0.0
2021,224,27.6,21.7,24.0,1.5,15.94,0.0
2021,225,28.9,20.9,23.5,0.6,17.91,0.0
2021,226,22.8,14.6,18.8,7.8,21.07,0.0
2021,227,21.9,12.4,17.2,0.0,21.73,0.0
2021,228,23.9,12.7,18.5,1.2,13.91,0.0
2021,229,24.5,18.2,20.9,9.1,13.83,0.0
2021,230,20.9,19.2,20.1,65.0,4.62,0.0
2021,231,25.1,19.3,21.4,25.6,17.95,0.0
2021,232,25.8,18.2,21.8,0.0,18.56,0.0
2021,233,25.1,18.4,21.8,0.2,15.57,0.0
2021,234,25.8,18.9,22.2,0.8,17.48,0.0
2021,235,25.6,20.0,22.5,2.6,16.33,0.0
2021,236,28.0,18.1,22.3,0.0,23.58,0.0
2021,237,29.5,19.5,24.1,0.5,20.96,0.0
2021,238,28.4,21.4,24.3,0.2,15.64,0.0
2021,239,26.4,18.6,22.5,0.4,18.01,0.0
2021,240,28.0,16.5,22.2,0.9,18.27,0.0
2021,241,28.6,20.6,23.3,3.1,16.74,0.0
2021,242,24.5,18.8,21.6,3.5,15.98,0.0
2021,243,23.6,16.5,19.4,0.0,19.05,0.0
2021,244,19.1,13.2,16.4,0.0,12.02,0.0
2021,245,18.7,11.6,14.8,0.0,23.1,0.0
2021,246,18.6,11.4,14.9,0.0,12.84,0.0
2021,247,22.9,12.7,17.5,0.0,20.22,0.0
2021,248,21.9,15.0,18.2,3.6,15.21,0.0
2021,249,19.4,13.8,16.4,2.6,17.6,0.0
2021,250,23.9,11.4,17.7,0.7,21.5,0.0
2021,251,22.1,15.1,18.8,2.5,12.65,0.0
2021,252,19.6,12.1,15.4,2.2,18.92,0.0
2021,253,17.9,11.3,14.3,1.9,17.4,0.0
2021,254,22.6,11.9,17.2,0.0,17.43,0.0
2021,255,23.8,18.1,19.8,7.2,9.49,0.0
2021,256,22.3,15.4,18.0,9.9,16.68,0.0
2021,257,25.8,15.1,20.5,7.0,16.34,0.0
2021,258,21.8,14.5,18.4,12.2,8.09,0.0
2021,259,21.8,12.4,17.2,0.0,20.36,0.0
2021,260,25.0,15.4,20.1,0.4,15.39,0.0
2021,261,22.5,14.4,18.7,2.9,11.9,0.0
2021,262,20.5,12.4,15.6,0.0,20.02,0.0
2021,263,24.9,11.7,17.8,0.0,18.21,0.0
2021,264,22.8,15.1,18.4,0.7,14.31,0.0
2021,265,23.6,16.6,19.4,20.0,10.42,0.0
2021,266,19.4,11.1,15.1,43.8,12.3,0.0
2021,267,17.3,10.5,13.1,0.0,16.19,0.0
2021,268,18.9,10.2,13.8,1.5,14.72,0.0
2021,269,16.7,8.4,12.6,0.1,17.25,0.0
2021,270,21.7,12.2,16.9,1.7,13.6,0.0
2021,271,16.0,9.1,13.3,1.6,13.23,0.0
2021,272,16.1,8.2,11.7,0.0,13.43,0.0
2021,273,13.6,8.4,10.7,0.2,9.09,0.0
2021,274,16.5,7.3,11.3,0.0,14.83,0.0
2021,275,22.0,11.3,15.8,0.0,16.98,0.0
2021,276,20.5,14.7,16.7,27.6,5.64,0.0
2021,277,19.3,15.4,17.0,13.5,5.18,0.0
2021,278,18.0,13.1,15.4,1.6,6.49,0.0
2021,279,20.8,13.2,16.0,0.2,8.28,0.0
2021,280,22.8,14.1,17.6,0.0,13.26,0.0
2021,281,22.9,14.7,18.0,0.0,11.41,0.0
2021,282,20.1,13.8,16.7,2.0,7.48,0.0
2021,283,21.2,13.2,16.3,0.0,11.48,0.0
2021,284,23.7,14.0,17.8,0.0,14.62,0.0
2021,285,23.5,14.2,18.2,0.0,15.07,0.0
2021,286,19.5,13.6,16.7,1.4,7.75,0.0
2021,287,23.2,12.2,17.1,0.0,13.54,0.0
2021,288,21.3,17.0,18.5,14.9,5.88,0.0
2021,289,17.5,8.1,13.3,32.5,2.92,0.0
2021,290,10.6,6.8,7.9,5.2,9.54,0.0
2021,291,8.4,5.4,6.9,1.4,8.18,0.0
2021,292,15.6,5.1,10.4,0.0,14.52,0.0
2021,293,17.5,10.9,13.6,0.0,12.12,0.0
2021,294,19.8,10.9,13.8,4.1,8.17,0.0
2021,295,10.9,4.0,7.5,2.4,7.81,0.0
2021,296,7.9,4.0,5.4,2.3,5.53,0.0
2021,297,12.6,4.1,7.8,3.6,8.92,0.0
2021,298,15.3,7.8,10.3,19.8,6.36,0.0
2021,299,9.5,5.2,6.8,30.2,1.42,0.0
2021,300,12.3,5.8,8.1,0.7,11.2,0.0
2021,301,13.1,3.7,7.8,0.0,12.61,0.0
2021,302,9.8,6.1,8.1,20.8,2.55,0.0
2021,303,11.3,5.2,7.6,6.1,3.89,0.0
2021,304,9.9,6.6,8.4,0.9,3.26,0.0
2021,305,8.1,3.2,5.5,0.9,11.5,0.0
2021,306,5.5,0.2,2.8,1.8,9.15,0.0
2021,307,4.4,-0.9,1.1,1.1,9.54,0.0
2021,308,5.8,-2.0,1.3,0.1,9.7,0.0
2021,309,6.2,-1.9,1.2,0.0,10.9,0.0
2021,310,9.1,-1.4,2.8,0.0,11.67,0.0
2021,311,12.5,1.5,6.2,0.0,11.27,0.0
2021,312,16.8,6.0,10.6,0.0,10.99,0.0
2021,313,15.1,7.8,10.5,4.0,8.04,0.0
2021,314,10.1,3.2,7.2,2.5,10.19,0.0
2021,315,12.2,2.4,7.7,1.2,6.42,0.0
2021,316,12.2,5.8,8.9,10.3,8.91,0.0
2021,317,6.7,1.1,3.2,5.2,5.4,0.0
2021,318,4.0,0.1,1.3,8.3,3.35,0.0
2021,319,2.3,-0.9,0.6,5.2,4.48,0.0
2021,320,3.2,-3.3,-0.0,0.9,6.84,0.0
2021,321,14.4,-2.1,6.1,0.7,5.14,0.0
2021,322,13.9,0.3,7.6,7.5,1.76,0.0
2021,323,2.2,-2.0,-0.1,1.2,5.97,0.0
2021,324,4.7,-2.9,1.0,0.0,6.2,0.0
2021,325,7.6,0.0,3.0,4.5,4.44,0.0
2021,326,4.3,-4.1,-0.7,1.7,4.98,0.0
2021,327,0.2,-4.7,-2.8,0.4,8.05,0.0
2021,328,7.3,-4.7,0.3,0.0,8.5,0.0
2021,329,8.1,1.7,4.5,2.2,4.05,0.0
2021,330,4.5,-4.2,-1.1,5.7,3.35,0.0
2021,331,-1.8,-4.9,-3.4,1.9,4.11,0.0
2021,332,-0.1,-3.3,-2.0,3.9,1.91,0.0
2021,333,-0.6,-4.2,-2.6,1.6,6.05,0.0
2021,334,0.7,-3.0,-1.1,3.8,3.57,0.0
2021,335,2.1,-2.5,0.1,0.1,5.7,0.0
2021,336,8.6,1.1,4.4,1.5,4.93,0.0
2021,337,0.6,-3.0,-1.0,0.5,4.98,0.0
2021,338,3.7,-2.1,-0.1,0.1,6.34,0.0
2021,339,5.8,-2.8,0.1,0.3,2.64,0.0
2021,340,8.2,-2.0,4.0,15.7,1.54,0.0
2021,341,-2.4,-5.3,-3.9,1.0,3.79,0.0
2021,342,-1.8,-5.9,-4.1,3.3,3.45,0.0
2021,343,-0.8,-7.2,-3.9,0.3,3.48,0.0
2021,344,9.2,-0.3,3.2,0.0,5.46,0.0
2021,345,14.4,0.6,6.7,12.9,3.34,0.0
2021,346,4.0,-1.8,0.9,0.0,7.78,0.0
2021,347,6.8,0.6,3.3,0.0,8.01,0.0
2021,348,5.3,-0.2,1.9,0.0,7.54,0.0
2021,349,8.9,0.4,3.7,3.6,1.22,0.0
2021,350,14.6,8.7,12.1,2.1,5.08,0.0
2021,351,6.7,-1.1,2.1,0.0,8.0,0.0
2021,352,1.2,-3.1,-0.8,13.1,0.98,0.0
2021,353,-3.0,-8.1,-5.0,0.9,5.15,0.0
2021,354,2.4,-8.2,-3.1,0.0,7.0,0.0
2021,355,2.8,-2.8,-0.2,0.0,7.3,0.0
2021,356,0.2,-6.0,-2.6,1.1,3.18,0.0
2021,357,-1.6,-7.8,-4.9,1.3,4.79,0.0
2021,358,7.5,-2.8,2.1,0.9,5.84,0.0
2021,359,8.9,2.5,5.2,12.1,2.21,0.0
2021,360,2.0,-2.0,0.3,0.2,5.3,0.0
2021,361,2.0,-6.0,-2.3,5.0,1.62,0.0
2021,362,4.0,-1.5,1.1,4.1,6.07,0.0
2021,363,5.7,-0.8,1.3,1.3,4.65,0.0
2021,364,2.6,0.0,1.1,1.2,1.8,0.0
2021,365,7.5,0.6,3.4,1.5,4.23,0.0
2022,1,8.2,1.0,5.4,9.7,1.2,0.0
2022,2,0.2,-10.1,-4.7,7.3,1.78,0.0
2022,3,-7.9,-12.9,-10.6,0.0,7.2,0.0
2022,4,3.0,-10.6,-3.2,0.0,7.79,0.0
2022,5,5.1,-3.1,0.0,0.5,3.52,0.0
2022,6,-3.6,-7.1,-5.7,1.3,5.9,0.0
2022,7,-6.5,-12.4,-8.4,1.7,4.6,0.0
2022,8,-2.8,-15.6,-9.3,0.0,8.88,0.0
2022,9,3.8,-6.8,0.4,4.4,1.73,0.0
2022,10,-8.7,-14.2,-11.1,0.2,4.91,0.0
2022,11,-9.4,-22.3,-15.1,0.2,9.21,0.0
2022,12,0.6,-8.4,-2.3,0.0,3.72,0.0
2022,13,5.2,-1.4,0.8,1.5,5.32,0.0
2022,14,-0.8,-14.1,-6.5,1.5,3.96,0.0
2022,15,-13.2,-19.2,-16.3,0.0,8.22,0.0
2022,16,-0.4,-22.4,-10.6,2.9,9.64,0.0
2022,17,-3.3,-7.1,-5.6,33.2,2.0,0.0
2022,18,-5.4,-8.6,-6.8,0.6,8.15,0.0
2022,19,3.2,-5.4,-0.5,0.4,3.91,0.0
2022,20,-4.4,-17.6,-12.6,0.4,6.77,0.0
2022,21,-11.8,-21.4,-16.0,0.2,10.0,0.0
2022,22,-6.3,-21.3,-13.1,0.1,8.4,0.0
2022,23,-6.3,-13.5,-7.9,5.6,3.95,0.0
2022,24,-6.8,-20.0,-12.9,2.4,5.31,0.0
2022,25,-5.8,-12.4,-8.4,1.7,5.73,0.0
2022,26,-9.5,-17.7,-13.3,0.2,7.21,0.0
2022,27,-5.0,-16.2,-10.5,0.5,7.92,0.0
2022,28,-5.6,-16.5,-9.5,1.7,6.43,0.0
2022,29,-13.6,-17.5,-16.0,0.0,7.69,0.0
2022,30,-7.7,-17.7,-13.5,0.0,10.59,0.0
2022,31,-3.2,-14.4,-9.6,0.0,11.59,0.0
2022,32,1.1,-10.1,-4.9,0.0,10.87,0.0
2022,33,3.9,-2.6,0.4,2.1,5.53,0.0
2022,34,1.6,-8.7,-3.6,25.5,1.59,0.0
2022,35,-9.1,-11.5,-10.4,11.6,3.43,0.0
2022,36,-11.3,-16.3,-13.3,0.4,9.34,0.0
2022,37,-0.9,-16.6,-8.9,0.0,12.18,0.0
2022,38,2.4,-6.6,-3.3,0.0,10.45,0.0
2022,39,-3.2,-7.3,-4.5,1.1,5.84,0.0
2022,40,6.2,-6.6,0.1,0.2,10.21,0.0
2022,41,2.0,-2.9,-0.1,2.1,8.24,0.0
2022,42,7.6,-5.7,1.0,3.3,9.59,0.0
2022,43,1.9,-10.1,-2.9,4.2,6.3,0.0
2022,44,-10.0,-17.7,-12.7,0.0,10.05,0.0
2022,45,-11.8,-19.0,-14.9,1.0,9.22,0.0
2022,46,-6.2,-16.2,-11.2,0.0,10.03,0.0
2022,47,7.8,-9.1,0.8,0.0,10.73,0.0
2022,48,9.9,-0.3,7.0,30.3,3.52,0.0
2022,49,-0.6,-11.7,-7.4,16.1,10.74,0.0
2022,50,-4.6,-12.8,-8.8,3.2,9.83,0.0
2022,51,4.6,-14.4,-5.1,0.0,14.17,0.0
2022,52,9.1,-0.9,3.6,0.0,14.37,0.0
2022,53,10.8,2.2,7.0,10.5,3.95,0.0
2022,54,10.8,-9.1,-1.0,1.5,8.61,0.0
2022,55,-3.0,-11.6,-8.4,0.0,13.7,0.0
2022,56,-3.8,-10.5,-7.9,15.8,5.66,0.0
2022,57,-4.9,-11.1,-8.0,0.7,7.89,0.0
2022,58,-1.7,-8.1,-5.0,0.2,9.38,0.0
2022,59,-4.6,-15.4,-9.2,0.6,16.08,0.0
2022,60,7.1,-7.9,0.8,0.5,11.31,0.0
2022,61,2.3,-7.4,-2.2,2.1,15.92,0.0
2022,62,-2.0,-13.4,-8.3,3.1,16.41,0.0
2022,63,-1.9,-17.0,-9.7,0.0,17.89,0.0
2022,64,7.3,-9.1,-0.6,0.0,11.01,0.0
2022,65,19.1,2.0,11.0,1.4,15.84,0.0
2022,66,11.8,-2.8,1.4,21.7,3.91,0.0
2022,67,1.0,-6.0,-2.9,0.3,13.14,0.0
2022,68,2.0,-4.7,-1.3,2.9,5.83,0.0
2022,69,4.8,-4.6,-0.7,0.0,15.04,0.0
2022,70,7.4,-4.6,0.4,2.3,10.04,0.0
2022,71,-1.9,-11.1,-7.3,9.1,8.69,0.0
2022,72,-3.5,-11.2,-7.6,1.6,10.14,0.0
2022,73,9.4,-4.9,2.6,0.0,13.81,0.0
2022,74,9.0,-0.2,3.9,2.1,8.52,0.0
2022,75,16.2,-1.2,5.9,0.0,18.76,0.0
2022,76,18.7,3.5,10.2,0.0,18.69,0.0
2022,77,20.2,6.8,11.5,0.0,16.02,0.0
2022,78,18.0,5.9,10.6,14.1,12.64,0.0
2022,79,5.7,0.9,2.7,2.5,5.49,0.0
2022,80,10.1,-0.7,4.3,0.7,18.03,0.0
2022,81,7.2,-3.8,1.6,0.0,16.86,0.0
2022,82,6.9,-2.2,2.3,5.5,5.09,0.0
2022,83,15.6,4.3,8.7,3.3,16.91,0.0
2022,84,4.8,0.6,2.4,2.2,4.78,0.0
2022,85,4.5,-1.7,1.4,4.2,15.65,0.0
2022,86,-2.0,-10.5,-5.6,7.0,9.28,0.0
2022,87,-8.1,-11.9,-10.1,1.5,18.44,0.0
2022,88,-2.2,-10.9,-7.3,0.2,16.07,0.0
2022,89,8.8,-12.4,-0.8,0.1,9.66,0.0
2022,90,14.8,2.5,9.0,6.1,11.02,0.0
2022,91,2.4,-2.8,0.2,2.7,8.32,0.0
2022,92,7.6,-5.6,0.3,0.0,21.89,0.0
2022,93,2.5,-0.9,0.2,2.6,8.98,0.0
2022,94,7.2,-3.5,1.8,0.0,12.47,0.0
2022,95,15.6,-0.6,6.8,0.0,14.67,0.0
2022,96,15.8,4.8,10.0,3.1,12.99,0.0
2022,97,9.6,4.2,6.7,10.1,4.1,0.0
2022,98,9.1,0.3,4.2,3.7,19.03,0.0
2022,99,6.6,-1.3,2.1,0.7,18.57,0.0
2022,100,2.9,-1.9,0.2,1.9,10.18,0.0
2022,101,18.8,-2.8,7.3,1.8,20.56,0.0
2022,102,15.8,5.7,10.1,6.7,24.81,0.0
2022,103,22.0,5.8,13.8,5.0,16.74,0.0
2022,104,18.5,5.9,11.2,1.6,14.01,0.0
2022,105,13.5,3.1,8.4,0.9,18.53,0.0
2022,106,7.2,-0.9,3.4,5.4,11.86,0.0
2022,107,4.8,-4.1,-0.3,1.1,21.83,0.0
2022,108,6.8,-3.0,1.2,6.1,13.11,0.0
2022,109,2.1,-1.4,0.5,8.8,10.88,0.0
2022,110,8.0,-1.5,2.9,0.2,23.3,0.0
2022,111,11.8,2.1,8.4,3.1,7.67,0.0
2022,112,12.6,1.8,7.2,0.0,26.01,0.0
2022,113,17.6,4.8,10.2,0.2,15.2,0.0
2022,114,25.4,10.8,17.8,0.0,23.44,0.0
2022,115,24.2,13.4,17.6,9.9,17.77,0.0
2022,116,12.1,2.9,7.8,7.1,10.71,0.0
2022,117,2.4,-2.0,-0.1,4.6,9.83,0.0
2022,118,6.3,-4.7,0.8,0.0,28.53,0.0
2022,119,10.2,-2.2,3.8,0.0,28.36,0.0
2022,120,13.6,2.0,7.3,0.0,27.98,0.0
2022,121,15.9,1.9,8.8,4.6,13.77,0.0
2022,122,12.9,8.2,10.3,0.5,11.1,0.0
2022,123,16.8,4.7,11.4,8.2,12.61,0.0
2022,124,13.2,7.4,10.4,12.7,5.99,0.0
2022,125,15.6,4.3,9.7,0.0,25.23,0.0
2022,126,14.0,7.6,10.2,0.4,10.61,0.0
2022,127,12.6,4.6,8.0,0.0,27.15,0.0
2022,128,14.9,3.2,8.8,0.0,29.5,0.0
2022,129,19.5,3.8,11.9,0.0,29.61,0.0
2022,130,22.9,7.3,15.1,0.0,29.38,0.0
2022,131,24.9,9.1,17.1,0.0,28.34,0.0
2022,132,27.5,12.3,19.8,0.0,28.92,0.0
2022,133,27.8,14.1,20.4,0.0,25.4,0.0
2022,134,25.4,14.4,18.8,11.6,19.89,0.0
2022,135,24.1,14.6,19.0,2.8,22.68,0.0
2022,136,16.2,8.8,13.4,12.5,8.23,0.0
2022,137,12.9,7.8,10.0,0.1,17.6,0.0
2022,138,15.8,4.8,9.8,4.5,18.35,0.0
2022,139,17.4,8.6,12.7,3.6,15.51,0.0
2022,140,25.3,12.4,19.2,0.9,22.78,0.0
2022,141,28.9,17.8,23.1,2.0,23.14,0.0
2022,142,22.4,10.8,16.2,6.4,13.48,0.0
2022,143,16.8,6.2,11.2,0.6,24.36,0.0
2022,144,21.7,6.7,13.1,0.0,27.4,0.0
2022,145,20.5,9.6,15.5,0.0,15.75,0.0
2022,146,25.7,13.6,18.9,1.8,22.52,0.0
2022,147,20.5,14.6,17.2,11.6,9.27,0.0
2022,148,17.9,11.3,14.5,3.7,12.97,0.0
2022,149,23.8,9.9,16.8,0.0,28.17,0.0
2022,150,28.0,14.3,21.0,0.0,27.03,0.0
2022,151,28.1,19.1,23.5,0.0,27.73,0.0
2022,152,26.6,18.4,21.6,2.7,20.13,0.0
2022,153,20.9,11.8,16.6,0.2,25.33,0.0
2022,154,19.7,8.7,14.6,0.1,27.8,0.0
2022,155,16.6,8.3,12.9,0.0,31.22,0.0
2022,156,22.4,8.9,15.8,0.1,26.06,0.0
2022,157,24.9,12.8,19.2,0.2,21.18,0.0
2022,158,21.3,13.9,17.1,12.5,9.23,0.0
2022,159,21.4,9.6,15.4,0.2,22.79,0.0
2022,160,16.5,11.2,13.0,32.3,15.72,0.0
2022,161,18.5,10.6,14.2,0.2,26.4,0.0
2022,162,21.3,10.4,15.8,2.2,23.09,0.0
2022,163,21.9,12.9,16.9,9.2,21.54,0.0
2022,164,22.9,13.4,17.4,0.0,29.31,0.0
2022,165,24.9,13.6,18.9,0.0,29.3,0.0
2022,166,29.9,13.9,21.8,8.1,22.81,0.0
2022,167,29.1,18.8,22.3,23.0,20.2,0.0
2022,168,22.9,14.6,20.3,0.1,26.25,0.0
2022,169,15.9,9.5,12.6,0.0,25.8,0.0
2022,170,17.6,7.8,12.9,0.0,31.13,0.0
2022,171,22.3,9.6,15.7,0.0,28.16,0.0
2022,172,30.1,14.1,21.5,11.5,27.93,0.0
2022,173,31.6,19.7,25.5,0.6,26.02,0.0
2022,174,24.7,14.1,19.8,1.6,27.41,0.0
2022,175,26.6,14.4,20.4,0.0,29.75,0.0
2022,176,30.9,14.3,22.6,0.0,28.82,0.0
2022,177,30.8,18.9,23.4,7.1,23.38,0.0
2022,178,21.2,13.4,17.9,0.6,29.1,0.0
2022,179,21.5,10.0,15.8,0.0,29.75,0.0
2022,180,22.8,12.6,17.4,0.5,19.16,0.0
2022,181,28.7,13.7,21.1,0.0,27.75,0.0
2022,182,30.0,18.0,22.8,9.2,22.75,0.0
2022,183,24.9,16.0,20.1,10.1,28.08,0.0
2022,184,23.5,14.1,18.5,0.0,30.34,0.0
2022,185,26.2,13.9,20.3,0.0,25.34,0.0
2022,186,23.4,18.6,20.8,4.5,11.35,0.0
2022,187,21.8,15.5,18.7,0.8,14.45,0.0
2022,188,26.3,14.0,19.2,0.0,22.8,0.0
2022,189,26.5,15.4,20.7,0.1,22.37,0.0
2022,190,23.4,13.3,18.0,0.0,29.91,0.0
2022,191,25.9,12.4,18.8,0.0,29.53,0.0
2022,192,29.1,14.9,22.1,0.0,27.6,0.0
2022,193,25.6,17.8,21.4,4.1,24.73,0.0
2022,194,24.5,15.1,18.8,3.0,22.49,0.0
2022,195,22.5,13.5,18.0,1.0,26.07,0.0
2022,196,25.8,14.5,19.7,0.0,24.08,0.0
2022,197,27.6,16.2,21.4,0.0,24.33,0.0
2022,198,27.4,15.9,21.4,5.7,19.85,0.0
2022,199,24.0,18.0,19.7,30.6,12.51,0.0
2022,200,28.0,17.0,22.1,2.4,25.98,0.0
2022,201,30.8,20.1,25.2,0.0,26.0,0.0
2022,202,25.4,19.2,22.5,2.2,25.52,0.0
2022,203,26.9,18.3,22.7,0.5,25.39,0.0
2022,204,29.6,18.9,24.1,0.2,24.36,0.0
2022,205,28.2,19.5,23.2,0.6,18.75,0.0
2022,206,23.1,15.1,19.9,22.7,25.84,0.0
2022,207,23.1,12.9,17.9,0.0,18.95,0.0
2022,208,25.8,15.1,20.0,6.7,18.12,0.0
2022,209,25.5,19.2,21.4,9.4,21.23,0.0
2022,210,24.2,15.7,19.9,0.2,26.67,0.0
2022,211,22.0,14.4,18.3,0.0,20.16,0.0
2022,212,25.9,14.8,20.2,0.0,19.88,0.0
2022,213,26.9,15.7,21.2,1.6,23.22,0.0
2022,214,22.0,16.6,19.7,1.9,18.78,0.0
2022,215,30.3,13.8,22.2,0.0,26.6,0.0
2022,216,28.8,20.3,23.9,5.3,16.09,0.0
2022,217,28.4,19.0,22.2,3.7,18.05,0.0
2022,218,29.5,19.5,23.6,1.5,21.95,0.0
2022,219,29.6,19.9,24.4,0.9,23.39,0.0
2022,220,27.4,20.7,24.0,3.2,17.11,0.0
2022,221,22.9,15.4,19.1,3.8,11.79,0.0
2022,222,24.5,14.6,19.0,0.0,21.52,0.0
2022,223,22.9,15.1,18.7,0.3,24.11,0.0
2022,224,22.0,13.1,17.0,0.0,26.62,0.0
2022,225,24.3,13.1,18.2,0.0,25.76,0.0
2022,226,25.2,13.2,18.9,0.0,21.93,0.0
2022,227,24.8,15.5,19.7,0.0,17.57,0.0
2022,228,23.1,14.7,18.1,14.5,15.48,0.0
2022,229,23.1,14.9,17.9,6.2,17.4,0.0
2022,230,24.1,13.4,18.3,0.1,21.14,0.0
2022,231,25.7,15.4,20.4,0.0,22.72,0.0
2022,232,27.9,15.9,22.0,0.0,21.43,0.0
2022,233,26.9,17.4,20.4,13.1,16.15,0.0
2022,234,20.4,16.6,18.3,24.8,10.32,0.0
2022,235,22.7,16.8,18.5,7.8,13.89,0.0
2022,236,24.7,15.4,19.6,0.0,22.82,0.0
2022,237,25.9,16.4,20.4,1.5,19.36,0.0
2022,238,23.4,16.4,19.2,5.4,16.27,0.0
2022,239,22.4,14.1,17.5,0.4,21.7,0.0
2022,240,28.1,14.0,20.6,0.0,21.15,0.0
2022,241,29.8,19.0,23.4,1.7,20.04,0.0
2022,242,22.2,16.9,19.8,9.6,4.86,0.0
2022,243,21.2,13.9,18.0,1.3,19.07,0.0
2022,244,19.7,11.6,15.8,0.0,21.72,0.0
2022,245,25.6,12.6,18.6,0.0,22.28,0.0
2022,246,27.4,16.7,20.9,0.8,16.45,0.0
2022,247,22.1,15.7,18.6,13.6,8.4,0.0
2022,248,18.7,15.6,16.6,15.0,5.43,0.0
2022,249,17.5,15.3,16.2,2.5,6.11,0.0
2022,250,21.2,14.9,17.2,2.4,10.17,0.0
2022,251,22.3,14.1,17.6,0.0,16.28,0.0
2022,252,25.1,14.3,19.4,0.0,19.35,0.0
2022,253,25.1,14.4,19.2,0.0,19.15,0.0
2022,254,19.1,16.0,17.3,7.4,4.32,0.0
2022,255,21.7,14.8,18.5,13.9,12.43,0.0
2022,256,19.7,12.8,14.9,8.5,17.24,0.0
2022,257,20.3,12.6,15.9,3.1,16.06,0.0
2022,258,17.0,7.8,12.4,0.0,19.97,0.0
2022,259,21.5,9.9,15.3,0.0,14.61,0.0
2022,260,25.0,13.6,18.8,0.0,19.31,0.0
2022,261,24.0,17.2,19.9,1.9,14.97,0.0
2022,262,19.8,14.7,18.0,5.3,7.24,0.0
2022,263,19.4,13.2,16.0,0.7,12.2,0.0
2022,264,25.9,14.1,19.6,0.1,16.15,0.0
2022,265,20.5,7.8,12.1,7.4,10.63,0.0
2022,266,10.8,4.3,7.4,0.0,17.15,0.0
2022,267,16.1,6.2,10.9,0.0,17.93,0.0
2022,268,14.5,10.1,12.0,10.3,7.11,0.0
2022,269,13.8,9.7,11.0,8.6,12.12,0.0
2022,270,13.6,8.9,10.5,9.2,12.0,0.0
2022,271,12.8,8.6,9.9,5.6,8.11,0.0
2022,272,12.9,5.9,9.1,0.0,17.52,0.0
2022,273,14.0,4.7,8.8,0.0,15.6,0.0
2022,274,15.1,7.8,10.8,0.0,11.12,0.0
2022,275,11.0,5.2,8.6,0.5,11.77,0.0
2022,276,12.6,3.7,7.3,0.0,15.03,0.0
2022,277,15.1,6.3,9.8,0.0,12.93,0.0
2022,278,19.0,8.2,12.6,0.0,16.83,0.0
2022,279,20.0,11.4,14.9,0.3,11.88,0.0
2022,280,12.9,5.4,9.1,2.9,6.57,0.0
2022,281,8.6,3.0,5.5,0.1,10.5,0.0
2022,282,12.1,4.5,8.5,0.1,11.4,0.0
2022,283,13.2,5.7,8.9,4.2,12.95,0.0
2022,284,19.5,5.8,12.2,0.0,15.2,0.0
2022,285,18.9,8.9,13.5,0.2,10.33,0.0
2022,286,13.4,5.6,10.5,30.0,2.87,0.0
2022,287,12.1,3.2,7.6,0.0,11.32,0.0
2022,288,13.6,4.8,8.4,0.1,10.43,0.0
2022,289,13.9,3.8,8.3,0.0,14.54,0.0
2022,290,9.6,2.1,6.4,12.7,9.68,0.0
2022,291,6.4,1.5,3.3,2.1,9.24,0.0
2022,292,5.6,1.3,2.7,10.3,6.41,0.0
2022,293,5.4,0.9,2.9,1.8,8.18,0.0
2022,294,15.1,1.0,7.6,0.0,14.26,0.0
2022,295,19.0,7.6,12.3,0.0,14.04,0.0
2022,296,19.9,7.9,12.9,0.0,13.35,0.0
2022,297,19.9,8.1,13.4,0.0,13.14,0.0
2022,298,20.8,11.9,14.8,0.0,11.77,0.0
2022,299,16.5,7.8,12.3,5.0,6.63,0.0
2022,300,7.8,2.2,5.1,1.1,12.14,0.0
2022,301,10.7,1.2,4.9,0.0,10.01,0.0
2022,302,15.4,3.0,7.9,0.0,13.13,0.0
2022,303,16.0,3.5,9.0,0.0,12.43,0.0
2022,304,17.3,5.8,11.2,0.6,7.63,0.0
2022,305,14.8,10.2,12.4,0.4,5.26,0.0
2022,306,16.5,7.1,10.8,0.0,11.22,0.0
2022,307,18.1,7.0,11.4,0.0,11.78,0.0
2022,308,19.5,9.9,14.0,0.0,10.68,0.0
2022,309,21.5,13.4,17.2,0.3,7.2,0.0
2022,310,20.0,12.2,16.8,3.2,8.08,0.0
2022,311,13.6,3.3,9.7,0.0,11.64,0.0
2022,312,7.4,-0.1,3.1,0.0,11.37,0.0
2022,313,14.2,-0.6,6.0,0.0,11.16,0.0
2022,314,18.0,7.5,11.9,0.0,10.6,0.0
2022,315,14.6,10.5,12.8,48.1,1.63,0.0
2022,316,13.8,1.8,6.8,15.9,3.87,0.0
2022,317,2.8,-1.8,0.8,6.6,6.1,0.0
2022,318,0.9,-3.8,-1.5,0.0,5.91,0.0
2022,319,1.1,-3.2,-1.1,2.2,3.68,0.0
2022,320,1.9,-1.0,0.6,10.7,3.17,0.0
2022,321,-1.4,-4.2,-2.4,9.6,5.52,0.0
2022,322,-1.2,-4.8,-3.5,7.4,6.98,0.0
2022,323,-4.2,-8.9,-6.1,0.5,9.82,0.0
2022,324,-5.2,-10.4,-7.4,2.6,9.41,0.0
2022,325,2.6,-9.0,-3.0,0.5,8.69,0.0
2022,326,4.4,-5.1,0.1,0.0,8.25,0.0
2022,327,4.3,-2.5,0.4,0.0,9.56,0.0
2022,328,8.0,-1.9,2.6,0.0,8.34,0.0
2022,329,5.1,0.3,3.2,3.6,3.45,0.0
2022,330,7.4,-0.9,3.3,0.0,9.06,0.0
2022,331,8.7,3.8,5.7,7.5,1.58,0.0
2022,332,3.0,-0.8,0.8,1.0,2.73,0.0
2022,333,6.3,-1.4,2.1,0.0,5.03,0.0
2022,334,6.2,-3.0,2.5,24.5,1.29,0.0
2022,335,-2.0,-4.6,-3.4,2.6,6.25,0.0
2022,336,5.2,-4.8,0.6,0.6,6.35,0.0
2022,337,8.8,-1.5,4.1,8.3,2.52,0.0
2022,338,0.7,-4.0,-2.0,0.0,5.56,0.0
2022,339,5.3,-3.0,0.6,0.0,5.53,0.0
2022,340,5.1,1.0,3.4,2.4,1.36,0.0
2022,341,8.3,4.6,6.3,2.2,1.9,0.0
2022,342,4.5,-1.9,2.3,1.2,3.51,0.0
2022,343,0.1,-4.4,-1.6,0.5,4.05,0.0
2022,344,2.0,-6.6,-3.2,0.0,7.82,0.0
2022,345,1.7,-2.8,-0.1,4.2,1.37,0.0
2022,346,-3.0,-5.1,-3.7,0.7,2.53,0.0
2022,347,-0.4,-7.6,-4.8,0.0,8.39,0.0
2022,348,-1.1,-7.3,-4.7,0.0,6.6,0.0
2022,349,1.6,-6.8,-1.7,15.7,0.82,0.0
2022,350,1.2,-1.0,0.3,3.5,1.45,0.0
2022,351,-1.0,-5.9,-3.0,0.3,5.43,0.0
2022,352,-3.0,-5.4,-4.1,7.1,4.28,0.0
2022,353,-3.3,-5.3,-4.3,2.4,3.74,0.0
2022,354,-2.2,-6.4,-4.6,0.2,4.84,0.0
2022,355,0.6,-5.9,-3.8,0.0,7.09,0.0
2022,356,3.2,-4.9,-0.6,7.0,3.24,0.0
2022,357,4.5,-22.2,-7.8,16.0,3.28,0.0
2022,358,-15.1,-19.9,-17.2,3.2,5.51,0.0
2022,359,-9.6,-14.5,-11.5,8.1,3.51,0.0
2022,360,-8.6,-13.5,-10.8,0.2,6.15,0.0
2022,361,-5.1,-10.2,-7.6,0.9,2.68,0.0
2022,362,4.0,-5.8,-0.1,0.0,6.5,0.0
2022,363,8.5,1.2,5.2,0.0,7.46,0.0
2022,364,11.9,7.2,9.0,0.0,5.12,0.0
2022,365,9.5,4.4,7.2,4.6,2.6,0.0
2023,1,4.2,-0.2,1.8,0.4,3.57,0.0
2023,2,5.8,-0.3,2.7,0.0,4.04,0.0
2023,3,9.6,0.3,5.5,8.7,1.16,0.0
2023,4,11.9,7.9,10.1,13.0,1.81,0.0
2023,5,8.1,-0.2,2.9,0.0,5.73,0.0
2023,6,1.6,-1.6,-0.0,1.1,4.07,0.0
2023,7,1.5,-2.8,-0.7,2.2,2.52,0.0
2023,8,1.6,-5.4,-2.9,0.0,7.07,0.0
2023,9,1.2,-5.2,-2.6,0.0,7.71,0.0
2023,10,0.2,-3.7,-1.6,0.9,2.05,0.0
2023,11,3.6,-5.9,-1.4,0.1,4.32,0.0
2023,12,4.2,-0.7,1.5,22.0,2.07,0.0
2023,13,0.9,-5.7,-2.7,7.5,2.35,0.0
2023,14,-5.9,-8.6,-7.2,1.1,3.87,0.0
2023,15,-1.1,-8.9,-6.3,0.0,7.75,0.0
2023,16,3.2,-8.6,-3.6,0.0,9.13,0.0
2023,17,5.6,-0.8,2.4,2.8,2.56,0.0
2023,18,2.0,0.2,0.7,3.5,1.56,0.0
2023,19,4.1,-0.2,1.3,25.6,1.27,0.0
2023,20,3.0,-3.0,0.3,11.0,2.14,0.0
2023,21,-1.0,-3.5,-2.5,1.0,4.11,0.0
2023,22,1.3,-4.1,-1.4,3.1,3.61,0.0
2023,23,-1.7,-3.1,-2.3,2.9,2.37,0.0
2023,24,-1.3,-5.7,-3.0,1.8,2.99,0.0
2023,25,2.0,-8.0,-2.6,9.9,1.67,0.0
2023,26,2.3,-5.2,-2.3,2.8,3.2,0.0
2023,27,-2.2,-5.3,-4.0,1.3,8.34,0.0
2023,28,0.1,-4.7,-1.6,1.1,8.42,0.0
2023,29,3.6,-3.7,0.8,4.4,3.13,0.0
2023,30,-2.8,-6.1,-4.8,1.4,2.79,0.0
2023,31,-5.1,-11.6,-9.5,0.3,9.11,0.0
2023,32,-7.6,-12.4,-10.3,0.7,5.63,0.0
2023,33,-0.6,-11.2,-6.3,2.2,11.66,0.0
2023,34,-7.7,-18.6,-15.5,2.9,8.98,0.0
2023,35,-4.0,-26.6,-14.7,0.2,9.2,0.0
2023,36,6.2,-3.0,2.2,0.4,9.26,0.0
2023,37,1.5,-4.8,-1.2,1.6,3.92,0.0
2023,38,8.8,-9.4,0.8,0.5,8.32,0.0
2023,39,4.7,-1.2,0.7,0.0,12.3,0.0
2023,40,10.4,-0.2,4.7,16.3,2.52,0.0
2023,41,5.2,-2.8,0.7,2.7,4.26,0.0
2023,42,1.4,-5.0,-2.7,0.0,9.3,0.0
2023,43,9.0,-2.7,1.6,0.0,12.86,0.0
2023,44,7.4,-1.9,1.7,0.0,12.36,0.0
2023,45,9.1,-3.5,2.1,0.0,13.5,0.0
2023,46,15.5,4.4,10.3,0.5,9.33,0.0
2023,47,7.2,-0.4,3.3,0.1,6.49,0.0
2023,48,11.3,-7.8,-0.3,6.1,3.81,0.0
2023,49,3.9,-9.3,-3.2,0.1,14.04,0.0
2023,50,9.9,-2.1,3.0,0.0,9.63,0.0
2023,51,5.8,-2.1,3.0,0.2,11.8,0.0
2023,52,5.8,-3.5,0.1,2.0,12.1,0.0
2023,53,-0.5,-5.2,-2.8,19.5,2.65,0.0
2023,54,6.4,-4.6,-0.3,11.0,4.91,0.0
2023,55,0.1,-9.9,-5.7,1.7,12.98,0.0
2023,56,-1.8,-11.4,-7.3,2.4,5.94,0.0
2023,57,1.8,-9.9,-2.1,0.0,13.91,0.0
2023,58,4.0,-8.6,-2.6,7.1,11.03,0.0
2023,59,2.7,-4.7,-0.1,3.2,8.69,0.0
2023,60,9.9,-4.8,0.6,1.3,8.82,0.0
2023,61,4.6,-2.2,1.4,0.0,10.3,0.0
2023,62,3.9,-4.1,-0.4,13.2,7.89,0.0
2023,63,2.5,-1.2,0.4,9.0,7.2,0.0
2023,64,3.8,-2.2,0.4,0.6,8.83,0.0
2023,65,2.8,-3.7,-1.0,2.6,8.13,0.0
2023,66,-1.2,-6.9,-3.4,1.0,17.52,0.0
2023,67,0.5,-5.8,-3.3,0.4,12.29,0.0
2023,68,3.1,-5.9,-2.7,0.0,14.5,0.0
2023,69,-1.1,-4.7,-3.1,16.2,3.76,0.0
2023,70,-1.3,-5.0,-3.6,2.2,8.68,0.0
2023,71,2.2,-11.8,-4.2,0.7,10.68,0.0
2023,72,0.8,-3.5,-1.2,2.8,5.93,0.0
2023,73,-3.5,-6.2,-5.3,2.8,6.39,0.0
2023,74,0.3,-9.4,-4.8,0.1,20.47,0.0
2023,75,8.9,-4.7,2.4,0.0,17.61,0.0
2023,76,8.6,-0.5,4.5,10.5,6.08,0.0
2023,77,0.9,-8.4,-2.8,1.7,14.35,0.0
2023,78,-3.2,-8.4,-5.8,0.9,13.98,0.0
2023,79,6.2,-4.9,0.2,0.0,21.05,0.0
2023,80,10.4,0.0,3.8,0.0,18.82,0.0
2023,81,11.4,0.3,5.5,0.0,10.13,0.0
2023,82,10.8,-0.1,6.3,7.1,4.8,0.0
2023,83,6.7,-3.8,0.5,0.0,16.62,0.0
2023,84,8.4,-2.0,2.5,16.7,7.04,0.0
2023,85,7.1,-0.9,2.5,0.5,21.73,0.0
2023,86,3.6,-1.4,0.7,10.0,4.49,0.0
2023,87,5.4,-2.3,0.8,0.2,17.14,0.0
2023,88,8.5,-5.4,0.9,3.1,17.75,0.0
2023,89,2.2,-7.9,-3.6,0.0,22.23,0.0
2023,90,7.9,-2.0,3.3,8.5,4.98,0.0
2023,91,17.9,-2.0,9.0,15.0,15.93,0.0
2023,92,2.8,-7.5,-2.1,0.3,23.79,0.0
2023,93,16.8,-2.2,6.6,2.5,19.41,0.0
2023,94,16.7,4.5,7.6,6.8,11.54,0.0
2023,95,20.5,3.9,12.7,25.3,7.65,0.0
2023,96,14.1,2.8,8.4,1.6,8.28,0.0
2023,97,4.2,-2.6,1.7,0.0,23.69,0.0
2023,98,8.2,-5.3,0.6,0.0,24.07,0.0
2023,99,10.4,-2.3,3.7,0.0,24.73,0.0
2023,100,16.6,-0.5,7.6,0.0,24.68,0.0
2023,101,18.0,6.8,12.3,0.0,17.65,0.0
2023,102,21.0,8.9,15.6,0.0,23.8,0.0
2023,103,23.6,13.2,17.9,0.0,24.35,0.0
2023,104,26.6,12.5,18.8,0.0,24.59,0.0
2023,105,27.0,11.1,18.3,0.0,20.44,0.0
2023,106,25.0,8.6,18.1,5.9,21.36,0.0
2023,107,9.9,0.6,5.3,8.9,10.57,0.0
2023,108,3.7,-0.6,1.1,3.0,9.87,0.0
2023,109,7.1,-0.7,2.6,0.1,20.86,0.0
2023,110,17.3,1.4,8.6,0.0,21.5,0.0
2023,111,25.3,10.2,16.9,0.1,22.58,0.0
2023,112,16.9,5.3,10.7,3.9,12.02,0.0
2023,113,6.8,0.7,4.6,0.2,14.61,0.0
2023,114,8.1,-0.9,2.6,0.7,16.28,0.0
2023,115,9.0,-1.8,3.1,2.4,22.58,0.0
2023,116,8.8,1.1,4.0,5.4,20.11,0.0
2023,117,13.7,-0.2,6.4,0.0,26.56,0.0
2023,118,14.4,5.3,8.3,8.0,10.44,0.0
2023,119,13.7,5.1,8.7,2.9,9.36,0.0
2023,120,14.1,4.2,9.3,8.9,8.04,0.0
2023,121,7.4,2.0,4.6,6.9,17.0,0.0
2023,122,5.1,0.6,2.5,3.6,11.23,0.0
2023,123,7.0,0.7,3.1,6.5,11.86,0.0
2023,124,10.6,3.8,6.0,2.7,11.35,0.0
2023,125,12.9,2.2,7.6,0.1,19.69,0.0
2023,126,18.5,2.8,10.5,0.0,27.03,0.0
2023,127,20.6,7.1,11.6,11.2,13.82,0.0
2023,128,17.6,6.3,11.7,0.0,27.71,0.0
2023,129,14.5,5.6,9.9,0.0,27.98,0.0
2023,130,18.0,5.5,11.4,0.0,28.26,0.0
2023,131,22.3,9.1,15.4,0.0,26.79,0.0
2023,132,24.4,13.1,18.3,0.0,24.6,0.0
2023,133,21.2,12.2,16.3,0.0,24.73,0.0
2023,134,14.3,6.2,10.5,0.0,26.86,0.0
2023,135,18.4,5.9,12.2,0.0,30.09,0.0
2023,136,20.6,7.3,14.2,0.0,28.19,0.0
2023,137,8.4,1.3,5.2,0.0,28.51,0.0
2023,138,18.4,-0.1,9.2,0.0,30.28,0.0
2023,139,21.6,10.0,15.7,0.3,20.38,0.0
2023,140,16.0,8.2,13.1,14.9,6.39,0.0
2023,141,20.5,8.3,13.9,0.0,28.5,0.0
2023,142,19.2,9.1,13.5,0.0,28.43,0.0
2023,143,24.0,8.2,16.2,0.2,22.84,0.0
2023,144,19.8,5.9,13.2,0.6,16.44,0.0
2023,145,13.6,1.5,7.6,0.0,29.6,0.0
2023,146,18.7,4.6,12.4,0.0,30.68,0.0
2023,147,23.0,8.4,16.0,0.0,30.0,0.0
2023,148,26.5,11.9,19.2,0.0,29.83,0.0
2023,149,27.9,15.0,20.4,0.0,29.78,0.0
2023,150,28.5,14.5,20.8,0.0,25.28,0.0
2023,151,28.8,15.1,21.9,0.0,28.46,0.0
2023,152,29.8,14.1,22.6,0.0,30.22,0.0
2023,153,29.8,17.8,23.5,0.0,25.18,0.0
2023,154,21.5,11.0,17.5,0.0,30.1,0.0
2023,155,19.0,9.1,13.9,0.0,31.38,0.0
2023,156,22.6,10.8,16.1,0.0,27.93,0.0
2023,157,21.1,11.6,16.1,0.0,28.72,0.0
2023,158,18.0,8.6,13.6,0.0,30.98,0.0
2023,159,14.9,8.9,11.2,5.2,12.37,0.0
2023,160,15.7,7.9,11.6,8.4,18.12,0.0
2023,161,22.0,9.9,16.0,0.0,27.77,0.0
2023,162,24.2,13.2,18.4,1.4,16.75,0.0
2023,163,17.3,11.6,14.7,14.3,4.22,0.0
2023,164,18.7,8.9,13.6,2.3,19.25,0.0
2023,165,15.0,10.2,12.0,7.6,11.59,0.0
2023,166,19.5,9.9,15.0,0.1,22.14,0.0
2023,167,17.5,11.9,14.0,28.7,13.37,0.0
2023,168,21.0,11.0,15.9,0.2,28.9,0.0
2023,169,22.0,10.8,16.8,0.0,23.31,0.0
2023,170,26.0,12.2,19.0,0.0,27.34,0.0
2023,171,24.0,14.6,18.2,6.3,14.28,0.0
2023,172,25.2,14.8,19.8,0.1,25.66,0.0
2023,173,23.7,12.9,17.8,0.7,18.64,0.0
2023,174,23.2,15.4,18.7,9.3,12.82,0.0
2023,175,22.8,15.9,18.7,19.2,17.52,0.0
2023,176,26.0,16.9,19.9,20.4,19.29,0.0
2023,177,26.5,16.9,20.3,2.5,23.35,0.0
2023,178,22.7,16.2,18.6,4.9,21.84,0.0
2023,179,20.9,13.6,16.1,2.5,15.56,0.0
2023,180,25.1,11.6,18.2,0.0,29.84,0.0
2023,181,28.6,14.5,20.4,1.1,21.02,0.0
2023,182,28.1,17.9,21.3,16.0,20.4,0.0
2023,183,22.6,18.2,19.7,11.4,7.29,0.0
2023,184,23.6,16.2,19.3,21.5,17.63,0.0
2023,185,26.4,15.2,21.0,1.5,25.53,0.0
2023,186,28.2,17.7,22.5,5.1,25.3,0.0
2023,187,29.8,19.1,23.9,0.3,26.07,0.0
2023,188,24.7,17.2,20.9,4.1,17.52,0.0
2023,189,24.6,12.4,18.9,0.0,27.79,0.0
2023,190,24.4,16.6,19.5,5.0,15.79,0.0
2023,191,24.6,16.2,19.8,0.0,24.0,0.0
2023,192,27.6,17.1,21.8,0.4,26.95,0.0
2023,193,25.9,16.5,20.8,4.0,21.11,0.0
2023,194,24.9,16.2,20.6,4.2,24.65,0.0
2023,195,26.1,14.4,19.9,1.1,22.3,0.0
2023,196,29.2,16.5,21.7,1.2,20.82,0.0
2023,197,25.5,17.9,20.7,3.3,23.76,0.0
2023,198,26.7,16.8,21.2,0.1,26.63,0.0
2023,199,24.0,15.9,19.3,0.4,24.44,0.0
2023,200,25.0,14.4,19.3,0.1,24.48,0.0
2023,201,27.4,14.9,20.6,13.5,25.65,0.0
2023,202,21.4,15.8,18.5,3.5,21.47,0.0
2023,203,23.9,14.4,18.9,0.5,26.38,0.0
2023,204,24.9,14.6,19.7,0.8,25.26,0.0
2023,205,25.8,15.6,20.2,1.6,23.78,0.0
2023,206,23.8,16.0,19.8,2.3,18.37,0.0
2023,207,29.6,16.8,23.0,0.2,26.27,0.0
2023,208,25.5,19.7,22.2,5.9,18.77,0.0
2023,209,29.5,18.1,23.5,0.0,26.63,0.0
2023,210,23.0,14.6,19.1,20.9,6.03,0.0
2023,211,21.8,13.1,17.0,0.1,22.69,0.0
2023,212,20.2,13.4,16.5,1.5,22.64,0.0
2023,213,21.2,12.2,16.5,0.0,23.67,0.0
2023,214,24.3,11.4,18.2,0.0,23.99,0.0
2023,215,26.5,15.7,20.2,0.5,23.18,0.0
2023,216,24.8,15.9,19.7,4.6,22.8,0.0
2023,217,22.2,15.1,18.3,2.4,16.97,0.0
2023,218,29.0,13.6,20.7,0.1,25.04,0.0
2023,219,26.3,18.0,20.7,10.4,16.79,0.0
2023,220,20.6,14.8,16.7,3.9,9.21,0.0
2023,221,23.0,14.8,18.7,8.2,20.09,0.0
2023,222,23.1,16.2,18.7,4.8,18.53,0.0
2023,223,21.7,14.5,17.9,0.7,24.8,0.0
2023,224,24.5,15.6,19.2,7.7,18.81,0.0
2023,225,23.0,16.2,19.0,1.7,22.33,0.0
2023,226,24.3,15.1,18.7,0.9,15.54,0.0
2023,227,20.9,15.6,17.7,29.9,11.49,0.0
2023,228,24.0,16.2,19.4,1.5,19.73,0.0
2023,229,25.5,15.6,20.1,0.0,20.37,0.0
2023,230,18.6,13.1,14.4,7.9,11.82,0.0
2023,231,20.7,11.3,15.8,0.0,25.01,0.0
2023,232,26.4,13.9,19.8,0.0,23.22,0.0
2023,233,23.6,14.6,19.7,0.9,14.53,0.0
2023,234,22.0,12.7,17.1,0.0,23.81,0.0
2023,235,21.4,14.9,17.2,0.6,13.14,0.0
2023,236,22.0,15.1,18.5,14.3,8.11,0.0
2023,237,21.5,17.6,20.0,3.4,6.15,0.0
2023,238,22.8,15.8,18.6,3.9,18.82,0.0
2023,239,20.5,12.2,15.7,1.4,22.05,0.0
2023,240,22.9,11.1,16.8,0.2,17.13,0.0
2023,241,25.5,14.9,19.3,0.5,20.8,0.0
2023,242,17.0,12.8,15.4,3.1,12.12,0.0
2023,243,19.1,10.1,14.3,0.0,23.93,0.0
2023,244,22.9,11.7,16.8,0.0,23.31,0.0
2023,245,24.5,13.9,18.5,0.0,17.9,0.0
2023,246,27.0,18.1,22.1,0.0,22.31,0.0
2023,247,27.6,20.1,23.3,0.0,22.08,0.0
2023,248,29.0,19.0,23.6,0.0,20.04,0.0
2023,249,29.8,19.9,24.2,0.2,20.25,0.0
2023,250,27.3,18.1,21.0,8.1,14.88,0.0
2023,251,21.9,16.0,18.4,0.0,10.94,0.0
2023,252,17.8,14.4,16.0,14.4,6.06,0.0
2023,253,21.9,14.9,17.5,0.9,13.44,0.0
2023,254,20.1,14.9,17.2,1.8,12.93,0.0
2023,255,22.8,13.8,17.2,6.2,10.97,0.0
2023,256,18.1,11.8,14.8,0.5,19.03,0.0
2023,257,15.9,9.2,12.4,0.0,14.22,0.0
2023,258,19.0,10.0,13.6,0.0,21.24,0.0
2023,259,19.9,9.2,14.2,0.0,21.01,0.0
2023,260,20.1,10.6,14.7,0.0,15.55,0.0
2023,261,18.6,10.6,14.0,0.7,17.43,0.0
2023,262,17.0,10.4,13.1,0.2,14.04,0.0
2023,263,18.6,8.9,13.1,0.0,19.86,0.0
2023,264,21.2,9.6,15.1,0.0,19.0,0.0
2023,265,21.0,8.8,14.4,0.0,19.64,0.0
2023,266,18.2,10.8,13.7,0.0,14.76,0.0
2023,267,14.2,10.6,12.3,1.3,4.99,0.0
2023,268,18.9,10.9,14.2,0.3,10.57,0.0
2023,269,18.9,10.2,13.5,0.0,15.68,0.0
2023,270,17.9,9.2,13.1,0.0,15.07,0.0
2023,271,19.6,9.0,13.8,0.2,13.81,0.0
2023,272,20.0,11.4,14.8,2.4,9.99,0.0
2023,273,21.2,11.4,16.2,0.0,14.18,0.0
2023,274,23.5,12.9,17.4,0.0,16.98,0.0
2023,275,24.2,13.6,18.4,0.0,14.9,0.0
2023,276,26.8,15.2,20.4,0.0,15.51,0.0
2023,277,27.1,15.8,21.1,0.0,16.96,0.0
2023,278,26.1,15.6,20.1,0.0,15.91,0.0
2023,279,19.5,13.0,16.4,4.2,5.71,0.0
2023,280,12.6,7.1,10.4,2.0,11.83,0.0
2023,281,8.2,4.2,6.2,11.5,8.55,0.0
2023,282,10.3,4.7,6.8,0.4,9.57,0.0
2023,283,10.1,5.6,7.6,0.7,3.99,0.0
2023,284,9.4,7.1,8.1,1.8,4.92,0.0
2023,285,13.9,5.3,9.2,0.2,11.34,0.0
2023,286,11.9,4.5,7.9,0.0,10.21,0.0
2023,287,7.8,6.3,6.9,10.2,2.31,0.0
2023,288,6.4,5.0,5.6,5.3,3.74,0.0
2023,289,8.5,5.5,7.2,4.8,2.11,0.0
2023,290,10.2,6.7,7.9,0.2,4.69,0.0
2023,291,12.2,5.9,8.9,0.4,6.98,0.0
2023,292,15.4,4.8,9.8,0.4,10.38,0.0
2023,293,13.2,8.7,10.8,6.9,5.26,0.0
2023,294,9.2,5.9,8.1,2.7,3.76,0.0
2023,295,6.9,3.1,4.8,0.2,6.81,0.0
2023,296,10.6,0.9,4.9,0.0,13.93,0.0
2023,297,20.0,5.2,12.4,0.0,13.06,0.0
2023,298,20.2,14.2,16.6,2.0,6.13,0.0
2023,299,21.5,13.2,17.0,4.6,8.98,0.0
2023,300,21.1,15.4,17.8,0.2,9.5,0.0
2023,301,17.1,5.8,12.4,2.0,6.22,0.0
2023,302,5.9,4.6,5.2,9.5,2.07,0.0
2023,303,5.7,0.8,3.8,12.7,2.32,0.0
2023,304,4.2,-1.5,0.5,1.6,5.69,0.0
2023,305,2.8,-2.2,-0.2,0.7,10.99,0.0
2023,306,6.3,-1.2,2.0,0.3,8.41,0.0
2023,307,12.2,1.4,6.8,0.0,11.57,0.0
2023,308,11.4,5.9,8.5,0.5,5.81,0.0
2023,309,8.4,1.8,5.7,0.6,10.07,0.0
2023,310,11.7,1.2,6.2,1.9,6.33,0.0
2023,311,12.3,1.6,8.9,1.0,5.78,0.0
2023,312,2.2,-2.7,0.1,6.3,6.15,0.0
2023,313,10.8,2.1,6.4,12.6,3.97,0.0
2023,314,8.4,2.8,5.5,0.0,7.06,0.0
2023,315,3.2,-0.8,1.4,0.1,4.29,0.0
2023,316,4.7,-2.1,0.4,0.0,10.21,0.0
2023,317,8.9,-2.0,3.2,0.0,8.81,0.0
2023,318,5.8,-0.4,3.1,0.0,6.55,0.0
2023,319,13.2,0.2,6.2,0.0,8.13,0.0
2023,320,14.0,4.2,8.7,0.0,9.3,0.0
2023,321,13.2,2.8,9.5,13.8,2.33,0.0
2023,322,4.2,-0.5,1.7,0.0,7.35,0.0
2023,323,6.2,-2.0,2.4,0.7,7.52,0.0
2023,324,0.9,-4.8,-2.7,0.0,9.68,0.0
2023,325,5.1,-3.9,0.1,12.2,1.02,0.0
2023,326,6.8,1.0,4.9,3.8,2.65,0.0
2023,327,4.8,0.2,2.6,0.2,3.39,0.0
2023,328,1.5,-4.9,-2.6,0.4,3.56,0.0
2023,329,2.2,-5.4,-2.3,0.0,7.92,0.0
2023,330,7.4,-2.7,1.1,1.6,7.37,0.0
2023,331,2.7,-4.4,-0.4,10.5,3.21,0.0
2023,332,-4.1,-8.0,-6.0,3.6,7.43,0.0
2023,333,-3.2,-8.4,-5.5,1.6,5.3,0.0
2023,334,6.6,-3.5,1.6,0.0,8.6,0.0
2023,335,5.2,2.0,3.6,7.1,1.22,0.0
2023,336,6.7,2.3,4.5,1.7,1.64,0.0
2023,337,11.1,2.2,5.0,18.7,4.76,0.0
2023,338,3.7,-0.1,1.8,5.0,1.93,0.0
2023,339,0.6,-2.6,-0.9,1.9,2.55,0.0
2023,340,-1.5,-4.9,-2.6,1.1,3.07,0.0
2023,341,1.7,-4.4,-0.4,3.9,1.77,0.0
2023,342,9.8,-2.7,3.3,0.0,7.56,0.0
2023,343,12.4,5.8,8.6,0.0,5.4,0.0
2023,344,9.6,0.4,4.7,5.8,1.54,0.0
2023,345,0.3,-2.9,-1.0,1.5,2.67,0.0
2023,346,4.1,-3.7,0.0,0.0,7.98,0.0
2023,347,-0.2,-4.0,-2.5,0.0,3.87,0.0
2023,348,3.6,-5.0,-0.8,0.0,7.23,0.0
2023,349,7.0,1.5,3.5,0.0,7.98,0.0
2023,350,7.9,0.5,3.9,0.0,5.63,0.0
2023,351,7.9,4.4,5.9,1.4,1.3,0.0
2023,352,6.6,0.2,3.0,10.4,2.06,0.0
2023,353,-0.9,-5.8,-4.3,3.7,3.87,0.0
2023,354,1.0,-5.4,-2.5,0.0,6.2,0.0
2023,355,-0.6,-7.2,-3.4,0.2,5.33,0.0
2023,356,5.2,-6.9,-1.6,0.0,5.89,0.0
2023,357,2.5,-0.3,1.7,1.4,1.19,0.0
2023,358,4.1,1.8,2.8,0.5,2.03,0.0
2023,359,11.1,2.5,5.7,0.0,7.4,0.0
2023,360,7.5,4.0,6.0,6.6,1.4,0.0
2023,361,8.4,5.7,7.3,16.5,1.12,0.0
2023,362,8.4,5.1,6.5,8.1,2.2,0.0
2023,363,4.8,0.5,3.0,2.5,4.81,0.0
2023,364,0.9,-1.9,-0.3,2.3,2.5,0.0
2023,365,1.0,-2.0,-0.8,1.5,1.94,0.0
2024,1,-1.2,-3.8,-2.8,1.3,2.25,0.0
2024,2,1.1,-4.3,-2.1,0.0,4.88,0.0
2024,3,0.6,-2.2,-1.1,0.8,2.16,0.0
2024,4,-1.4,-8.1,-4.5,1.5,5.97,0.0
2024,5,-2.2,-7.6,-5.1,0.3,4.07,0.0
2024,6,-0.6,-6.2,-3.7,5.6,2.61,0.0
2024,7,-1.8,-3.8,-2.7,4.2,3.08,0.0
2024,8,1.4,-3.2,-1.3,0.1,5.98,0.0
2024,9,7.8,-3.4,1.0,15.1,1.24,0.0
2024,10,7.7,-2.1,0.7,4.4,2.34,0.0
2024,11,0.9,-2.0,-0.7,6.3,3.04,0.0
2024,12,3.7,-4.4,0.3,5.0,6.2,0.0
2024,13,3.0,-5.1,-0.8,9.9,3.38,0.0
2024,14,-5.3,-14.4,-9.1,3.1,6.08,0.0
2024,15,-9.9,-15.7,-12.7,0.3,8.38,0.0
2024,16,-8.9,-13.4,-11.3,2.9,4.32,0.0
2024,17,-10.4,-16.0,-12.8,1.1,8.99,0.0
2024,18,-5.3,-10.1,-7.6,2.5,4.22,0.0
2024,19,-6.3,-12.0,-8.9,4.1,3.07,0.0
2024,20,-11.1,-15.1,-13.0,2.1,4.65,0.0
2024,21,-6.4,-12.2,-9.4,0.4,8.98,0.0
2024,22,-0.8,-10.9,-5.6,0.1,4.9,0.0
2024,23,2.0,-2.2,-0.7,6.3,2.02,0.0
2024,24,6.8,2.4,4.4,10.1,1.92,0.0
2024,25,7.4,0.9,3.7,0.9,3.21,0.0
2024,26,9.2,0.4,2.8,20.9,2.57,0.0
2024,27,5.0,0.3,2.0,0.0,3.55,0.0
2024,28,1.7,-1.7,0.4,15.0,1.09,0.0
2024,29,-0.1,-2.8,-1.5,1.2,3.78,0.0
2024,30,2.2,-2.3,-0.8,0.0,5.36,0.0
2024,31,4.6,-3.5,-0.2,0.0,9.82,0.0
2024,32,3.0,-0.7,0.7,0.3,2.85,0.0
2024,33,0.0,-2.1,-0.8,2.2,2.89,0.0
2024,34,2.3,-4.6,-2.0,0.0,10.2,0.0
2024,35,5.7,-5.1,-1.1,0.0,11.61,0.0
2024,36,0.8,-5.2,-2.3,0.0,6.86,0.0
2024,37,2.7,-5.5,-2.7,0.0,12.29,0.0
2024,38,8.1,-4.7,0.5,0.0,10.4,0.0
2024,39,11.4,-0.6,4.3,0.3,8.88,0.0
2024,40,13.6,3.0,8.0,0.3,11.75,0.0
2024,41,10.0,0.6,6.4,1.6,7.94,0.0
2024,42,2.5,-3.9,-0.7,0.0,7.8,0.0
2024,43,2.8,-4.8,-2.0,0.0,8.85,0.0
2024,44,2.0,-5.3,-2.2,1.9,9.68,0.0
2024,45,-2.5,-9.7,-6.0,0.6,10.79,0.0
2024,46,2.0,-7.7,-3.0,3.6,4.86,0.0
2024,47,-2.3,-6.0,-4.4,1.5,9.52,0.0
2024,48,-4.9,-8.2,-6.5,4.2,9.96,0.0
2024,49,-1.4,-9.1,-6.0,0.6,7.42,0.0
2024,50,-4.0,-10.1,-7.0,0.2,13.93,0.0
2024,51,5.4,-8.6,-2.9,0.0,14.93,0.0
2024,52,10.2,-2.9,2.2,0.0,14.22,0.0
2024,53,4.8,0.9,2.4,3.5,3.05,0.0
2024,54,8.7,-2.2,2.7,0.3,13.51,0.0
2024,55,-3.2,-10.9,-7.6,0.1,14.71,0.0
2024,56,6.9,-9.2,-1.6,0.0,14.49,0.0
2024,57,11.5,-0.1,4.7,0.1,15.42,0.0
2024,58,16.5,4.0,8.6,0.5,9.96,0.0
2024,59,16.5,-6.8,5.4,12.1,7.56,0.0
2024,60,-5.3,-7.8,-6.7,1.1,9.05,0.0
2024,61,10.0,-6.2,1.1,0.0,16.46,0.0
2024,62,6.1,0.9,3.3,5.6,3.72,0.0
2024,63,10.7,2.2,5.9,0.5,7.2,0.0
2024,64,19.0,2.8,10.1,0.0,16.47,0.0
2024,65,19.9,6.3,11.8,0.3,14.82,0.0
2024,66,10.4,2.2,7.5,8.4,3.07,0.0
2024,67,8.9,0.3,3.2,0.6,16.85,0.0
2024,68,15.1,-0.4,6.7,0.0,16.26,0.0
2024,69,8.1,2.6,5.0,6.8,4.84,0.0
2024,70,2.2,-4.2,-0.9,6.3,8.19,0.0
2024,71,2.8,-4.3,-0.7,0.8,16.34,0.0
2024,72,12.4,1.2,6.8,0.0,18.21,0.0
2024,73,16.8,6.5,10.6,0.1,16.31,0.0
2024,74,17.0,2.5,9.1,3.5,13.85,0.0
2024,75,9.4,2.7,5.4,2.1,6.12,0.0
2024,76,10.6,-0.8,4.8,1.3,13.87,0.0
2024,77,5.2,-1.8,2.0,7.9,19.25,0.0
2024,78,-0.6,-5.2,-2.9,2.6,9.67,0.0
2024,79,-0.2,-4.7,-2.4,7.0,6.21,0.0
2024,80,0.5,-7.2,-2.9,3.3,10.05,0.0
2024,81,-4.7,-8.3,-6.7,0.0,11.05,0.0
2024,82,-3.2,-9.1,-6.2,3.8,5.34,0.0
2024,83,-2.3,-6.7,-4.1,5.5,10.21,0.0
2024,84,0.4,-8.4,-4.8,0.0,21.82,0.0
2024,85,12.6,-6.1,3.0,0.0,21.37,0.0
2024,86,11.2,2.7,6.6,0.2,6.65,0.0
2024,87,11.2,-1.5,6.3,1.2,11.41,0.0
2024,88,5.3,-3.3,0.4,0.0,21.33,0.0
2024,89,2.1,-3.2,-0.4,0.0,12.66,0.0
2024,90,9.3,-4.8,1.5,1.7,16.57,0.0
2024,91,8.0,-0.4,2.6,0.0,15.19,0.0
2024,92,12.8,0.4,5.2,0.0,19.43,0.0
2024,93,6.0,1.5,3.9,14.4,3.19,0.0
2024,94,6.2,0.9,4.2,28.7,3.14,0.0
2024,95,4.5,-1.6,1.0,6.1,10.31,0.0
2024,96,3.1,-2.2,-0.1,6.9,13.14,0.0
2024,97,8.9,0.1,3.7,1.9,20.33,0.0
2024,98,11.7,0.2,5.8,0.0,24.25,0.0
2024,99,14.1,1.9,7.5,1.9,10.09,0.0
2024,100,22.5,6.9,14.1,1.5,22.45,0.0
2024,101,17.2,11.0,13.3,2.7,11.55,0.0
2024,102,21.5,9.6,14.1,17.1,11.26,0.0
2024,103,15.1,2.2,9.1,10.4,7.04,0.0
2024,104,7.2,0.6,3.2,14.5,7.97,0.0
2024,105,19.0,3.8,9.6,2.9,17.87,0.0
2024,106,13.7,4.6,9.0,0.0,21.8,0.0
2024,107,15.9,3.5,9.6,0.0,25.44,0.0
2024,108,13.8,5.2,8.8,9.7,5.88,0.0
2024,109,13.9,6.9,11.3,5.2,14.5,0.0
2024,110,16.7,6.6,10.0,1.7,11.05,0.0
2024,111,7.7,0.8,4.9,0.5,18.18,0.0
2024,112,5.2,-0.9,2.1,0.0,12.78,0.0
2024,113,10.1,-1.2,4.2,0.0,27.15,0.0
2024,114,17.0,3.3,9.3,1.5,19.87,0.0
2024,115,8.8,-0.3,5.3,4.2,8.86,0.0
2024,116,8.9,-3.7,2.4,0.0,27.6,0.0
2024,117,15.6,-1.9,6.9,0.0,27.5,0.0
2024,118,14.9,7.2,10.0,3.9,11.29,0.0
2024,119,19.9,11.3,15.8,2.8,14.66,0.0
2024,120,22.1,9.8,16.2,3.7,21.62,0.0
2024,121,17.9,10.5,14.7,1.8,9.43,0.0
2024,122,21.5,7.2,14.7,0.0,25.09,0.0
2024,123,18.6,8.6,14.0,0.0,26.51,0.0
2024,124,25.2,8.9,16.6,0.3,23.98,0.0
2024,125,19.9,9.9,15.2,0.8,16.03,0.0
2024,126,20.5,9.1,14.2,15.1,18.28,0.0
2024,127,19.5,10.0,14.8,0.4,23.77,0.0
2024,128,22.2,7.5,14.9,0.0,28.54,0.0
2024,129,20.5,10.1,15.6,3.1,23.54,0.0
2024,130,15.6,5.4,10.2,0.3,20.48,0.0
2024,131,9.9,6.2,8.1,6.5,9.78,0.0
2024,132,15.2,4.0,9.1,2.3,16.79,0.0
2024,133,14.1,5.8,9.5,4.5,19.25,0.0
2024,134,22.4,8.2,14.5,2.3,20.48,0.0
2024,135,23.1,12.4,16.6,5.4,22.19,0.0
2024,136,19.6,11.6,15.0,2.0,18.23,0.0
2024,137,20.6,12.6,15.6,2.6,18.87,0.0
2024,138,20.5,12.4,15.8,6.4,12.16,0.0
2024,139,22.1,13.4,16.7,2.8,17.82,0.0
2024,140,25.5,12.4,18.5,0.0,27.1,0.0
2024,141,27.4,14.1,20.5,0.1,25.23,0.0
2024,142,26.6,17.3,21.4,0.8,23.53,0.0
2024,143,27.8,17.1,21.4,1.9,23.65,0.0
2024,144,22.6,14.6,18.5,0.0,29.49,0.0
2024,145,23.0,12.6,17.9,0.0,29.73,0.0
2024,146,22.9,10.8,16.8,4.9,16.43,0.0
2024,147,24.6,14.0,18.5,0.0,27.63,0.0
2024,148,22.2,14.6,17.8,12.0,14.37,0.0
2024,149,16.6,11.1,14.0,11.4,18.38,0.0
2024,150,16.8,9.9,12.9,3.0,12.12,0.0
2024,151,15.2,6.6,11.3,0.0,30.46,0.0
2024,152,19.5,7.7,13.2,0.0,30.37,0.0
2024,153,24.0,9.4,16.6,0.0,28.46,0.0
2024,154,21.5,14.1,16.9,4.0,10.35,0.0
2024,155,23.1,12.7,17.9,3.0,21.84,0.0
2024,156,27.8,14.8,21.1,0.0,25.04,0.0
2024,157,25.9,17.0,20.7,2.4,18.47,0.0
2024,158,23.0,15.1,18.8,13.3,21.02,0.0
2024,159,17.0,11.6,14.1,5.0,19.0,0.0
2024,160,18.8,10.6,14.5,0.6,22.53,0.0
2024,161,17.5,10.4,12.9,20.7,19.92,0.0
2024,162,14.1,8.6,11.1,0.3,12.15,0.0
2024,163,15.3,8.1,11.7,0.8,12.27,0.0
2024,164,21.0,9.4,15.3,0.0,27.48,0.0
2024,165,27.0,13.8,20.8,0.0,26.01,0.0
2024,166,23.6,14.4,19.8,0.0,27.08,0.0
2024,167,21.0,10.6,15.8,0.0,27.94,0.0
2024,168,25.8,10.7,18.0,0.0,28.22,0.0
2024,169,31.5,17.5,23.4,3.2,25.38,0.0
2024,170,32.6,19.4,25.0,0.6,23.67,0.0
2024,171,30.9,20.7,25.1,2.6,18.59,0.0
2024,172,31.0,20.5,24.3,7.8,23.67,0.0
2024,173,27.5,19.1,23.2,9.1,24.15,0.0
2024,174,29.8,20.4,24.7,0.5,25.28,0.0
2024,175,25.8,17.3,22.2,4.8,12.76,0.0
2024,176,23.9,14.1,18.7,0.2,27.32,0.0
2024,177,27.7,14.4,20.5,2.2,22.49,0.0
2024,178,25.7,15.6,20.3,13.5,16.02,0.0
2024,179,19.0,12.9,16.0,0.4,22.42,0.0
2024,180,24.0,11.4,17.7,0.3,27.87,0.0
2024,181,22.4,18.8,20.3,24.9,5.18,0.0
2024,182,21.4,12.4,18.3,5.2,20.88,0.0
2024,183,20.2,10.9,15.4,0.2,28.67,0.0
2024,184,24.6,11.8,18.7,0.0,26.29,0.0
2024,185,29.5,17.7,23.2,0.4,25.84,0.0
2024,186,27.3,19.4,22.9,0.3,19.14,0.0
2024,187,30.0,19.1,23.7,0.7,23.45,0.0
2024,188,26.2,18.5,21.7,1.5,25.06,0.0
2024,189,25.5,16.4,20.9,1.3,26.02,0.0
2024,190,28.9,16.5,22.7,0.0,28.21,0.0
2024,191,27.9,19.0,23.3,0.0,16.05,0.0
2024,192,29.4,19.7,22.6,39.6,17.47,0.0
2024,193,21.0,17.5,19.0,4.0,7.83,0.0
2024,194,27.0,16.4,21.2,1.0,24.69,0.0
2024,195,27.5,17.1,22.3,0.0,27.75,0.0
2024,196,29.4,16.5,22.7,0.0,25.64,0.0
2024,197,28.9,18.9,22.3,4.7,17.07,0.0
2024,198,25.4,18.0,21.3,13.0,20.9,0.0
2024,199,24.5,18.0,21.0,0.5,14.48,0.0
2024,200,21.1,14.4,17.7,0.0,22.89,0.0
2024,201,23.2,12.6,17.4,0.0,25.28,0.0
2024,202,25.1,12.2,18.7,0.0,29.16,0.0
2024,203,25.4,15.6,20.3,0.9,24.36,0.0
2024,204,28.5,16.1,21.5,3.6,23.2,0.0
2024,205,25.6,16.5,20.3,4.8,21.79,0.0
2024,206,26.5,17.2,20.5,10.6,24.04,0.0
2024,207,22.3,14.2,17.9,0.1,23.48,0.0
2024,208,24.0,13.6,18.5,0.0,26.07,0.0
2024,209,26.2,14.9,20.5,0.0,28.19,0.0
2024,210,29.4,15.1,21.8,0.0,27.68,0.0
2024,211,29.5,17.5,23.3,0.0,26.73,0.0
2024,212,27.2,19.0,22.4,10.2,18.18,0.0
2024,213,27.6,19.0,22.5,1.0,20.71,0.0
2024,214,29.6,19.0,24.2,0.5,23.78,0.0
2024,215,22.8,19.2,21.3,12.5,8.52,0.0
2024,216,23.3,17.0,20.5,10.5,12.0,0.0
2024,217,26.8,18.7,22.4,0.3,25.12,0.0
2024,218,26.7,17.4,21.2,5.5,19.34,0.0
2024,219,19.5,14.0,17.4,21.0,5.21,0.0
2024,220,22.6,14.7,18.1,0.0,26.8,0.0
2024,221,25.0,15.6,20.3,3.3,16.64,0.0
2024,222,22.7,17.9,20.5,24.8,9.13,0.0
2024,223,20.6,14.6,17.3,0.5,24.84,0.0
2024,224,19.0,12.9,15.6,2.7,20.06,0.0
2024,225,19.5,12.5,15.6,3.0,18.9,0.0
2024,226,21.9,13.4,17.4,1.2,22.04,0.0
2024,227,24.2,15.4,19.5,0.0,24.29,0.0
2024,228,25.7,14.6,20.2,0.0,25.4,0.0
2024,229,27.6,15.4,20.6,1.2,18.21,0.0
2024,230,26.4,18.0,21.1,4.5,17.11,0.0
2024,231,25.1,18.2,20.4,2.6,19.01,0.0
2024,232,18.2,12.0,15.1,7.5,4.93,0.0
2024,233,15.1,9.3,12.1,1.6,16.87,0.0
2024,234,16.9,9.2,12.8,1.2,18.8,0.0
2024,235,19.5,10.4,14.9,0.2,19.21,0.0
2024,236,23.1,12.6,17.3,0.0,21.9,0.0
2024,237,24.6,12.6,18.3,0.0,23.96,0.0
2024,238,26.5,13.6,19.7,0.0,23.16,0.0
2024,239,27.3,15.1,21.0,0.0,22.89,0.0
2024,240,29.4,16.3,22.0,3.2,20.02,0.0
2024,241,27.3,16.8,22.0,1.9,18.41,0.0
2024,242,23.0,15.1,17.8,1.2,12.66,0.0
2024,243,28.2,15.1,21.1,1.4,20.25,0.0
2024,244,25.5,17.5,20.9,1.8,14.47,0.0
2024,245,24.0,14.6,18.6,1.4,19.17,0.0
2024,246,17.1,10.6,13.5,0.0,20.89,0.0
2024,247,20.7,9.5,14.7,0.0,22.8,0.0
2024,248,23.0,10.6,16.6,0.0,22.71,0.0
2024,249,24.4,12.4,17.7,0.0,22.98,0.0
2024,250,26.3,13.6,18.5,16.5,18.24,0.0
2024,251,16.5,7.5,12.3,16.2,16.87,0.0
2024,252,13.8,6.7,10.2,0.5,14.32,0.0
2024,253,18.9,10.6,13.8,3.1,15.43,0.0
2024,254,20.1,12.1,15.3,0.0,20.57,0.0
2024,255,23.7,11.0,17.0,0.0,21.21,0.0
2024,256,25.7,14.4,19.5,0.0,20.76,0.0
2024,257,25.0,14.8,19.4,0.0,20.65,0.0
2024,258,25.2,14.6,19.3,0.0,20.51,0.0
2024,259,25.7,14.9,19.9,0.0,18.63,0.0
2024,260,25.2,14.7,19.5,0.0,19.99,0.0
2024,261,24.5,13.5,18.7,0.0,17.93,0.0
2024,262,23.2,13.9,18.4,0.0,17.41,0.0
2024,263,23.6,15.1,18.5,0.0,13.11,0.0
2024,264,25.7,14.5,19.5,0.0,19.54,0.0
2024,265,26.0,15.9,19.0,9.5,16.14,0.0
2024,266,24.1,13.1,18.2,1.2,16.74,0.0
2024,267,20.8,14.5,16.9,13.4,6.56,0.0
2024,268,17.0,13.6,15.0,8.9,5.78,0.0
2024,269,19.4,14.6,16.7,1.3,8.07,0.0
2024,270,21.8,14.4,17.7,1.0,10.98,0.0
2024,271,21.0,13.1,16.6,0.0,14.66,0.0
2024,272,22.0,14.4,17.6,4.5,8.27,0.0
2024,273,19.6,15.6,17.2,0.6,7.67,0.0
2024,274,20.6,14.4,16.7,0.7,10.58,0.0
2024,275,21.6,14.1,16.9,0.0,12.41,0.0
2024,276,16.7,8.9,13.3,2.6,13.76,0.0
2024,277,20.1,7.9,13.2,0.0,17.02,0.0
2024,278,22.0,10.8,15.2,1.3,16.23,0.0
2024,279,16.5,8.4,12.4,0.0,17.18,0.0
2024,280,22.8,8.2,14.5,3.5,14.78,0.0
2024,281,13.9,8.4,11.0,0.5,9.75,0.0
2024,282,13.4,6.5,9.1,0.4,13.54,0.0
2024,283,12.0,4.6,7.6,1.1,12.99,0.0
2024,284,10.5,3.8,6.4,0.0,11.44,0.0
2024,285,17.4,4.8,11.2,0.0,15.17,0.0
2024,286,16.4,6.2,11.7,0.0,16.13,0.0
2024,287,8.6,5.3,6.4,15.2,3.36,0.0
2024,288,6.6,2.4,4.6,17.0,6.03,0.0
2024,289,6.6,2.0,3.9,1.2,11.02,0.0
2024,290,6.8,3.0,4.3,1.3,7.25,0.0
2024,291,11.6,2.8,6.0,0.0,14.62,0.0
2024,292,15.6,3.3,8.7,0.0,15.0,0.0
2024,293,17.3,4.6,10.0,0.0,14.97,0.0
2024,294,18.5,8.1,12.8,0.0,14.32,0.0
2024,295,21.2,12.2,15.9,0.0,13.51,0.0
2024,296,23.1,12.4,17.0,0.0,13.64,0.0
2024,297,19.6,9.9,15.6,2.1,10.32,0.0
2024,298,8.5,3.2,6.2,0.0,9.23,0.0
2024,299,13.5,1.2,7.4,0.5,10.67,0.0
2024,300,9.6,2.6,6.6,1.6,10.63,0.0
2024,301,8.8,0.2,4.3,0.0,10.81,0.0
2024,302,12.8,1.2,6.5,0.0,12.12,0.0
2024,303,16.4,6.3,10.9,1.8,5.46,0.0
2024,304,21.2,14.4,17.8,0.0,10.67,0.0
2024,305,22.4,14.9,18.4,2.6,10.18,0.0
2024,306,18.3,5.9,10.0,3.1,3.74,0.0
2024,307,5.6,1.2,3.8,0.0,5.23,0.0
2024,308,9.8,0.4,4.7,0.0,11.71,0.0
2024,309,12.8,4.7,9.2,3.4,5.8,0.0
2024,310,21.9,11.8,16.3,0.0,9.71,0.0
2024,311,17.5,12.1,15.7,3.9,3.73,0.0
2024,312,12.6,5.8,9.2,1.2,6.28,0.0
2024,313,10.2,4.1,7.7,0.1,6.03,0.0
2024,314,7.4,-0.4,2.9,0.0,11.12,0.0
2024,315,10.6,2.5,7.2,3.7,2.94,0.0
2024,316,11.3,4.2,9.3,4.3,5.13,0.0
2024,317,5.1,-0.6,2.0,1.3,7.48,0.0
2024,318,5.1,-2.7,0.8,0.0,10.79,0.0
2024,319,5.8,2.2,3.8,1.7,5.89,0.0
2024,320,9.0,3.4,5.9,2.4,5.72,0.0
2024,321,7.3,2.6,4.8,0.0,6.51,0.0
2024,322,9.7,0.6,4.9,0.2,7.07,0.0
2024,323,10.5,4.6,7.8,1.8,8.85,0.0
2024,324,10.9,1.8,6.2,1.8,7.71,0.0
2024,325,15.8,4.2,10.9,7.8,6.16,0.0
2024,326,4.3,-0.1,2.3,3.6,6.62,0.0
2024,327,2.0,0.2,0.9,22.7,1.75,0.0
2024,328,4.8,0.3,2.7,0.5,3.08,0.0
2024,329,4.3,0.6,2.3,0.2,4.1,0.0
2024,330,7.0,-3.0,2.5,0.6,7.01,0.0
2024,331,8.2,2.8,5.1,9.1,3.85,0.0
2024,332,5.7,-1.0,2.0,0.0,8.07,0.0
2024,333,1.7,-1.2,0.2,11.3,2.44,0.0
2024,334,-1.7,-5.0,-2.8,4.1,7.46,0.0
2024,335,-5.0,-6.8,-5.7,2.9,5.11,0.0
2024,336,-4.8,-7.1,-6.0,3.9,6.33,0.0
2024,337,-2.5,-5.8,-4.5,0.2,7.08,0.0
2024,338,-3.0,-6.3,-4.5,1.0,7.37,0.0
2024,339,-1.1,-6.9,-4.1,2.0,3.21,0.0
2024,340,-0.2,-5.8,-3.3,4.8,5.33,0.0
2024,341,-4.8,-8.2,-6.7,2.6,7.12,0.0
2024,342,-0.7,-5.7,-3.4,3.5,3.25,0.0
2024,343,3.1,-0.1,2.0,0.1,5.17,0.0
2024,344,5.2,-0.2,2.8,13.1,1.44,0.0
2024,345,7.8,2.7,5.2,3.3,3.14,0.0
2024,346,6.2,-2.5,2.1,5.1,1.2,0.0
2024,347,-2.5,-10.4,-7.1,8.0,5.26,0.0
2024,348,-7.8,-11.6,-9.7,0.8,6.02,0.0
2024,349,-4.8,-14.4,-9.0,0.0,8.56,0.0
2024,350,0.2,-7.6,-3.0,4.8,3.22,0.0
2024,351,4.7,0.3,2.0,3.6,5.06,0.0
2024,352,6.8,1.3,3.3,1.8,2.93,0.0
2024,353,1.8,-0.8,0.4,6.3,1.4,0.0
2024,354,-0.9,-4.1,-2.7,0.2,4.06,0.0
2024,355,-2.7,-5.8,-3.7,7.9,2.35,0.0
2024,356,-6.3,-12.2,-10.1,2.0,3.56,0.0
2024,357,-12.6,-18.0,-15.4,0.3,7.15,0.0
2024,358,-1.5,-15.6,-8.4,1.2,4.0,0.0
2024,359,0.4,-2.9,-0.8,4.5,3.77,0.0
2024,360,-3.0,-5.6,-3.6,0.0,4.35,0.0
2024,361,-0.1,-8.5,-4.5,0.0,5.12,0.0
2024,362,3.5,-5.7,-0.5,0.0,6.9,0.0
2024,363,9.1,1.9,4.8,0.8,4.82,0.0
2024,364,12.5,3.0,7.7,2.8,2.13,0.0
2024,365,11.1,0.7,2.9,6.3,1.07,0.0
2024,366,5.2,-1.0,2.2,2.2,4.26,0.0
2025,1,3.3,-2.4,0.2,9.9,1.99,0.0
2025,2,-2.8,-5.7,-3.9,2.5,7.06,0.0
2025,3,-4.8,-7.3,-5.9,1.9,5.29,0.0
2025,4,-6.9,-8.7,-7.7,2.7,5.26,0.0
2025,5,-6.6,-9.4,-7.9,1.0,3.75,0.0
2025,6,-6.9,-11.4,-8.7,1.3,3.59,0.0
2025,7,-7.7,-11.1,-9.3,0.8,3.93,0.0
2025,8,-9.7,-12.6,-11.4,0.7,3.96,0.0
2025,9,-10.6,-13.1,-11.8,0.1,7.33,0.0
2025,10,-5.9,-14.8,-9.8,0.9,7.13,0.0
2025,11,-4.4,-8.2,-6.3,3.0,5.1,0.0
2025,12,-1.9,-5.2,-3.6,0.1,5.15,0.0
2025,13,-1.5,-7.2,-4.1,2.4,3.84,0.0
2025,14,-7.9,-12.5,-10.1,4.3,4.53,0.0
2025,15,-6.7,-11.5,-8.6,1.9,5.68,0.0
2025,16,-6.1,-12.1,-8.6,1.7,4.81,0.0
2025,17,-0.5,-5.7,-2.7,0.4,4.58,0.0
2025,18,1.5,-4.4,-0.6,5.2,2.87,0.0
2025,19,-5.5,-12.3,-9.4,1.0,4.8,0.0
2025,20,-10.9,-16.4,-13.4,3.3,6.87,0.0
2025,21,-13.9,-18.5,-16.4,3.1,8.17,0.0
2025,22,-13.1,-23.3,-17.2,0.2,9.61,0.0
2025,23,-7.2,-14.1,-10.2,0.0,9.59,0.0
2025,24,-7.8,-10.4,-9.3,1.0,6.09,0.0
2025,25,-5.1,-14.1,-9.1,0.4,7.62,0.0
2025,26,-3.0,-6.8,-4.8,1.4,7.89,0.0
2025,27,-3.7,-8.1,-5.9,0.2,11.35,0.0
2025,28,-0.3,-10.1,-6.3,6.6,8.12,0.0
2025,29,0.9,-9.8,-3.3,5.9,5.39,0.0
2025,30,0.6,-13.9,-6.8,0.2,8.81,0.0
2025,31,3.0,-2.3,1.5,9.9,2.81,0.0
2025,32,-3.3,-18.0,-11.8,0.6,6.16,0.0
2025,33,-0.7,-18.5,-9.1,2.4,6.7,0.0
2025,34,5.9,-1.4,1.6,2.2,5.36,0.0
2025,35,-1.6,-9.6,-5.3,1.2,6.67,0.0
2025,36,-7.3,-12.6,-10.1,0.0,9.43,0.0
2025,37,2.7,-10.5,-2.1,6.4,4.22,0.0
2025,38,-1.6,-10.2,-7.9,0.6,9.25,0.0
2025,39,-3.5,-14.1,-7.9,6.4,6.16,0.0
2025,40,-4.1,-7.6,-5.7,2.9,5.37,0.0
2025,41,-6.7,-10.5,-8.2,0.4,9.76,0.0
2025,42,-2.9,-10.8,-7.3,0.0,10.68,0.0
2025,43,-0.4,-11.4,-6.6,2.5,7.2,0.0
2025,44,2.5,-7.4,-2.1,2.8,4.5,0.0
2025,45,-7.7,-10.7,-9.4,1.2,11.75,0.0
2025,46,-0.2,-10.1,-4.2,4.9,3.67,0.0
2025,47,1.0,-8.9,-2.2,22.4,3.8,0.0
2025,48,-9.2,-14.4,-11.5,1.6,9.13,0.0
2025,49,-12.4,-16.5,-14.3,0.0,11.17,0.0
2025,50,-9.6,-14.3,-11.7,1.1,7.86,0.0
2025,51,-10.4,-12.3,-11.4,2.3,6.86,0.0
2025,52,-7.9,-12.1,-10.6,0.8,8.61,0.0
2025,53,-2.2,-9.1,-5.9,0.0,15.45,0.0
2025,54,-1.8,-5.1,-3.7,0.3,11.17,0.0
2025,55,5.3,-4.8,0.3,0.0,13.87,0.0
2025,56,4.9,0.6,2.5,2.5,8.6,0.0
2025,57,3.3,-2.8,0.6,0.2,11.78,0.0
2025,58,4.2,-0.1,1.5,2.8,7.25,0.0
2025,59,3.4,-6.0,-1.0,1.8,7.84,0.0
2025,60,3.0,-12.9,-6.0,2.1,8.02,0.0
2025,61,-8.9,-15.4,-11.6,1.4,13.54,0.0
2025,62,-1.4,-15.1,-7.5,0.0,15.74,0.0
2025,63,8.1,-3.7,2.1,0.0,11.39,0.0
2025,64,10.4,4.1,6.2,14.9,6.94,0.0
2025,65,3.3,-5.8,-2.5,1.1,5.8,0.0
2025,66,-2.0,-6.4,-4.1,0.3,15.02,0.0
2025,67,-2.5,-7.4,-4.8,1.1,14.67,0.0
2025,68,3.5,-6.7,-0.9,0.0,17.5,0.0
2025,69,11.8,0.2,5.5,0.0,18.52,0.0
2025,70,13.7,-2.5,6.6,0.0,18.31,0.0
2025,71,2.3,-6.1,-2.1,0.0,11.14,0.0
2025,72,12.9,-0.6,4.5,0.0,18.77,0.0
2025,73,19.6,0.4,8.9,0.0,18.64,0.0
2025,74,15.5,4.5,9.8,0.0,11.09,0.0
2025,75,15.5,4.8,11.2,9.9,6.6,0.0
2025,76,4.2,-4.0,-0.6,0.7,10.23,0.0
2025,77,15.2,-4.6,5.1,0.0,19.92,0.0
2025,78,20.7,7.9,13.4,0.0,18.23,0.0
2025,79,14.3,-0.5,8.7,4.3,7.46,0.0
2025,80,4.6,-3.4,0.4,0.0,20.46,0.0
2025,81,9.2,-5.6,2.0,2.4,10.56,0.0
2025,82,3.0,-7.2,-2.6,0.1,16.82,0.0
2025,83,8.0,-0.6,3.9,0.9,14.88,0.0
2025,84,1.0,-2.0,-0.6,1.1,8.33,0.0
2025,85,-0.5,-4.1,-2.3,2.0,12.98,0.0
2025,86,5.8,-6.3,0.1,2.2,22.26,0.0
2025,87,10.3,-2.7,4.6,10.2,8.18,0.0
2025,88,14.9,6.1,10.5,6.3,8.84,0.0
2025,89,19.4,4.9,12.4,2.7,8.81,0.0
2025,90,14.2,-1.0,9.3,0.6,9.23,0.0
2025,91,2.5,-3.3,-0.8,0.0,19.24,0.0
2025,92,8.2,-3.5,1.5,7.9,5.94,0.0
2025,93,19.2,8.4,13.3,6.2,14.54,0.0
2025,94,10.6,1.5,6.0,0.0,22.49,0.0
2025,95,17.8,4.3,9.3,11.7,9.23,0.0
2025,96,5.4,0.1,1.8,1.7,6.83,0.0
2025,97,8.9,-3.7,1.9,1.6,20.77,0.0
2025,98,-3.1,-6.7,-5.1,1.2,10.7,0.0
2025,99,3.8,-7.4,-2.5,0.0,20.82,0.0
2025,100,2.5,-2.2,0.3,8.7,5.51,0.0
2025,101,6.9,1.1,3.3,1.4,9.21,0.0
2025,102,6.2,1.0,3.1,0.7,6.63,0.0
2025,103,11.6,0.6,5.8,0.0,21.52,0.0
2025,104,19.8,2.0,10.4,1.2,17.93,0.0
2025,105,11.7,0.6,5.8,2.5,20.06,0.0
2025,106,1.8,-1.2,0.1,2.9,7.28,0.0
2025,107,8.4,-2.7,2.7,0.0,26.56,0.0
2025,108,19.5,2.0,12.1,0.9,14.25,0.0
2025,109,20.2,6.9,15.8,2.9,10.58,0.0
2025,110,10.0,0.9,5.4,0.0,25.24,0.0
2025,111,19.1,3.8,11.4,12.9,13.07,0.0
2025,112,10.9,5.2,8.4,0.0,24.94,0.0
2025,113,18.6,2.8,10.7,0.0,23.92,0.0
2025,114,23.2,8.8,16.2,0.0,23.67,0.0
2025,115,19.7,10.5,14.9,3.1,9.29,0.0
2025,116,13.6,2.9,9.4,19.4,8.28,0.0
2025,117,12.6,3.0,7.6,0.2,27.5,0.0
2025,118,18.9,4.5,12.1,0.0,26.43,0.0
2025,119,24.9,11.1,17.5,7.3,22.29,0.0
2025,120,12.0,0.6,6.5,0.0,26.63,0.0
2025,121,21.3,4.4,13.1,6.2,16.29,0.0
2025,122,18.9,12.7,15.7,7.9,19.81,0.0
2025,123,12.6,6.2,7.9,18.8,4.36,0.0
2025,124,11.1,6.4,8.3,3.4,7.86,0.0
2025,125,20.1,10.1,13.6,17.6,11.44,0.0
2025,126,18.4,10.7,14.2,7.3,21.42,0.0
2025,127,16.8,9.6,13.0,2.3,21.24,0.0
2025,128,9.8,4.4,6.8,1.0,7.25,0.0
2025,129,9.8,2.2,6.4,0.2,18.46,0.0
2025,130,16.6,4.7,10.7,0.0,28.78,0.0
2025,131,13.1,3.7,8.8,0.0,29.37,0.0
2025,132,24.0,7.8,16.3,0.0,27.43,0.0
2025,133,19.8,13.9,16.3,4.6,9.15,0.0
2025,134,18.2,13.6,15.7,1.7,12.7,0.0
2025,135,21.7,13.1,17.0,13.4,18.12,0.0
2025,136,23.1,15.4,18.6,0.1,24.98,0.0
2025,137,20.1,9.9,15.5,4.4,19.98,0.0
2025,138,13.0,8.8,11.0,1.4,9.78,0.0
2025,139,11.2,5.2,8.1,0.0,21.52,0.0
2025,140,11.6,0.8,6.6,0.0,29.12,0.0
2025,141,11.1,5.2,8.3,16.9,4.57,0.0
2025,142,11.4,7.7,9.6,5.4,8.52,0.0
2025,143,9.6,5.7,7.4,2.9,12.55,0.0
2025,144,9.1,5.6,7.4,6.2,9.38,0.0
2025,145,12.9,4.8,8.9,1.4,24.65,0.0
2025,146,17.0,6.1,11.8,0.3,27.02,0.0
2025,147,19.8,8.1,14.5,0.0,22.58,0.0
2025,148,12.0,8.9,10.7,19.1,7.7,0.0
2025,149,17.8,10.9,13.8,3.4,19.56,0.0
2025,150,18.7,10.4,14.0,1.8,23.12,0.0
2025,151,11.8,7.1,8.5,3.7,7.91,0.0
2025,152,12.0,4.7,8.6,0.4,20.35,0.0
2025,153,16.9,4.8,11.4,0.0,30.81,0.0
2025,154,24.1,11.2,17.8,0.0,30.01,0.0
2025,155,26.7,15.8,21.4,0.0,28.04,0.0
2025,156,25.0,16.4,20.1,7.3,21.17,0.0
2025,157,21.6,14.4,17.3,21.5,14.67,0.0
2025,158,21.5,13.6,17.4,0.3,27.59,0.0
2025,159,21.0,11.8,16.4,3.7,17.51,0.0
2025,160,22.1,14.9,17.6,12.2,18.8,0.0
2025,161,18.6,13.6,16.2,0.4,28.85,0.0
2025,162,22.7,13.2,18.2,0.0,29.09,0.0
2025,163,20.0,14.1,17.5,0.0,24.78,0.0
2025,164,19.5,9.9,14.4,0.0,26.76,0.0
2025,165,19.0,10.6,14.3,8.7,16.21,0.0
2025,166,20.5,12.8,16.6,0.5,17.14,0.0
2025,167,21.5,14.2,17.6,2.0,16.47,0.0
2025,168,23.6,15.1,19.2,2.7,18.97,0.0
2025,169,25.8,19.0,21.5,8.0,22.73,0.0
2025,170,23.4,14.7,19.5,4.3,22.08,0.0
2025,171,21.5,13.4,17.4,1.0,21.78,0.0
2025,172,26.2,15.2,21.6,0.8,25.37,0.0
2025,173,28.0,21.8,24.9,2.0,19.96,0.0
2025,174,29.6,23.4,26.2,0.0,29.2,0.0
2025,175,29.8,23.0,26.1,0.1,28.25,0.0
2025,176,27.3,20.0,23.4,3.0,22.89,0.0
2025,177,22.1,17.0,19.0,7.3,12.75,0.0
2025,178,27.0,17.0,21.3,6.8,20.43,0.0
2025,179,25.5,18.0,21.7,0.9,26.51,0.0
2025,180,23.8,13.9,19.1,0.0,29.73,0.0
2025,181,28.1,17.5,22.2,4.0,21.83,0.0
2025,182,24.6,19.7,21.8,2.3,16.33,0.0
2025,183,24.0,16.1,20.3,0.0,29.07,0.0
2025,184,22.1,15.1,19.0,6.9,25.14,0.0
2025,185,22.2,11.8,17.4,0.0,30.22,0.0
2025,186,27.5,15.8,22.0,0.5,26.75,0.0
2025,187,28.6,20.7,24.6,0.0,27.73,0.0
2025,188,27.9,20.0,23.6,2.8,24.12,0.0
2025,189,22.6,17.8,20.0,2.3,11.65,0.0
2025,190,23.5,16.2,20.2,0.3,18.85,0.0
2025,191,25.0,17.6,21.0,3.7,24.27,0.0
2025,192,26.8,18.5,22.5,0.1,23.66,0.0
2025,193,29.8,20.1,24.1,1.1,24.82,0.0
2025,194,27.0,20.9,23.1,5.1,21.57,0.0
2025,195,25.2,19.5,22.1,2.5,15.82,0.0
2025,196,28.1,17.2,23.0,0.0,28.42,0.0
2025,197,28.0,19.9,23.3,3.8,23.05,0.0
2025,198,24.5,17.6,21.4,1.9,19.72,0.0
2025,199,20.0,12.2,16.1,0.0,29.5,0.0
2025,200,25.6,13.4,19.6,0.0,27.1,0.0
2025,201,24.0,18.0,20.6,2.3,21.56,0.0
2025,202,19.6,13.2,16.5,0.4,22.74,0.0
2025,203,21.8,12.0,16.5,0.0,26.71,0.0
2025,204,27.2,13.2,20.3,0.0,27.93,0.0
2025,205,29.1,19.2,24.3,0.0,27.4,0.0
2025,206,24.4,19.0,22.1,5.2,14.88,0.0
2025,207,27.5,17.0,22.1,2.2,20.79,0.0
2025,208,26.0,19.9,22.7,11.0,21.56,0.0
2025,209,28.5,17.9,23.6,0.0,27.27,0.0
2025,210,28.1,19.8,24.0,0.0,26.46,0.0
2025,211,27.1,18.6,22.8,0.0,24.87,0.0
2025,212,20.0,12.9,15.8,9.7,5.77,0.0
2025,213,18.9,11.8,15.2,0.2,24.48,0.0
2025,214,22.0,11.2,16.7,0.0,26.64,0.0
2025,215,23.3,12.7,18.2,0.0,27.2,0.0
2025,216,24.8,14.9,20.0,0.0,25.21,0.0
2025,217,25.9,16.8,21.0,0.0,25.52,0.0
2025,218,24.1,16.6,20.1,5.6,15.73,0.0
2025,219,25.2,15.6,20.1,0.7,23.13,0.0
2025,220,25.4,16.6,20.9,0.2,24.64,0.0
2025,221,26.6,17.2,21.9,0.0,24.83,0.0
2025,222,28.5,18.1,22.9,0.0,25.7,0.0
2025,223,28.1,17.9,22.9,0.0,25.51,0.0
2025,224,29.1,19.8,23.5,3.3,21.98,0.0
2025,225,24.8,19.8,22.1,0.9,15.91,0.0
2025,226,24.0,17.1,20.5,1.0,22.37,0.0
2025,227,25.6,15.6,20.6,0.0,19.9,0.0
2025,228,27.1,16.5,21.9,0.2,23.05,0.0
2025,229,23.6,14.0,19.4,14.2,11.98,0.0
2025,230,18.9,11.2,14.6,0.0,25.62,0.0
2025,231,23.0,11.9,17.7,3.8,13.9,0.0
2025,232,22.1,14.6,18.5,17.9,9.99,0.0
2025,233,18.2,13.8,15.4,0.5,9.53,0.0
2025,234,22.1,13.1,17.9,0.0,21.25,0.0
2025,235,23.9,16.1,19.7,1.5,21.48,0.0
2025,236,22.1,15.1,18.8,3.5,19.61,0.0
2025,237,18.0,13.1,15.2,0.5,20.98,0.0
2025,238,17.0,10.6,13.3,0.9,22.08,0.0
2025,239,17.3,9.7,13.3,0.2,20.0,0.0
2025,240,19.4,11.2,14.3,6.0,17.04,0.0
2025,241,13.4,8.9,11.6,0.6,15.82,0.0
2025,242,16.5,7.6,11.9,0.1,20.68,0.0
2025,243,19.0,9.9,14.4,0.0,22.57,0.0
2025,244,20.0,11.3,15.6,0.0,20.83,0.0
2025,245,21.1,12.1,16.4,0.2,19.47,0.0
2025,246,22.8,12.1,17.3,0.1,20.71,0.0
2025,247,19.4,11.4,15.7,8.7,11.11,0.0
2025,248,21.7,9.5,15.2,0.2,20.11,0.0
2025,249,15.9,10.9,13.2,2.7,9.06,0.0
2025,250,14.9,9.6,11.8,0.3,19.54,0.0
2025,251,16.2,7.2,11.4,0.0,20.96,0.0
2025,252,20.0,8.2,13.8,0.0,21.92,0.0
2025,253,21.0,10.7,15.3,0.0,20.47,0.0
2025,254,21.0,11.8,16.3,0.0,18.33,0.0
2025,255,21.6,12.7,16.7,0.0,17.81,0.0
2025,256,20.9,11.9,16.5,0.0,11.85,0.0
2025,257,21.9,13.2,17.2,0.1,18.72,0.0
2025,258,21.2,11.9,16.3,0.0,20.87,0.0
2025,259,22.6,12.9,17.2,0.0,20.21,0.0
2025,260,23.0,12.9,17.5,0.0,19.0,0.0
2025,261,23.5,13.0,18.0,0.0,19.95,0.0
2025,262,19.8,10.9,15.7,0.1,15.38,0.0
2025,263,18.0,8.6,13.1,0.0,20.06,0.0
2025,264,25.0,11.5,18.0,0.9,17.78,0.0
2025,265,24.9,16.1,19.3,1.3,14.14,0.0
2025,266,21.7,15.5,18.4,3.7,13.53,0.0
2025,267,22.2,15.1,18.1,8.4,13.77,0.0
2025,268,19.8,16.2,17.3,5.3,6.24,0.0
2025,269,20.3,14.7,16.9,0.9,15.39,0.0
2025,270,23.1,12.4,17.4,0.0,16.08,0.0
2025,271,22.2,13.9,17.8,0.0,17.54,0.0
2025,272,22.5,11.6,16.8,0.0,17.91,0.0
2025,273,19.8,11.9,15.7,0.0,17.9,0.0
2025,274,16.1,7.1,10.8,0.0,18.27,0.0
2025,275,20.9,6.0,12.8,0.0,17.17,0.0
2025,276,23.1,10.0,16.0,0.0,17.38,0.0
2025,277,24.8,11.8,18.0,0.0,16.79,0.0
2025,278,26.3,14.2,19.2,0.0,17.06,0.0
2025,279,25.3,14.0,18.7,0.0,16.46,0.0
2025,280,19.9,13.0,17.4,31.1,5.39,0.0
2025,281,13.2,7.0,10.8,5.7,15.42,0.0
2025,282,9.4,2.5,6.0,0.0,16.44,0.0
2025,283,15.9,1.1,8.2,0.0,16.52,0.0
2025,284,11.2,7.3,9.1,14.5,3.65,0.0
2025,285,17.5,7.2,11.1,0.0,12.73,0.0
2025,286,12.4,8.6,10.3,0.6,6.73,0.0
2025,287,17.1,8.3,12.3,0.0,11.84,0.0
2025,288,11.9,5.8,9.1,0.0,12.3,0.0
2025,289,10.1,2.0,5.8,0.0,15.4,0.0
2025,290,11.1,1.9,6.9,0.0,4.65,0.0
2025,291,20.5,8.1,13.6,2.2,12.77,0.0
2025,292,20.8,12.4,15.8,12.7,8.57,0.0
2025,293,12.2,6.4,9.5,19.2,5.45,0.0
2025,294,13.3,4.7,8.3,0.2,9.53,0.0
2025,295,9.2,4.9,6.3,10.3,7.86,0.0
2025,296,8.4,4.1,5.8,1.1,7.28,0.0
2025,297,8.1,3.3,5.1,2.7,9.51,0.0
2025,298,9.3,2.8,5.4,0.0,9.08,0.0
2025,299,7.8,0.4,3.7,0.0,12.95,0.0
2025,300,7.1,-1.0,2.4,0.0,13.32,0.0
2025,301,8.6,0.0,3.7,0.0,13.08,0.0
2025,302,9.2,1.5,4.9,0.0,12.56,0.0
2025,303,6.1,3.8,4.9,25.5,1.57,0.0
2025,304,6.7,3.0,4.7,2.2,2.14,0.0
2025,305,7.7,2.7,4.8,0.0,8.43,0.0
2025,306,12.1,1.2,6.0,0.0,10.71,0.0
2025,307,8.4,3.5,6.1,4.3,3.72,0.0
2025,308,10.8,3.0,6.6,0.0,11.89,0.0
2025,309,12.9,2.9,7.2,9.5,6.06,0.0
2025,310,4.9,0.6,2.6,0.3,9.22,0.0
2025,311,11.4,0.2,6.0,4.0,6.47,0.0
2025,312,9.2,2.1,5.0,0.9,4.01,0.0
2025,313,2.0,-2.0,0.6,7.2,2.1,0.0
2025,314,-2.2,-5.2,-3.9,5.9,3.15,0.0
2025,315,-0.6,-5.9,-3.2,2.0,6.78,0.0
2025,316,2.5,-2.4,0.4,8.2,3.59,0.0
2025,317,3.0,0.3,1.3,2.4,7.29,0.0
2025,318,6.6,-0.2,2.4,0.0,6.75,0.0
2025,319,11.5,-1.6,4.9,10.7,4.46,0.0
2025,320,9.6,-2.5,2.0,2.4,6.18,0.0
2025,321,0.5,-3.0,-1.3,0.0,5.81,0.0
2025,322,3.9,-1.2,0.4,0.0,6.62,0.0
2025,323,4.2,-2.0,0.1,0.0,9.59,0.0
2025,324,6.7,-3.3,0.9,0.0,9.57,0.0
2025,325,7.7,2.4,4.7,0.7,3.66,0.0
2025,326,4.9,-0.9,2.8,0.6,5.86,0.0
2025,327,5.0,-1.4,2.1,3.1,5.7,0.0
2025,328,8.3,-1.2,3.2,0.0,9.13,0.0
2025,329,8.7,5.3,6.5,8.9,2.46,0.0
2025,330,11.3,-0.6,6.5,7.1,3.92,0.0
2025,331,-0.9,-3.0,-1.8,7.8,4.76,0.0
2025,332,-2.1,-4.4,-3.2,2.4,6.71,0.0
2025,333,-2.1,-5.3,-3.8,0.0,6.68,0.0
2025,334,1.5,-3.2,-1.2,6.2,4.21,0.0
2025,335,-1.5,-7.7,-5.3,0.0,4.81,0.0
2025,336,-2.5,-6.2,-4.4,7.3,4.06,0.0
2025,337,-2.0,-7.4,-3.8,0.1,7.11,0.0
2025,338,-3.3,-14.1,-6.9,3.0,5.27,0.0
2025,339,-4.7,-17.5,-10.7,0.0,8.62,0.0
2025,340,-1.8,-6.3,-4.1,0.6,5.25,0.0
2025,341,-1.5,-6.1,-3.5,4.2,3.39,0.0
2025,342,-7.1,-15.2,-11.8,0.0,8.72,0.0
2025,343,-1.9,-15.9,-10.0,1.8,5.0,0.0
2025,344,1.5,-4.8,-0.3,15.5,2.75,0.0
2025,345,-5.4,-11.0,-8.9,1.0,7.48,0.0
2025,346,-4.5,-12.3,-7.9,0.0,6.98,0.0
2025,347,-3.1,-9.7,-6.0,6.3,3.16,0.0
2025,348,-10.4,-14.1,-12.4,0.4,7.73,0.0
2025,349,-6.3,-14.6,-10.1,1.5,3.45,0.0
2025,350,-3.1,-11.1,-7.2,0.0,5.76,0.0
2025,351,2.8,-2.5,1.1,0.0,5.23,0.0
2025,352,5.7,-3.2,2.1,0.2,7.56,0.0
2025,353,7.4,-7.2,-0.3,11.4,2.34,0.0
2025,354,3.7,-6.6,-2.8,0.2,4.2,0.0
2025,355,2.2,-8.3,-5.0,0.0,4.54,0.0
2025,356,-0.3,-9.9,-4.6,0.6,6.95,0.0
2025,357,2.5,-1.4,0.6,9.4,2.58,0.0
2025,358,1.6,-4.8,-1.4,0.0,7.79,0.0
2025,359,2.3,-8.2,-1.4,0.0,4.0,0.0
2025,360,0.1,-8.9,-5.8,11.9,1.41,0.0
2025,361,-2.8,-6.8,-5.7,0.0,3.27,0.0
2025,362,6.2,-6.3,0.4,20.2,2.21,0.0
2025,363,9.1,-8.6,-0.2,12.3,2.17,0.0
2025,364,-7.8,-9.2,-8.3,2.7,5.07,0.0
2025,365,-4.8,-8.6,-7.2,10.1,3.05,0.0
2026,1,-8.1,-14.7,-12.1,2.5,7.91,0.0
