year,jday,high,low,avg,precip,Hday,irrigation
2000,1,8.4,2.2,5.1,3.2,9.73,0.0
2000,2,5.4,1.4,3.2,1.5,7.7,0.0
2000,3,9.5,-0.5,4.1,0.0,11.21,0.0
2000,4,11.9,1.4,5.6,0.0,11.72,0.0
2000,5,8.1,0.0,3.7,0.0,9.36,0.0
2000,6,13.2,0.3,5.7,0.0,11.92,0.0
2000,7,11.6,1.5,6.0,0.0,11.81,0.0
2000,8,11.3,0.2,5.0,0.0,12.06,0.0
2000,9,11.3,0.7,5.9,0.0,11.53,0.0
2000,10,11.4,2.9,6.7,0.0,12.25,0.0
2000,11,13.9,2.9,8.1,0.0,11.3,0.0
2000,12,12.9,5.1,8.6,0.0,11.15,0.0
2000,13,17.9,2.6,9.1,0.0,12.14,0.0
2000,14,17.7,5.6,10.4,0.0,9.01,0.0
2000,15,16.4,7.9,10.9,0.8,2.81,0.0
2000,16,11.9,9.0,10.0,9.4,2.0,0.0
2000,17,14.2,7.6,10.5,9.6,2.56,0.0
2000,18,15.6,8.2,11.5,11.7,3.38,0.0
2000,19,17.2,6.3,11.1,0.0,11.16,0.0
2000,20,15.5,7.6,10.5,1.2,7.08,0.0
2000,21,11.7,7.2,8.9,2.9,8.6,0.0
2000,22,12.0,5.6,8.4,0.0,10.84,0.0
2000,23,11.9,5.9,8.8,12.5,2.51,0.0
2000,24,11.6,8.5,10.0,30.5,1.3,0.0
2000,25,12.9,6.9,10.0,22.4,7.56,0.0
2000,26,9.6,3.6,6.1,0.2,10.12,0.0
2000,27,11.0,1.3,5.8,0.0,11.44,0.0
2000,28,13.4,1.3,7.0,0.0,13.05,0.0
2000,29,12.7,2.9,7.4,0.0,9.53,0.0
2000,30,11.4,2.9,6.8,16.4,4.47,0.0
2000,31,10.8,4.0,7.3,1.5,11.47,0.0
2000,32,15.3,2.4,8.0,0.0,14.49,0.0
2000,33,19.4,3.6,10.1,0.0,14.86,0.0
2000,34,19.0,5.2,11.6,0.0,15.03,0.0
2000,35,13.6,7.7,10.4,0.0,10.7,0.0
2000,36,15.2,6.2,10.5,0.0,14.46,0.0
2000,37,16.8,2.6,8.8,0.0,14.42,0.0
2000,38,19.8,4.4,10.8,0.0,14.82,0.0
2000,39,18.3,7.2,12.4,0.0,13.26,0.0
2000,40,16.4,6.4,10.8,3.8,13.1,0.0
2000,41,11.7,5.6,8.4,19.5,6.96,0.0
2000,42,11.2,1.9,7.0,3.9,9.46,0.0
2000,43,8.8,1.1,5.5,25.5,13.04,0.0
2000,44,8.4,2.3,5.8,58.1,1.59,0.0
2000,45,11.1,4.3,8.2,10.2,6.29,0.0
2000,46,14.3,3.7,8.4,0.0,13.13,0.0
2000,47,9.6,3.2,7.0,26.0,7.56,0.0
2000,48,8.3,2.6,4.6,4.8,14.3,0.0
2000,49,11.6,0.1,5.6,0.0,16.37,0.0
2000,50,15.6,2.1,8.2,0.0,14.76,0.0
2000,51,14.6,7.5,10.5,4.6,8.44,0.0
2000,52,12.6,3.6,8.2,14.9,13.76,0.0
2000,53,11.1,2.8,7.2,3.6,11.83,0.0
2000,54,7.7,1.4,5.0,23.4,4.22,0.0
2000,55,6.4,-1.0,2.6,2.2,15.42,0.0
2000,56,10.3,0.2,5.1,2.1,17.69,0.0
2000,57,14.5,1.8,7.7,0.0,18.57,0.0
2000,58,9.7,3.3,6.5,25.0,7.06,0.0
2000,59,8.6,2.7,5.1,1.6,14.96,0.0
2000,60,10.2,1.6,5.2,11.2,10.28,0.0
2000,61,8.8,0.4,4.9,0.0,14.98,0.0
2000,62,11.6,0.0,5.6,4.4,14.43,0.0
2000,63,12.3,4.7,7.5,2.0,14.19,0.0
2000,64,12.8,3.1,7.8,3.2,14.3,0.0
2000,65,7.0,1.4,4.4,25.7,4.22,0.0
2000,66,7.8,-3.4,2.9,2.4,19.14,0.0
2000,67,8.8,-0.3,4.8,1.1,15.95,0.0
2000,68,6.8,3.0,4.8,17.8,8.89,0.0
2000,69,9.9,-2.7,4.5,1.0,18.39,0.0
2000,70,12.3,-0.1,6.9,0.0,20.34,0.0
2000,71,15.8,2.1,8.7,0.0,21.97,0.0
2000,72,15.5,4.4,9.6,0.0,16.79,0.0
2000,73,16.4,4.7,10.3,0.0,21.33,0.0
2000,74,17.4,5.6,11.3,0.0,19.18,0.0
2000,75,16.7,6.5,11.5,0.0,17.68,0.0
2000,76,17.9,7.5,12.3,0.3,19.7,0.0
2000,77,16.4,4.0,10.9,0.0,21.58,0.0
2000,78,17.9,5.9,12.1,0.0,22.17,0.0
2000,79,17.1,7.8,12.2,0.0,21.42,0.0
2000,80,11.6,5.2,8.1,3.9,19.79,0.0
2000,81,15.6,0.6,8.5,0.3,23.14,0.0
2000,82,17.4,3.0,10.2,0.0,22.83,0.0
2000,83,17.0,6.7,11.4,0.0,23.31,0.0
2000,84,16.9,5.0,11.3,0.3,18.11,0.0
2000,85,17.8,6.5,12.4,0.4,23.04,0.0
2000,86,18.5,6.2,12.3,0.3,22.29,0.0
2000,87,15.3,8.2,11.4,0.5,17.95,0.0
2000,88,12.6,6.5,9.2,0.0,18.45,0.0
2000,89,14.7,4.8,10.0,0.0,18.66,0.0
2000,90,16.9,6.8,11.5,1.1,22.17,0.0
2000,91,17.0,3.8,10.7,0.0,23.39,0.0
2000,92,19.8,4.8,12.3,0.0,25.85,0.0
2000,93,22.1,6.4,14.2,0.0,25.72,0.0
2000,94,24.4,7.6,16.3,0.0,25.7,0.0
2000,95,23.1,10.9,16.6,0.0,26.04,0.0
2000,96,21.4,8.0,14.8,0.0,26.02,0.0
2000,97,20.9,7.3,14.2,0.0,26.64,0.0
2000,98,21.7,6.5,14.4,0.0,26.56,0.0
2000,99,21.8,8.5,15.5,0.0,26.66,0.0
2000,100,18.0,8.1,13.5,0.0,26.21,0.0
2000,101,18.9,5.6,12.7,0.2,27.05,0.0
2000,102,23.6,7.0,15.6,0.0,26.04,0.0
2000,103,24.8,10.1,17.9,0.0,25.17,0.0
2000,104,19.6,9.1,15.1,3.0,17.69,0.0
2000,105,13.4,6.6,9.6,7.5,19.46,0.0
2000,106,15.3,5.2,10.5,0.1,19.67,0.0
2000,107,14.7,8.4,11.4,0.8,9.21,0.0
2000,108,11.4,3.3,8.5,26.8,3.62,0.0
2000,109,12.1,-0.5,6.6,1.4,25.92,0.0
2000,110,16.1,1.9,9.3,0.0,27.54,0.0
2000,111,19.6,4.7,12.5,0.3,27.71,0.0
2000,112,17.1,6.6,12.2,6.2,21.05,0.0
2000,113,16.0,9.8,12.5,0.1,22.5,0.0
2000,114,16.0,7.8,11.4,0.0,24.57,0.0
2000,115,19.8,4.3,12.8,0.0,28.54,0.0
2000,116,21.1,7.0,14.6,0.0,28.85,0.0
2000,117,24.1,8.1,17.0,0.0,28.72,0.0
2000,118,23.3,9.9,17.2,0.0,29.04,0.0
2000,119,13.5,8.3,10.4,0.0,18.74,0.0
2000,120,17.8,4.9,12.0,0.0,29.54,0.0
2000,121,23.8,7.0,16.2,0.0,29.31,0.0
2000,122,25.0,10.1,18.1,0.0,27.9,0.0
2000,123,22.1,9.6,16.9,0.0,29.04,0.0
2000,124,22.6,11.7,17.5,0.0,29.1,0.0
2000,125,23.3,10.0,18.2,0.0,29.85,0.0
2000,126,19.9,13.4,16.5,0.0,26.07,0.0
2000,127,20.2,11.3,15.8,0.0,27.3,0.0
2000,128,19.8,11.3,15.0,0.3,24.01,0.0
2000,129,20.4,12.5,15.9,1.4,25.16,0.0
2000,130,21.3,12.1,16.5,0.0,28.11,0.0
2000,131,14.8,8.1,12.2,0.0,23.22,0.0
2000,132,14.4,4.9,9.5,0.0,27.75,0.0
2000,133,20.0,5.2,13.2,0.0,29.84,0.0
2000,134,22.9,6.9,16.0,0.0,30.45,0.0
2000,135,19.4,11.5,16.1,0.0,19.11,0.0
2000,136,18.2,8.6,14.0,9.5,26.19,0.0
2000,137,12.6,5.8,8.9,13.6,22.24,0.0
2000,138,16.5,5.7,11.2,0.0,25.09,0.0
2000,139,21.3,7.1,15.5,0.0,26.63,0.0
2000,140,24.6,10.4,18.4,0.8,25.35,0.0
2000,141,27.2,12.2,20.6,0.8,28.62,0.0
2000,142,30.3,13.3,22.5,0.4,30.19,0.0
2000,143,31.0,15.2,23.7,0.8,29.12,0.0
2000,144,30.5,16.1,24.0,1.2,28.47,0.0
2000,145,28.0,15.4,22.2,0.2,25.74,0.0
2000,146,22.8,15.1,19.0,0.0,28.44,0.0
2000,147,24.1,13.3,18.9,0.0,29.86,0.0
2000,148,28.2,13.7,21.7,0.0,30.28,0.0
2000,149,28.8,17.7,23.3,0.0,29.86,0.0
2000,150,27.7,18.1,22.7,0.0,31.35,0.0
2000,151,24.8,17.0,20.5,0.0,31.62,0.0
2000,152,24.4,11.3,19.0,0.0,31.71,0.0
2000,153,26.3,11.8,20.0,0.0,32.13,0.0
2000,154,28.4,11.5,20.7,0.0,32.24,0.0
2000,155,28.4,12.9,21.5,0.0,31.79,0.0
2000,156,29.2,14.1,22.6,0.0,31.32,0.0
2000,157,25.6,17.0,21.2,0.0,32.0,0.0
2000,158,25.4,12.4,20.0,0.0,31.64,0.0
2000,159,25.3,14.8,20.0,0.0,30.73,0.0
2000,160,16.0,10.1,13.4,9.4,22.61,0.0
2000,161,19.5,7.8,13.8,0.0,29.31,0.0
2000,162,21.3,8.5,15.7,0.0,30.95,0.0
2000,163,23.8,10.2,17.9,0.0,31.48,0.0
2000,164,25.8,13.8,20.2,0.0,29.68,0.0
2000,165,30.7,14.6,23.9,0.0,30.73,0.0
2000,166,34.5,16.6,26.7,0.0,31.59,0.0
2000,167,33.4,18.7,26.7,0.0,28.95,0.0
2000,168,31.6,19.5,26.1,0.0,28.9,0.0
2000,169,31.6,18.2,25.7,0.6,29.53,0.0
2000,170,28.5,17.4,23.5,0.0,30.06,0.0
2000,171,27.5,16.5,22.4,0.6,29.08,0.0
2000,172,30.2,16.5,24.2,1.9,30.2,0.0
2000,173,30.9,17.5,25.1,2.3,28.2,0.0
2000,174,30.9,18.7,25.2,0.4,27.6,0.0
2000,175,30.6,16.9,24.7,0.0,30.33,0.0
2000,176,30.0,16.2,23.9,0.2,30.06,0.0
2000,177,29.6,16.8,23.8,1.3,29.75,0.0
2000,178,30.2,16.8,24.1,2.8,28.91,0.0
2000,179,31.1,17.3,24.9,1.9,29.6,0.0
2000,180,31.1,18.0,25.3,2.0,30.04,0.0
2000,181,31.6,17.5,25.2,0.0,29.99,0.0
2000,182,29.7,17.4,24.2,0.0,30.77,0.0
2000,183,28.5,16.6,22.8,0.0,31.96,0.0
2000,184,27.5,16.2,21.9,0.0,31.87,0.0
2000,185,24.4,16.0,19.9,0.0,31.97,0.0
2000,186,24.3,12.9,19.2,0.0,31.69,0.0
2000,187,24.6,15.5,19.8,0.0,31.45,0.0
2000,188,25.4,13.9,19.8,0.0,31.44,0.0
2000,189,26.0,12.9,20.4,0.0,31.56,0.0
2000,190,25.8,13.3,20.4,0.0,30.79,0.0
2000,191,27.2,13.3,21.2,0.0,31.5,0.0
2000,192,27.8,13.8,21.7,0.0,31.28,0.0
2000,193,29.6,14.5,23.0,0.0,31.25,0.0
2000,194,29.8,15.5,23.4,0.0,31.4,0.0
2000,195,30.0,15.1,23.5,0.0,31.18,0.0
2000,196,30.7,15.8,23.9,0.0,31.03,0.0
2000,197,30.1,18.1,24.4,0.0,28.61,0.0
2000,198,28.5,17.3,23.1,0.0,29.43,0.0
2000,199,30.0,17.3,23.4,0.0,31.23,0.0
2000,200,31.8,17.7,24.8,0.0,31.5,0.0
2000,201,31.5,17.5,24.7,0.0,31.44,0.0
2000,202,31.5,15.5,24.4,0.0,31.14,0.0
2000,203,32.3,16.4,25.1,0.0,31.05,0.0
2000,204,32.1,16.3,25.2,0.0,30.95,0.0
2000,205,32.1,17.6,25.8,0.0,27.13,0.0
2000,206,32.9,19.8,26.5,0.0,29.03,0.0
2000,207,32.0,19.6,26.0,0.0,29.56,0.0
2000,208,30.6,18.6,24.9,0.0,30.18,0.0
2000,209,31.1,15.8,24.2,0.0,30.46,0.0
2000,210,32.3,17.3,25.5,0.0,29.75,0.0
2000,211,33.2,17.5,26.1,0.0,28.83,0.0
2000,212,33.5,20.1,27.3,0.2,27.1,0.0
2000,213,33.9,20.4,27.8,0.6,25.87,0.0
2000,214,34.1,21.0,27.9,3.9,25.09,0.0
2000,215,33.9,21.2,27.7,3.0,25.74,0.0
2000,216,32.3,20.6,27.1,1.9,25.6,0.0
2000,217,32.0,19.1,26.1,0.0,26.75,0.0
2000,218,31.6,18.5,25.6,0.0,28.85,0.0
2000,219,30.8,18.2,25.1,0.0,28.87,0.0
2000,220,29.7,18.5,24.2,0.0,29.1,0.0
2000,221,29.6,16.0,23.4,0.0,29.39,0.0
2000,222,31.9,16.1,24.7,0.0,29.21,0.0
2000,223,30.5,19.7,24.6,0.0,29.2,0.0
2000,224,30.9,15.0,23.9,0.0,29.17,0.0
2000,225,32.2,18.2,25.5,0.0,28.79,0.0
2000,226,32.3,18.2,25.5,0.0,28.76,0.0
2000,227,32.2,18.0,25.5,0.0,27.1,0.0
2000,228,33.5,19.9,26.6,0.0,27.48,0.0
2000,229,33.4,18.7,26.3,0.0,26.58,0.0
2000,230,32.8,19.5,26.2,0.0,27.54,0.0
2000,231,31.4,17.3,24.6,0.0,28.66,0.0
2000,232,29.9,15.2,22.8,0.0,28.73,0.0
2000,233,27.8,14.1,21.6,0.0,28.19,0.0
2000,234,28.3,14.5,22.1,0.0,28.03,0.0
2000,235,30.3,14.7,23.0,0.0,27.96,0.0
2000,236,29.8,16.3,23.4,0.0,27.19,0.0
2000,237,31.0,16.5,24.2,0.0,24.69,0.0
2000,238,29.9,18.6,24.6,2.5,20.32,0.0
2000,239,30.7,18.4,24.8,0.0,22.63,0.0
2000,240,31.3,18.2,24.9,0.2,24.73,0.0
2000,241,28.6,18.7,24.3,3.0,19.66,0.0
2000,242,23.2,18.4,20.6,20.0,9.51,0.0
2000,243,23.9,16.9,20.0,1.7,21.72,0.0
2000,244,22.2,13.6,18.0,3.0,23.18,0.0
2000,245,18.9,12.8,15.6,4.6,20.23,0.0
2000,246,20.7,12.2,16.1,0.0,22.25,0.0
2000,247,21.6,12.0,16.7,0.0,24.08,0.0
2000,248,22.0,11.0,16.5,0.0,25.8,0.0
2000,249,22.3,9.4,16.2,0.0,26.05,0.0
2000,250,25.8,9.6,18.0,0.0,26.0,0.0
2000,251,28.9,11.7,20.7,0.0,24.14,0.0
2000,252,28.5,15.5,21.8,0.0,25.04,0.0
2000,253,27.6,12.4,20.3,0.0,25.39,0.0
2000,254,28.2,13.0,21.0,0.0,25.28,0.0
2000,255,29.9,13.1,21.9,0.0,25.0,0.0
2000,256,31.7,15.4,23.6,0.0,20.66,0.0
2000,257,34.2,17.7,25.6,0.0,21.72,0.0
2000,258,29.5,17.8,23.6,0.0,23.72,0.0
2000,259,28.4,15.5,22.0,0.0,23.75,0.0
2000,260,31.2,15.2,23.3,0.0,23.64,0.0
2000,261,32.6,17.4,25.0,0.0,23.74,0.0
2000,262,33.0,16.5,24.9,0.0,23.38,0.0
2000,263,32.7,16.4,24.8,0.0,23.1,0.0
2000,264,32.9,17.5,25.2,0.0,22.67,0.0
2000,265,26.2,16.8,22.1,0.0,22.58,0.0
2000,266,19.1,13.4,15.8,1.3,17.87,0.0
2000,267,20.3,12.1,16.2,0.9,18.58,0.0
2000,268,24.9,11.1,18.3,0.0,22.19,0.0
2000,269,26.6,12.0,19.4,0.0,22.31,0.0
2000,270,27.2,12.1,19.7,0.0,22.16,0.0
2000,271,26.8,12.5,19.4,0.0,21.76,0.0
2000,272,23.7,13.4,18.1,0.0,21.29,0.0
2000,273,24.2,11.2,18.0,0.0,21.37,0.0
2000,274,28.8,13.1,21.0,0.0,21.27,0.0
2000,275,30.0,14.6,21.9,0.0,20.94,0.0
2000,276,28.2,15.6,21.7,0.0,20.82,0.0
2000,277,26.9,14.6,20.6,0.0,20.15,0.0
2000,278,25.1,12.6,18.8,0.0,19.73,0.0
2000,279,26.3,12.7,19.6,0.5,19.52,0.0
2000,280,27.3,13.2,19.9,0.2,19.54,0.0
2000,281,24.3,12.6,18.5,0.8,18.49,0.0
2000,282,24.1,11.5,18.1,0.3,18.9,0.0
2000,283,23.2,12.3,17.6,1.5,17.7,0.0
2000,284,12.8,7.4,9.6,21.8,11.86,0.0
2000,285,12.8,7.0,9.7,4.1,15.13,0.0
2000,286,13.3,7.2,10.0,1.9,14.89,0.0
2000,287,16.2,5.6,10.9,0.0,17.4,0.0
2000,288,18.9,6.7,12.7,0.0,17.43,0.0
2000,289,19.8,7.9,13.6,0.0,15.87,0.0
2000,290,21.6,8.1,14.8,0.0,18.25,0.0
2000,291,23.3,8.9,16.1,0.0,18.13,0.0
2000,292,22.0,10.7,16.0,0.0,15.25,0.0
2000,293,21.7,9.6,15.5,0.0,17.48,0.0
2000,294,23.3,10.6,16.5,0.0,16.72,0.0
2000,295,15.0,9.1,12.8,1.4,12.64,0.0
2000,296,17.6,5.8,11.4,0.0,17.28,0.0
2000,297,18.8,7.8,13.1,0.0,14.78,0.0
2000,298,18.9,7.5,13.1,0.0,16.68,0.0
2000,299,17.9,9.7,13.3,0.0,15.9,0.0
2000,300,13.7,7.8,10.9,5.7,11.48,0.0
2000,301,13.9,6.8,10.1,4.1,12.71,0.0
2000,302,15.6,5.6,10.9,0.3,14.37,0.0
2000,303,11.9,5.2,9.4,21.3,3.54,0.0
2000,304,9.8,3.2,6.4,1.5,12.79,0.0
2000,305,10.5,1.9,6.1,0.0,11.61,0.0
2000,306,13.8,1.5,7.5,0.0,14.57,0.0
2000,307,14.8,3.2,9.0,0.0,15.23,0.0
2000,308,15.7,4.1,9.3,0.9,12.81,0.0
2000,309,16.0,4.9,9.9,0.5,15.14,0.0
2000,310,14.6,4.8,9.6,0.0,14.09,0.0
2000,311,11.4,6.6,8.9,2.5,9.79,0.0
2000,312,14.3,3.7,8.6,0.4,13.6,0.0
2000,313,14.6,4.0,9.0,0.0,14.35,0.0
2000,314,8.9,4.5,6.5,4.4,11.02,0.0
2000,315,7.0,2.9,4.6,2.6,13.07,0.0
2000,316,6.5,0.2,3.6,2.2,12.98,0.0
2000,317,8.9,-1.3,3.4,0.1,14.05,0.0
2000,318,11.7,0.3,5.8,0.0,14.19,0.0
2000,319,6.8,1.0,4.1,2.2,11.67,0.0
2000,320,7.0,-1.3,2.8,0.0,12.82,0.0
2000,321,9.3,0.2,4.4,0.0,13.06,0.0
2000,322,10.9,-0.2,4.3,0.0,13.82,0.0
2000,323,13.8,0.4,6.5,0.0,13.61,0.0
2000,324,15.9,2.0,7.9,0.0,12.77,0.0
2000,325,18.2,2.6,9.3,0.0,12.34,0.0
2000,326,16.7,5.5,10.2,0.0,11.63,0.0
2000,327,8.6,3.3,6.3,0.6,9.23,0.0
2000,328,13.0,1.5,7.0,0.0,12.16,0.0
2000,329,12.9,2.9,7.2,0.0,11.82,0.0
2000,330,15.5,3.2,8.8,0.0,12.34,0.0
2000,331,14.7,3.3,9.0,0.0,11.08,0.0
2000,332,15.0,4.0,9.6,0.0,11.4,0.0
2000,333,17.3,4.1,10.2,0.0,12.15,0.0
2000,334,15.6,6.7,10.5,0.0,11.53,0.0
2000,335,13.7,3.4,8.5,0.0,10.36,0.0
2000,336,14.1,4.4,8.9,0.0,6.69,0.0
2000,337,15.5,5.2,10.2,0.0,11.9,0.0
2000,338,18.0,4.2,9.7,0.0,11.96,0.0
2000,339,17.8,5.3,10.5,0.0,10.92,0.0
2000,340,18.3,6.9,11.6,0.0,10.9,0.0
2000,341,18.3,5.8,11.2,0.0,9.93,0.0
2000,342,15.4,7.8,11.2,0.0,8.09,0.0
2000,343,13.3,4.7,8.5,0.0,10.17,0.0
2000,344,13.2,4.3,8.4,0.0,9.81,0.0
2000,345,11.1,6.4,8.6,0.6,8.74,0.0
2000,346,10.8,4.3,7.4,0.3,6.4,0.0
2000,347,8.2,1.6,5.5,9.2,10.04,0.0
2000,348,9.3,1.4,5.0,0.0,10.48,0.0
2000,349,10.5,2.2,5.9,0.0,9.65,0.0
2000,350,10.9,4.6,7.6,0.4,9.34,0.0
2000,351,14.6,4.0,8.6,0.2,8.78,0.0
2000,352,14.6,3.1,8.0,0.0,11.47,0.0
2000,353,16.8,3.6,8.9,0.0,11.29,0.0
2000,354,17.1,4.7,9.6,0.0,10.93,0.0
2000,355,15.5,3.1,9.1,0.0,11.01,0.0
2000,356,18.0,4.8,10.0,0.0,11.3,0.0
2000,357,13.0,2.1,7.3,0.0,10.79,0.0
2000,358,12.8,2.4,7.4,0.0,9.96,0.0
2000,359,10.4,3.9,7.5,0.0,9.79,0.0
2000,360,13.3,1.4,6.6,0.0,11.06,0.0
2000,361,15.4,2.5,7.6,0.0,11.56,0.0
2000,362,15.3,2.8,8.1,0.0,10.61,0.0
2000,363,15.9,2.2,8.4,0.0,11.55,0.0
2000,364,17.7,3.5,9.6,0.0,11.13,0.0
2000,365,16.6,4.3,9.6,0.0,11.4,0.0
2000,366,15.6,3.2,8.9,0.0,9.32,0.0
2001,1,16.4,3.9,9.2,0.0,11.7,0.0
2001,2,17.7,3.1,8.7,0.0,11.88,0.0
2001,3,17.8,3.5,9.2,0.0,11.85,0.0
2001,4,17.9,3.8,9.9,0.0,11.83,0.0
2001,5,17.4,4.2,10.1,0.0,10.56,0.0
2001,6,16.4,4.1,9.8,0.0,11.96,0.0
2001,7,17.0,4.6,9.7,0.0,10.4,0.0
2001,8,9.4,5.5,7.5,5.1,3.78,0.0
2001,9,10.5,3.8,6.4,2.1,8.92,0.0
2001,10,12.0,1.0,6.0,12.4,5.8,0.0
2001,11,6.3,-2.5,3.1,25.5,9.89,0.0
2001,12,6.5,-1.7,3.4,2.7,8.75,0.0
2001,13,7.9,-2.4,3.3,0.0,10.95,0.0
2001,14,6.7,-1.2,3.2,1.6,10.21,0.0
2001,15,4.1,-2.0,2.0,9.7,7.34,0.0
2001,16,4.7,-10.0,-2.8,0.4,12.64,0.0
2001,17,7.1,-6.2,-0.7,0.6,13.17,0.0
2001,18,9.0,-5.1,2.2,0.0,13.18,0.0
2001,19,10.4,-1.2,4.7,0.0,10.3,0.0
2001,20,15.5,-1.6,5.8,0.0,13.55,0.0
2001,21,15.1,-0.0,6.5,0.0,11.54,0.0
2001,22,13.3,3.1,7.4,0.0,12.54,0.0
2001,23,13.9,1.0,6.9,0.0,13.18,0.0
2001,24,8.5,1.3,4.6,31.6,5.81,0.0
2001,25,6.4,-3.9,2.0,0.6,10.59,0.0
2001,26,4.6,1.5,3.1,16.2,8.33,0.0
2001,27,4.9,-2.4,1.8,2.1,10.47,0.0
2001,28,7.4,-5.9,0.4,0.0,14.12,0.0
2001,29,7.2,-3.8,1.8,0.0,12.66,0.0
2001,30,7.5,-3.4,2.2,0.1,12.14,0.0
2001,31,9.7,-1.0,3.8,0.0,14.6,0.0
2001,32,12.3,-2.3,4.5,0.0,14.97,0.0
2001,33,14.3,0.9,7.5,0.0,14.57,0.0
2001,34,15.8,3.5,8.9,0.0,14.94,0.0
2001,35,19.3,4.4,11.0,0.0,15.22,0.0
2001,36,17.8,6.8,11.3,0.0,15.31,0.0
2001,37,11.7,3.5,7.3,1.6,12.97,0.0
2001,38,3.4,-2.8,0.7,9.2,11.31,0.0
2001,39,7.1,-7.3,0.0,0.0,16.62,0.0
2001,40,8.2,-2.4,3.2,3.8,9.91,0.0
2001,41,6.2,-0.7,3.3,18.3,12.74,0.0
2001,42,5.2,-1.4,2.0,24.2,4.04,0.0
2001,43,7.0,0.4,3.7,5.8,13.69,0.0
2001,44,6.1,1.8,3.7,16.0,6.79,0.0
2001,45,5.4,2.1,3.9,2.6,15.23,0.0
2001,46,7.6,-1.8,4.0,0.0,15.67,0.0
2001,47,10.0,-1.2,4.4,0.0,17.42,0.0
2001,48,14.0,-1.2,5.7,0.0,12.59,0.0
2001,49,10.4,4.9,7.3,1.4,10.76,0.0
2001,50,9.8,-0.3,4.9,11.7,5.77,0.0
2001,51,10.0,-0.7,4.7,0.6,12.83,0.0
2001,52,12.3,0.7,6.0,0.0,13.64,0.0
2001,53,8.9,0.9,4.8,6.0,12.64,0.0
2001,54,5.9,-1.7,2.2,0.8,13.26,0.0
2001,55,6.2,1.3,3.3,24.3,2.17,0.0
2001,56,9.2,0.7,4.9,1.2,12.8,0.0
2001,57,8.9,2.4,6.3,8.0,9.67,0.0
2001,58,11.3,1.2,5.3,4.1,16.3,0.0
2001,59,9.8,0.5,4.6,12.0,12.33,0.0
2001,60,10.6,-1.9,4.7,0.0,19.49,0.0
2001,61,9.3,1.8,5.9,1.7,13.38,0.0
2001,62,12.8,-0.9,5.9,0.0,18.1,0.0
2001,63,13.3,5.3,8.5,4.3,6.85,0.0
2001,64,14.0,6.1,9.3,8.2,10.52,0.0
2001,65,11.7,5.5,8.6,4.0,9.42,0.0
2001,66,14.2,3.0,8.5,0.0,17.07,0.0
2001,67,14.8,4.3,9.5,0.0,17.72,0.0
2001,68,9.4,3.9,6.8,9.7,11.31,0.0
2001,69,9.1,1.9,5.2,2.8,15.52,0.0
2001,70,11.2,1.2,6.1,0.4,16.57,0.0
2001,71,14.1,1.4,7.4,1.6,20.33,0.0
2001,72,15.8,2.3,8.8,0.0,22.34,0.0
2001,73,15.7,3.7,9.7,0.0,21.29,0.0
2001,74,15.1,5.2,10.2,0.1,17.11,0.0
2001,75,13.5,7.2,9.7,0.0,18.77,0.0
2001,76,15.6,4.1,9.9,0.0,20.83,0.0
2001,77,20.1,6.1,13.0,0.0,22.45,0.0
2001,78,22.5,7.5,14.9,0.4,22.52,0.0
2001,79,22.5,10.3,16.1,0.0,20.41,0.0
2001,80,20.7,9.1,14.9,0.0,17.84,0.0
2001,81,17.4,8.4,13.1,0.0,16.59,0.0
2001,82,18.4,8.3,13.1,0.5,18.93,0.0
2001,83,18.9,8.1,13.3,0.0,20.12,0.0
2001,84,15.3,9.8,12.2,1.4,16.17,0.0
2001,85,17.2,6.6,11.7,0.3,23.13,0.0
2001,86,18.2,5.4,12.1,0.0,24.24,0.0
2001,87,18.7,8.0,13.3,0.0,23.57,0.0
2001,88,17.6,10.1,14.0,0.0,19.26,0.0
2001,89,20.6,7.2,14.1,0.0,24.24,0.0
2001,90,21.3,8.4,15.0,0.0,24.33,0.0
2001,91,19.9,8.4,14.8,0.0,25.03,0.0
2001,92,13.0,6.7,9.8,0.0,19.14,0.0
2001,93,10.4,3.9,6.9,0.0,20.89,0.0
2001,94,10.9,5.0,7.5,0.2,19.2,0.0
2001,95,10.0,3.3,6.6,7.4,16.85,0.0
2001,96,11.9,1.1,6.8,5.1,20.42,0.0
2001,97,6.2,1.6,4.6,45.9,11.41,0.0
2001,98,6.3,-5.0,1.7,3.9,22.38,0.0
2001,99,5.4,-1.8,1.9,8.8,18.89,0.0
2001,100,9.6,-4.6,3.6,0.3,23.61,0.0
2001,101,9.6,3.3,6.1,3.5,19.14,0.0
2001,102,10.7,2.9,7.1,0.0,19.3,0.0
2001,103,13.7,1.5,8.0,0.0,22.22,0.0
2001,104,15.2,0.6,8.7,0.0,25.99,0.0
2001,105,17.8,3.3,10.8,0.0,27.33,0.0
2001,106,21.0,5.0,13.3,0.0,28.2,0.0
2001,107,19.5,4.7,12.9,0.0,27.22,0.0
2001,108,19.4,6.4,13.2,0.0,26.52,0.0
2001,109,12.7,4.8,8.8,13.2,15.69,0.0
2001,110,11.5,3.1,7.0,15.8,18.4,0.0
2001,111,7.5,-0.2,3.8,9.8,19.65,0.0
2001,112,14.8,-1.6,7.0,0.0,28.75,0.0
2001,113,19.7,3.8,12.1,0.0,28.13,0.0
2001,114,23.0,6.6,15.1,0.1,28.13,0.0
2001,115,25.2,8.8,17.7,0.2,28.22,0.0
2001,116,24.3,10.4,17.8,0.0,25.53,0.0
2001,117,22.5,9.5,16.5,0.0,28.49,0.0
2001,118,17.7,9.5,13.6,0.0,25.03,0.0
2001,119,19.6,6.5,13.8,0.0,29.06,0.0
2001,120,23.4,8.8,16.7,0.0,28.72,0.0
2001,121,22.5,10.1,17.1,0.0,29.33,0.0
2001,122,18.1,11.1,14.7,0.0,29.52,0.0
2001,123,19.3,6.6,13.6,0.0,30.45,0.0
2001,124,21.2,6.4,14.4,0.0,29.49,0.0
2001,125,22.4,8.1,16.0,0.0,28.94,0.0
2001,126,24.9,9.9,18.1,0.0,28.57,0.0
2001,127,27.9,12.0,20.6,1.4,28.72,0.0
2001,128,28.8,13.6,22.1,1.3,27.32,0.0
2001,129,28.8,13.5,21.8,0.0,29.66,0.0
2001,130,28.4,12.3,21.2,0.0,28.99,0.0
2001,131,29.3,13.5,22.1,0.0,29.75,0.0
2001,132,24.4,14.7,19.8,0.1,14.61,0.0
2001,133,22.6,11.5,17.7,2.6,23.52,0.0
2001,134,24.0,10.8,18.0,0.0,29.77,0.0
2001,135,23.7,12.8,18.9,0.0,27.11,0.0
2001,136,23.8,14.4,19.4,0.0,28.0,0.0
2001,137,25.2,13.0,19.8,0.0,26.99,0.0
2001,138,24.3,12.4,19.3,0.0,24.84,0.0
2001,139,26.9,12.9,20.4,2.7,28.76,0.0
2001,140,28.6,13.0,21.7,0.0,30.74,0.0
2001,141,30.6,14.5,23.3,0.2,28.65,0.0
2001,142,30.6,15.9,24.1,0.6,25.84,0.0
2001,143,31.1,15.4,23.9,0.1,29.99,0.0
2001,144,29.7,15.2,23.1,0.0,29.35,0.0
2001,145,28.3,14.2,22.0,0.0,30.43,0.0
2001,146,28.1,14.1,21.7,0.0,31.49,0.0
2001,147,26.0,14.0,20.3,0.0,30.52,0.0
2001,148,22.7,14.8,18.6,0.0,29.92,0.0
2001,149,26.9,11.7,20.0,0.0,30.13,0.0
2001,150,31.4,14.0,23.8,0.0,30.86,0.0
2001,151,34.0,16.5,26.2,0.0,30.56,0.0
2001,152,32.4,18.3,25.8,0.0,31.21,0.0
2001,153,25.7,17.7,22.0,0.0,31.47,0.0
2001,154,22.7,12.7,18.0,0.0,31.8,0.0
2001,155,23.6,10.1,18.1,0.0,31.83,0.0
2001,156,25.5,11.8,19.1,0.0,31.26,0.0
2001,157,26.8,13.7,20.8,0.0,29.74,0.0
2001,158,29.4,14.3,22.8,0.0,30.19,0.0
2001,159,30.2,14.8,23.4,0.0,31.34,0.0
2001,160,27.5,15.1,21.9,0.0,31.98,0.0
2001,161,26.8,15.0,21.4,0.0,31.36,0.0
2001,162,25.1,14.1,20.0,0.0,31.67,0.0
2001,163,23.5,15.5,19.3,0.0,31.3,0.0
2001,164,24.7,12.4,19.4,0.0,32.1,0.0
2001,165,28.7,12.6,21.5,0.0,31.96,0.0
2001,166,30.6,15.1,23.5,0.0,31.92,0.0
2001,167,31.8,15.0,24.6,0.0,31.72,0.0
2001,168,32.1,17.4,25.1,0.0,32.22,0.0
2001,169,31.4,15.2,24.4,0.0,32.08,0.0
2001,170,31.9,17.1,24.9,0.0,32.27,0.0
2001,171,32.9,16.5,25.6,0.0,31.76,0.0
2001,172,33.5,17.1,26.3,0.0,30.57,0.0
2001,173,33.0,18.7,26.8,0.2,28.92,0.0
2001,174,31.8,18.2,25.9,0.0,30.83,0.0
2001,175,28.8,18.5,23.5,0.0,31.74,0.0
2001,176,26.6,14.4,21.1,0.0,31.82,0.0
2001,177,26.6,16.6,21.5,0.0,29.98,0.0
2001,178,28.0,17.8,22.6,0.0,31.49,0.0
2001,179,28.4,17.4,22.4,0.0,31.58,0.0
2001,180,30.0,14.6,23.3,0.0,31.67,0.0
2001,181,32.6,15.5,25.2,0.0,31.44,0.0
2001,182,33.7,17.9,26.6,0.0,28.95,0.0
2001,183,34.5,19.3,27.7,0.1,25.78,0.0
2001,184,36.8,20.8,29.3,1.0,25.99,0.0
2001,185,33.4,23.0,28.5,5.1,24.81,0.0
2001,186,32.7,20.9,27.1,1.5,24.38,0.0
2001,187,26.8,20.6,23.2,17.1,13.78,0.0
2001,188,27.1,18.7,22.8,6.9,22.38,0.0
2001,189,28.3,17.8,23.5,3.4,24.32,0.0
2001,190,28.5,16.7,23.7,2.5,27.36,0.0
2001,191,28.4,16.9,23.4,0.6,28.37,0.0
2001,192,27.4,16.1,22.5,0.0,30.38,0.0
2001,193,27.6,14.9,22.1,0.0,31.25,0.0
2001,194,29.4,14.9,23.1,0.0,31.18,0.0
2001,195,28.9,17.0,23.1,0.0,31.37,0.0
2001,196,27.1,14.5,21.5,0.0,31.23,0.0
2001,197,24.7,15.4,20.1,0.0,31.22,0.0
2001,198,25.8,15.4,20.6,0.0,30.47,0.0
2001,199,26.7,13.7,21.0,0.0,30.43,0.0
2001,200,27.9,14.2,21.7,0.0,30.83,0.0
2001,201,27.5,13.7,21.4,0.0,30.86,0.0
2001,202,27.5,14.6,21.5,0.0,30.83,0.0
2001,203,28.0,13.7,21.9,0.0,31.04,0.0
2001,204,28.3,14.3,22.1,0.0,30.88,0.0
2001,205,28.7,14.8,22.7,2.5,28.09,0.0
2001,206,30.5,15.6,23.7,0.9,29.3,0.0
2001,207,31.9,17.7,25.4,0.6,28.51,0.0
2001,208,34.9,18.4,27.2,0.0,30.55,0.0
2001,209,34.0,19.1,26.9,0.0,30.53,0.0
2001,210,32.6,18.1,25.8,0.0,30.78,0.0
2001,211,26.9,18.1,22.1,0.0,30.11,0.0
2001,212,27.6,15.2,21.9,0.0,29.4,0.0
2001,213,30.1,16.3,24.0,0.0,29.75,0.0
2001,214,32.1,17.1,25.2,0.0,29.54,0.0
2001,215,30.6,18.5,24.9,0.0,29.3,0.0
2001,216,29.7,17.6,23.6,0.0,30.11,0.0
2001,217,31.1,15.5,24.0,0.0,29.79,0.0
2001,218,32.3,17.6,25.3,0.3,25.92,0.0
2001,219,34.4,18.9,27.2,0.0,27.84,0.0
2001,220,35.2,20.7,28.5,0.0,26.95,0.0
2001,221,32.5,19.6,26.8,0.2,26.48,0.0
2001,222,31.3,19.3,25.6,0.0,26.94,0.0
2001,223,31.7,18.6,25.5,0.0,27.51,0.0
2001,224,31.8,19.3,25.9,0.0,27.98,0.0
2001,225,31.5,17.5,24.9,0.0,28.65,0.0
2001,226,32.5,16.8,25.2,0.0,28.7,0.0
2001,227,33.0,17.5,26.0,0.0,27.84,0.0
2001,228,34.8,19.2,27.2,0.0,28.42,0.0
2001,229,35.8,20.9,28.4,0.0,27.75,0.0
2001,230,35.4,19.9,27.9,0.0,26.95,0.0
2001,231,33.8,21.3,27.6,0.0,26.07,0.0
2001,232,30.6,19.6,25.2,0.0,27.92,0.0
2001,233,26.9,18.6,22.4,0.0,27.83,0.0
2001,234,26.2,16.0,20.8,0.0,27.47,0.0
2001,235,26.3,13.8,20.5,0.0,27.46,0.0
2001,236,27.4,15.0,21.6,0.0,26.89,0.0
2001,237,31.7,16.1,24.5,0.0,26.96,0.0
2001,238,34.1,18.0,26.5,0.0,26.58,0.0
2001,239,33.6,20.1,26.9,0.0,26.77,0.0
2001,240,33.0,18.8,26.2,0.0,25.14,0.0
2001,241,30.9,19.0,25.1,0.0,24.76,0.0
2001,242,28.0,17.9,22.7,0.0,25.56,0.0
2001,243,28.1,15.8,22.2,0.3,25.34,0.0
2001,244,30.1,15.9,23.4,0.0,25.99,0.0
2001,245,31.5,17.3,24.6,0.0,23.27,0.0
2001,246,29.0,17.6,23.5,6.1,20.33,0.0
2001,247,30.7,17.8,24.3,0.0,23.97,0.0
2001,248,29.3,17.5,23.4,0.0,25.34,0.0
2001,249,27.1,14.1,21.2,0.0,25.71,0.0
2001,250,28.2,14.7,21.7,0.0,24.99,0.0
2001,251,29.1,14.8,22.6,0.0,25.1,0.0
2001,252,29.0,15.2,22.6,0.0,24.81,0.0
2001,253,28.5,15.5,22.0,0.0,23.35,0.0
2001,254,26.8,17.4,21.6,0.0,19.44,0.0
2001,255,25.8,14.5,20.3,0.0,24.33,0.0
2001,256,26.6,13.3,20.4,0.0,24.42,0.0
2001,257,29.1,13.5,21.6,0.0,24.25,0.0
2001,258,29.2,14.9,22.2,0.0,24.29,0.0
2001,259,27.3,14.6,21.0,0.0,23.77,0.0
2001,260,26.9,13.7,20.7,0.0,23.57,0.0
2001,261,28.2,14.2,21.5,0.0,23.28,0.0
2001,262,28.4,14.5,21.7,0.0,23.09,0.0
2001,263,29.5,15.0,22.3,0.0,22.96,0.0
2001,264,27.9,14.5,21.6,0.0,22.83,0.0
2001,265,29.3,14.4,22.1,0.0,21.83,0.0
2001,266,29.8,15.7,22.7,0.0,20.91,0.0
2001,267,31.2,15.7,23.4,0.0,21.18,0.0
2001,268,27.7,18.1,22.6,0.3,21.31,0.0
2001,269,26.5,13.3,20.1,0.0,21.96,0.0
2001,270,27.9,15.1,21.1,0.0,21.61,0.0
2001,271,24.7,16.2,20.1,0.0,21.56,0.0
2001,272,26.7,11.8,19.7,0.0,21.45,0.0
2001,273,32.8,14.2,23.2,0.0,20.66,0.0
2001,274,31.4,16.1,23.8,0.3,18.5,0.0
2001,275,30.0,15.9,23.2,0.0,19.35,0.0
2001,276,29.9,15.6,22.6,0.0,20.49,0.0
2001,277,27.8,16.5,21.6,0.0,20.22,0.0
2001,278,23.2,15.7,18.8,0.0,19.18,0.0
2001,279,20.6,13.5,16.7,0.5,17.02,0.0
2001,280,21.8,10.5,16.6,0.5,18.3,0.0
2001,281,21.9,12.7,16.9,0.0,18.97,0.0
2001,282,21.5,12.8,16.7,0.0,19.63,0.0
2001,283,23.3,9.9,16.7,0.0,18.57,0.0
2001,284,22.9,11.1,16.9,0.0,18.22,0.0
2001,285,24.5,10.3,17.4,0.0,18.87,0.0
2001,286,26.2,10.8,18.6,0.0,18.97,0.0
2001,287,28.3,12.4,19.9,0.0,18.5,0.0
2001,288,29.5,13.9,20.9,0.0,17.2,0.0
2001,289,28.3,16.5,21.7,0.0,16.94,0.0
2001,290,24.9,15.5,19.7,0.0,16.88,0.0
2001,291,24.7,11.6,18.3,0.0,17.83,0.0
2001,292,25.4,12.1,18.5,0.0,15.04,0.0
2001,293,24.6,12.0,18.3,0.0,16.21,0.0
2001,294,23.8,14.6,18.4,0.0,14.15,0.0
2001,295,20.7,10.3,15.4,0.0,17.05,0.0
2001,296,20.3,10.1,14.8,0.0,16.98,0.0
2001,297,22.2,9.4,15.8,0.0,16.24,0.0
2001,298,24.7,10.7,17.5,0.0,16.66,0.0
2001,299,26.1,11.1,18.2,0.0,16.46,0.0
2001,300,24.4,12.5,18.1,0.0,13.54,0.0
2001,301,20.8,12.6,16.1,0.0,15.57,0.0
2001,302,20.7,9.8,15.1,0.0,11.88,0.0
2001,303,17.6,12.1,14.9,8.8,2.83,0.0
2001,304,15.3,8.7,11.9,0.0,11.49,0.0
2001,305,18.0,6.8,12.2,0.0,13.98,0.0
2001,306,19.1,7.9,13.2,0.0,13.78,0.0
2001,307,21.7,8.2,14.2,0.0,14.98,0.0
2001,308,20.5,10.1,14.8,0.0,8.82,0.0
2001,309,20.6,9.2,14.7,0.0,13.01,0.0
2001,310,21.8,10.0,15.5,0.0,14.59,0.0
2001,311,19.8,10.3,14.4,0.0,14.66,0.0
2001,312,21.7,8.1,14.0,0.0,14.57,0.0
2001,313,21.8,7.4,13.7,0.0,14.43,0.0
2001,314,22.1,8.0,14.7,0.0,14.1,0.0
2001,315,18.3,10.7,14.1,0.4,7.61,0.0
2001,316,18.7,6.6,11.7,19.5,10.26,0.0
2001,317,12.4,4.2,8.2,0.0,12.23,0.0
2001,318,15.4,4.3,9.3,0.0,13.37,0.0
2001,319,18.2,6.2,11.5,0.0,13.45,0.0
2001,320,18.8,6.6,12.0,0.0,12.97,0.0
2001,321,18.0,6.6,11.4,0.0,12.47,0.0
2001,322,16.8,4.9,10.0,0.0,12.61,0.0
2001,323,19.2,5.5,11.8,0.0,12.83,0.0
2001,324,17.3,7.0,11.8,0.0,7.38,0.0
2001,325,17.1,7.1,12.1,0.4,10.24,0.0
2001,326,13.0,8.5,11.0,3.2,6.91,0.0
2001,327,11.7,4.5,8.8,0.0,10.17,0.0
2001,328,11.7,3.9,8.9,62.5,1.38,0.0
2001,329,6.6,1.5,3.8,1.7,9.2,0.0
2001,330,7.4,-1.1,3.2,0.3,11.61,0.0
2001,331,7.7,-0.3,2.9,1.9,10.24,0.0
2001,332,10.2,-0.6,5.0,1.2,8.15,0.0
2001,333,6.5,0.4,5.1,28.8,5.83,0.0
2001,334,8.0,-3.0,2.3,0.0,9.55,0.0
2001,335,10.9,0.5,6.2,4.7,5.4,0.0
2001,336,11.8,6.9,8.5,26.4,2.07,0.0
2001,337,7.7,2.7,5.4,12.9,9.33,0.0
2001,338,5.6,0.3,2.9,0.0,7.33,0.0
2001,339,7.7,-2.5,2.2,0.0,10.61,0.0
2001,340,12.3,-2.2,4.8,0.0,11.39,0.0
2001,341,13.8,4.0,7.7,0.1,8.38,0.0
2001,342,16.7,3.8,9.2,0.0,10.89,0.0
2001,343,10.5,2.7,5.6,3.2,8.03,0.0
2001,344,4.0,0.6,2.2,2.0,5.25,0.0
2001,345,6.2,0.9,3.2,2.2,9.64,0.0
2001,346,8.2,-1.3,3.5,0.0,11.57,0.0
2001,347,10.3,0.3,4.9,0.0,11.3,0.0
2001,348,5.8,1.5,3.4,17.1,5.63,0.0
2001,349,5.2,-3.0,1.0,1.6,9.22,0.0
2001,350,9.7,-3.3,3.3,0.0,10.92,0.0
2001,351,9.8,-2.2,3.3,0.1,9.86,0.0
2001,352,12.1,-1.9,4.5,0.0,10.87,0.0
2001,353,14.3,0.9,7.3,0.0,10.51,0.0
2001,354,11.8,4.4,7.1,13.9,8.29,0.0
2001,355,7.6,0.7,3.8,6.7,9.93,0.0
2001,356,10.4,-1.0,4.1,2.2,6.78,0.0
2001,357,8.3,2.4,5.7,2.4,8.8,0.0
2001,358,12.8,0.7,5.1,0.4,10.14,0.0
2001,359,13.3,0.8,6.0,0.0,10.26,0.0
2001,360,13.5,2.6,7.2,0.0,11.01,0.0
2001,361,15.1,3.3,8.7,0.0,7.98,0.0
2001,362,13.3,6.1,9.1,9.0,3.08,0.0
2001,363,11.4,8.3,9.3,38.1,1.79,0.0
2001,364,12.3,8.9,10.1,2.6,4.37,0.0
2001,365,13.5,7.0,10.1,3.5,9.32,0.0
2002,1,15.5,5.6,9.9,0.0,7.27,0.0
2002,2,14.6,6.9,10.0,2.8,6.7,0.0
2002,3,11.1,6.7,8.7,4.1,8.14,0.0
2002,4,11.9,2.9,7.3,0.0,8.77,0.0
2002,5,14.9,3.1,9.0,0.0,10.47,0.0
2002,6,16.7,5.4,10.4,0.0,9.86,0.0
2002,7,18.5,6.7,11.6,0.0,8.46,0.0
2002,8,15.9,8.8,11.9,0.0,8.34,0.0
2002,9,11.5,4.4,9.2,0.0,8.26,0.0
2002,10,15.2,3.1,7.9,0.2,11.12,0.0
2002,11,18.5,4.3,10.0,0.0,12.1,0.0
2002,12,16.1,5.2,9.4,0.0,11.47,0.0
2002,13,14.3,2.9,8.1,0.0,11.11,0.0
2002,14,12.7,4.2,7.6,0.0,12.65,0.0
2002,15,7.7,1.7,4.3,0.6,8.75,0.0
2002,16,7.6,-1.7,3.5,1.0,10.13,0.0
2002,17,9.1,-1.6,3.3,0.0,12.74,0.0
2002,18,7.9,-1.0,3.5,0.0,10.43,0.0
2002,19,9.4,-0.1,3.6,0.0,13.14,0.0
2002,20,8.3,-0.7,3.4,0.0,10.09,0.0
2002,21,10.5,-0.2,4.8,0.0,13.37,0.0
2002,22,5.6,0.6,2.3,4.2,9.58,0.0
2002,23,5.6,-1.2,1.5,0.0,13.18,0.0
2002,24,12.0,-1.5,4.3,0.0,13.9,0.0
2002,25,15.6,1.4,7.4,0.0,13.84,0.0
2002,26,11.9,3.9,7.3,0.0,8.39,0.0
2002,27,8.2,2.4,5.8,22.2,2.48,0.0
2002,28,3.2,-4.8,0.6,7.5,10.17,0.0
2002,29,1.1,-9.2,-4.4,2.3,10.21,0.0
2002,30,3.2,-11.5,-4.6,0.0,13.88,0.0
2002,31,7.0,-9.8,-2.2,0.0,14.94,0.0
2002,32,7.7,-5.2,0.4,0.0,15.26,0.0
2002,33,9.2,-5.2,1.2,0.0,15.47,0.0
2002,34,10.3,-2.9,2.9,0.0,15.1,0.0
2002,35,12.9,-2.2,4.2,0.0,14.99,0.0
2002,36,14.2,-0.0,6.3,0.0,15.98,0.0
2002,37,14.9,0.4,7.0,0.0,15.66,0.0
2002,38,14.0,2.6,7.6,0.0,14.84,0.0
2002,39,11.9,4.8,7.8,0.0,13.13,0.0
2002,40,15.4,2.3,7.9,0.0,15.39,0.0
2002,41,17.4,3.4,9.4,0.0,16.34,0.0
2002,42,16.2,3.5,9.4,0.0,15.38,0.0
2002,43,16.8,3.3,9.6,0.0,16.04,0.0
2002,44,16.7,5.1,10.3,0.0,11.45,0.0
2002,45,16.1,5.4,10.8,0.0,15.92,0.0
2002,46,16.0,5.2,9.9,0.0,11.06,0.0
2002,47,15.0,5.1,9.4,3.4,13.69,0.0
2002,48,9.3,3.3,6.4,18.9,10.9,0.0
2002,49,7.3,2.3,4.3,0.2,12.34,0.0
2002,50,11.1,0.7,6.0,0.0,11.43,0.0
2002,51,14.1,4.1,9.0,0.0,14.73,0.0
2002,52,19.5,5.9,11.7,0.0,16.02,0.0
2002,53,22.7,6.8,13.9,0.0,18.0,0.0
2002,54,15.9,6.6,11.9,0.0,16.06,0.0
2002,55,14.4,2.9,8.4,0.0,15.65,0.0
2002,56,18.4,4.0,10.8,0.0,18.95,0.0
2002,57,19.8,5.7,12.3,0.0,18.42,0.0
2002,58,19.2,8.0,12.9,0.0,15.6,0.0
2002,59,17.2,6.1,11.3,0.0,19.82,0.0
2002,60,13.4,4.8,9.1,2.5,16.33,0.0
2002,61,13.8,5.7,9.3,0.0,17.37,0.0
2002,62,14.7,1.7,8.4,0.0,20.45,0.0
2002,63,15.9,2.2,8.8,0.0,20.72,0.0
2002,64,16.2,3.9,9.4,0.0,20.59,0.0
2002,65,14.9,4.8,8.8,17.7,7.91,0.0
2002,66,10.8,4.0,7.6,21.1,14.32,0.0
2002,67,8.7,1.3,4.7,0.6,15.75,0.0
2002,68,15.2,0.6,8.0,0.0,19.25,0.0
2002,69,14.6,3.9,8.7,0.0,20.01,0.0
2002,70,16.1,3.7,9.4,0.0,19.15,0.0
2002,71,16.3,5.4,10.7,0.0,18.4,0.0
2002,72,9.1,2.4,6.1,4.3,18.94,0.0
2002,73,7.3,0.3,3.4,1.5,18.01,0.0
2002,74,8.1,-0.4,3.7,1.2,20.42,0.0
2002,75,5.6,0.7,3.0,5.3,19.74,0.0
2002,76,6.6,-0.4,2.5,8.0,16.29,0.0
2002,77,7.9,-1.5,2.5,0.7,19.15,0.0
2002,78,14.8,-2.8,5.9,0.0,23.56,0.0
2002,79,19.4,3.3,11.0,0.0,21.69,0.0
2002,80,21.4,5.5,13.0,0.0,20.72,0.0
2002,81,16.8,5.1,10.9,1.3,22.63,0.0
2002,82,11.5,5.4,7.8,15.1,17.22,0.0
2002,83,9.7,4.0,6.4,5.0,19.21,0.0
2002,84,13.4,0.8,7.5,0.0,20.53,0.0
2002,85,17.1,3.2,10.3,0.1,22.63,0.0
2002,86,18.4,4.1,11.3,0.1,24.44,0.0
2002,87,18.6,5.4,11.9,0.2,24.26,0.0
2002,88,20.1,5.9,13.2,0.0,24.8,0.0
2002,89,22.3,6.9,14.6,0.0,25.14,0.0
2002,90,23.6,7.1,15.3,0.0,25.41,0.0
2002,91,23.8,7.7,15.6,0.0,25.7,0.0
2002,92,23.0,7.5,15.7,0.0,25.52,0.0
2002,93,19.9,8.7,14.3,2.1,20.66,0.0
2002,94,19.2,9.1,13.9,1.1,20.19,0.0
2002,95,15.6,6.8,11.9,1.8,18.58,0.0
2002,96,13.3,8.2,10.6,4.7,16.37,0.0
2002,97,17.2,5.8,11.9,0.0,22.06,0.0
2002,98,19.4,8.7,14.5,0.0,23.47,0.0
2002,99,20.2,9.8,15.2,0.0,24.85,0.0
2002,100,19.2,9.6,14.4,0.0,23.35,0.0
2002,101,20.5,7.7,14.8,0.0,24.72,0.0
2002,102,21.8,8.8,15.5,1.2,25.47,0.0
2002,103,25.1,9.2,17.6,0.0,27.08,0.0
2002,104,24.5,10.9,17.9,0.0,26.62,0.0
2002,105,15.5,5.4,9.2,3.3,23.01,0.0
2002,106,14.7,5.6,9.9,0.0,27.95,0.0
2002,107,10.7,5.1,7.4,5.2,21.84,0.0
2002,108,10.0,4.4,7.2,0.5,26.27,0.0
2002,109,12.0,3.8,7.4,3.1,25.22,0.0
2002,110,15.1,0.6,8.6,0.0,28.27,0.0
2002,111,19.6,4.0,12.2,0.0,28.34,0.0
2002,112,22.6,6.2,14.8,0.0,28.33,0.0
2002,113,23.6,8.0,16.2,0.0,28.66,0.0
2002,114,19.6,9.0,14.9,2.6,24.97,0.0
2002,115,18.0,7.6,12.8,9.3,22.07,0.0
2002,116,11.5,8.3,9.7,15.6,11.03,0.0
2002,117,11.6,6.3,8.7,3.6,18.24,0.0
2002,118,16.1,3.2,10.7,0.0,27.82,0.0
2002,119,14.9,5.7,10.7,1.4,24.02,0.0
2002,120,12.3,7.1,9.5,2.4,25.33,0.0
2002,121,12.6,5.5,8.8,2.7,25.02,0.0
2002,122,16.2,5.5,11.2,2.9,28.18,0.0
2002,123,19.0,6.6,13.3,0.1,28.39,0.0
2002,124,20.3,7.2,14.3,2.8,28.22,0.0
2002,125,21.5,8.5,15.5,0.0,27.89,0.0
2002,126,21.5,8.8,15.9,0.0,29.19,0.0
2002,127,19.8,9.3,14.7,0.0,29.5,0.0
2002,128,20.1,6.8,14.4,0.0,29.79,0.0
2002,129,21.1,7.2,15.1,0.0,30.21,0.0
2002,130,17.8,10.1,14.0,0.0,30.82,0.0
2002,131,19.8,5.7,13.7,0.0,30.6,0.0
2002,132,24.8,7.3,17.0,0.0,29.11,0.0
2002,133,25.3,10.1,18.3,0.0,30.22,0.0
2002,134,22.6,9.7,17.1,0.0,30.17,0.0
2002,135,23.0,9.5,17.2,0.0,29.66,0.0
2002,136,23.8,10.7,18.0,0.0,30.44,0.0
2002,137,24.7,12.0,19.0,0.0,29.73,0.0
2002,138,24.7,12.1,18.9,0.0,30.26,0.0
2002,139,20.6,11.6,16.1,0.0,29.78,0.0
2002,140,12.4,7.1,10.0,16.9,22.65,0.0
2002,141,14.3,6.2,9.8,0.9,29.38,0.0
2002,142,17.3,5.9,11.9,0.0,31.08,0.0
2002,143,19.9,5.6,14.0,0.0,30.34,0.0
2002,144,24.3,8.0,17.0,0.0,30.6,0.0
2002,145,25.2,10.5,19.0,0.4,29.14,0.0
2002,146,23.8,11.4,18.3,0.0,28.5,0.0
2002,147,23.4,10.1,17.7,0.0,30.45,0.0
2002,148,24.2,11.3,18.5,0.0,31.0,0.0
2002,149,28.1,12.6,21.3,0.0,30.99,0.0
2002,150,30.7,14.6,23.3,0.0,30.38,0.0
2002,151,30.3,15.4,23.3,1.4,25.25,0.0
2002,152,25.1,16.0,20.8,0.0,27.73,0.0
2002,153,23.1,13.2,18.0,0.0,30.38,0.0
2002,154,24.2,12.1,18.7,0.0,29.71,0.0
2002,155,28.1,12.8,21.3,0.0,30.36,0.0
2002,156,31.8,14.8,24.1,0.0,30.16,0.0
2002,157,31.7,16.8,24.9,0.0,30.23,0.0
2002,158,30.4,16.1,23.9,0.0,31.93,0.0
2002,159,26.1,14.9,20.9,0.0,31.76,0.0
2002,160,22.0,13.7,18.1,0.0,32.26,0.0
2002,161,26.1,9.8,19.0,0.0,32.28,0.0
2002,162,28.9,11.6,21.2,0.0,32.17,0.0
2002,163,28.2,13.5,21.8,0.0,31.68,0.0
2002,164,28.4,14.6,22.2,0.0,31.76,0.0
2002,165,27.4,13.9,21.4,0.0,31.93,0.0
2002,166,28.0,13.3,21.7,0.0,31.89,0.0
2002,167,28.1,13.5,21.9,0.0,32.4,0.0
2002,168,28.2,16.0,22.7,0.0,32.33,0.0
2002,169,27.9,14.5,22.1,0.0,30.84,0.0
2002,170,28.0,15.8,22.6,0.0,29.36,0.0
2002,171,27.9,16.1,22.8,0.0,29.97,0.0
2002,172,24.5,16.3,20.2,0.0,28.32,0.0
2002,173,26.1,12.2,20.1,0.0,31.67,0.0
2002,174,28.2,14.3,22.2,0.0,31.56,0.0
2002,175,29.5,14.3,22.9,0.0,31.89,0.0
2002,176,30.7,14.8,23.8,0.0,31.92,0.0
2002,177,31.0,15.4,24.1,0.0,31.27,0.0
2002,178,28.7,15.4,22.8,0.0,30.6,0.0
2002,179,28.7,15.7,22.7,0.0,31.38,0.0
2002,180,28.9,15.1,23.1,0.0,31.36,0.0
2002,181,31.6,16.8,25.3,0.2,31.27,0.0
2002,182,32.9,18.3,26.5,2.7,30.1,0.0
2002,183,32.1,17.8,25.8,0.0,29.84,0.0
2002,184,30.6,16.4,24.2,0.0,31.54,0.0
2002,185,30.0,15.9,23.8,0.0,31.2,0.0
2002,186,29.8,17.1,24.3,0.0,30.31,0.0
2002,187,30.4,16.7,24.4,0.0,30.54,0.0
2002,188,30.6,17.0,24.5,0.0,31.2,0.0
2002,189,31.5,15.9,24.7,0.0,31.63,0.0
2002,190,36.3,17.4,27.9,0.0,31.02,0.0
2002,191,35.9,20.0,28.6,0.6,29.62,0.0
2002,192,34.4,20.7,28.0,3.7,22.83,0.0
2002,193,34.2,20.3,28.0,2.2,28.13,0.0
2002,194,33.8,20.9,28.0,1.3,26.43,0.0
2002,195,33.5,20.8,27.7,0.0,27.8,0.0
2002,196,32.5,21.1,27.0,0.0,28.26,0.0
2002,197,31.8,20.1,26.0,0.0,29.04,0.0
2002,198,31.1,18.3,25.3,0.3,26.56,0.0
2002,199,30.3,18.9,25.0,0.4,25.71,0.0
2002,200,30.7,17.8,24.8,0.0,29.27,0.0
2002,201,32.3,18.0,25.6,0.0,29.87,0.0
2002,202,30.9,17.6,24.9,0.0,30.53,0.0
2002,203,30.5,15.9,24.0,0.0,30.97,0.0
2002,204,32.6,16.5,25.4,0.0,30.19,0.0
2002,205,31.6,19.5,26.2,0.0,27.18,0.0
2002,206,31.6,20.4,26.1,0.0,29.77,0.0
2002,207,30.7,17.5,24.6,0.0,30.42,0.0
2002,208,30.8,17.7,24.8,0.0,29.5,0.0
2002,209,30.7,18.0,24.6,0.0,29.8,0.0
2002,210,30.7,17.8,24.7,0.2,29.79,0.0
2002,211,32.2,17.6,25.7,0.0,29.75,0.0
2002,212,31.3,18.1,25.5,0.0,27.78,0.0
2002,213,30.6,18.1,24.9,0.0,28.15,0.0
2002,214,29.7,18.2,24.3,0.0,28.28,0.0
2002,215,29.1,17.0,23.4,0.0,29.89,0.0
2002,216,29.2,15.8,22.8,0.0,29.91,0.0
2002,217,28.9,15.4,22.6,0.0,29.83,0.0
2002,218,27.4,16.5,22.0,0.0,29.8,0.0
2002,219,28.3,13.3,21.5,0.0,29.7,0.0
2002,220,30.9,14.2,23.5,0.0,29.46,0.0
2002,221,33.6,16.2,25.5,0.0,29.17,0.0
2002,222,34.3,17.4,26.7,0.0,29.03,0.0
2002,223,34.3,19.6,27.1,0.0,28.8,0.0
2002,224,34.2,20.6,27.5,0.0,28.53,0.0
2002,225,34.8,19.2,27.5,0.0,28.1,0.0
2002,226,33.8,21.0,27.5,0.0,26.11,0.0
2002,227,33.4,19.7,27.0,0.0,27.17,0.0
2002,228,33.5,19.4,26.8,0.0,28.43,0.0
2002,229,33.2,18.8,26.4,0.0,27.62,0.0
2002,230,31.9,20.7,26.1,0.0,28.21,0.0
2002,231,29.3,17.9,23.9,0.0,28.21,0.0
2002,232,27.1,18.0,22.4,0.0,28.2,0.0
2002,233,26.1,13.1,20.3,0.0,28.29,0.0
2002,234,26.7,13.3,20.4,0.0,27.84,0.0
2002,235,26.4,17.9,21.6,0.0,27.37,0.0
2002,236,27.4,13.5,21.0,0.0,27.61,0.0
2002,237,27.7,16.8,22.1,0.0,27.35,0.0
2002,238,27.8,15.7,22.3,0.0,27.33,0.0
2002,239,29.7,15.2,23.0,0.0,26.48,0.0
2002,240,30.1,16.2,23.4,0.2,25.21,0.0
2002,241,28.4,16.4,22.7,0.4,24.89,0.0
2002,242,29.8,15.8,23.4,0.0,26.09,0.0
2002,243,32.5,17.1,24.9,0.0,26.87,0.0
2002,244,33.9,19.0,26.4,0.0,24.68,0.0
2002,245,33.3,17.8,26.3,0.7,24.98,0.0
2002,246,33.5,18.7,26.4,0.0,25.4,0.0
2002,247,31.7,19.4,25.7,0.9,22.45,0.0
2002,248,26.7,19.8,22.5,2.5,15.91,0.0
2002,249,22.5,15.9,19.4,0.5,18.42,0.0
2002,250,22.2,13.6,17.6,0.0,25.47,0.0
2002,251,23.6,9.8,17.4,0.0,25.73,0.0
2002,252,27.7,11.2,19.8,0.0,25.21,0.0
2002,253,29.2,13.5,21.7,0.0,21.6,0.0
2002,254,29.6,14.7,22.5,0.0,22.9,0.0
2002,255,29.4,14.9,22.6,0.0,23.09,0.0
2002,256,30.3,15.0,23.0,0.0,23.85,0.0
2002,257,32.7,15.9,24.7,0.0,24.06,0.0
2002,258,31.2,17.5,24.1,0.0,22.59,0.0
2002,259,23.4,14.7,19.0,0.0,23.87,0.0
2002,260,25.0,12.8,19.2,0.0,23.38,0.0
2002,261,27.0,12.4,20.5,0.0,23.4,0.0
2002,262,29.8,14.2,22.2,0.0,23.1,0.0
2002,263,31.0,15.6,23.3,0.0,22.57,0.0
2002,264,31.5,16.4,24.2,0.0,22.26,0.0
2002,265,31.7,16.5,24.3,0.0,22.76,0.0
2002,266,31.9,16.3,24.5,0.0,22.67,0.0
2002,267,31.0,17.4,24.4,0.0,19.66,0.0
2002,268,31.4,17.4,24.2,0.0,21.92,0.0
2002,269,28.7,15.5,22.3,0.0,21.12,0.0
2002,270,24.8,14.6,19.3,0.0,19.49,0.0
2002,271,19.6,13.3,15.8,1.2,14.9,0.0
2002,272,19.7,10.3,14.9,0.0,18.42,0.0
2002,273,19.4,11.5,15.5,0.0,19.06,0.0
2002,274,15.9,10.2,13.5,2.6,18.36,0.0
2002,275,16.8,6.8,12.1,1.5,20.22,0.0
2002,276,19.9,5.8,12.9,0.0,20.98,0.0
2002,277,21.5,8.6,15.3,0.0,17.67,0.0
2002,278,24.3,9.3,16.9,0.0,20.44,0.0
2002,279,26.8,10.7,18.6,0.0,20.17,0.0
2002,280,28.0,12.3,20.1,0.0,19.92,0.0
2002,281,28.6,12.8,20.7,0.0,19.8,0.0
2002,282,28.7,13.8,20.9,0.0,19.69,0.0
2002,283,26.2,16.0,20.4,0.0,17.73,0.0
2002,284,22.0,13.4,17.8,0.0,15.77,0.0
2002,285,24.7,11.3,17.7,0.0,15.34,0.0
2002,286,26.2,12.6,19.0,0.0,17.82,0.0
2002,287,25.4,12.2,18.6,0.0,15.46,0.0
2002,288,24.0,10.9,17.3,0.0,18.55,0.0
2002,289,19.6,9.5,14.5,1.6,16.34,0.0
2002,290,19.9,10.4,14.8,0.0,17.26,0.0
2002,291,19.9,8.5,14.4,0.0,17.52,0.0
2002,292,21.1,9.3,14.9,0.0,17.62,0.0
2002,293,21.6,8.4,15.1,0.0,17.67,0.0
2002,294,20.8,8.0,14.4,0.0,17.72,0.0
2002,295,17.4,8.2,12.8,1.0,15.03,0.0
2002,296,17.6,7.0,12.5,0.1,15.88,0.0
2002,297,16.5,5.9,11.3,0.0,15.43,0.0
2002,298,15.1,6.4,10.4,1.1,12.54,0.0
2002,299,13.8,7.0,10.3,2.8,14.36,0.0
2002,300,17.2,5.3,10.9,0.1,16.14,0.0
2002,301,17.4,6.4,11.5,0.0,16.09,0.0
2002,302,16.3,6.1,11.3,0.0,16.05,0.0
2002,303,17.3,6.0,11.7,0.0,15.61,0.0
2002,304,16.9,5.1,11.0,0.0,15.65,0.0
2002,305,16.0,5.3,11.2,0.0,15.58,0.0
2002,306,16.7,4.4,10.8,0.0,15.17,0.0
2002,307,17.6,6.5,11.6,0.0,12.48,0.0
2002,308,17.3,5.2,10.9,0.0,15.28,0.0
2002,309,20.0,5.2,12.0,0.0,15.36,0.0
2002,310,21.5,6.2,13.0,0.0,13.24,0.0
2002,311,15.7,9.7,12.3,15.8,5.05,0.0
2002,312,14.0,11.5,12.7,144.0,1.07,0.0
2002,313,14.4,8.3,12.2,47.2,7.84,0.0
2002,314,13.5,4.5,8.9,0.0,12.01,0.0
2002,315,15.6,4.8,9.9,0.0,12.42,0.0
2002,316,19.5,6.6,12.9,0.0,11.93,0.0
2002,317,17.0,8.0,12.3,0.0,13.73,0.0
2002,318,16.0,5.9,10.4,0.0,11.51,0.0
2002,319,20.0,5.9,12.0,0.0,13.35,0.0
2002,320,20.2,6.9,12.5,0.0,12.58,0.0
2002,321,15.8,6.1,10.3,0.0,13.41,0.0
2002,322,17.5,5.1,10.7,0.0,13.0,0.0
2002,323,19.0,6.0,11.6,0.0,12.53,0.0
2002,324,22.3,7.8,13.6,0.0,12.9,0.0
2002,325,22.6,8.3,14.1,0.0,12.38,0.0
2002,326,20.7,10.1,14.6,0.0,12.45,0.0
2002,327,14.1,7.1,11.3,0.0,10.84,0.0
2002,328,13.4,5.1,9.1,0.0,9.77,0.0
2002,329,13.2,5.3,8.7,0.9,9.91,0.0
2002,330,15.0,3.5,8.4,0.0,12.0,0.0
2002,331,16.4,4.2,9.1,0.0,12.41,0.0
2002,332,17.6,5.2,10.0,0.0,12.28,0.0
2002,333,15.7,6.1,10.4,0.1,9.04,0.0
2002,334,12.1,6.3,8.6,4.9,5.89,0.0
2002,335,12.2,3.4,7.6,1.0,9.09,0.0
2002,336,12.8,2.7,7.3,0.1,11.2,0.0
2002,337,13.8,2.4,7.3,0.0,11.65,0.0
2002,338,14.7,2.7,7.7,0.0,11.65,0.0
2002,339,16.4,3.8,8.9,0.0,9.32,0.0
2002,340,16.3,4.3,9.8,0.0,10.01,0.0
2002,341,13.5,5.6,8.9,0.0,10.35,0.0
2002,342,15.9,3.2,8.7,0.0,11.1,0.0
2002,343,15.4,4.8,9.4,0.0,10.49,0.0
2002,344,12.0,4.2,7.6,0.0,10.62,0.0
2002,345,11.1,2.9,7.1,0.0,9.28,0.0
2002,346,14.6,2.3,7.8,0.0,11.13,0.0
2002,347,15.0,4.6,9.0,0.0,8.73,0.0
2002,348,16.4,5.8,10.5,7.4,5.47,0.0
2002,349,11.9,4.2,8.2,3.7,8.1,0.0
2002,350,9.4,5.5,7.3,31.9,1.56,0.0
2002,351,5.5,-0.2,3.5,21.1,5.02,0.0
2002,352,4.6,-7.5,-1.1,0.0,10.68,0.0
2002,353,11.4,-5.9,2.1,6.2,10.03,0.0
2002,354,6.3,-0.9,3.2,13.0,9.54,0.0
2002,355,6.9,-0.3,2.7,0.2,8.73,0.0
2002,356,5.8,-5.1,0.2,1.6,8.07,0.0
2002,357,5.9,-6.4,-1.1,0.0,11.47,0.0
2002,358,6.8,-5.1,0.4,0.0,8.99,0.0
2002,359,7.3,-4.8,0.7,0.0,10.2,0.0
2002,360,9.4,-0.5,4.2,0.0,6.4,0.0
2002,361,13.3,0.8,6.2,0.0,10.93,0.0
2002,362,14.3,3.7,7.6,10.6,8.29,0.0
2002,363,6.8,-2.5,2.7,0.7,9.67,0.0
2002,364,9.3,-1.6,3.9,3.5,9.34,0.0
2002,365,8.4,-0.9,5.3,11.9,7.92,0.0
2003,1,10.7,-1.9,3.5,0.0,9.77,0.0
2003,2,16.1,1.8,8.5,0.0,10.19,0.0
2003,3,18.1,6.1,10.9,0.0,11.56,0.0
2003,4,17.9,7.7,11.1,0.0,11.49,0.0
2003,5,14.8,4.1,8.5,0.0,10.44,0.0
2003,6,16.1,3.6,8.5,0.0,11.33,0.0
2003,7,17.6,5.5,9.9,0.0,11.81,0.0
2003,8,15.5,5.3,9.6,0.0,7.71,0.0
2003,9,12.9,3.7,7.9,0.0,7.12,0.0
2003,10,10.2,4.7,7.3,3.5,3.41,0.0
2003,11,13.3,2.1,8.3,0.0,8.65,0.0
2003,12,15.9,4.0,9.1,0.0,12.03,0.0
2003,13,16.4,3.5,9.2,0.0,11.37,0.0
2003,14,14.3,4.1,8.0,0.0,9.93,0.0
2003,15,14.8,2.4,7.5,0.0,9.86,0.0
2003,16,18.2,3.3,9.4,0.0,12.61,0.0
2003,17,18.9,4.0,10.1,0.0,12.78,0.0
2003,18,18.5,5.0,10.6,0.0,12.77,0.0
2003,19,18.1,5.2,10.7,0.0,12.83,0.0
2003,20,15.8,5.1,9.6,0.0,12.39,0.0
2003,21,14.2,4.6,8.5,0.0,12.41,0.0
2003,22,16.8,3.2,8.9,0.0,10.52,0.0
2003,23,15.6,4.9,9.5,0.0,10.26,0.0
2003,24,13.5,5.4,9.1,0.0,8.99,0.0
2003,25,15.7,4.3,9.0,0.0,11.29,0.0
2003,26,19.1,5.2,11.4,0.0,12.72,0.0
2003,27,18.3,8.3,12.6,0.0,12.52,0.0
2003,28,14.3,5.3,9.5,0.0,8.81,0.0
2003,29,15.7,5.3,9.9,0.0,12.53,0.0
2003,30,16.9,5.2,10.2,0.0,12.18,0.0
2003,31,21.6,6.2,13.2,0.0,13.59,0.0
2003,32,17.9,6.9,12.0,3.5,12.36,0.0
2003,33,10.5,3.6,6.3,0.1,11.94,0.0
2003,34,13.3,0.7,6.8,0.0,14.75,0.0
2003,35,12.5,0.5,6.7,0.0,15.45,0.0
2003,36,11.1,1.8,6.6,0.0,14.88,0.0
2003,37,11.2,3.0,6.8,0.0,12.0,0.0
2003,38,11.3,0.8,5.3,0.0,15.81,0.0
2003,39,10.1,1.2,5.2,0.0,15.13,0.0
2003,40,12.2,-0.6,5.4,0.0,16.27,0.0
2003,41,15.4,0.8,7.2,0.0,15.93,0.0
2003,42,13.8,5.6,8.6,4.2,6.6,0.0
2003,43,11.8,7.0,9.3,12.7,3.74,0.0
2003,44,13.4,7.2,9.9,6.1,10.61,0.0
2003,45,13.2,7.0,9.5,1.1,10.96,0.0
2003,46,15.2,3.6,10.1,0.0,12.78,0.0
2003,47,13.0,4.9,9.5,14.6,12.52,0.0
2003,48,11.2,3.9,7.1,1.0,10.44,0.0
2003,49,12.1,0.1,6.0,0.0,16.66,0.0
2003,50,10.3,1.7,4.9,7.3,12.75,0.0
2003,51,11.0,1.5,5.5,0.7,14.66,0.0
2003,52,14.7,0.6,7.3,0.0,17.97,0.0
2003,53,13.4,1.6,7.2,0.0,17.71,0.0
2003,54,13.9,2.5,8.0,0.0,14.23,0.0
2003,55,12.7,6.1,9.0,3.6,11.67,0.0
2003,56,10.5,4.2,7.3,6.6,13.59,0.0
2003,57,9.8,4.8,6.8,1.0,15.37,0.0
2003,58,7.9,3.5,5.3,9.8,14.19,0.0
2003,59,7.8,-0.2,4.5,2.9,14.28,0.0
2003,60,9.2,1.5,5.7,1.7,14.83,0.0
2003,61,12.5,-2.3,5.2,0.0,19.21,0.0
2003,62,11.7,0.5,6.2,0.5,18.31,0.0
2003,63,9.6,2.8,5.5,4.7,15.86,0.0
2003,64,12.0,-0.6,5.6,0.0,19.05,0.0
2003,65,13.9,1.1,7.5,0.0,20.88,0.0
2003,66,14.6,1.6,8.1,0.0,20.87,0.0
2003,67,16.5,1.7,9.1,0.0,21.39,0.0
2003,68,17.0,2.6,9.7,0.0,21.73,0.0
2003,69,16.8,2.7,9.8,0.0,20.55,0.0
2003,70,15.2,5.8,10.5,0.0,16.59,0.0
2003,71,18.5,5.9,12.1,0.0,19.15,0.0
2003,72,21.5,7.2,14.0,1.1,19.71,0.0
2003,73,18.2,10.3,14.1,1.1,21.46,0.0
2003,74,14.1,5.6,10.5,33.3,6.63,0.0
2003,75,11.5,2.4,6.7,6.7,17.56,0.0
2003,76,8.9,3.2,5.8,4.7,17.16,0.0
2003,77,11.6,2.4,6.5,0.3,19.94,0.0
2003,78,14.4,0.1,7.7,0.0,22.92,0.0
2003,79,13.0,5.0,8.9,0.0,19.77,0.0
2003,80,15.5,2.6,9.0,0.0,21.55,0.0
2003,81,18.1,4.7,11.4,0.0,23.13,0.0
2003,82,15.7,5.8,11.0,0.0,17.44,0.0
2003,83,15.6,8.3,11.3,0.0,17.95,0.0
2003,84,18.3,4.5,11.7,0.0,22.82,0.0
2003,85,17.8,7.3,12.4,0.7,22.02,0.0
2003,86,14.9,7.1,10.4,0.0,21.51,0.0
2003,87,17.2,5.4,11.2,0.0,24.05,0.0
2003,88,19.5,5.0,12.4,0.0,24.79,0.0
2003,89,22.3,6.5,14.5,0.0,24.68,0.0
2003,90,23.1,8.3,15.8,0.0,21.5,0.0
2003,91,18.7,7.8,14.0,0.7,23.63,0.0
2003,92,9.8,3.5,6.3,21.3,19.08,0.0
2003,93,9.5,1.1,5.4,1.1,24.82,0.0
2003,94,8.3,0.6,4.3,7.0,17.01,0.0
2003,95,9.1,-0.2,4.4,0.0,21.72,0.0
2003,96,11.4,0.5,6.0,0.0,23.48,0.0
2003,97,17.1,2.2,9.9,0.0,26.0,0.0
2003,98,21.1,4.7,13.1,0.0,26.6,0.0
2003,99,21.8,6.8,14.6,0.4,26.48,0.0
2003,100,20.0,8.8,14.6,0.0,25.82,0.0
2003,101,18.1,8.2,13.3,0.0,23.21,0.0
2003,102,16.3,8.8,12.5,0.1,21.02,0.0
2003,103,12.8,8.2,10.2,14.6,9.63,0.0
2003,104,11.3,5.1,7.7,14.9,16.39,0.0
2003,105,11.9,3.9,7.7,2.9,22.7,0.0
2003,106,14.3,3.6,9.2,2.8,23.61,0.0
2003,107,12.3,5.7,8.8,5.4,19.11,0.0
2003,108,11.3,5.2,8.5,1.6,22.53,0.0
2003,109,15.9,3.0,9.8,0.0,24.55,0.0
2003,110,17.7,4.7,11.4,0.5,18.1,0.0
2003,111,12.3,3.7,9.0,13.2,18.72,0.0
2003,112,9.5,2.1,5.5,6.3,22.23,0.0
2003,113,13.5,3.3,8.4,0.0,24.56,0.0
2003,114,15.6,5.2,10.6,0.1,22.77,0.0
2003,115,14.7,7.9,10.8,1.4,22.93,0.0
2003,116,14.9,6.6,10.5,0.0,24.39,0.0
2003,117,16.0,6.1,11.6,0.3,26.82,0.0
2003,118,14.2,6.2,10.2,3.5,22.04,0.0
2003,119,13.0,5.9,8.9,0.6,22.98,0.0
2003,120,15.1,5.6,10.2,0.0,27.98,0.0
2003,121,16.3,6.9,12.0,0.7,21.69,0.0
2003,122,15.5,6.7,10.7,9.2,14.71,0.0
2003,123,15.0,6.9,10.4,14.2,18.33,0.0
2003,124,14.2,8.0,10.3,6.2,23.23,0.0
2003,125,15.3,5.0,10.6,0.0,25.34,0.0
2003,126,14.9,7.0,11.6,1.6,24.97,0.0
2003,127,13.2,7.5,10.0,9.7,20.24,0.0
2003,128,11.1,4.6,8.0,11.4,20.12,0.0
2003,129,11.6,1.4,6.9,1.0,25.62,0.0
2003,130,16.3,2.9,9.9,0.0,27.41,0.0
2003,131,20.0,5.6,13.5,0.0,29.98,0.0
2003,132,22.5,7.6,15.8,0.0,28.34,0.0
2003,133,24.0,9.4,17.6,0.0,30.01,0.0
2003,134,18.9,12.1,15.0,14.8,17.74,0.0
2003,135,20.6,10.5,15.4,0.0,27.48,0.0
2003,136,22.5,8.9,16.7,0.0,28.71,0.0
2003,137,21.2,13.7,17.5,0.0,21.29,0.0
2003,138,21.0,10.0,16.5,0.0,30.59,0.0
2003,139,23.8,8.7,17.3,0.0,30.54,0.0
2003,140,25.7,9.8,18.7,0.0,30.88,0.0
2003,141,28.0,11.9,20.6,0.0,31.13,0.0
2003,142,29.0,12.9,21.6,0.0,30.17,0.0
2003,143,28.1,13.6,21.7,1.4,28.92,0.0
2003,144,24.9,14.2,20.1,0.9,28.45,0.0
2003,145,22.7,13.3,18.4,0.0,30.04,0.0
2003,146,24.6,12.3,19.0,0.0,29.75,0.0
2003,147,30.0,13.3,22.5,0.0,30.9,0.0
2003,148,33.7,16.2,25.6,0.0,29.73,0.0
2003,149,31.4,18.1,25.3,0.3,28.4,0.0
2003,150,26.7,14.7,21.3,0.0,30.97,0.0
2003,151,26.7,13.9,21.2,0.0,30.89,0.0
2003,152,28.0,15.4,22.3,0.0,30.46,0.0
2003,153,29.6,16.0,23.5,0.3,29.66,0.0
2003,154,29.6,16.7,24.0,0.1,29.29,0.0
2003,155,28.2,16.1,23.0,0.2,29.39,0.0
2003,156,28.4,15.4,23.1,0.5,29.25,0.0
2003,157,27.2,15.0,22.1,0.1,26.94,0.0
2003,158,27.1,15.1,22.1,0.4,27.96,0.0
2003,159,27.0,15.8,22.3,0.3,27.56,0.0
2003,160,27.9,16.3,22.8,0.0,29.25,0.0
2003,161,24.0,15.9,19.8,0.0,30.6,0.0
2003,162,22.8,12.6,18.0,0.0,30.62,0.0
2003,163,21.8,13.3,17.7,0.0,28.77,0.0
2003,164,23.5,12.5,18.4,0.0,29.0,0.0
2003,165,26.2,13.1,20.5,0.0,31.33,0.0
2003,166,26.9,14.1,21.4,0.0,30.97,0.0
2003,167,28.1,15.2,22.3,1.3,30.56,0.0
2003,168,30.1,15.9,23.5,3.9,30.66,0.0
2003,169,27.9,15.6,22.5,0.3,28.21,0.0
2003,170,24.6,16.5,20.7,0.0,30.03,0.0
2003,171,22.8,14.4,18.4,0.0,31.21,0.0
2003,172,22.7,13.1,18.2,0.0,31.48,0.0
2003,173,23.5,12.4,18.6,0.0,31.96,0.0
2003,174,23.2,12.4,18.6,0.0,32.21,0.0
2003,175,24.7,10.0,18.7,0.0,31.92,0.0
2003,176,29.9,12.4,22.0,0.0,32.0,0.0
2003,177,32.2,14.2,24.1,0.0,32.12,0.0
2003,178,32.6,16.0,25.1,0.2,31.58,0.0
2003,179,32.2,16.8,25.5,0.0,31.76,0.0
2003,180,30.5,17.4,24.5,0.0,31.8,0.0
2003,181,29.5,15.5,23.1,0.0,32.45,0.0
2003,182,30.3,15.1,23.5,0.0,31.99,0.0
2003,183,30.9,15.7,23.9,0.0,31.77,0.0
2003,184,30.5,16.5,24.1,0.0,31.98,0.0
2003,185,30.4,16.4,24.0,0.0,31.19,0.0
2003,186,29.6,16.3,23.9,0.0,30.87,0.0
2003,187,28.2,17.6,23.2,0.0,31.21,0.0
2003,188,28.0,15.8,22.5,0.0,31.72,0.0
2003,189,29.2,13.7,22.7,0.0,31.96,0.0
2003,190,31.5,15.7,24.9,0.0,31.81,0.0
2003,191,32.9,18.0,25.8,0.0,30.65,0.0
2003,192,34.0,18.3,26.7,0.0,31.65,0.0
2003,193,33.3,21.0,27.4,0.0,30.55,0.0
2003,194,32.5,19.9,26.3,0.0,30.49,0.0
2003,195,33.8,17.6,26.6,0.0,30.79,0.0
2003,196,35.0,20.5,28.4,0.0,29.43,0.0
2003,197,34.7,21.2,28.4,0.0,25.36,0.0
2003,198,36.1,20.5,29.0,0.2,28.62,0.0
2003,199,33.2,22.6,28.1,2.4,21.26,0.0
2003,200,30.1,21.6,26.0,10.6,21.05,0.0
2003,201,32.8,19.8,26.7,0.1,28.07,0.0
2003,202,33.3,19.8,27.1,0.0,29.19,0.0
2003,203,32.5,21.2,27.4,2.4,24.39,0.0
2003,204,32.7,21.7,27.6,5.7,23.02,0.0
2003,205,32.1,21.4,26.9,4.4,25.64,0.0
2003,206,30.9,21.1,26.5,2.7,25.77,0.0
2003,207,32.8,19.3,26.1,3.8,27.01,0.0
2003,208,32.6,19.4,26.3,1.5,27.4,0.0
2003,209,32.2,20.0,26.5,3.2,24.9,0.0
2003,210,31.1,21.9,26.6,9.1,22.27,0.0
2003,211,29.9,22.5,25.6,18.8,20.33,0.0
2003,212,27.8,19.9,23.9,12.9,20.44,0.0
2003,213,26.4,19.7,22.9,7.3,17.37,0.0
2003,214,26.2,17.6,22.2,2.2,22.57,0.0
2003,215,27.9,17.5,22.8,0.0,28.78,0.0
2003,216,27.9,16.8,22.6,0.2,28.46,0.0
2003,217,26.8,16.3,21.8,0.0,29.3,0.0
2003,218,27.2,15.8,21.7,0.0,29.49,0.0
2003,219,27.9,14.4,21.6,0.0,29.24,0.0
2003,220,29.0,15.2,22.6,0.0,29.13,0.0
2003,221,30.7,17.1,24.1,0.0,28.39,0.0
2003,222,31.1,19.7,25.1,0.0,27.85,0.0
2003,223,29.5,17.4,24.0,0.0,27.55,0.0
2003,224,30.4,16.6,24.1,0.0,28.61,0.0
2003,225,31.2,17.5,24.5,0.0,28.5,0.0
2003,226,32.3,17.3,25.0,0.0,26.55,0.0
2003,227,29.6,18.8,24.5,0.0,24.49,0.0
2003,228,30.9,18.6,24.7,0.0,26.09,0.0
2003,229,31.5,18.1,25.2,0.0,25.39,0.0
2003,230,32.1,18.5,25.8,0.3,26.76,0.0
2003,231,31.0,19.0,25.5,0.2,25.99,0.0
2003,232,31.3,18.6,25.2,3.3,24.69,0.0
2003,233,28.1,19.5,23.8,11.5,19.1,0.0
2003,234,26.0,16.2,21.3,0.0,25.71,0.0
2003,235,28.9,15.4,22.4,0.0,27.47,0.0
2003,236,31.2,17.5,24.3,0.0,23.89,0.0
2003,237,32.2,18.3,25.3,0.0,22.7,0.0
2003,238,31.7,19.0,25.5,0.7,22.13,0.0
2003,239,31.8,18.7,25.3,0.0,26.75,0.0
2003,240,30.4,17.8,24.2,0.0,25.4,0.0
2003,241,29.2,15.7,23.0,0.0,26.77,0.0
2003,242,30.9,16.0,23.8,0.0,26.82,0.0
2003,243,31.0,17.5,24.6,0.0,22.53,0.0
2003,244,32.7,18.0,25.7,0.0,25.12,0.0
2003,245,33.1,20.1,26.7,1.3,21.99,0.0
2003,246,31.9,20.3,26.0,4.7,20.57,0.0
2003,247,32.2,20.5,26.5,0.3,21.4,0.0
2003,248,32.3,20.1,26.1,0.0,24.69,0.0
2003,249,31.0,18.3,24.6,0.0,25.46,0.0
2003,250,29.7,16.9,23.1,0.0,25.5,0.0
2003,251,24.4,16.9,20.4,0.0,24.31,0.0
2003,252,23.1,14.7,18.9,0.0,23.99,0.0
2003,253,24.7,12.1,18.9,0.0,23.83,0.0
2003,254,29.4,14.5,22.1,0.0,24.2,0.0
2003,255,29.8,16.5,23.3,0.0,23.99,0.0
2003,256,31.3,16.5,24.0,0.0,23.79,0.0
2003,257,32.2,17.1,24.9,0.1,23.61,0.0
2003,258,30.0,18.1,24.0,0.0,23.78,0.0
2003,259,27.6,16.1,21.9,0.0,23.88,0.0
2003,260,25.1,16.1,20.5,0.0,23.76,0.0
2003,261,28.1,13.2,20.9,0.0,23.57,0.0
2003,262,29.8,14.3,22.0,0.0,23.53,0.0
2003,263,30.5,14.6,22.8,0.0,23.27,0.0
2003,264,32.7,15.1,24.0,0.0,23.2,0.0
2003,265,33.8,16.1,24.8,0.0,23.09,0.0
2003,266,32.7,16.1,24.5,0.0,22.92,0.0
2003,267,29.7,16.0,22.8,0.0,22.45,0.0
2003,268,28.1,13.8,21.5,0.0,22.41,0.0
2003,269,29.7,14.3,22.2,0.0,22.31,0.0
2003,270,30.7,14.9,23.0,0.0,22.06,0.0
2003,271,30.3,15.9,23.2,0.0,21.76,0.0
2003,272,28.7,18.7,23.1,0.0,21.16,0.0
2003,273,28.3,16.8,22.4,0.0,19.81,0.0
2003,274,25.0,15.2,20.1,0.0,19.57,0.0
2003,275,23.0,12.7,18.0,0.0,20.16,0.0
2003,276,23.7,14.3,18.5,0.0,19.99,0.0
2003,277,25.1,12.8,19.2,0.0,19.08,0.0
2003,278,25.2,13.1,19.7,0.0,17.57,0.0
2003,279,26.3,13.4,20.0,0.4,19.12,0.0
2003,280,26.2,13.7,19.9,0.0,19.17,0.0
2003,281,26.9,13.9,20.4,0.0,19.56,0.0
2003,282,25.5,13.4,19.5,0.0,19.53,0.0
2003,283,21.1,13.6,16.9,0.0,19.52,0.0
2003,284,24.1,10.2,17.1,0.0,19.26,0.0
2003,285,24.2,10.6,17.7,0.0,19.14,0.0
2003,286,25.0,11.1,18.4,0.0,18.95,0.0
2003,287,25.9,12.3,18.9,0.0,19.02,0.0
2003,288,25.0,11.1,17.8,0.0,19.03,0.0
2003,289,24.6,9.9,17.5,0.0,18.48,0.0
2003,290,27.7,11.2,19.2,0.0,18.22,0.0
2003,291,28.8,12.4,19.8,0.0,18.31,0.0
2003,292,28.3,15.9,21.4,0.0,17.76,0.0
2003,293,29.8,13.8,21.2,0.0,17.72,0.0
2003,294,29.7,13.3,21.2,0.0,17.67,0.0
2003,295,28.6,14.0,21.0,0.0,17.33,0.0
2003,296,24.9,13.1,18.8,0.0,15.09,0.0
2003,297,27.3,12.4,19.4,0.0,17.23,0.0
2003,298,28.0,12.4,19.8,0.0,16.93,0.0
2003,299,27.9,12.4,19.6,0.0,16.69,0.0
2003,300,27.8,12.3,19.4,0.0,16.79,0.0
2003,301,28.4,12.4,19.7,0.0,16.37,0.0
2003,302,25.1,13.4,18.3,0.0,16.2,0.0
2003,303,13.8,8.7,10.8,0.0,12.15,0.0
2003,304,11.3,5.7,8.2,5.0,11.37,0.0
2003,305,10.6,4.1,7.2,2.2,13.68,0.0
2003,306,10.7,3.7,7.0,0.8,13.37,0.0
2003,307,9.4,3.2,6.0,2.3,9.34,0.0
2003,308,10.5,0.8,5.3,0.0,13.34,0.0
2003,309,11.8,1.6,6.7,0.0,14.97,0.0
2003,310,14.3,6.3,9.7,0.0,11.66,0.0
2003,311,16.0,6.4,10.2,0.6,10.41,0.0
2003,312,16.3,5.4,10.3,5.9,8.11,0.0
2003,313,14.2,8.5,11.6,18.5,8.54,0.0
2003,314,13.6,4.3,9.0,2.3,11.74,0.0
2003,315,15.5,3.4,8.3,0.0,13.0,0.0
2003,316,11.6,5.4,8.0,13.2,5.18,0.0
2003,317,13.5,5.4,9.1,2.7,11.58,0.0
2003,318,14.0,4.0,8.6,0.0,13.2,0.0
2003,319,9.3,5.1,7.0,6.8,5.39,0.0
2003,320,9.6,3.4,6.5,0.6,9.63,0.0
2003,321,11.5,4.9,7.5,0.0,11.15,0.0
2003,322,16.8,3.9,9.6,0.0,12.12,0.0
2003,323,20.3,6.2,12.0,0.0,12.15,0.0
2003,324,17.2,5.9,11.1,0.0,12.86,0.0
2003,325,12.0,3.8,9.6,0.8,11.69,0.0
2003,326,7.5,1.7,4.0,0.1,11.61,0.0
2003,327,12.7,-0.5,5.5,0.0,13.05,0.0
2003,328,11.8,1.7,6.5,0.0,8.99,0.0
2003,329,9.0,3.6,6.0,0.0,12.61,0.0
2003,330,9.3,2.2,5.2,0.0,12.32,0.0
2003,331,15.4,1.3,7.1,0.0,12.16,0.0
2003,332,16.9,4.7,10.3,0.0,10.21,0.0
2003,333,17.8,7.3,12.0,0.0,8.33,0.0
2003,334,16.9,6.6,11.3,0.0,6.98,0.0
2003,335,15.7,4.5,10.0,0.0,10.18,0.0
2003,336,15.9,3.7,9.5,0.0,11.68,0.0
2003,337,13.4,3.6,8.1,0.0,8.22,0.0
2003,338,18.2,4.2,11.0,0.0,11.36,0.0
2003,339,16.3,9.0,12.6,3.6,4.99,0.0
2003,340,16.5,7.9,12.1,0.4,8.67,0.0
2003,341,12.5,6.3,10.3,8.5,5.89,0.0
2003,342,9.7,2.1,6.1,0.0,9.88,0.0
2003,343,14.7,1.5,8.2,0.0,11.55,0.0
2003,344,10.2,3.8,7.7,8.0,8.95,0.0
2003,345,5.9,-2.2,3.9,11.7,8.22,0.0
2003,346,8.2,-3.1,2.5,0.0,8.91,0.0
2003,347,11.1,0.7,5.6,0.0,9.91,0.0
2003,348,7.5,-3.0,3.7,15.3,3.95,0.0
2003,349,8.4,-5.8,0.3,0.0,10.3,0.0
2003,350,12.8,-2.8,3.4,0.0,11.09,0.0
2003,351,15.0,0.6,6.4,0.0,10.13,0.0
2003,352,18.6,4.1,9.8,0.0,11.25,0.0
2003,353,19.6,5.3,11.1,1.6,9.53,0.0
2003,354,13.3,6.7,9.5,1.0,5.85,0.0
2003,355,12.6,3.3,7.2,2.2,9.91,0.0
2003,356,15.2,3.6,8.1,0.0,8.29,0.0
2003,357,9.1,6.7,7.7,10.4,1.65,0.0
2003,358,12.4,5.4,8.9,31.7,3.08,0.0
2003,359,9.1,1.3,6.4,43.3,1.13,0.0
2003,360,3.3,-4.1,0.6,4.4,9.33,0.0
2003,361,3.0,-9.8,-3.4,0.0,11.42,0.0
2003,362,5.8,-9.0,-2.0,0.0,11.17,0.0
2003,363,8.2,-2.7,3.1,4.7,4.32,0.0
2003,364,9.8,1.4,5.7,8.0,7.67,0.0
2003,365,8.9,-2.3,3.1,0.0,8.84,0.0
2004,1,5.9,0.4,3.9,23.1,1.72,0.0
2004,2,7.4,1.9,5.5,11.4,9.63,0.0
2004,3,3.0,-5.2,0.6,4.8,11.57,0.0
2004,4,4.4,-6.3,-1.7,0.0,10.83,0.0
2004,5,8.9,-6.3,0.5,0.0,11.82,0.0
2004,6,11.9,-1.4,5.3,0.1,8.78,0.0
2004,7,14.0,3.8,7.9,3.9,9.05,0.0
2004,8,17.2,3.0,8.2,0.0,11.75,0.0
2004,9,16.9,3.2,8.7,0.0,9.23,0.0
2004,10,16.2,3.4,8.7,0.0,12.05,0.0
2004,11,16.4,3.1,8.6,0.0,11.92,0.0
2004,12,16.9,4.0,9.1,0.0,12.21,0.0
2004,13,16.7,4.1,9.0,0.0,11.89,0.0
2004,14,15.5,3.7,9.0,0.0,12.42,0.0
2004,15,10.9,3.7,7.0,0.0,10.24,0.0
2004,16,11.9,1.5,6.2,0.0,11.31,0.0
2004,17,12.7,2.4,7.1,0.0,11.99,0.0
2004,18,11.6,1.8,6.6,0.0,9.53,0.0
2004,19,10.0,1.4,6.3,0.0,10.61,0.0
2004,20,6.7,1.9,4.5,2.2,6.11,0.0
2004,21,10.0,0.1,4.6,0.1,11.5,0.0
2004,22,12.4,0.8,5.7,0.2,12.95,0.0
2004,23,14.0,0.8,7.2,0.0,13.34,0.0
2004,24,8.9,4.5,6.6,0.0,10.31,0.0
2004,25,7.5,3.8,5.2,0.4,8.34,0.0
2004,26,9.3,2.4,5.9,0.6,10.11,0.0
2004,27,10.6,1.4,6.3,1.4,9.45,0.0
2004,28,9.1,2.9,6.1,0.0,9.97,0.0
2004,29,11.8,1.8,6.3,0.0,11.28,0.0
2004,30,11.2,1.8,6.4,0.3,13.15,0.0
2004,31,7.1,2.9,4.8,1.3,9.77,0.0
2004,32,8.5,0.5,5.2,0.7,10.2,0.0
2004,33,11.2,3.0,6.7,23.5,4.9,0.0
2004,34,6.6,0.9,3.7,2.1,12.05,0.0
2004,35,6.5,-0.1,3.1,1.1,10.23,0.0
2004,36,8.6,-2.9,2.2,0.2,13.38,0.0
2004,37,13.2,-1.8,5.3,0.0,15.3,0.0
2004,38,9.4,3.1,6.4,0.1,15.08,0.0
2004,39,10.5,0.2,5.1,0.0,14.56,0.0
2004,40,11.3,1.0,5.5,0.5,15.88,0.0
2004,41,12.3,0.8,5.5,3.4,14.31,0.0
2004,42,13.1,-0.0,6.1,0.0,16.4,0.0
2004,43,14.6,1.2,7.1,0.0,16.83,0.0
2004,44,13.4,1.1,7.2,0.1,10.72,0.0
2004,45,13.2,0.3,6.3,0.0,16.75,0.0
2004,46,14.8,1.6,7.9,0.0,15.84,0.0
2004,47,14.9,5.8,9.7,1.0,4.91,0.0
2004,48,17.8,6.3,11.5,0.0,5.87,0.0
2004,49,14.7,4.9,8.9,15.8,6.83,0.0
2004,50,10.7,3.3,6.8,1.3,11.85,0.0
2004,51,9.0,5.7,6.9,11.5,6.7,0.0
2004,52,9.8,4.7,6.8,5.3,11.81,0.0
2004,53,11.2,4.9,7.1,11.9,10.36,0.0
2004,54,8.3,4.7,6.2,9.9,9.75,0.0
2004,55,10.9,0.8,6.0,0.0,14.55,0.0
2004,56,13.7,1.7,6.8,29.9,5.41,0.0
2004,57,9.1,3.5,6.4,22.4,16.64,0.0
2004,58,6.9,-0.4,3.7,6.0,17.51,0.0
2004,59,7.1,0.2,3.9,0.6,13.98,0.0
2004,60,8.3,1.0,5.3,0.7,13.31,0.0
2004,61,10.0,3.8,6.0,10.0,11.85,0.0
2004,62,9.3,1.6,5.1,1.4,14.55,0.0
2004,63,13.1,-0.5,6.6,0.3,19.56,0.0
2004,64,11.1,3.0,7.5,0.0,15.11,0.0
2004,65,13.0,3.0,8.0,0.0,16.0,0.0
2004,66,16.4,3.8,10.0,0.0,19.52,0.0
2004,67,20.6,5.4,12.4,0.0,20.74,0.0
2004,68,22.8,7.1,14.3,0.0,20.43,0.0
2004,69,22.0,7.9,14.6,0.0,20.86,0.0
2004,70,21.8,8.1,14.1,0.0,21.6,0.0
2004,71,21.8,6.7,14.1,0.0,21.75,0.0
2004,72,20.3,8.3,13.8,0.0,22.02,0.0
2004,73,20.9,6.4,13.6,0.0,22.29,0.0
2004,74,21.0,7.7,14.2,0.0,21.64,0.0
2004,75,21.3,8.4,14.7,0.0,21.47,0.0
2004,76,22.8,8.1,15.2,0.0,22.42,0.0
2004,77,23.3,8.3,15.6,0.0,22.83,0.0
2004,78,24.3,8.7,16.3,0.0,22.83,0.0
2004,79,23.3,9.8,16.2,0.0,23.12,0.0
2004,80,25.6,9.1,16.9,0.0,23.45,0.0
2004,81,24.9,9.0,16.7,0.0,23.53,0.0
2004,82,23.4,9.6,16.2,0.0,22.96,0.0
2004,83,19.5,10.4,14.8,0.0,20.76,0.0
2004,84,17.7,7.2,12.8,0.0,22.94,0.0
2004,85,17.3,8.0,12.9,0.5,23.06,0.0
2004,86,13.9,7.5,10.1,6.6,20.1,0.0
2004,87,16.1,5.0,10.5,0.0,24.54,0.0
2004,88,22.1,5.2,13.7,0.0,24.89,0.0
2004,89,24.9,7.7,16.3,0.0,24.24,0.0
2004,90,22.3,10.9,16.0,0.0,23.82,0.0
2004,91,18.4,7.0,13.3,0.6,24.99,0.0
2004,92,13.0,7.2,10.2,5.2,19.9,0.0
2004,93,16.8,5.4,10.9,0.9,21.37,0.0
2004,94,17.9,7.6,12.6,0.4,20.18,0.0
2004,95,18.5,7.5,13.7,0.7,21.93,0.0
2004,96,18.1,8.7,13.7,1.1,23.7,0.0
2004,97,17.4,7.3,12.7,0.0,26.57,0.0
2004,98,18.7,5.4,12.6,0.0,25.38,0.0
2004,99,20.1,7.8,14.1,0.7,23.69,0.0
2004,100,22.2,7.9,15.4,0.0,25.45,0.0
2004,101,22.6,8.6,15.9,0.0,26.04,0.0
2004,102,23.8,8.4,16.4,0.0,27.44,0.0
2004,103,23.2,9.5,16.5,0.0,25.05,0.0
2004,104,19.3,10.2,14.6,0.0,26.49,0.0
2004,105,17.5,8.3,12.6,0.0,26.6,0.0
2004,106,17.6,7.5,12.6,0.0,27.48,0.0
2004,107,15.6,9.3,12.2,0.0,21.36,0.0
2004,108,10.9,6.3,8.6,6.2,17.1,0.0
2004,109,12.9,4.9,8.6,0.4,20.18,0.0
2004,110,15.9,6.4,10.7,0.0,26.71,0.0
2004,111,18.4,5.9,12.2,0.0,26.88,0.0
2004,112,18.0,9.0,13.1,0.0,27.88,0.0
2004,113,17.4,7.0,12.0,0.0,27.36,0.0
2004,114,21.4,5.1,13.9,0.0,29.28,0.0
2004,115,23.8,7.2,16.1,0.0,28.02,0.0
2004,116,26.4,8.8,18.2,0.7,28.27,0.0
2004,117,28.4,10.0,19.7,0.3,28.38,0.0
2004,118,27.7,11.2,20.1,0.4,27.31,0.0
2004,119,25.1,10.9,18.8,0.0,29.84,0.0
2004,120,20.8,8.9,15.8,0.0,28.68,0.0
2004,121,23.4,7.2,16.3,0.0,29.89,0.0
2004,122,26.3,8.9,18.3,0.0,29.45,0.0
2004,123,28.6,11.4,20.6,0.0,29.35,0.0
2004,124,29.7,13.3,22.2,0.0,28.11,0.0
2004,125,30.1,15.2,22.9,0.0,29.94,0.0
2004,126,27.1,13.1,20.8,0.0,30.42,0.0
2004,127,25.5,13.2,19.5,0.0,29.77,0.0
2004,128,26.3,12.5,19.7,0.0,30.33,0.0
2004,129,23.1,12.5,17.8,0.0,29.98,0.0
2004,130,22.8,8.7,16.7,0.0,30.37,0.0
2004,131,18.0,10.6,14.9,0.0,30.53,0.0
2004,132,18.6,9.1,13.6,0.0,30.85,0.0
2004,133,20.2,6.4,14.2,0.0,30.14,0.0
2004,134,24.2,7.9,17.1,0.0,30.36,0.0
2004,135,25.4,9.1,18.3,0.0,31.02,0.0
2004,136,24.6,9.5,18.1,0.0,27.66,0.0
2004,137,24.0,9.4,18.1,0.0,30.35,0.0
2004,138,21.9,14.1,17.6,0.0,27.06,0.0
2004,139,19.7,10.6,15.2,0.0,30.7,0.0
2004,140,20.5,8.6,15.2,0.0,31.03,0.0
2004,141,20.9,7.7,15.1,0.0,31.11,0.0
2004,142,20.0,11.2,15.3,0.2,30.23,0.0
2004,143,21.2,8.7,15.5,0.0,30.78,0.0
2004,144,21.3,9.3,15.9,0.0,31.17,0.0
2004,145,20.8,8.0,15.2,0.0,30.47,0.0
2004,146,18.4,8.3,14.0,10.4,22.93,0.0
2004,147,21.9,7.4,15.7,1.8,30.78,0.0
2004,148,25.3,11.0,19.0,0.0,29.42,0.0
2004,149,20.7,14.2,17.3,1.9,24.47,0.0
2004,150,21.0,10.4,16.0,0.0,30.56,0.0
2004,151,25.8,10.5,19.0,0.0,31.34,0.0
2004,152,28.4,12.0,21.2,0.0,31.11,0.0
2004,153,28.4,13.7,21.8,0.0,31.63,0.0
2004,154,29.5,13.9,22.8,0.0,31.01,0.0
2004,155,30.2,14.5,23.3,0.0,31.85,0.0
2004,156,29.7,13.4,22.8,0.0,31.67,0.0
2004,157,28.1,14.9,22.4,0.0,30.47,0.0
2004,158,27.8,14.4,22.1,0.0,30.95,0.0
2004,159,25.1,16.1,20.6,0.0,31.77,0.0
2004,160,21.0,13.0,16.9,0.0,32.03,0.0
2004,161,18.3,9.5,13.9,0.8,28.44,0.0
2004,162,22.6,10.3,16.6,0.0,31.5,0.0
2004,163,24.8,10.7,18.7,0.0,31.86,0.0
2004,164,25.9,11.1,19.7,0.0,31.3,0.0
2004,165,28.0,13.8,21.9,0.0,30.55,0.0
2004,166,27.4,14.9,22.2,2.4,26.19,0.0
2004,167,29.9,15.2,23.6,0.6,25.96,0.0
2004,168,30.3,16.7,24.6,0.0,26.47,0.0
2004,169,28.1,15.9,22.9,0.0,28.27,0.0
2004,170,27.6,15.8,22.2,0.0,29.86,0.0
2004,171,27.3,14.5,21.5,0.0,30.7,0.0
2004,172,27.1,15.6,22.0,0.1,28.93,0.0
2004,173,27.4,14.4,22.1,0.4,28.74,0.0
2004,174,29.1,15.5,23.3,2.5,29.22,0.0
2004,175,29.1,15.2,23.1,1.7,30.62,0.0
2004,176,28.7,15.4,22.7,0.0,30.03,0.0
2004,177,28.0,15.3,22.4,0.0,29.98,0.0
2004,178,27.1,15.1,21.8,0.2,29.51,0.0
2004,179,28.5,14.0,22.1,1.5,30.98,0.0
2004,180,28.1,14.7,22.2,3.2,28.75,0.0
2004,181,25.9,14.2,20.9,2.6,29.8,0.0
2004,182,24.9,14.4,19.6,7.0,27.93,0.0
2004,183,23.8,14.0,19.3,7.3,25.1,0.0
2004,184,25.5,13.2,20.4,5.4,28.36,0.0
2004,185,28.0,14.6,21.7,2.5,28.06,0.0
2004,186,28.9,15.7,23.1,0.5,29.58,0.0
2004,187,30.6,17.1,24.7,1.1,30.24,0.0
2004,188,31.2,18.0,25.2,2.0,30.48,0.0
2004,189,29.8,17.9,24.5,0.1,28.63,0.0
2004,190,28.7,16.6,23.5,0.0,28.42,0.0
2004,191,29.1,17.0,23.2,0.0,31.46,0.0
2004,192,30.5,13.7,23.4,0.0,31.97,0.0
2004,193,32.3,15.6,24.8,0.0,32.19,0.0
2004,194,33.6,18.0,26.5,0.0,31.26,0.0
2004,195,32.2,17.7,25.7,0.0,31.08,0.0
2004,196,31.9,17.5,25.4,0.0,30.76,0.0
2004,197,30.7,17.9,24.8,0.5,27.11,0.0
2004,198,30.4,17.3,24.4,8.0,27.02,0.0
2004,199,29.8,18.0,24.7,1.9,26.2,0.0
2004,200,30.3,18.2,25.1,0.0,26.65,0.0
2004,201,30.7,18.7,25.1,0.0,27.76,0.0
2004,202,31.5,17.7,25.3,0.0,30.54,0.0
2004,203,32.7,17.3,25.6,0.0,30.23,0.0
2004,204,32.3,17.6,25.8,0.0,29.71,0.0
2004,205,31.9,18.1,25.7,0.0,30.52,0.0
2004,206,32.7,18.1,26.2,0.0,30.7,0.0
2004,207,34.5,17.0,26.7,0.0,31.05,0.0
2004,208,34.5,19.1,27.2,0.0,31.01,0.0
2004,209,32.2,18.5,25.6,0.0,30.4,0.0
2004,210,31.4,17.6,25.2,0.0,28.14,0.0
2004,211,31.9,17.4,25.2,0.0,30.25,0.0
2004,212,31.4,16.9,24.8,0.0,30.09,0.0
2004,213,31.1,17.0,24.7,0.0,29.89,0.0
2004,214,30.3,17.1,24.3,0.0,28.68,0.0
2004,215,28.6,15.9,22.8,0.0,29.76,0.0
2004,216,28.7,14.7,22.4,0.0,29.87,0.0
2004,217,29.6,15.0,23.2,0.0,29.79,0.0
2004,218,29.3,16.9,23.5,0.0,29.98,0.0
2004,219,29.8,16.1,23.0,0.0,29.91,0.0
2004,220,30.7,14.9,23.7,0.0,29.55,0.0
2004,221,33.3,16.2,25.5,0.0,28.87,0.0
2004,222,34.3,18.1,27.0,0.0,28.53,0.0
2004,223,34.7,18.9,27.4,0.0,28.69,0.0
2004,224,35.5,20.4,28.4,0.0,27.9,0.0
2004,225,34.8,22.1,28.5,0.0,24.01,0.0
2004,226,32.9,20.7,27.4,0.5,21.59,0.0
2004,227,31.9,20.4,26.4,0.0,23.93,0.0
2004,228,29.3,18.1,24.4,0.0,22.63,0.0
2004,229,30.4,18.3,24.5,0.0,23.96,0.0
2004,230,31.5,17.4,24.8,0.0,25.93,0.0
2004,231,31.5,17.8,25.1,0.6,25.88,0.0
2004,232,31.3,18.6,25.4,0.5,24.19,0.0
2004,233,31.0,18.2,25.0,0.5,24.78,0.0
2004,234,29.6,18.7,24.4,1.6,22.97,0.0
2004,235,26.7,16.5,21.9,0.0,24.96,0.0
2004,236,25.7,17.5,21.3,0.0,25.46,0.0
2004,237,26.2,15.9,21.0,0.0,24.41,0.0
2004,238,28.3,16.5,22.4,0.0,26.61,0.0
2004,239,27.4,17.8,22.2,0.0,27.08,0.0
2004,240,29.7,14.7,22.6,0.0,26.7,0.0
2004,241,32.6,16.3,24.6,0.0,26.55,0.0
2004,242,32.9,17.4,25.7,0.0,26.42,0.0
2004,243,32.6,17.8,25.6,0.0,26.16,0.0
2004,244,32.8,17.9,25.7,0.0,26.34,0.0
2004,245,32.0,17.9,25.1,0.0,25.0,0.0
2004,246,30.0,18.7,24.3,0.0,25.72,0.0
2004,247,24.4,15.8,20.9,0.0,25.33,0.0
2004,248,28.0,11.7,20.2,0.0,26.17,0.0
2004,249,31.4,13.5,22.6,0.0,26.03,0.0
2004,250,32.3,15.1,23.9,0.0,25.85,0.0
2004,251,32.6,16.0,24.5,0.0,25.54,0.0
2004,252,34.1,17.6,25.8,0.0,25.2,0.0
2004,253,32.8,18.7,26.0,0.0,22.86,0.0
2004,254,32.5,19.0,25.7,0.0,22.26,0.0
2004,255,32.2,17.9,25.2,0.0,22.21,0.0
2004,256,30.5,17.4,24.1,0.0,24.35,0.0
2004,257,26.3,16.4,21.2,0.0,24.33,0.0
2004,258,26.4,13.3,20.3,0.0,24.2,0.0
2004,259,28.4,14.4,21.6,0.0,23.73,0.0
2004,260,29.2,14.9,22.3,0.0,23.89,0.0
2004,261,29.3,15.7,22.8,0.0,23.72,0.0
2004,262,23.1,15.9,19.2,0.0,21.89,0.0
2004,263,16.8,9.9,13.5,0.0,21.55,0.0
2004,264,17.6,8.4,12.7,0.1,22.89,0.0
2004,265,21.9,7.2,14.6,0.0,23.37,0.0
2004,266,26.0,9.1,17.7,0.0,23.03,0.0
2004,267,28.0,12.3,20.1,0.0,21.32,0.0
2004,268,29.5,13.1,21.5,0.0,22.44,0.0
2004,269,30.3,13.9,22.3,0.0,22.31,0.0
2004,270,29.9,15.3,22.5,0.0,22.46,0.0
2004,271,28.9,14.6,21.8,0.0,22.0,0.0
2004,272,23.4,14.6,18.7,0.0,19.22,0.0
2004,273,21.8,11.8,16.6,0.3,19.53,0.0
2004,274,21.9,11.7,16.8,0.2,16.95,0.0
2004,275,22.9,10.3,16.9,1.2,19.03,0.0
2004,276,25.7,11.0,18.0,0.3,19.81,0.0
2004,277,26.8,11.6,19.3,0.0,20.51,0.0
2004,278,25.4,12.1,18.9,0.0,18.91,0.0
2004,279,25.6,11.8,18.7,0.0,19.47,0.0
2004,280,26.9,12.3,19.7,0.0,19.77,0.0
2004,281,26.2,12.7,19.5,0.0,19.9,0.0
2004,282,27.0,12.8,20.0,0.0,16.59,0.0
2004,283,22.6,13.7,18.2,0.0,19.23,0.0
2004,284,20.8,10.1,15.6,0.0,19.13,0.0
2004,285,22.6,9.3,16.2,0.5,15.39,0.0
2004,286,26.3,10.9,18.0,0.0,18.78,0.0
2004,287,27.9,11.3,19.0,0.0,18.81,0.0
2004,288,27.9,12.0,19.6,0.0,18.75,0.0
2004,289,27.2,12.8,19.5,0.0,17.88,0.0
2004,290,22.2,13.2,17.4,0.0,18.14,0.0
2004,291,16.4,11.3,13.4,11.4,6.18,0.0
2004,292,15.8,11.3,13.1,5.7,9.73,0.0
2004,293,13.7,9.6,11.4,33.0,2.44,0.0
2004,294,14.0,6.3,10.4,17.0,7.98,0.0
2004,295,12.7,4.0,8.1,0.3,14.65,0.0
2004,296,14.5,3.7,9.3,0.0,15.38,0.0
2004,297,15.2,5.2,10.4,0.0,13.42,0.0
2004,298,15.7,7.5,11.4,0.4,14.91,0.0
2004,299,14.3,8.1,10.9,0.0,12.56,0.0
2004,300,13.2,7.5,9.5,31.5,4.47,0.0
2004,301,10.2,3.3,7.0,5.5,13.87,0.0
2004,302,10.8,1.9,6.3,0.0,14.34,0.0
2004,303,13.3,1.3,7.0,0.0,15.98,0.0
2004,304,14.2,2.3,8.0,0.0,15.7,0.0
2004,305,12.0,3.6,7.7,0.1,11.64,0.0
2004,306,15.8,3.6,9.0,0.1,14.52,0.0
2004,307,17.9,4.4,10.7,0.0,15.26,0.0
2004,308,16.0,5.8,10.1,5.6,14.13,0.0
2004,309,13.0,4.6,8.2,5.1,13.24,0.0
2004,310,16.3,4.4,9.4,0.0,14.79,0.0
2004,311,16.5,5.4,9.9,1.4,14.74,0.0
2004,312,14.8,6.3,9.7,7.9,8.86,0.0
2004,313,10.5,7.4,8.9,12.6,3.63,0.0
2004,314,14.1,5.9,9.6,0.1,11.44,0.0
2004,315,14.7,5.7,9.6,0.0,14.0,0.0
2004,316,12.6,5.9,8.9,1.0,10.33,0.0
2004,317,13.4,5.3,8.7,0.4,11.62,0.0
2004,318,13.8,5.6,9.2,0.4,12.43,0.0
2004,319,15.9,4.3,9.3,0.0,13.41,0.0
2004,320,16.8,4.6,10.1,0.0,13.15,0.0
2004,321,17.3,6.3,10.8,0.0,13.09,0.0
2004,322,16.4,5.3,10.2,0.0,12.28,0.0
2004,323,15.1,5.1,9.4,0.0,12.41,0.0
2004,324,11.8,5.2,8.1,0.0,9.97,0.0
2004,325,12.6,3.3,7.6,2.6,11.89,0.0
2004,326,8.3,2.9,5.3,3.1,10.36,0.0
2004,327,11.6,2.4,6.4,0.0,12.66,0.0
2004,328,12.0,1.3,5.9,0.0,12.55,0.0
2004,329,14.4,2.0,7.5,0.0,12.56,0.0
2004,330,14.2,3.8,8.6,0.0,12.4,0.0
2004,331,12.5,3.7,8.2,0.0,10.64,0.0
2004,332,11.6,4.7,7.6,14.7,3.46,0.0
2004,333,5.7,-1.3,3.0,2.0,9.91,0.0
2004,334,9.1,-3.5,2.4,0.0,12.7,0.0
2004,335,8.6,-0.7,3.1,0.0,11.41,0.0
2004,336,8.3,-2.0,2.4,0.0,12.07,0.0
2004,337,9.1,-1.7,2.7,0.0,11.98,0.0
2004,338,10.7,-0.9,3.5,0.0,11.96,0.0
2004,339,9.5,-0.8,3.5,0.0,11.38,0.0
2004,340,10.2,-1.0,3.8,0.0,9.16,0.0
2004,341,9.0,0.3,3.9,0.0,9.18,0.0
2004,342,8.8,1.7,4.4,19.5,2.55,0.0
2004,343,11.0,2.8,6.5,0.6,5.74,0.0
2004,344,13.6,5.1,8.3,0.0,8.99,0.0
2004,345,18.7,5.0,10.2,0.0,10.53,0.0
2004,346,21.0,7.5,12.7,0.0,11.26,0.0
2004,347,20.5,7.7,12.8,0.0,11.31,0.0
2004,348,16.3,4.4,9.8,0.0,11.3,0.0
2004,349,15.0,4.7,9.0,0.0,9.27,0.0
2004,350,14.9,3.0,7.7,0.0,9.54,0.0
2004,351,17.1,3.2,8.8,0.0,10.93,0.0
2004,352,15.5,3.1,8.1,0.0,11.32,0.0
2004,353,17.7,2.9,8.6,0.0,11.39,0.0
2004,354,18.2,4.5,10.1,0.0,11.21,0.0
2004,355,15.3,3.9,9.1,0.0,11.12,0.0
2004,356,11.8,1.9,7.4,0.0,11.06,0.0
2004,357,12.3,2.3,6.3,0.0,10.69,0.0
2004,358,11.5,2.4,6.2,0.0,11.46,0.0
2004,359,13.2,1.2,6.3,0.0,11.4,0.0
2004,360,13.8,1.5,6.7,0.0,11.33,0.0
2004,361,11.3,3.0,7.0,1.7,4.22,0.0
2004,362,14.4,6.7,9.1,5.7,8.4,0.0
2004,363,11.5,5.2,7.4,17.2,5.52,0.0
2004,364,7.7,0.9,5.0,21.5,7.04,0.0
2004,365,6.2,0.3,4.2,28.7,1.53,0.0
2004,366,6.9,-0.4,4.5,36.8,5.93,0.0
2005,1,6.7,-2.6,2.2,0.6,8.34,0.0
2005,2,7.9,1.1,4.3,4.3,7.97,0.0
2005,3,6.6,3.1,4.6,17.0,4.45,0.0
2005,4,3.9,0.1,2.5,7.7,5.77,0.0
2005,5,5.8,-5.1,0.5,0.0,11.77,0.0
2005,6,6.0,-2.4,1.8,0.3,10.13,0.0
2005,7,9.0,0.6,4.8,24.2,4.08,0.0
2005,8,8.4,5.8,6.9,44.8,3.41,0.0
2005,9,13.4,6.3,9.6,45.9,3.06,0.0
2005,10,12.1,5.6,8.4,33.6,2.48,0.0
2005,11,8.9,2.0,4.5,31.2,6.08,0.0
2005,12,6.7,-2.1,1.9,0.0,8.97,0.0
2005,13,9.5,-1.4,4.0,0.0,7.11,0.0
2005,14,11.8,-0.6,4.7,0.0,12.81,0.0
2005,15,15.1,0.7,6.5,0.0,12.77,0.0
2005,16,14.3,2.4,7.7,0.0,12.36,0.0
2005,17,14.6,0.8,6.0,0.0,12.1,0.0
2005,18,16.5,2.6,7.9,0.0,10.97,0.0
2005,19,18.6,4.2,9.6,0.0,12.93,0.0
2005,20,18.1,4.9,10.3,0.0,13.12,0.0
2005,21,16.8,5.0,9.8,0.0,13.0,0.0
2005,22,17.6,4.6,10.1,0.0,13.15,0.0
2005,23,17.8,5.3,10.3,0.0,13.21,0.0
2005,24,17.2,5.9,10.8,0.7,11.01,0.0
2005,25,16.1,8.2,11.4,1.9,8.27,0.0
2005,26,12.4,6.3,9.1,8.6,6.6,0.0
2005,27,11.3,3.4,7.4,0.0,10.84,0.0
2005,28,8.9,3.1,5.6,10.3,4.19,0.0
2005,29,6.9,1.9,4.2,0.7,9.35,0.0
2005,30,10.5,0.3,4.7,0.1,13.42,0.0
2005,31,13.0,0.7,6.2,0.0,14.35,0.0
2005,32,13.7,2.2,7.0,0.0,14.84,0.0
2005,33,14.3,2.6,7.3,0.3,14.93,0.0
2005,34,15.0,3.2,8.0,0.0,14.87,0.0
2005,35,14.5,1.5,7.5,0.0,15.44,0.0
2005,36,13.8,3.9,8.3,0.0,14.13,0.0
2005,37,10.1,4.3,6.8,3.0,10.23,0.0
2005,38,7.7,3.0,5.2,1.5,7.34,0.0
2005,39,11.6,2.3,6.6,0.1,11.88,0.0
2005,40,14.1,3.6,7.8,0.0,13.83,0.0
2005,41,15.8,2.9,8.5,0.0,14.11,0.0
2005,42,13.2,7.5,9.6,11.0,6.66,0.0
2005,43,12.8,7.2,9.4,2.2,8.7,0.0
2005,44,13.8,5.2,9.6,0.2,10.81,0.0
2005,45,11.6,6.2,9.2,1.1,9.54,0.0
2005,46,12.3,5.8,9.6,2.1,7.7,0.0
2005,47,14.8,5.1,10.1,0.0,11.4,0.0
2005,48,17.4,5.8,11.0,1.9,14.49,0.0
2005,49,11.8,5.9,8.9,12.8,6.7,0.0
2005,50,13.0,4.3,7.6,11.0,8.11,0.0
2005,51,13.7,3.5,8.3,2.7,13.43,0.0
2005,52,14.3,5.9,9.5,12.2,11.2,0.0
2005,53,13.1,4.0,7.7,7.7,13.22,0.0
2005,54,12.5,3.4,7.4,5.4,15.8,0.0
2005,55,12.3,2.0,6.9,3.0,14.8,0.0
2005,56,12.4,2.3,6.9,0.9,14.32,0.0
2005,57,12.5,1.7,6.8,0.9,15.84,0.0
2005,58,14.4,2.7,8.3,0.4,15.8,0.0
2005,59,13.1,5.0,9.2,6.4,14.33,0.0
2005,60,13.4,3.3,8.5,0.0,13.31,0.0
2005,61,12.8,5.6,9.0,0.0,13.97,0.0
2005,62,13.2,4.1,8.9,0.1,14.29,0.0
2005,63,12.7,6.1,9.3,7.9,11.87,0.0
2005,64,14.2,5.3,8.9,0.6,14.79,0.0
2005,65,16.9,3.9,9.6,0.0,20.22,0.0
2005,66,18.5,4.2,11.0,0.0,20.46,0.0
2005,67,20.5,5.9,12.7,0.0,20.96,0.0
2005,68,21.2,6.6,13.5,0.0,20.59,0.0
2005,69,20.0,7.4,13.3,0.5,16.65,0.0
2005,70,23.5,9.8,15.9,0.0,21.31,0.0
2005,71,21.7,9.2,15.0,0.0,21.84,0.0
2005,72,16.6,8.1,12.4,0.6,15.41,0.0
2005,73,15.0,6.4,11.2,8.4,16.75,0.0
2005,74,15.6,3.4,9.4,0.0,20.88,0.0
2005,75,15.8,3.5,9.9,0.0,19.07,0.0
2005,76,14.8,4.5,10.0,0.0,17.73,0.0
2005,77,11.8,7.7,9.2,0.6,9.29,0.0
2005,78,11.7,6.2,9.0,17.4,7.38,0.0
2005,79,12.3,4.4,8.0,11.5,17.32,0.0
2005,80,13.4,2.2,8.5,0.9,17.03,0.0
2005,81,12.6,6.4,9.1,47.8,5.17,0.0
2005,82,7.7,3.9,5.7,16.5,18.96,0.0
2005,83,9.3,3.8,6.4,2.4,17.73,0.0
2005,84,11.5,-0.1,6.0,0.0,22.7,0.0
2005,85,15.3,1.6,8.9,0.0,22.27,0.0
2005,86,19.2,4.7,12.4,0.0,22.31,0.0
2005,87,11.4,5.4,8.4,21.5,19.49,0.0
2005,88,9.7,4.3,7.2,0.4,14.13,0.0
2005,89,11.9,3.6,7.9,0.0,19.13,0.0
2005,90,17.8,2.9,10.2,0.0,25.62,0.0
2005,91,19.6,5.0,12.3,0.0,25.1,0.0
2005,92,19.3,5.6,12.9,0.0,24.6,0.0
2005,93,14.4,7.8,11.5,0.7,18.46,0.0
2005,94,11.9,3.4,7.3,9.0,22.78,0.0
2005,95,18.4,3.3,10.9,0.0,26.02,0.0
2005,96,22.6,6.4,14.9,0.0,24.51,0.0
2005,97,14.6,5.3,10.8,6.4,15.53,0.0
2005,98,10.5,3.6,6.5,11.2,16.62,0.0
2005,99,9.6,2.9,6.1,2.2,20.44,0.0
2005,100,14.4,2.1,8.2,0.0,23.75,0.0
2005,101,17.3,4.7,11.0,0.0,25.68,0.0
2005,102,17.6,4.7,11.4,0.0,25.87,0.0
2005,103,11.2,4.7,8.8,0.2,18.22,0.0
2005,104,15.0,1.8,8.6,0.0,27.81,0.0
2005,105,18.5,3.9,11.5,0.0,27.9,0.0
2005,106,21.8,6.0,14.4,0.0,27.93,0.0
2005,107,20.3,8.3,14.4,0.0,27.39,0.0
2005,108,14.7,9.0,12.0,0.0,24.06,0.0
2005,109,12.8,5.5,9.4,1.8,27.33,0.0
2005,110,16.2,2.2,9.6,0.0,28.73,0.0
2005,111,19.9,4.3,12.5,0.0,28.53,0.0
2005,112,21.3,7.1,13.6,1.7,20.22,0.0
2005,113,16.9,5.8,11.6,4.3,23.0,0.0
2005,114,13.2,8.3,10.4,5.8,21.69,0.0
2005,115,16.5,5.3,11.4,0.0,25.66,0.0
2005,116,19.0,6.6,13.0,2.9,25.84,0.0
2005,117,16.5,8.5,12.1,2.7,23.64,0.0
2005,118,12.9,7.6,9.7,10.7,17.35,0.0
2005,119,16.2,5.9,11.1,0.0,22.72,0.0
2005,120,17.5,7.1,12.8,0.0,22.7,0.0
2005,121,18.4,7.3,13.0,0.2,27.56,0.0
2005,122,19.3,7.3,13.8,0.2,28.72,0.0
2005,123,20.7,7.2,14.3,0.0,28.25,0.0
2005,124,20.3,8.2,14.9,0.0,22.41,0.0
2005,125,15.4,9.3,12.3,20.9,13.31,0.0
2005,126,14.7,8.4,10.8,11.6,20.6,0.0
2005,127,16.4,6.1,11.6,0.0,25.65,0.0
2005,128,18.6,7.3,13.6,1.6,26.1,0.0
2005,129,14.1,7.4,11.5,15.8,20.84,0.0
2005,130,12.9,5.8,9.4,1.1,26.54,0.0
2005,131,16.6,3.9,10.7,0.0,26.84,0.0
2005,132,20.8,6.0,14.0,0.0,30.25,0.0
2005,133,22.7,9.6,16.6,0.0,26.08,0.0
2005,134,23.8,10.1,17.4,0.0,28.97,0.0
2005,135,23.5,10.8,17.9,0.0,29.46,0.0
2005,136,15.5,9.4,14.0,16.5,16.39,0.0
2005,137,18.5,6.4,12.9,0.0,27.96,0.0
2005,138,23.1,8.6,16.7,0.0,30.25,0.0
2005,139,24.9,10.1,18.4,0.0,30.46,0.0
2005,140,23.9,12.1,18.1,0.0,29.54,0.0
2005,141,24.0,10.5,17.9,0.0,30.45,0.0
2005,142,25.5,11.9,19.4,0.0,30.43,0.0
2005,143,25.6,12.4,19.7,0.0,31.01,0.0
2005,144,25.6,11.8,19.7,0.0,30.72,0.0
2005,145,27.4,13.6,21.4,0.6,29.86,0.0
2005,146,27.1,14.4,21.7,1.8,29.87,0.0
2005,147,27.0,14.5,21.4,0.9,28.84,0.0
2005,148,25.5,15.3,20.7,0.0,28.71,0.0
2005,149,19.8,13.0,16.4,0.0,30.99,0.0
2005,150,22.1,9.4,16.7,0.0,31.28,0.0
2005,151,25.9,12.2,19.8,0.0,28.99,0.0
2005,152,25.7,13.8,20.4,0.0,30.4,0.0
2005,153,23.7,13.9,19.2,0.0,31.86,0.0
2005,154,23.7,9.9,17.9,0.0,31.32,0.0
2005,155,24.7,11.4,19.0,0.0,30.28,0.0
2005,156,21.9,13.0,17.7,0.0,31.49,0.0
2005,157,19.3,10.7,14.7,0.0,32.24,0.0
2005,158,19.5,7.2,13.8,0.0,32.1,0.0
2005,159,19.8,10.1,15.1,0.0,28.99,0.0
2005,160,19.7,11.6,15.8,2.6,23.34,0.0
2005,161,22.7,10.9,17.8,0.0,28.07,0.0
2005,162,23.4,12.0,18.6,0.0,30.77,0.0
2005,163,25.2,12.8,19.7,0.0,29.05,0.0
2005,164,29.0,14.0,22.5,0.0,30.42,0.0
2005,165,29.7,16.0,23.6,0.0,29.23,0.0
2005,166,28.3,15.0,22.3,0.0,31.76,0.0
2005,167,25.0,16.3,20.4,0.0,29.46,0.0
2005,168,20.0,13.6,16.7,0.0,27.05,0.0
2005,169,20.0,11.8,15.5,0.0,28.77,0.0
2005,170,23.7,9.1,17.4,0.0,32.01,0.0
2005,171,27.7,11.2,20.4,0.0,32.11,0.0
2005,172,28.5,12.9,21.8,0.0,31.77,0.0
2005,173,28.7,13.9,22.3,0.0,32.03,0.0
2005,174,27.9,15.4,22.4,0.0,31.47,0.0
2005,175,27.7,14.0,21.6,0.0,31.03,0.0
2005,176,25.4,14.4,20.2,0.0,30.81,0.0
2005,177,26.1,12.1,20.0,0.0,31.79,0.0
2005,178,28.1,12.4,21.0,0.0,31.27,0.0
2005,179,26.1,15.0,20.9,0.0,31.54,0.0
2005,180,29.3,14.5,22.8,0.0,31.64,0.0
2005,181,31.5,15.8,24.7,0.0,31.55,0.0
2005,182,32.5,18.6,26.1,0.0,31.05,0.0
2005,183,31.4,18.3,25.3,0.0,30.63,0.0
2005,184,31.3,16.8,24.9,0.0,32.06,0.0
2005,185,30.9,16.7,24.5,0.0,31.71,0.0
2005,186,30.1,16.5,24.1,0.0,31.02,0.0
2005,187,29.9,16.7,23.9,0.2,31.18,0.0
2005,188,30.6,17.1,24.5,0.0,31.04,0.0
2005,189,29.9,17.7,24.4,0.0,29.86,0.0
2005,190,28.2,18.4,23.1,0.0,30.82,0.0
2005,191,27.5,16.4,22.3,0.0,30.63,0.0
2005,192,31.2,16.7,24.8,0.0,30.59,0.0
2005,193,34.1,18.4,27.1,0.0,30.65,0.0
2005,194,36.1,19.8,28.7,0.0,30.8,0.0
2005,195,36.7,20.8,29.3,0.0,30.49,0.0
2005,196,35.5,21.8,29.1,0.0,25.66,0.0
2005,197,36.0,20.8,29.3,0.0,30.22,0.0
2005,198,37.1,21.6,29.8,0.0,30.16,0.0
2005,199,36.2,22.3,29.5,0.0,30.34,0.0
2005,200,35.8,21.2,29.3,0.0,29.94,0.0
2005,201,36.4,21.9,29.4,0.8,27.3,0.0
2005,202,34.8,23.1,29.2,1.7,25.95,0.0
2005,203,34.0,22.1,28.5,0.0,27.19,0.0
2005,204,34.3,20.6,28.2,0.2,27.98,0.0
2005,205,33.7,21.3,27.8,0.0,27.57,0.0
2005,206,33.0,19.6,26.7,0.0,30.56,0.0
2005,207,33.8,18.1,26.9,0.0,27.71,0.0
2005,208,34.4,20.3,28.0,0.0,29.73,0.0
2005,209,33.9,20.6,27.9,0.9,26.47,0.0
2005,210,33.3,20.0,27.3,0.0,27.66,0.0
2005,211,33.2,19.6,27.2,0.0,27.45,0.0
2005,212,34.2,19.7,27.6,0.0,29.22,0.0
2005,213,34.1,19.5,27.3,0.0,30.28,0.0
2005,214,33.5,18.1,26.2,0.0,30.39,0.0
2005,215,32.8,17.7,25.8,0.0,30.05,0.0
2005,216,33.8,17.9,26.6,0.0,28.74,0.0
2005,217,34.1,19.4,27.6,0.0,24.81,0.0
2005,218,33.7,20.9,27.7,0.4,23.14,0.0
2005,219,33.5,21.1,27.6,2.4,23.81,0.0
2005,220,33.2,20.6,27.4,0.0,25.01,0.0
2005,221,32.9,20.0,26.8,0.0,23.56,0.0
2005,222,32.0,20.1,26.3,0.0,26.42,0.0
2005,223,31.2,18.4,25.3,0.0,26.96,0.0
2005,224,31.8,18.4,25.5,0.0,28.23,0.0
2005,225,30.2,18.1,24.4,0.0,28.06,0.0
2005,226,27.9,17.0,23.2,5.7,24.4,0.0
2005,227,25.5,17.8,21.2,22.1,15.8,0.0
2005,228,28.1,16.3,22.3,1.4,23.65,0.0
2005,229,29.7,16.8,23.6,0.0,26.71,0.0
2005,230,28.6,16.7,23.2,0.0,26.19,0.0
2005,231,28.2,15.8,22.5,0.0,27.6,0.0
2005,232,30.4,15.9,23.6,0.0,27.83,0.0
2005,233,30.9,16.3,24.0,0.0,27.96,0.0
2005,234,31.4,16.3,24.0,0.0,25.97,0.0
2005,235,31.5,16.7,24.4,0.0,27.56,0.0
2005,236,32.2,16.1,24.6,0.0,27.88,0.0
2005,237,32.4,17.0,25.0,0.0,27.51,0.0
2005,238,33.2,18.7,25.9,0.0,26.64,0.0
2005,239,33.3,17.7,26.0,0.0,26.97,0.0
2005,240,34.1,18.2,26.3,0.0,26.78,0.0
2005,241,32.6,19.0,26.0,0.0,26.5,0.0
2005,242,30.2,15.7,23.9,0.0,26.88,0.0
2005,243,30.8,15.4,23.6,0.0,26.75,0.0
2005,244,31.5,15.4,24.0,0.0,26.63,0.0
2005,245,31.4,16.1,24.0,0.0,26.47,0.0
2005,246,31.0,16.1,23.9,0.0,26.14,0.0
2005,247,29.2,17.0,23.2,0.0,26.04,0.0
2005,248,28.7,15.9,22.1,0.0,26.06,0.0
2005,249,29.5,13.5,21.9,0.0,25.92,0.0
2005,250,29.5,14.3,22.1,0.0,25.53,0.0
2005,251,26.5,14.1,21.1,0.0,25.24,0.0
2005,252,21.4,14.5,18.1,1.1,23.28,0.0
2005,253,22.0,12.7,17.5,0.0,22.38,0.0
2005,254,21.2,11.9,16.6,0.0,24.62,0.0
2005,255,22.0,8.9,16.1,0.0,24.66,0.0
2005,256,22.2,10.0,16.6,0.0,24.39,0.0
2005,257,24.2,9.9,17.9,0.0,24.37,0.0
2005,258,26.3,11.1,18.9,0.0,24.27,0.0
2005,259,24.1,13.3,18.8,0.0,23.93,0.0
2005,260,22.8,12.2,17.8,0.0,23.72,0.0
2005,261,23.7,10.1,17.5,0.0,23.28,0.0
2005,262,29.7,11.4,20.6,0.0,23.44,0.0
2005,263,25.9,16.6,20.3,4.3,11.37,0.0
2005,264,25.2,12.7,19.2,0.0,22.1,0.0
2005,265,27.3,13.1,20.5,0.0,22.1,0.0
2005,266,27.0,15.7,21.2,0.0,22.22,0.0
2005,267,22.6,15.0,18.5,0.0,22.45,0.0
2005,268,25.3,10.4,18.2,0.0,21.23,0.0
2005,269,23.5,12.4,18.2,2.0,10.52,0.0
2005,270,23.1,14.6,18.7,0.0,21.88,0.0
2005,271,27.3,11.8,19.3,0.0,21.77,0.0
2005,272,29.3,12.4,21.0,0.0,21.63,0.0
2005,273,30.1,13.5,21.8,0.0,21.56,0.0
2005,274,28.6,14.1,21.4,0.0,21.27,0.0
2005,275,23.9,15.1,19.2,0.0,20.37,0.0
2005,276,19.4,10.8,14.6,0.0,21.06,0.0
2005,277,19.1,6.0,13.1,0.0,20.93,0.0
2005,278,23.3,8.3,15.7,0.0,20.49,0.0
2005,279,26.2,9.8,18.0,0.0,20.33,0.0
2005,280,26.6,11.7,19.1,0.0,20.07,0.0
2005,281,19.1,12.1,16.0,0.0,19.86,0.0
2005,282,19.9,8.2,14.3,0.0,19.58,0.0
2005,283,23.5,8.4,16.1,0.0,19.47,0.0
2005,284,24.2,10.5,17.2,0.0,19.03,0.0
2005,285,24.4,9.8,17.2,0.0,19.09,0.0
2005,286,26.8,10.7,18.5,0.0,18.95,0.0
2005,287,28.6,11.9,19.8,0.0,18.93,0.0
2005,288,18.5,11.3,15.2,0.8,16.54,0.0
2005,289,23.1,7.8,15.2,0.0,18.05,0.0
2005,290,24.0,11.7,17.6,0.0,12.47,0.0
2005,291,16.5,11.7,14.5,5.2,9.86,0.0
2005,292,19.0,8.9,14.1,0.0,16.82,0.0
2005,293,20.0,8.6,14.5,0.0,16.98,0.0
2005,294,22.7,10.0,16.1,0.0,16.08,0.0
2005,295,23.1,10.3,16.5,0.0,16.92,0.0
2005,296,23.4,10.3,16.8,0.0,16.78,0.0
2005,297,23.9,10.7,17.0,1.9,15.98,0.0
2005,298,17.9,10.1,14.2,1.6,13.76,0.0
2005,299,18.3,9.7,13.8,0.0,15.9,0.0
2005,300,14.4,10.3,12.2,2.2,7.67,0.0
2005,301,16.3,9.5,12.0,0.9,13.47,0.0
2005,302,17.4,6.3,11.9,0.0,15.9,0.0
2005,303,17.6,6.4,11.9,0.0,15.73,0.0
2005,304,21.7,8.0,14.3,0.0,15.48,0.0
2005,305,24.9,10.6,16.9,0.0,15.49,0.0
2005,306,21.1,12.4,15.8,0.0,11.75,0.0
2005,307,15.2,9.0,11.8,0.0,13.47,0.0
2005,308,15.5,8.3,11.1,0.0,15.0,0.0
2005,309,15.7,5.2,10.3,0.0,13.29,0.0
2005,310,17.7,7.0,12.0,0.0,11.64,0.0
2005,311,20.7,10.1,15.2,0.0,12.69,0.0
2005,312,19.9,11.4,15.0,0.3,6.06,0.0
2005,313,20.2,8.9,13.5,0.0,13.19,0.0
2005,314,15.1,8.0,11.4,5.3,9.86,0.0
2005,315,14.3,9.0,10.9,1.7,10.52,0.0
2005,316,15.3,4.9,10.4,0.0,12.27,0.0
2005,317,16.8,5.4,10.8,0.0,12.94,0.0
2005,318,17.8,6.8,11.7,0.0,13.33,0.0
2005,319,21.1,7.2,13.4,0.0,13.46,0.0
2005,320,20.8,7.9,13.5,0.0,13.33,0.0
2005,321,21.2,7.3,13.4,0.0,13.38,0.0
2005,322,21.6,6.9,13.1,0.0,13.5,0.0
2005,323,21.6,6.1,13.0,0.0,13.51,0.0
2005,324,21.7,7.2,13.3,0.0,13.24,0.0
2005,325,21.0,6.7,12.9,0.0,12.69,0.0
2005,326,21.1,7.1,13.4,0.0,12.42,0.0
2005,327,19.5,8.0,13.1,0.0,10.2,0.0
2005,328,18.9,6.5,12.1,0.0,12.44,0.0
2005,329,17.6,8.1,11.7,2.0,9.39,0.0
2005,330,9.6,4.9,7.2,0.0,11.15,0.0
2005,331,8.7,3.1,5.7,0.0,11.81,0.0
2005,332,11.7,2.0,6.8,1.8,7.69,0.0
2005,333,13.0,6.9,9.6,1.0,7.15,0.0
2005,334,13.3,5.9,9.7,0.0,9.5,0.0
2005,335,17.2,7.0,11.2,11.8,7.55,0.0
2005,336,10.8,5.7,9.3,55.4,1.77,0.0
2005,337,7.4,1.3,4.2,0.0,9.68,0.0
2005,338,10.1,-0.7,4.2,0.0,11.81,0.0
2005,339,10.8,0.1,4.6,0.0,11.55,0.0
2005,340,11.0,-0.4,4.5,0.0,11.76,0.0
2005,341,12.0,0.8,6.1,0.0,9.71,0.0
2005,342,13.1,5.2,8.6,0.0,7.02,0.0
2005,343,13.6,4.0,7.9,0.0,10.62,0.0
2005,344,14.9,3.0,7.9,0.0,11.19,0.0
2005,345,14.3,2.9,7.8,0.0,10.04,0.0
2005,346,13.1,2.5,6.9,0.0,9.62,0.0
2005,347,12.8,1.4,6.3,0.0,11.38,0.0
2005,348,13.4,1.3,6.5,0.0,10.57,0.0
2005,349,11.9,2.4,6.7,0.0,10.99,0.0
2005,350,10.0,0.8,4.8,0.0,11.25,0.0
2005,351,9.5,1.6,5.1,0.3,8.23,0.0
2005,352,12.8,4.6,8.2,18.5,3.36,0.0
2005,353,17.2,8.1,11.4,0.0,8.34,0.0
2005,354,20.1,7.3,12.5,0.0,10.17,0.0
2005,355,20.8,8.0,14.3,0.0,10.04,0.0
2005,356,18.2,7.4,12.1,0.2,9.04,0.0
2005,357,17.2,7.5,11.4,0.0,8.28,0.0
2005,358,20.0,7.4,12.3,0.0,9.82,0.0
2005,359,18.3,7.7,12.1,0.4,10.8,0.0
2005,360,11.6,4.3,9.1,26.0,8.62,0.0
2005,361,13.7,4.1,8.4,0.0,8.06,0.0
2005,362,13.6,6.8,9.6,7.0,4.28,0.0
2005,363,10.3,4.8,6.7,0.0,7.81,0.0
2005,364,12.0,3.1,7.7,0.0,7.87,0.0
2005,365,11.0,3.3,8.3,43.4,1.49,0.0
2006,1,11.0,1.1,6.4,32.8,2.32,0.0
2006,2,10.2,5.2,8.0,86.9,2.8,0.0
2006,3,11.1,1.4,6.0,7.5,9.97,0.0
2006,4,14.9,-0.1,6.0,0.0,10.35,0.0
2006,5,19.2,4.0,9.5,0.0,10.19,0.0
2006,6,19.3,5.9,11.0,0.0,11.75,0.0
2006,7,12.5,5.8,9.6,0.0,10.47,0.0
2006,8,10.5,2.5,6.0,0.0,9.58,0.0
2006,9,13.1,2.6,7.0,0.0,10.97,0.0
2006,10,13.9,2.9,7.4,0.0,12.2,0.0
2006,11,12.7,3.3,7.4,0.0,9.86,0.0
2006,12,12.3,3.7,8.0,0.0,8.99,0.0
2006,13,17.8,3.9,9.7,0.0,12.26,0.0
2006,14,11.9,3.0,7.0,13.3,6.39,0.0
2006,15,5.4,1.4,3.1,8.3,11.17,0.0
2006,16,7.1,-3.6,1.7,0.0,11.36,0.0
2006,17,11.7,-1.3,5.1,0.0,11.35,0.0
2006,18,7.8,2.3,5.4,9.5,5.88,0.0
2006,19,7.0,-3.4,2.0,0.0,12.19,0.0
2006,20,8.8,-3.4,2.2,0.0,12.78,0.0
2006,21,8.1,-1.0,3.0,0.0,11.08,0.0
2006,22,9.6,1.1,4.5,0.0,10.32,0.0
2006,23,12.9,0.5,5.5,0.0,13.39,0.0
2006,24,15.2,2.3,7.3,0.1,13.85,0.0
2006,25,13.2,1.8,6.6,0.2,13.23,0.0
2006,26,9.9,0.4,5.0,0.3,13.0,0.0
2006,27,8.4,2.1,5.1,0.8,12.0,0.0
2006,28,10.2,0.9,5.5,0.0,10.75,0.0
2006,29,11.4,4.5,7.5,0.0,12.67,0.0
2006,30,13.6,2.5,7.5,1.6,13.44,0.0
2006,31,10.0,4.7,7.1,1.3,10.26,0.0
2006,32,12.4,4.0,8.1,0.0,14.35,0.0
2006,33,13.3,6.7,10.1,0.0,11.62,0.0
2006,34,15.4,5.3,9.7,0.0,11.26,0.0
2006,35,15.0,5.4,9.0,0.0,13.56,0.0
2006,36,16.3,3.0,8.8,0.0,13.26,0.0
2006,37,18.9,3.6,10.1,0.0,14.07,0.0
2006,38,18.6,4.5,10.3,0.0,15.58,0.0
2006,39,18.8,3.2,10.0,0.0,16.2,0.0
2006,40,19.4,3.8,10.7,0.0,16.48,0.0
2006,41,19.1,4.4,11.0,0.0,16.56,0.0
2006,42,18.5,4.5,11.0,0.0,16.32,0.0
2006,43,18.1,5.4,11.2,0.0,14.59,0.0
2006,44,19.6,6.6,12.6,0.0,16.07,0.0
2006,45,16.7,6.4,11.4,0.0,16.86,0.0
2006,46,9.1,2.0,4.7,3.8,13.81,0.0
2006,47,7.8,-1.3,3.0,0.0,16.0,0.0
2006,48,7.4,-1.0,3.4,6.4,10.12,0.0
2006,49,5.9,-2.2,1.9,5.6,16.03,0.0
2006,50,5.7,-3.0,1.5,5.7,14.91,0.0
2006,51,5.9,-5.0,0.2,5.4,11.56,0.0
2006,52,7.7,-6.0,0.8,0.0,18.06,0.0
2006,53,12.1,-3.4,4.2,0.0,18.93,0.0
2006,54,15.1,-0.0,7.1,0.0,19.14,0.0
2006,55,15.5,1.6,8.0,0.0,19.35,0.0
2006,56,17.8,1.8,9.2,0.0,19.34,0.0
2006,57,18.8,5.9,11.4,1.4,14.04,0.0
2006,58,17.8,7.8,11.9,20.0,4.64,0.0
2006,59,12.2,4.6,9.5,25.3,16.37,0.0
2006,60,11.9,0.8,6.4,0.0,17.45,0.0
2006,61,12.0,0.0,6.3,0.6,17.61,0.0
2006,62,6.6,-1.4,4.0,20.5,9.47,0.0
2006,63,9.2,-4.0,2.5,0.0,18.35,0.0
2006,64,15.0,-0.5,7.1,0.2,18.72,0.0
2006,65,10.4,5.6,8.3,12.7,4.1,0.0
2006,66,9.6,3.4,5.6,11.7,14.16,0.0
2006,67,8.3,1.5,4.8,0.0,15.2,0.0
2006,68,8.4,1.4,4.9,8.0,15.81,0.0
2006,69,3.4,-2.6,0.6,10.3,16.57,0.0
2006,70,3.7,-6.5,-0.7,5.2,17.76,0.0
2006,71,4.6,-8.9,-0.9,3.0,18.63,0.0
2006,72,7.7,-5.8,1.3,0.3,16.5,0.0
2006,73,10.2,-2.6,3.6,5.3,15.68,0.0
2006,74,9.7,-2.5,3.9,0.0,16.84,0.0
2006,75,11.8,1.5,6.3,0.6,15.0,0.0
2006,76,9.4,1.9,5.3,6.4,13.91,0.0
2006,77,7.6,2.4,4.6,8.5,17.52,0.0
2006,78,7.5,-1.8,3.4,1.9,18.12,0.0
2006,79,11.1,-2.5,3.9,15.3,19.15,0.0
2006,80,7.1,-2.3,2.6,0.8,20.64,0.0
2006,81,12.3,-4.8,4.2,0.0,22.8,0.0
2006,82,17.7,1.2,9.4,0.0,23.91,0.0
2006,83,17.9,3.1,10.8,0.0,22.82,0.0
2006,84,14.3,5.8,9.0,17.0,9.99,0.0
2006,85,14.4,0.4,8.0,0.0,19.05,0.0
2006,86,17.3,3.6,10.4,3.4,21.03,0.0
2006,87,11.0,5.5,8.9,43.3,3.81,0.0
2006,88,9.0,1.7,5.7,3.4,20.43,0.0
2006,89,13.6,2.7,8.2,1.7,19.42,0.0
2006,90,11.1,6.0,7.9,11.5,13.76,0.0
2006,91,12.6,5.4,8.5,9.3,23.38,0.0
2006,92,15.8,3.0,10.0,0.8,20.84,0.0
2006,93,15.4,9.4,11.7,23.3,4.79,0.0
2006,94,14.2,5.8,10.5,37.2,7.55,0.0
2006,95,7.9,2.8,5.2,20.5,14.16,0.0
2006,96,10.9,0.8,6.3,0.0,21.74,0.0
2006,97,17.3,2.6,9.6,4.3,24.74,0.0
2006,98,14.4,6.3,10.1,0.0,17.74,0.0
2006,99,12.2,5.6,9.2,3.4,15.48,0.0
2006,100,12.5,4.1,7.8,8.0,20.55,0.0
2006,101,14.2,5.3,9.8,0.8,10.37,0.0
2006,102,19.8,6.3,13.3,0.1,25.93,0.0
2006,103,21.8,6.0,14.0,0.0,26.24,0.0
2006,104,16.5,9.0,11.5,15.2,13.73,0.0
2006,105,14.2,8.8,11.1,2.3,17.34,0.0
2006,106,13.2,5.4,9.4,4.4,19.39,0.0
2006,107,12.0,4.0,7.6,5.1,24.85,0.0
2006,108,16.4,2.4,9.7,0.0,27.95,0.0
2006,109,19.0,4.9,12.4,0.0,28.09,0.0
2006,110,21.6,6.4,14.6,0.0,27.76,0.0
2006,111,20.6,9.5,14.0,2.4,24.83,0.0
2006,112,14.0,7.1,10.2,6.3,21.42,0.0
2006,113,11.1,5.9,8.3,7.8,13.77,0.0
2006,114,14.1,7.7,10.7,0.4,19.63,0.0
2006,115,15.8,7.1,11.6,0.9,19.75,0.0
2006,116,13.1,7.2,10.1,3.5,12.73,0.0
2006,117,18.9,5.7,12.5,0.4,25.11,0.0
2006,118,22.3,7.7,15.4,0.0,28.44,0.0
2006,119,22.6,10.2,16.6,0.0,25.8,0.0
2006,120,22.8,10.2,16.8,0.0,26.49,0.0
2006,121,24.0,10.9,17.7,0.0,28.39,0.0
2006,122,22.8,9.8,16.9,0.0,29.27,0.0
2006,123,21.6,9.0,15.7,0.0,27.34,0.0
2006,124,17.0,8.2,13.2,1.2,24.0,0.0
2006,125,19.1,8.5,14.1,0.6,24.17,0.0
2006,126,19.4,10.2,15.2,0.0,23.47,0.0
2006,127,22.5,8.4,16.1,0.0,29.22,0.0
2006,128,22.9,10.4,17.2,0.0,29.54,0.0
2006,129,23.4,10.2,17.9,0.0,28.95,0.0
2006,130,26.9,11.4,20.0,0.0,29.03,0.0
2006,131,28.2,13.4,21.1,0.0,29.17,0.0
2006,132,27.4,12.4,20.5,0.0,28.4,0.0
2006,133,26.0,13.8,20.2,0.0,29.21,0.0
2006,134,27.4,12.4,20.7,0.0,29.25,0.0
2006,135,28.0,16.8,22.4,1.0,21.26,0.0
2006,136,27.8,15.3,21.8,1.0,24.42,0.0
2006,137,29.4,16.9,23.0,1.7,22.65,0.0
2006,138,30.4,16.6,23.4,1.3,26.44,0.0
2006,139,27.2,16.2,22.1,0.3,24.96,0.0
2006,140,24.8,15.0,19.9,0.0,28.9,0.0
2006,141,20.3,13.6,16.5,11.7,7.1,0.0
2006,142,16.7,10.4,12.9,16.9,17.24,0.0
2006,143,21.5,8.9,15.7,0.0,30.56,0.0
2006,144,23.0,10.7,17.3,0.0,30.9,0.0
2006,145,21.6,11.5,16.9,0.0,30.14,0.0
2006,146,19.9,12.0,15.7,0.0,30.06,0.0
2006,147,14.3,7.6,10.8,0.7,28.63,0.0
2006,148,17.6,5.7,12.5,0.0,30.92,0.0
2006,149,20.6,6.4,14.5,0.0,31.22,0.0
2006,150,23.5,8.6,17.3,0.0,31.32,0.0
2006,151,27.2,10.5,19.8,0.0,31.58,0.0
2006,152,28.1,12.9,21.3,0.0,30.92,0.0
2006,153,26.6,13.6,20.8,0.0,30.05,0.0
2006,154,26.6,14.9,21.2,0.3,30.39,0.0
2006,155,28.1,15.6,22.8,0.0,30.06,0.0
2006,156,27.8,14.8,22.3,0.0,30.85,0.0
2006,157,27.8,14.7,22.4,0.0,27.34,0.0
2006,158,27.2,15.4,22.2,0.8,26.53,0.0
2006,159,27.4,14.6,21.7,0.0,29.7,0.0
2006,160,26.2,15.1,20.8,0.0,31.86,0.0
2006,161,25.6,12.1,19.8,0.0,31.48,0.0
2006,162,25.7,13.8,20.4,0.0,31.5,0.0
2006,163,23.3,11.9,18.7,0.0,31.45,0.0
2006,164,20.8,13.2,16.8,0.0,29.17,0.0
2006,165,23.1,10.7,17.4,0.0,31.56,0.0
2006,166,23.5,14.2,19.0,0.0,29.85,0.0
2006,167,28.7,12.7,21.8,0.0,31.8,0.0
2006,168,31.5,14.8,24.0,0.0,31.88,0.0
2006,169,31.4,16.0,24.7,0.0,31.65,0.0
2006,170,29.7,16.2,23.4,0.0,32.01,0.0
2006,171,29.4,13.9,22.7,0.0,31.97,0.0
2006,172,31.3,15.7,24.4,0.0,31.08,0.0
2006,173,34.0,16.9,26.5,0.0,31.3,0.0
2006,174,34.3,17.7,27.4,1.4,29.53,0.0
2006,175,34.0,18.9,27.1,2.1,28.89,0.0
2006,176,33.9,19.2,27.0,2.8,26.81,0.0
2006,177,33.3,20.0,26.4,2.2,22.19,0.0
2006,178,32.2,21.2,26.5,2.6,19.56,0.0
2006,179,31.7,20.9,26.0,2.9,24.42,0.0
2006,180,31.8,17.8,25.6,0.0,29.35,0.0
2006,181,31.2,18.9,25.3,0.0,27.47,0.0
2006,182,30.9,17.1,25.0,0.0,30.74,0.0
2006,183,31.1,16.3,25.0,0.0,28.43,0.0
2006,184,31.9,17.7,25.5,0.0,28.51,0.0
2006,185,31.2,18.8,25.2,0.0,25.8,0.0
2006,186,29.7,18.0,24.4,0.0,28.0,0.0
2006,187,29.4,19.8,24.1,0.0,31.54,0.0
2006,188,31.0,15.0,24.1,0.0,31.83,0.0
2006,189,32.9,17.1,25.9,0.0,28.74,0.0
2006,190,33.3,18.8,26.9,0.7,25.15,0.0
2006,191,34.2,18.8,27.3,0.0,30.48,0.0
2006,192,32.2,18.8,26.2,0.0,30.32,0.0
2006,193,31.6,19.3,25.3,0.0,31.55,0.0
2006,194,33.1,16.0,25.5,0.0,31.72,0.0
2006,195,34.2,18.6,26.9,0.0,31.49,0.0
2006,196,35.9,18.9,28.2,0.0,30.97,0.0
2006,197,36.0,20.7,29.1,0.0,28.94,0.0
2006,198,35.4,21.0,28.8,2.7,25.59,0.0
2006,199,32.4,21.9,27.1,5.6,17.68,0.0
2006,200,34.2,20.6,27.5,5.3,26.47,0.0
2006,201,34.4,20.9,28.1,6.4,26.1,0.0
2006,202,35.6,21.9,27.9,9.3,23.84,0.0
2006,203,36.9,21.5,29.5,1.1,27.33,0.0
2006,204,37.1,22.7,30.1,0.8,26.82,0.0
2006,205,36.5,22.4,30.1,0.0,26.11,0.0
2006,206,37.4,22.7,30.6,0.0,26.31,0.0
2006,207,36.4,22.7,30.1,0.0,26.91,0.0
2006,208,34.7,21.6,28.9,0.6,27.53,0.0
2006,209,31.4,21.2,26.8,0.0,27.35,0.0
2006,210,29.4,20.5,25.2,0.0,27.21,0.0
2006,211,28.8,18.7,24.0,0.0,26.18,0.0
2006,212,28.7,20.5,24.2,0.0,29.51,0.0
2006,213,27.1,17.6,22.5,0.0,28.19,0.0
2006,214,29.2,15.8,23.1,0.3,29.46,0.0
2006,215,30.5,16.5,24.3,0.1,28.27,0.0
2006,216,29.7,17.1,23.8,2.9,27.28,0.0
2006,217,28.8,16.0,22.9,0.0,29.29,0.0
2006,218,29.8,15.6,23.1,0.0,29.09,0.0
2006,219,28.4,15.1,22.4,0.0,29.47,0.0
2006,220,30.1,14.9,23.1,0.0,29.38,0.0
2006,221,32.6,14.9,24.7,0.0,29.74,0.0
2006,222,34.4,17.4,26.3,0.0,29.41,0.0
2006,223,32.5,17.4,25.4,0.0,29.68,0.0
2006,224,30.4,17.0,24.1,0.0,29.16,0.0
2006,225,30.6,15.8,23.9,0.0,29.08,0.0
2006,226,30.1,15.6,23.7,0.0,28.97,0.0
2006,227,29.2,14.6,22.8,0.0,28.85,0.0
2006,228,29.3,15.2,22.8,0.0,28.32,0.0
2006,229,29.2,15.7,23.1,0.0,28.12,0.0
2006,230,30.4,15.5,23.6,0.0,28.32,0.0
2006,231,31.2,15.7,24.0,0.0,28.19,0.0
2006,232,31.5,15.8,24.3,0.0,28.23,0.0
2006,233,32.8,16.0,25.1,0.0,27.95,0.0
2006,234,35.2,19.0,27.4,0.0,27.02,0.0
2006,235,34.4,20.0,27.4,0.0,27.08,0.0
2006,236,33.2,18.3,25.9,0.0,27.73,0.0
2006,237,30.6,17.2,24.2,0.0,27.68,0.0
2006,238,30.1,15.3,23.3,0.0,27.21,0.0
2006,239,32.3,16.5,25.1,0.0,26.89,0.0
2006,240,34.0,17.6,26.4,0.0,26.88,0.0
2006,241,32.2,20.1,26.2,0.0,21.94,0.0
2006,242,32.3,18.2,25.3,0.0,26.93,0.0
2006,243,32.7,17.5,25.3,0.0,26.77,0.0
2006,244,33.5,18.0,26.1,0.0,25.22,0.0
2006,245,32.9,17.7,25.9,0.0,23.95,0.0
2006,246,32.8,19.4,26.3,0.0,23.48,0.0
2006,247,33.0,18.7,26.4,0.0,23.63,0.0
2006,248,33.5,19.1,27.0,0.0,22.28,0.0
2006,249,33.1,19.5,26.7,0.0,20.67,0.0
2006,250,32.3,18.7,25.7,0.0,25.23,0.0
2006,251,29.6,18.2,23.9,0.0,25.43,0.0
2006,252,26.3,16.3,21.2,0.0,25.01,0.0
2006,253,27.2,14.0,21.2,0.1,24.7,0.0
2006,254,30.1,15.0,22.9,0.0,23.94,0.0
2006,255,31.7,16.1,24.3,0.0,23.7,0.0
2006,256,30.6,16.9,24.1,0.7,21.17,0.0
2006,257,27.5,17.7,22.6,0.3,22.1,0.0
2006,258,20.7,12.0,16.5,0.0,24.44,0.0
2006,259,22.0,8.1,15.5,0.0,24.24,0.0
2006,260,26.6,10.5,18.8,0.0,23.85,0.0
2006,261,29.2,12.5,21.0,0.0,23.71,0.0
2006,262,27.9,13.9,21.3,0.0,23.64,0.0
2006,263,24.1,13.3,18.5,0.0,23.31,0.0
2006,264,24.9,11.7,18.6,0.0,22.65,0.0
2006,265,24.0,12.6,18.8,0.0,22.33,0.0
2006,266,26.4,12.3,18.9,0.0,22.76,0.0
2006,267,28.1,11.2,19.5,0.0,22.77,0.0
2006,268,29.3,12.1,20.6,0.0,22.58,0.0
2006,269,29.3,13.4,21.4,0.0,21.6,0.0
2006,270,29.9,13.7,21.9,0.0,22.09,0.0
2006,271,29.6,13.9,21.9,0.0,21.75,0.0
2006,272,29.7,14.5,22.1,0.0,20.49,0.0
2006,273,27.3,15.8,22.0,0.0,17.59,0.0
2006,274,22.5,15.7,19.1,2.2,8.51,0.0
2006,275,22.1,14.0,17.3,4.4,18.93,0.0
2006,276,23.0,11.1,17.0,0.0,19.41,0.0
2006,277,21.3,12.1,16.4,0.0,19.45,0.0
2006,278,17.9,11.6,14.6,0.3,15.43,0.0
2006,279,15.7,9.4,12.4,2.0,17.01,0.0
2006,280,19.0,6.6,13.0,1.9,17.74,0.0
2006,281,21.3,7.8,14.7,1.1,19.35,0.0
2006,282,22.4,9.2,15.8,0.0,18.23,0.0
2006,283,19.9,11.3,15.2,0.0,18.33,0.0
2006,284,23.5,8.3,15.5,0.0,19.09,0.0
2006,285,24.3,9.1,16.5,0.0,19.19,0.0
2006,286,18.0,10.4,13.9,7.3,11.46,0.0
2006,287,15.9,11.2,13.0,4.5,10.71,0.0
2006,288,18.5,8.9,13.8,0.0,17.03,0.0
2006,289,17.1,10.9,13.6,0.2,17.35,0.0
2006,290,15.1,9.0,11.7,0.7,15.13,0.0
2006,291,18.1,5.0,11.7,0.0,18.09,0.0
2006,292,21.0,6.7,13.7,0.0,17.81,0.0
2006,293,23.5,8.6,15.7,0.0,17.69,0.0
2006,294,25.0,10.0,16.9,0.0,17.34,0.0
2006,295,25.0,10.8,17.2,0.0,17.34,0.0
2006,296,24.2,10.0,16.7,0.0,15.18,0.0
2006,297,22.8,10.5,16.0,0.0,16.53,0.0
2006,298,19.4,9.0,13.9,0.0,17.16,0.0
2006,299,21.2,6.2,13.4,0.0,16.97,0.0
2006,300,23.2,6.8,14.4,0.0,16.91,0.0
2006,301,23.7,7.8,15.1,0.0,16.75,0.0
2006,302,20.4,8.2,13.7,0.0,16.43,0.0
2006,303,19.0,5.4,12.1,0.0,16.37,0.0
2006,304,17.3,5.3,11.5,0.0,16.07,0.0
2006,305,19.0,5.9,12.0,0.0,13.18,0.0
2006,306,19.7,8.0,13.4,0.0,12.41,0.0
2006,307,18.9,6.7,12.8,0.0,12.16,0.0
2006,308,18.1,6.5,12.4,0.0,12.21,0.0
2006,309,19.8,7.6,13.4,0.0,14.44,0.0
2006,310,22.6,8.9,15.2,0.0,14.28,0.0
2006,311,23.8,10.6,16.8,0.0,14.41,0.0
2006,312,20.6,11.6,16.1,0.0,14.07,0.0
2006,313,15.1,8.1,11.4,0.0,13.55,0.0
2006,314,18.1,4.6,11.1,0.0,14.11,0.0
2006,315,12.9,7.1,9.8,2.6,4.44,0.0
2006,316,13.7,4.7,9.2,0.8,11.72,0.0
2006,317,15.9,6.6,11.5,0.5,9.88,0.0
2006,318,16.1,9.9,12.5,3.8,9.99,0.0
2006,319,19.8,7.5,13.4,0.0,11.79,0.0
2006,320,19.5,10.5,14.5,0.0,13.35,0.0
2006,321,19.1,7.7,13.6,0.0,13.08,0.0
2006,322,19.7,7.1,13.3,0.0,12.68,0.0
2006,323,22.3,8.1,14.4,0.0,12.69,0.0
2006,324,22.4,9.5,15.1,0.0,12.2,0.0
2006,325,20.0,10.5,14.7,0.0,9.38,0.0
2006,326,16.6,11.1,13.5,0.0,8.59,0.0
2006,327,14.0,6.2,10.7,0.0,12.06,0.0
2006,328,12.6,2.7,7.5,0.0,12.66,0.0
2006,329,10.2,5.6,7.3,0.0,12.43,0.0
2006,330,10.8,5.8,7.5,0.6,11.99,0.0
2006,331,8.8,4.3,6.6,1.2,9.27,0.0
2006,332,7.0,2.4,4.1,1.0,9.7,0.0
2006,333,9.0,2.0,4.4,0.0,11.5,0.0
2006,334,11.9,1.3,6.2,0.0,12.07,0.0
2006,335,12.4,1.3,6.5,0.0,11.99,0.0
2006,336,15.6,2.0,7.7,0.0,12.18,0.0
2006,337,17.1,2.7,8.8,0.0,11.96,0.0
2006,338,17.3,3.5,9.4,0.0,11.98,0.0
2006,339,18.0,3.6,9.6,0.0,12.05,0.0
2006,340,19.2,3.9,10.2,0.0,11.92,0.0
2006,341,20.3,4.7,10.9,0.0,11.92,0.0
2006,342,20.3,4.4,11.2,0.0,11.03,0.0
2006,343,15.3,6.5,10.6,5.0,10.53,0.0
2006,344,7.0,2.8,5.1,22.2,5.97,0.0
2006,345,10.1,-1.3,3.6,0.0,10.84,0.0
2006,346,11.1,0.8,5.8,0.1,7.86,0.0
2006,347,14.4,3.5,8.2,0.0,10.84,0.0
2006,348,14.7,5.5,9.1,0.0,8.58,0.0
2006,349,13.1,6.1,8.6,0.1,8.22,0.0
2006,350,7.7,1.8,5.3,10.0,4.58,0.0
2006,351,4.6,-3.7,1.0,1.3,10.31,0.0
2006,352,5.3,-4.2,0.1,3.2,9.4,0.0
2006,353,7.3,-3.4,1.4,0.8,11.07,0.0
2006,354,8.9,-1.7,2.8,0.0,11.2,0.0
2006,355,9.8,-1.2,4.2,2.8,8.99,0.0
2006,356,6.9,0.7,4.1,2.7,7.28,0.0
2006,357,12.0,-0.2,5.4,0.0,10.77,0.0
2006,358,14.8,1.9,7.8,0.0,10.88,0.0
2006,359,18.5,5.2,10.3,0.0,11.27,0.0
2006,360,18.2,6.4,11.1,0.0,6.39,0.0
2006,361,8.7,1.9,5.0,25.6,4.48,0.0
2006,362,7.0,-4.7,1.0,1.9,11.15,0.0
2006,363,11.2,-5.2,1.1,0.0,11.89,0.0
2006,364,11.7,-1.5,4.5,0.0,11.75,0.0
2006,365,10.8,2.5,5.5,0.0,11.59,0.0
2007,1,8.9,-0.0,3.8,0.0,8.46,0.0
2007,2,15.1,0.4,7.1,0.0,10.41,0.0
2007,3,14.0,4.6,8.7,0.0,11.68,0.0
2007,4,10.5,2.3,7.3,16.8,3.75,0.0
2007,5,5.2,-2.2,1.3,2.8,9.78,0.0
2007,6,9.0,-3.3,2.3,0.0,11.87,0.0
2007,7,12.5,-0.8,4.6,0.0,12.1,0.0
2007,8,16.7,0.7,6.7,0.0,12.37,0.0
2007,9,18.3,2.7,8.9,0.0,12.44,0.0
2007,10,14.6,3.6,7.9,0.0,11.17,0.0
2007,11,6.7,0.2,3.9,1.2,8.29,0.0
2007,12,0.9,-3.7,-1.0,3.1,8.29,0.0
2007,13,3.0,-5.5,-1.9,0.0,13.13,0.0
2007,14,3.6,-5.2,-1.2,0.0,12.5,0.0
2007,15,7.4,-4.5,0.7,0.0,13.19,0.0
2007,16,9.0,-2.6,2.3,0.0,13.14,0.0
2007,17,7.7,-2.2,1.7,0.0,12.85,0.0
2007,18,10.5,-1.6,3.0,0.0,13.3,0.0
2007,19,11.6,0.3,4.7,0.0,13.4,0.0
2007,20,10.2,-0.8,4.4,0.0,13.26,0.0
2007,21,9.5,-1.3,3.5,0.0,13.39,0.0
2007,22,11.6,-1.4,4.3,0.0,13.55,0.0
2007,23,14.5,-0.1,6.1,0.0,13.8,0.0
2007,24,16.6,1.5,7.7,0.0,13.78,0.0
2007,25,16.7,2.5,8.5,0.0,13.87,0.0
2007,26,15.1,3.4,8.4,0.0,14.02,0.0
2007,27,11.3,2.8,7.2,2.6,10.92,0.0
2007,28,11.8,3.7,6.9,8.3,8.39,0.0
2007,29,14.0,2.2,7.0,0.0,13.74,0.0
2007,30,11.1,3.2,6.4,1.3,8.98,0.0
2007,31,8.8,1.1,5.2,0.9,10.06,0.0
2007,32,7.9,0.1,4.4,0.1,10.86,0.0
2007,33,11.6,-0.9,4.9,0.0,13.99,0.0
2007,34,15.3,0.5,7.4,0.0,15.09,0.0
2007,35,19.2,3.2,10.1,0.0,15.09,0.0
2007,36,21.9,5.6,12.3,0.0,13.66,0.0
2007,37,20.4,8.4,13.2,0.0,14.91,0.0
2007,38,15.5,7.6,11.2,0.9,9.28,0.0
2007,39,15.2,3.7,9.5,0.0,9.46,0.0
2007,40,16.4,6.3,11.1,0.0,11.44,0.0
2007,41,14.4,8.3,11.1,6.7,5.13,0.0
2007,42,11.7,6.1,9.4,13.7,10.54,0.0
2007,43,10.7,2.9,6.4,1.7,12.09,0.0
2007,44,9.0,3.9,6.0,3.1,11.84,0.0
2007,45,11.3,-0.2,4.8,0.0,15.8,0.0
2007,46,13.1,0.8,6.5,0.0,16.15,0.0
2007,47,16.0,2.7,8.9,0.0,16.75,0.0
2007,48,19.3,5.3,11.5,0.0,17.16,0.0
2007,49,17.0,7.5,11.1,1.9,9.91,0.0
2007,50,11.0,4.7,8.1,3.4,12.17,0.0
2007,51,13.0,2.7,7.6,0.0,15.05,0.0
2007,52,15.5,3.0,9.0,0.0,18.01,0.0
2007,53,9.8,0.4,6.0,20.3,5.19,0.0
2007,54,5.3,-2.5,1.4,5.4,16.75,0.0
2007,55,8.4,-5.5,1.3,0.0,19.16,0.0
2007,56,7.5,-1.8,3.5,7.5,7.65,0.0
2007,57,10.3,1.7,5.8,6.7,14.23,0.0
2007,58,5.7,-0.8,3.3,28.2,15.17,0.0
2007,59,3.8,-4.8,0.0,10.3,18.69,0.0
2007,60,5.8,-10.7,-1.4,0.0,18.93,0.0
2007,61,9.7,-7.3,1.8,0.0,19.26,0.0
2007,62,14.2,-1.8,5.9,0.0,20.09,0.0
2007,63,17.4,0.5,8.8,0.0,19.58,0.0
2007,64,18.4,4.7,11.3,0.0,19.48,0.0
2007,65,19.5,4.8,12.1,0.0,20.8,0.0
2007,66,19.1,7.7,12.7,0.0,18.13,0.0
2007,67,16.8,4.7,10.8,0.0,19.53,0.0
2007,68,16.3,4.7,10.3,0.0,19.24,0.0
2007,69,17.3,3.4,10.5,0.0,21.07,0.0
2007,70,22.4,5.4,13.7,0.0,21.42,0.0
2007,71,24.4,7.3,15.5,0.0,21.91,0.0
2007,72,23.5,8.0,15.5,0.0,22.2,0.0
2007,73,22.4,8.1,15.1,0.0,22.2,0.0
2007,74,23.1,7.9,15.4,0.0,22.17,0.0
2007,75,26.1,9.0,17.3,0.0,22.61,0.0
2007,76,24.4,10.1,17.1,0.0,22.67,0.0
2007,77,20.2,8.9,14.7,0.0,22.37,0.0
2007,78,19.0,7.8,13.6,0.0,19.79,0.0
2007,79,15.4,7.7,11.2,10.2,14.57,0.0
2007,80,13.6,6.5,9.0,6.7,17.14,0.0
2007,81,18.1,3.5,10.8,0.0,23.43,0.0
2007,82,19.5,6.1,12.6,0.2,23.96,0.0
2007,83,20.8,6.4,13.7,0.0,23.05,0.0
2007,84,19.4,7.9,13.8,0.0,21.24,0.0
2007,85,17.4,8.8,13.0,4.4,19.25,0.0
2007,86,7.5,1.5,4.3,14.2,18.65,0.0
2007,87,11.8,-4.1,4.5,0.0,25.27,0.0
2007,88,16.3,-0.1,8.5,0.0,25.67,0.0
2007,89,19.0,3.8,11.4,0.0,25.1,0.0
2007,90,19.8,5.9,12.9,0.0,25.14,0.0
2007,91,20.6,6.6,13.7,0.0,24.96,0.0
2007,92,19.7,7.2,13.8,0.0,23.98,0.0
2007,93,20.9,6.8,14.6,0.0,24.56,0.0
2007,94,20.8,8.7,15.2,0.0,12.88,0.0
2007,95,20.9,11.8,15.8,3.1,11.78,0.0
2007,96,22.7,9.4,16.3,1.0,22.36,0.0
2007,97,19.4,9.1,14.9,0.0,24.21,0.0
2007,98,18.7,10.4,14.8,0.0,24.72,0.0
2007,99,18.5,9.3,13.6,0.0,26.16,0.0
2007,100,18.0,6.0,12.6,0.0,26.99,0.0
2007,101,13.2,6.8,10.4,0.2,19.36,0.0
2007,102,11.5,4.1,7.0,5.7,23.8,0.0
2007,103,17.7,2.7,10.6,0.0,27.65,0.0
2007,104,15.7,5.7,9.9,1.1,15.18,0.0
2007,105,11.1,4.6,7.1,7.0,16.52,0.0
2007,106,18.0,3.0,11.0,0.0,27.66,0.0
2007,107,19.5,7.3,12.9,0.1,26.24,0.0
2007,108,10.5,3.1,6.7,1.8,25.86,0.0
2007,109,13.3,2.7,8.1,1.4,22.3,0.0
2007,110,11.3,4.6,7.5,9.0,16.91,0.0
2007,111,15.1,1.0,8.7,0.0,25.09,0.0
2007,112,12.2,6.6,9.1,12.8,16.72,0.0
2007,113,15.5,2.7,9.2,0.0,26.61,0.0
2007,114,19.8,3.4,12.2,0.0,28.95,0.0
2007,115,21.2,6.9,14.5,0.0,28.29,0.0
2007,116,21.3,7.5,15.1,0.0,28.72,0.0
2007,117,26.3,9.1,18.3,0.0,27.68,0.0
2007,118,28.7,12.0,20.8,0.0,27.12,0.0
2007,119,27.0,12.9,20.1,0.0,28.34,0.0
2007,120,24.8,10.9,18.4,0.0,27.35,0.0
2007,121,22.9,10.3,17.1,0.0,29.41,0.0
2007,122,17.7,10.4,14.4,3.2,22.73,0.0
2007,123,13.9,6.4,10.2,1.1,23.4,0.0
2007,124,12.6,7.2,9.5,1.6,17.42,0.0
2007,125,15.7,6.4,10.7,0.6,25.67,0.0
2007,126,21.4,4.9,14.0,0.0,30.24,0.0
2007,127,25.7,7.5,17.3,0.0,30.22,0.0
2007,128,27.5,9.9,19.4,0.2,30.3,0.0
2007,129,28.3,12.1,20.8,0.0,30.15,0.0
2007,130,26.3,12.5,19.8,0.0,30.55,0.0
2007,131,26.0,10.9,19.2,0.0,30.7,0.0
2007,132,23.3,10.5,17.4,0.0,29.99,0.0
2007,133,22.4,9.7,16.7,0.0,30.73,0.0
2007,134,26.3,10.3,19.2,0.0,30.7,0.0
2007,135,26.6,11.5,19.9,0.5,29.95,0.0
2007,136,25.6,11.9,19.5,0.0,29.66,0.0
2007,137,25.3,12.1,19.4,0.0,30.4,0.0
2007,138,24.8,10.8,18.7,0.0,30.91,0.0
2007,139,24.1,10.1,18.2,0.0,29.64,0.0
2007,140,24.3,11.2,18.7,0.0,30.57,0.0
2007,141,23.1,13.9,18.3,0.0,30.4,0.0
2007,142,23.6,10.3,17.6,0.0,31.62,0.0
2007,143,24.7,8.8,17.9,0.0,30.43,0.0
2007,144,26.9,11.1,19.9,0.0,31.2,0.0
2007,145,28.5,11.7,21.2,0.0,31.3,0.0
2007,146,28.8,14.4,22.2,0.0,30.65,0.0
2007,147,27.2,13.2,21.1,0.0,31.07,0.0
2007,148,26.2,12.4,20.1,0.0,29.87,0.0
2007,149,27.6,13.3,21.3,0.0,31.04,0.0
2007,150,26.6,13.4,20.7,1.5,29.19,0.0
2007,151,26.0,12.6,20.1,0.7,29.51,0.0
2007,152,26.4,13.4,21.1,0.0,25.25,0.0
2007,153,28.6,15.4,22.7,0.2,28.05,0.0
2007,154,30.0,13.9,22.9,0.0,31.49,0.0
2007,155,29.7,15.3,23.1,0.0,30.69,0.0
2007,156,23.3,12.5,19.5,0.5,26.38,0.0
2007,157,18.4,8.4,13.5,0.0,30.98,0.0
2007,158,21.4,7.1,15.2,0.0,32.29,0.0
2007,159,24.9,8.7,17.9,0.1,32.18,0.0
2007,160,28.1,10.8,20.4,0.0,31.98,0.0
2007,161,29.2,12.9,22.3,0.0,30.92,0.0
2007,162,28.0,14.8,22.1,0.0,29.4,0.0
2007,163,29.8,14.4,23.0,0.0,31.01,0.0
2007,164,32.6,15.9,25.2,0.0,31.37,0.0
2007,165,34.1,17.4,26.7,0.0,31.35,0.0
2007,166,33.8,18.8,27.3,0.0,31.19,0.0
2007,167,31.0,17.6,24.9,0.0,31.52,0.0
2007,168,29.8,15.6,23.4,0.0,31.87,0.0
2007,169,32.2,16.1,25.2,0.0,31.57,0.0
2007,170,32.2,16.5,25.6,0.0,31.89,0.0
2007,171,31.4,17.0,24.8,0.0,32.34,0.0
2007,172,31.1,15.8,24.3,0.0,32.09,0.0
2007,173,32.0,15.7,25.0,0.0,32.22,0.0
2007,174,31.7,16.9,25.1,0.0,31.94,0.0
2007,175,28.8,19.4,24.0,0.0,32.07,0.0
2007,176,29.3,12.7,22.5,0.0,32.66,0.0
2007,177,31.1,15.4,24.0,0.0,32.59,0.0
2007,178,30.7,15.7,23.9,0.0,32.01,0.0
2007,179,29.8,18.0,24.1,0.0,32.07,0.0
2007,180,30.1,15.3,23.6,0.0,32.27,0.0
2007,181,30.5,15.3,24.1,0.0,31.97,0.0
2007,182,31.5,15.6,24.6,0.0,32.18,0.0
2007,183,31.4,15.8,24.7,0.0,32.5,0.0
2007,184,32.7,16.3,25.7,0.0,32.05,0.0
2007,185,35.4,17.4,27.8,0.0,31.82,0.0
2007,186,38.8,20.1,30.4,0.0,28.09,0.0
2007,187,38.8,23.6,31.6,0.0,28.39,0.0
2007,188,34.9,22.4,28.8,0.0,31.85,0.0
2007,189,33.0,19.5,26.9,0.0,31.53,0.0
2007,190,34.2,18.5,27.3,0.0,30.24,0.0
2007,191,30.3,19.4,25.7,2.0,20.19,0.0
2007,192,29.0,18.2,24.4,0.2,29.7,0.0
2007,193,30.1,16.7,23.9,0.0,30.85,0.0
2007,194,30.8,17.3,24.8,0.0,31.13,0.0
2007,195,30.7,18.9,25.3,0.0,19.42,0.0
2007,196,31.0,19.5,25.9,3.9,25.98,0.0
2007,197,31.4,19.1,25.7,0.4,28.11,0.0
2007,198,29.9,18.3,24.6,0.0,30.63,0.0
2007,199,29.1,19.4,24.2,0.0,30.69,0.0
2007,200,29.1,15.6,23.1,0.0,30.69,0.0
2007,201,30.2,15.5,23.7,0.0,31.08,0.0
2007,202,31.4,15.2,24.4,0.0,31.03,0.0
2007,203,32.5,16.7,25.4,0.0,30.16,0.0
2007,204,28.9,19.5,24.7,5.1,23.49,0.0
2007,205,30.9,18.8,25.1,5.7,24.96,0.0
2007,206,31.4,18.8,25.9,0.9,25.49,0.0
2007,207,31.9,19.3,26.2,1.4,25.53,0.0
2007,208,32.7,19.4,26.7,0.1,27.32,0.0
2007,209,32.7,19.3,26.6,0.2,27.5,0.0
2007,210,32.3,19.2,26.3,0.0,27.11,0.0
2007,211,33.1,18.9,26.5,0.0,29.09,0.0
2007,212,34.0,18.8,27.0,0.0,28.84,0.0
2007,213,33.6,19.0,27.1,0.0,27.35,0.0
2007,214,33.5,21.9,27.5,0.0,29.62,0.0
2007,215,33.7,19.4,27.2,0.0,26.75,0.0
2007,216,34.7,19.6,27.6,0.0,29.49,0.0
2007,217,31.3,20.1,25.7,0.0,29.98,0.0
2007,218,27.4,18.1,22.4,0.0,29.56,0.0
2007,219,27.3,15.6,21.5,0.0,29.36,0.0
2007,220,28.6,14.8,22.4,0.0,29.41,0.0
2007,221,30.7,14.9,23.6,0.0,29.48,0.0
2007,222,31.9,16.4,24.8,0.0,29.36,0.0
2007,223,32.2,17.6,25.5,0.0,29.26,0.0
2007,224,32.6,17.0,25.5,0.0,28.84,0.0
2007,225,33.9,18.5,26.6,0.0,27.31,0.0
2007,226,33.8,19.0,27.1,0.0,26.69,0.0
2007,227,33.3,19.1,26.9,0.0,26.49,0.0
2007,228,31.7,19.1,25.9,0.0,26.77,0.0
2007,229,31.9,18.4,25.6,0.0,27.29,0.0
2007,230,31.9,19.7,25.7,0.0,28.43,0.0
2007,231,31.3,18.7,24.9,0.0,28.88,0.0
2007,232,32.1,16.5,24.6,0.0,28.07,0.0
2007,233,32.9,18.4,26.0,0.0,27.59,0.0
2007,234,33.2,19.2,26.6,0.0,27.36,0.0
2007,235,32.5,19.6,26.3,0.0,27.34,0.0
2007,236,33.7,18.2,26.7,0.0,27.32,0.0
2007,237,33.6,21.7,28.0,0.0,24.11,0.0
2007,238,30.6,21.4,25.9,0.0,17.08,0.0
2007,239,31.1,21.4,25.8,4.7,19.18,0.0
2007,240,32.9,19.7,26.6,0.2,23.12,0.0
2007,241,35.8,20.3,28.3,0.0,24.01,0.0
2007,242,34.9,22.1,28.6,0.4,18.11,0.0
2007,243,35.7,22.0,28.9,0.2,22.49,0.0
2007,244,35.3,22.1,29.0,0.0,22.44,0.0
2007,245,34.8,21.6,28.4,0.0,23.71,0.0
2007,246,34.4,21.0,28.1,0.2,21.71,0.0
2007,247,29.9,20.3,25.7,0.0,25.64,0.0
2007,248,28.7,15.1,22.5,0.0,26.0,0.0
2007,249,31.1,15.9,23.9,0.0,25.69,0.0
2007,250,29.9,16.0,23.4,0.0,25.1,0.0
2007,251,31.2,16.7,24.1,0.0,24.01,0.0
2007,252,30.1,17.6,24.0,0.4,23.02,0.0
2007,253,29.7,17.4,23.6,0.8,23.5,0.0
2007,254,30.3,17.2,24.0,0.0,24.16,0.0
2007,255,31.7,15.4,23.9,0.0,24.63,0.0
2007,256,26.1,17.1,21.4,0.0,24.29,0.0
2007,257,24.5,13.8,19.1,0.0,24.65,0.0
2007,258,25.3,13.3,19.5,0.0,24.36,0.0
2007,259,24.6,12.9,18.7,0.0,24.13,0.0
2007,260,23.5,12.8,18.2,0.0,23.81,0.0
2007,261,26.5,12.0,19.5,0.0,23.43,0.0
2007,262,21.0,13.0,17.4,0.0,22.3,0.0
2007,263,18.0,9.7,13.5,4.5,20.1,0.0
2007,264,21.1,10.4,15.0,11.3,15.2,0.0
2007,265,16.5,10.5,13.4,17.9,17.37,0.0
2007,266,18.3,8.0,13.6,0.0,19.71,0.0
2007,267,21.8,8.7,15.4,0.0,20.8,0.0
2007,268,24.2,10.4,17.3,0.0,22.01,0.0
2007,269,26.3,10.9,18.7,0.0,22.18,0.0
2007,270,27.0,12.2,19.9,0.0,21.32,0.0
2007,271,21.1,12.2,17.6,0.0,21.29,0.0
2007,272,19.3,10.1,14.2,0.0,20.01,0.0
2007,273,25.1,8.8,17.1,0.0,21.66,0.0
2007,274,22.8,13.0,17.5,0.0,21.23,0.0
2007,275,25.2,9.6,17.4,0.0,21.04,0.0
2007,276,25.5,10.9,18.3,0.0,20.94,0.0
2007,277,21.4,11.5,17.0,0.0,20.6,0.0
2007,278,11.3,6.6,8.7,7.4,17.14,0.0
2007,279,15.6,6.4,10.1,0.0,20.7,0.0
2007,280,20.5,4.9,12.6,0.0,20.38,0.0
2007,281,24.4,7.8,15.7,0.0,20.2,0.0
2007,282,24.2,8.4,16.5,0.0,20.26,0.0
2007,283,18.4,10.3,14.4,0.0,17.66,0.0
2007,284,20.3,7.5,14.2,0.0,19.27,0.0
2007,285,16.7,10.3,13.9,3.4,14.65,0.0
2007,286,17.5,8.6,12.7,0.8,15.66,0.0
2007,287,22.1,7.2,14.7,0.0,18.71,0.0
2007,288,19.4,9.4,14.3,0.0,15.86,0.0
2007,289,15.8,9.0,12.4,0.0,14.24,0.0
2007,290,15.9,8.4,12.1,0.2,14.02,0.0
2007,291,17.9,6.1,12.0,0.0,17.78,0.0
2007,292,21.9,7.6,15.2,0.0,17.77,0.0
2007,293,17.1,7.9,13.7,0.0,14.8,0.0
2007,294,19.5,5.2,11.9,0.0,17.69,0.0
2007,295,23.6,8.0,15.1,0.0,17.39,0.0
2007,296,26.5,10.4,18.0,0.0,17.16,0.0
2007,297,27.7,11.2,18.9,0.0,17.1,0.0
2007,298,27.1,12.5,19.0,0.0,16.74,0.0
2007,299,25.6,11.5,18.3,0.0,16.98,0.0
2007,300,23.2,13.0,17.3,0.0,9.81,0.0
2007,301,24.7,11.3,17.9,0.0,14.08,0.0
2007,302,23.2,12.2,16.8,0.2,12.25,0.0
2007,303,16.8,11.8,13.7,2.4,10.49,0.0
2007,304,19.6,8.7,14.2,0.0,14.78,0.0
2007,305,19.8,7.8,13.6,0.0,15.68,0.0
2007,306,21.0,7.8,13.9,0.0,15.52,0.0
2007,307,22.7,7.2,14.2,0.0,15.59,0.0
2007,308,23.7,8.3,15.1,0.0,14.02,0.0
2007,309,23.3,8.6,15.3,0.0,15.11,0.0
2007,310,23.9,8.7,15.4,0.0,14.99,0.0
2007,311,24.3,9.4,16.2,0.0,14.71,0.0
2007,312,22.8,9.1,15.4,0.0,13.59,0.0
2007,313,16.9,9.6,14.1,0.0,12.34,0.0
2007,314,16.1,8.4,11.4,0.7,12.99,0.0
2007,315,12.8,8.5,10.9,3.3,6.63,0.0
2007,316,17.9,5.3,11.4,0.0,13.87,0.0
2007,317,18.9,7.5,12.7,0.0,13.49,0.0
2007,318,21.4,8.6,14.4,0.0,13.22,0.0
2007,319,23.2,9.7,15.4,0.0,13.3,0.0
2007,320,20.5,9.0,14.2,0.0,10.53,0.0
2007,321,18.6,8.3,13.4,0.0,12.34,0.0
2007,322,20.5,8.0,13.8,0.0,13.13,0.0
2007,323,18.8,10.2,13.6,0.0,13.18,0.0
2007,324,15.2,6.3,10.9,0.0,11.06,0.0
2007,325,16.2,4.1,10.1,0.0,12.69,0.0
2007,326,14.9,7.4,10.8,0.0,12.95,0.0
2007,327,13.3,4.5,8.9,0.1,12.86,0.0
2007,328,16.9,2.5,9.0,0.0,12.9,0.0
2007,329,16.1,5.7,10.5,0.0,7.93,0.0
2007,330,16.4,3.4,9.9,0.0,12.7,0.0
2007,331,15.9,3.7,8.9,0.0,12.19,0.0
2007,332,16.4,3.0,9.4,0.0,11.78,0.0
2007,333,17.0,4.2,9.8,0.0,12.02,0.0
2007,334,12.8,5.1,8.2,0.0,9.12,0.0
2007,335,6.5,2.5,4.1,0.0,11.8,0.0
2007,336,11.9,2.3,6.4,0.0,11.7,0.0
2007,337,19.0,2.8,10.1,0.0,12.06,0.0
2007,338,19.3,5.3,11.9,0.0,11.54,0.0
2007,339,15.6,8.9,11.9,0.0,9.76,0.0
2007,340,13.9,8.4,10.7,18.7,5.07,0.0
2007,341,10.2,3.7,6.3,35.4,2.57,0.0
2007,342,5.1,0.7,3.4,5.3,8.89,0.0
2007,343,7.5,-5.1,0.6,0.0,10.49,0.0
2007,344,7.5,-4.8,1.3,0.0,11.76,0.0
2007,345,7.6,-4.9,1.0,0.7,11.71,0.0
2007,346,8.6,-4.6,1.4,0.0,11.43,0.0
2007,347,8.6,-3.9,1.6,0.0,11.68,0.0
2007,348,10.1,-3.4,2.5,0.0,11.48,0.0
2007,349,11.9,-0.8,4.6,0.0,11.46,0.0
2007,350,12.6,0.0,5.3,0.0,11.64,0.0
2007,351,10.3,0.2,4.9,0.0,9.56,0.0
2007,352,9.3,3.4,6.3,40.2,1.45,0.0
2007,353,11.1,4.3,7.1,0.6,8.32,0.0
2007,354,8.4,2.0,6.0,11.1,2.31,0.0
2007,355,5.9,-2.6,1.4,0.4,8.93,0.0
2007,356,8.3,-3.7,2.1,0.0,11.36,0.0
2007,357,11.7,-2.7,4.1,0.0,11.21,0.0
2007,358,11.1,2.3,6.0,0.1,11.19,0.0
2007,359,8.5,0.6,4.8,0.1,9.67,0.0
2007,360,4.7,-0.6,2.5,2.3,9.05,0.0
2007,361,3.8,-2.1,0.7,1.1,9.34,0.0
2007,362,6.4,1.1,3.1,0.5,6.65,0.0
2007,363,8.1,2.3,4.7,0.4,7.84,0.0
2007,364,8.5,2.6,5.0,0.0,8.56,0.0
2007,365,11.1,1.1,4.8,0.0,8.87,0.0
2008,1,15.9,1.1,6.9,0.0,11.15,0.0
2008,2,15.7,3.8,8.6,0.0,10.13,0.0
2008,3,14.7,5.8,9.6,0.0,7.18,0.0
2008,4,11.5,5.7,8.8,56.2,1.05,0.0
2008,5,8.2,4.1,5.9,34.2,6.21,0.0
2008,6,5.0,2.0,3.5,24.1,8.77,0.0
2008,7,5.5,-1.2,2.7,0.3,10.72,0.0
2008,8,8.8,-2.2,3.1,1.8,10.41,0.0
2008,9,7.9,3.4,5.9,0.0,9.69,0.0
2008,10,10.0,2.4,6.4,0.0,10.54,0.0
2008,11,11.1,-0.3,4.9,0.0,12.05,0.0
2008,12,11.2,0.6,4.8,0.0,11.19,0.0
2008,13,13.2,-0.7,5.1,0.0,12.37,0.0
2008,14,15.9,0.7,7.3,0.0,12.54,0.0
2008,15,12.7,3.0,7.2,0.0,12.73,0.0
2008,16,10.3,0.7,4.6,0.1,10.31,0.0
2008,17,10.2,-0.3,4.4,0.0,12.74,0.0
2008,18,11.7,0.2,5.0,0.0,12.97,0.0
2008,19,12.6,0.4,5.7,0.0,13.14,0.0
2008,20,11.1,0.6,5.1,1.6,13.2,0.0
2008,21,6.9,1.9,3.8,6.6,10.95,0.0
2008,22,10.4,0.1,4.8,0.0,8.99,0.0
2008,23,7.5,3.2,4.7,3.2,4.3,0.0
2008,24,6.0,-4.5,2.1,15.2,9.24,0.0
2008,25,10.4,2.4,5.9,0.6,4.92,0.0
2008,26,14.7,1.2,7.0,0.7,14.53,0.0
2008,27,12.4,4.0,7.7,21.5,8.39,0.0
2008,28,4.8,-3.1,2.0,25.3,8.36,0.0
2008,29,4.7,-9.5,-1.2,0.0,11.57,0.0
2008,30,4.4,0.2,2.0,2.8,12.06,0.0
2008,31,7.4,-3.2,2.7,0.3,12.35,0.0
2008,32,6.8,2.9,5.0,4.7,8.71,0.0
2008,33,6.0,1.3,3.4,4.4,10.23,0.0
2008,34,5.1,1.1,3.6,50.5,6.93,0.0
2008,35,4.1,-2.6,1.9,3.1,12.15,0.0
2008,36,6.1,-5.5,1.0,0.1,14.54,0.0
2008,37,7.5,-1.3,3.3,0.0,15.7,0.0
2008,38,9.0,-1.5,4.7,0.0,14.35,0.0
2008,39,12.1,-0.4,5.5,0.0,15.01,0.0
2008,40,16.4,1.9,8.0,0.0,16.35,0.0
2008,41,16.9,3.1,8.8,0.0,15.9,0.0
2008,42,15.4,2.8,8.3,0.0,15.35,0.0
2008,43,18.4,4.0,10.4,0.0,16.51,0.0
2008,44,15.6,6.2,9.9,0.0,16.29,0.0
2008,45,8.1,1.0,5.2,7.0,14.53,0.0
2008,46,11.7,-3.0,4.3,0.0,17.5,0.0
2008,47,13.6,-0.3,6.2,0.0,17.51,0.0
2008,48,14.0,2.3,7.8,0.0,17.56,0.0
2008,49,16.3,4.3,9.6,0.0,15.65,0.0
2008,50,11.9,5.9,8.7,3.6,9.69,0.0
2008,51,8.3,4.0,6.2,13.8,10.67,0.0
2008,52,11.8,2.5,6.6,11.5,9.1,0.0
2008,53,7.8,3.0,5.2,30.8,4.15,0.0
2008,54,14.6,-0.8,6.6,11.4,8.52,0.0
2008,55,9.5,4.3,7.1,32.6,7.24,0.0
2008,56,10.4,0.8,6.3,0.0,13.69,0.0
2008,57,17.4,1.9,9.0,0.0,18.55,0.0
2008,58,18.1,4.7,11.0,0.0,18.59,0.0
2008,59,18.1,4.9,11.1,0.0,18.46,0.0
2008,60,19.9,5.5,12.3,0.0,19.35,0.0
2008,61,12.9,6.8,9.9,0.0,12.67,0.0
2008,62,13.6,2.5,7.6,0.0,18.82,0.0
2008,63,15.4,2.9,8.9,0.0,19.66,0.0
2008,64,15.7,4.1,10.1,0.0,20.76,0.0
2008,65,15.1,3.4,9.5,0.0,20.5,0.0
2008,66,15.6,3.9,9.9,0.0,17.5,0.0
2008,67,17.5,3.4,11.1,0.0,21.02,0.0
2008,68,15.0,5.9,10.6,0.0,21.32,0.0
2008,69,16.9,3.0,10.2,0.0,21.55,0.0
2008,70,19.4,5.9,12.2,0.0,20.62,0.0
2008,71,19.0,7.5,13.0,0.0,21.18,0.0
2008,72,17.1,5.9,12.1,0.0,21.01,0.0
2008,73,15.9,9.7,12.7,0.2,17.88,0.0
2008,74,10.7,6.1,8.1,3.2,16.97,0.0
2008,75,7.3,2.7,4.8,6.8,18.24,0.0
2008,76,9.3,1.1,4.6,4.6,22.67,0.0
2008,77,12.9,-1.2,6.0,0.0,23.33,0.0
2008,78,16.6,1.9,9.3,0.0,23.29,0.0
2008,79,16.3,4.1,10.5,0.0,22.2,0.0
2008,80,15.2,6.9,10.9,0.0,21.29,0.0
2008,81,16.2,2.5,9.6,0.0,24.06,0.0
2008,82,18.9,3.1,11.2,0.0,24.13,0.0
2008,83,20.6,5.0,12.6,0.0,24.5,0.0
2008,84,19.5,4.4,12.3,0.0,24.94,0.0
2008,85,18.4,5.0,12.0,0.0,24.16,0.0
2008,86,16.8,7.7,12.2,0.0,24.4,0.0
2008,87,13.5,5.8,9.0,0.0,21.14,0.0
2008,88,14.4,5.3,10.0,0.0,24.51,0.0
2008,89,15.1,8.6,11.2,0.0,21.54,0.0
2008,90,11.1,5.7,8.2,5.3,18.8,0.0
2008,91,14.0,1.2,8.4,0.0,25.83,0.0
2008,92,16.3,2.8,9.8,0.0,25.17,0.0
2008,93,14.4,3.7,9.4,0.2,20.79,0.0
2008,94,16.7,7.0,11.4,0.4,23.74,0.0
2008,95,17.7,4.1,11.4,0.0,26.01,0.0
2008,96,15.9,7.1,11.2,0.0,25.94,0.0
2008,97,15.7,5.2,10.6,0.0,26.3,0.0
2008,98,15.1,4.2,10.1,0.0,27.1,0.0
2008,99,13.2,4.5,8.4,0.0,25.55,0.0
2008,100,12.7,3.5,7.9,0.0,24.0,0.0
2008,101,17.1,2.4,10.3,0.0,27.1,0.0
2008,102,22.4,5.4,13.9,0.0,27.29,0.0
2008,103,24.9,6.8,15.9,0.0,27.62,0.0
2008,104,26.6,8.0,17.4,0.0,27.81,0.0
2008,105,24.1,10.9,17.1,0.0,27.84,0.0
2008,106,13.5,4.7,9.2,0.0,27.54,0.0
2008,107,16.6,2.5,9.8,0.0,28.27,0.0
2008,108,21.9,4.7,13.6,0.0,28.28,0.0
2008,109,23.1,7.7,15.7,0.0,25.78,0.0
2008,110,17.1,7.9,12.8,0.0,28.35,0.0
2008,111,13.4,2.8,7.9,0.0,29.15,0.0
2008,112,15.6,4.6,9.6,0.0,29.07,0.0
2008,113,18.1,3.8,11.3,0.0,27.85,0.0
2008,114,16.5,8.2,12.0,0.0,28.13,0.0
2008,115,17.1,6.1,11.3,0.0,28.37,0.0
2008,116,20.2,4.8,13.2,0.0,28.76,0.0
2008,117,24.1,7.4,16.3,0.0,28.22,0.0
2008,118,26.9,9.9,19.1,0.0,27.21,0.0
2008,119,27.2,12.9,20.2,0.0,27.31,0.0
2008,120,21.4,11.6,17.2,0.0,29.53,0.0
2008,121,16.5,6.0,11.3,0.0,29.8,0.0
2008,122,17.8,4.1,11.9,0.0,29.4,0.0
2008,123,22.0,6.4,15.2,0.0,27.8,0.0
2008,124,21.7,8.3,15.8,0.0,28.84,0.0
2008,125,19.8,7.3,14.5,3.0,26.91,0.0
2008,126,20.5,6.8,14.3,2.8,26.4,0.0
2008,127,23.1,8.2,16.5,0.0,27.4,0.0
2008,128,21.3,10.8,16.1,0.2,29.03,0.0
2008,129,22.2,7.8,15.7,0.0,30.02,0.0
2008,130,22.4,7.9,16.0,0.0,30.42,0.0
2008,131,24.7,8.7,17.6,0.0,29.86,0.0
2008,132,24.5,11.6,18.3,0.0,30.17,0.0
2008,133,20.4,13.0,16.2,0.0,29.35,0.0
2008,134,23.0,6.8,16.1,0.0,30.98,0.0
2008,135,26.9,9.9,19.4,0.0,28.99,0.0
2008,136,30.5,12.6,22.4,0.0,30.03,0.0
2008,137,31.7,15.2,24.1,0.0,30.61,0.0
2008,138,32.0,15.5,24.4,0.0,30.38,0.0
2008,139,31.9,15.9,24.9,0.0,29.4,0.0
2008,140,31.4,15.8,24.6,0.0,29.32,0.0
2008,141,29.5,16.8,23.3,0.0,30.9,0.0
2008,142,19.4,10.6,15.5,0.0,29.93,0.0
2008,143,16.6,9.6,13.0,5.9,20.82,0.0
2008,144,16.5,8.2,12.6,4.7,21.23,0.0
2008,145,16.0,9.3,11.9,6.9,19.82,0.0
2008,146,12.2,7.9,9.8,13.6,14.01,0.0
2008,147,15.1,7.8,11.2,4.0,21.79,0.0
2008,148,17.7,8.2,13.1,4.4,22.68,0.0
2008,149,17.7,7.5,13.4,2.2,28.59,0.0
2008,150,19.3,7.2,14.0,0.0,30.58,0.0
2008,151,22.1,8.7,16.3,0.0,30.46,0.0
2008,152,22.5,10.5,17.2,0.0,31.24,0.0
2008,153,22.9,14.1,18.2,0.0,31.17,0.0
2008,154,22.8,13.2,18.0,0.0,30.7,0.0
2008,155,23.1,11.5,17.9,0.0,31.35,0.0
2008,156,19.1,12.0,15.7,0.0,29.98,0.0
2008,157,22.1,8.2,16.2,0.0,31.56,0.0
2008,158,23.9,13.7,18.6,0.0,31.53,0.0
2008,159,22.9,13.5,18.3,0.0,31.44,0.0
2008,160,27.0,10.6,20.0,0.0,31.76,0.0
2008,161,30.0,12.6,22.0,0.0,32.06,0.0
2008,162,28.3,14.6,21.9,0.0,31.97,0.0
2008,163,25.6,10.6,19.6,0.0,32.86,0.0
2008,164,29.0,11.3,21.4,0.0,32.22,0.0
2008,165,32.5,13.4,23.9,0.0,32.17,0.0
2008,166,31.6,15.7,24.4,0.0,31.86,0.0
2008,167,31.2,16.0,24.2,0.0,32.27,0.0
2008,168,31.6,16.3,24.6,0.0,32.23,0.0
2008,169,32.1,16.9,24.9,0.0,32.27,0.0
2008,170,31.0,15.5,24.0,0.0,32.06,0.0
2008,171,32.8,16.3,25.2,0.0,32.36,0.0
2008,172,33.5,16.9,26.1,0.0,30.81,0.0
2008,173,35.4,19.5,28.2,0.0,30.84,0.0
2008,174,33.4,19.0,26.8,0.0,31.58,0.0
2008,175,30.6,16.0,24.3,0.0,32.04,0.0
2008,176,29.8,15.8,23.8,0.0,31.98,0.0
2008,177,30.1,16.4,23.9,0.0,30.64,0.0
2008,178,29.8,15.9,23.8,0.4,31.63,0.0
2008,179,32.6,16.1,25.2,0.3,31.31,0.0
2008,180,32.5,17.0,25.8,0.1,31.42,0.0
2008,181,32.3,17.9,26.1,0.2,27.11,0.0
2008,182,32.6,18.2,26.1,0.0,30.73,0.0
2008,183,31.5,17.1,25.1,0.0,31.55,0.0
2008,184,30.9,17.0,24.8,0.0,31.28,0.0
2008,185,30.3,19.8,25.1,0.0,31.44,0.0
2008,186,30.4,20.0,24.8,0.0,30.21,0.0
2008,187,31.1,18.5,24.9,0.0,31.34,0.0
2008,188,30.9,17.5,24.8,1.0,29.17,0.0
2008,189,34.6,18.0,27.1,0.4,30.65,0.0
2008,190,36.1,19.9,29.0,1.0,28.42,0.0
2008,191,35.9,20.5,29.5,0.9,28.42,0.0
2008,192,36.3,21.0,29.6,1.0,27.58,0.0
2008,193,32.4,22.1,27.5,0.0,29.12,0.0
2008,194,31.1,19.5,26.1,3.5,26.44,0.0
2008,195,28.4,19.2,24.6,9.1,20.24,0.0
2008,196,28.5,19.8,24.3,12.1,20.88,0.0
2008,197,28.9,19.6,24.4,4.9,23.49,0.0
2008,198,30.0,18.2,24.6,6.2,23.08,0.0
2008,199,30.8,18.6,24.8,0.2,26.89,0.0
2008,200,31.2,17.0,25.0,0.2,30.24,0.0
2008,201,31.9,17.5,25.6,0.0,30.56,0.0
2008,202,28.3,19.2,24.4,0.7,19.43,0.0
2008,203,29.4,18.9,24.2,0.0,29.18,0.0
2008,204,29.7,16.0,23.6,0.0,30.72,0.0
2008,205,30.2,15.5,23.9,0.0,30.72,0.0
2008,206,31.8,16.4,25.1,0.0,30.56,0.0
2008,207,33.7,17.1,26.4,0.0,30.83,0.0
2008,208,33.6,18.9,26.6,0.0,30.14,0.0
2008,209,31.1,19.3,25.3,0.0,27.58,0.0
2008,210,30.4,17.9,24.7,0.0,28.44,0.0
2008,211,30.0,20.7,25.0,0.0,29.64,0.0
2008,212,30.8,16.2,24.2,0.0,30.42,0.0
2008,213,31.7,16.8,24.8,0.0,30.03,0.0
2008,214,31.9,17.7,25.3,0.0,29.76,0.0
2008,215,32.6,17.7,25.8,0.0,29.37,0.0
2008,216,33.9,19.5,26.8,0.0,29.76,0.0
2008,217,32.7,19.5,26.7,0.0,25.91,0.0
2008,218,31.9,20.4,26.5,0.0,25.76,0.0
2008,219,32.9,18.9,26.5,0.0,27.34,0.0
2008,220,33.0,19.0,26.8,0.0,26.91,0.0
2008,221,32.4,20.2,26.5,0.0,28.62,0.0
2008,222,31.6,20.2,25.6,0.0,28.97,0.0
2008,223,30.9,17.7,24.6,0.0,29.31,0.0
2008,224,31.9,17.4,25.1,0.0,29.09,0.0
2008,225,32.4,17.3,25.6,0.0,28.96,0.0
2008,226,34.4,18.0,27.0,0.0,28.72,0.0
2008,227,35.1,19.4,27.9,0.0,25.56,0.0
2008,228,34.0,19.8,27.3,0.9,25.29,0.0
2008,229,33.0,20.3,26.9,0.1,24.53,0.0
2008,230,31.8,19.8,26.1,0.0,26.52,0.0
2008,231,31.4,18.5,25.2,0.0,28.16,0.0
2008,232,28.2,19.3,23.1,0.0,27.45,0.0
2008,233,27.8,15.8,22.0,0.0,27.3,0.0
2008,234,30.1,17.7,24.0,0.0,27.04,0.0
2008,235,31.2,18.8,25.3,0.0,25.89,0.0
2008,236,32.4,18.7,26.0,0.0,26.6,0.0
2008,237,34.3,18.7,27.1,0.0,27.04,0.0
2008,238,34.7,20.2,27.7,0.0,26.84,0.0
2008,239,32.4,19.3,25.9,0.0,27.15,0.0
2008,240,33.3,17.6,26.1,0.0,26.76,0.0
2008,241,34.7,19.2,27.4,0.0,26.25,0.0
2008,242,35.6,20.1,28.2,0.0,25.17,0.0
2008,243,34.8,21.7,28.6,0.0,22.37,0.0
2008,244,29.9,20.8,25.1,0.0,26.44,0.0
2008,245,27.3,15.7,22.1,0.0,27.01,0.0
2008,246,31.0,13.2,22.8,0.0,26.59,0.0
2008,247,32.1,15.7,24.4,0.0,26.32,0.0
2008,248,32.7,16.1,24.8,0.0,26.21,0.0
2008,249,33.1,16.3,25.3,0.0,25.77,0.0
2008,250,34.1,17.5,26.1,0.0,25.38,0.0
2008,251,33.3,19.3,26.5,0.0,23.25,0.0
2008,252,32.7,18.9,26.0,0.0,23.57,0.0
2008,253,29.7,17.8,24.1,0.0,22.96,0.0
2008,254,26.9,17.3,22.1,2.0,21.85,0.0
2008,255,28.9,14.2,21.6,0.4,24.25,0.0
2008,256,29.4,14.5,22.2,0.0,24.47,0.0
2008,257,29.7,14.7,22.7,0.0,24.22,0.0
2008,258,31.0,15.2,23.6,0.0,24.35,0.0
2008,259,32.3,15.5,24.3,0.0,24.29,0.0
2008,260,30.9,15.9,24.0,0.6,20.84,0.0
2008,261,29.3,17.4,23.3,0.0,19.81,0.0
2008,262,27.7,17.6,22.4,0.0,20.75,0.0
2008,263,26.6,16.2,21.2,0.0,20.6,0.0
2008,264,23.5,15.1,18.9,0.0,22.95,0.0
2008,265,23.5,11.5,17.6,0.0,22.68,0.0
2008,266,24.3,11.3,18.7,0.0,22.66,0.0
2008,267,28.9,12.1,20.9,0.0,22.71,0.0
2008,268,31.0,15.3,23.1,0.0,22.4,0.0
2008,269,31.0,16.0,23.6,0.0,21.93,0.0
2008,270,30.5,17.5,23.6,0.0,21.09,0.0
2008,271,30.5,16.1,23.1,0.0,21.29,0.0
2008,272,30.6,15.5,23.3,0.2,21.25,0.0
2008,273,29.5,16.4,22.6,1.8,17.15,0.0
2008,274,29.3,15.6,22.7,0.0,18.84,0.0
2008,275,30.4,16.1,23.4,0.0,20.62,0.0
2008,276,26.5,17.9,21.8,0.0,18.21,0.0
2008,277,22.6,16.2,18.8,0.0,17.48,0.0
2008,278,17.2,13.1,15.0,6.1,10.2,0.0
2008,279,18.6,11.6,14.4,0.0,16.97,0.0
2008,280,23.8,9.6,16.8,0.0,19.9,0.0
2008,281,26.2,11.6,18.9,0.0,19.9,0.0
2008,282,26.7,12.5,19.6,0.0,19.82,0.0
2008,283,22.3,12.8,17.1,0.0,19.67,0.0
2008,284,14.2,5.5,10.8,0.0,20.22,0.0
2008,285,11.7,5.2,8.2,0.0,18.88,0.0
2008,286,14.5,5.2,9.4,0.0,18.81,0.0
2008,287,18.9,4.2,11.2,0.0,19.42,0.0
2008,288,23.0,6.0,14.5,0.0,18.95,0.0
2008,289,25.0,8.5,16.4,0.0,18.87,0.0
2008,290,26.5,9.6,17.7,0.0,18.63,0.0
2008,291,28.1,10.3,18.6,0.0,18.36,0.0
2008,292,25.4,13.1,18.6,0.0,16.52,0.0
2008,293,23.1,11.2,16.7,0.0,17.55,0.0
2008,294,21.7,8.7,15.4,0.0,17.6,0.0
2008,295,22.9,8.6,15.7,0.0,17.35,0.0
2008,296,26.7,10.1,17.8,0.0,17.42,0.0
2008,297,26.2,10.9,18.0,0.0,17.37,0.0
2008,298,26.0,10.8,18.3,0.0,17.07,0.0
2008,299,27.6,11.2,18.7,0.0,17.06,0.0
2008,300,27.7,11.2,18.7,0.0,16.97,0.0
2008,301,27.7,11.6,19.1,0.0,16.28,0.0
2008,302,26.7,12.3,18.8,0.0,16.25,0.0
2008,303,25.5,12.3,18.4,0.0,16.06,0.0
2008,304,26.7,13.1,19.5,0.1,11.41,0.0
2008,305,21.6,14.5,17.7,5.2,5.12,0.0
2008,306,19.8,14.5,17.0,2.4,3.73,0.0
2008,307,16.5,11.1,13.5,14.0,11.83,0.0
2008,308,14.7,9.2,11.9,4.0,10.44,0.0
2008,309,12.1,6.6,9.5,4.6,12.43,0.0
2008,310,12.4,4.9,8.1,0.0,14.27,0.0
2008,311,16.6,4.9,10.1,0.0,14.48,0.0
2008,312,19.8,6.6,12.6,0.0,14.52,0.0
2008,313,19.7,7.4,13.3,0.0,13.13,0.0
2008,314,9.4,5.6,7.4,15.3,7.75,0.0
2008,315,11.6,3.9,7.2,0.0,9.54,0.0
2008,316,13.7,4.2,8.6,0.0,11.93,0.0
2008,317,17.1,5.8,10.9,0.0,13.1,0.0
2008,318,17.5,6.5,11.5,0.0,11.89,0.0
2008,319,22.6,7.9,14.2,0.0,13.52,0.0
2008,320,23.3,9.5,15.6,0.0,13.38,0.0
2008,321,23.8,9.1,15.3,0.0,13.47,0.0
2008,322,24.5,9.0,15.5,0.0,13.35,0.0
2008,323,23.4,9.0,15.2,0.0,13.3,0.0
2008,324,21.8,9.5,14.3,0.0,13.2,0.0
2008,325,17.6,8.9,12.6,0.0,12.99,0.0
2008,326,17.5,6.3,11.5,0.0,10.34,0.0
2008,327,18.4,7.0,11.8,0.0,12.85,0.0
2008,328,19.2,5.3,11.3,0.0,12.94,0.0
2008,329,20.7,5.7,11.8,0.0,11.48,0.0
2008,330,17.6,7.2,12.0,0.7,8.19,0.0
2008,331,13.6,6.8,10.3,18.5,7.2,0.0
2008,332,11.9,5.7,8.6,0.9,8.49,0.0
2008,333,12.6,4.5,8.1,0.0,8.43,0.0
2008,334,17.3,5.6,10.2,0.0,10.63,0.0
2008,335,20.8,6.2,12.5,0.0,12.01,0.0
2008,336,21.7,7.2,13.5,0.0,11.89,0.0
2008,337,16.6,6.8,11.9,0.0,11.88,0.0
2008,338,15.8,4.7,10.1,0.0,10.91,0.0
2008,339,15.5,4.5,9.1,0.0,10.7,0.0
2008,340,16.1,4.4,9.0,0.0,11.8,0.0
2008,341,16.7,3.7,9.9,0.0,11.66,0.0
2008,342,13.0,5.1,8.7,1.9,4.21,0.0
2008,343,10.6,3.1,6.7,0.0,10.85,0.0
2008,344,13.2,1.5,6.4,0.0,11.31,0.0
2008,345,16.8,3.1,9.0,0.0,11.47,0.0
2008,346,18.6,4.3,11.2,0.0,11.17,0.0
2008,347,16.1,7.5,12.1,0.0,11.36,0.0
2008,348,9.4,1.0,4.9,7.5,6.3,0.0
2008,349,5.5,0.7,2.6,1.1,10.65,0.0
2008,350,5.5,0.7,2.9,33.2,6.84,0.0
2008,351,5.0,-1.7,1.2,6.9,10.67,0.0
2008,352,5.6,-4.8,-0.1,0.1,7.11,0.0
2008,353,4.5,-2.5,1.5,0.0,10.95,0.0
2008,354,6.1,-6.7,-0.3,0.0,9.86,0.0
2008,355,6.0,-6.4,0.3,0.0,10.17,0.0
2008,356,9.7,-3.2,3.6,1.1,9.41,0.0
2008,357,7.0,-0.2,4.6,24.4,6.57,0.0
2008,358,5.5,-2.0,1.8,1.5,9.86,0.0
2008,359,9.9,0.8,4.7,1.2,6.38,0.0
2008,360,6.6,-0.5,3.7,42.3,3.68,0.0
2008,361,1.9,-2.9,-0.3,2.7,9.61,0.0
2008,362,5.0,-7.4,-0.5,0.0,10.71,0.0
2008,363,9.1,-4.0,2.4,0.0,11.44,0.0
2008,364,13.3,-0.8,5.7,0.0,11.46,0.0
2008,365,13.3,4.1,8.4,0.0,10.06,0.0
2008,366,11.7,4.8,7.8,0.0,11.52,0.0
2009,1,11.7,-0.2,5.6,0.0,11.14,0.0
2009,2,11.3,6.1,8.3,1.9,10.23,0.0
2009,3,6.8,0.5,4.9,0.0,7.45,0.0
2009,4,7.2,-2.7,2.1,0.2,9.84,0.0
2009,5,7.2,-2.5,2.3,0.3,6.68,0.0
2009,6,9.5,-0.5,4.0,0.0,11.27,0.0
2009,7,13.8,1.5,6.8,0.0,12.02,0.0
2009,8,14.7,3.3,8.0,0.0,11.97,0.0
2009,9,12.3,2.2,6.0,0.0,9.81,0.0
2009,10,14.7,1.2,6.9,0.0,12.09,0.0
2009,11,15.9,2.8,8.1,0.0,12.24,0.0
2009,12,18.5,3.3,9.2,0.0,12.43,0.0
2009,13,19.0,4.3,10.3,0.0,12.65,0.0
2009,14,19.4,4.1,10.4,0.0,12.82,0.0
2009,15,19.3,4.0,10.2,0.0,12.92,0.0
2009,16,18.1,3.4,9.3,0.0,12.91,0.0
2009,17,17.8,3.0,9.1,0.0,13.08,0.0
2009,18,18.7,3.2,9.4,0.0,13.22,0.0
2009,19,18.3,3.3,9.4,0.0,13.02,0.0
2009,20,19.3,4.1,10.4,0.0,12.81,0.0
2009,21,18.6,6.9,11.9,0.9,8.23,0.0
2009,22,16.4,9.9,12.6,2.8,6.85,0.0
2009,23,15.0,8.7,11.6,8.7,5.04,0.0
2009,24,12.1,6.3,10.0,21.6,8.55,0.0
2009,25,8.0,2.7,5.5,16.6,9.68,0.0
2009,26,5.5,-2.1,2.2,2.4,11.33,0.0
2009,27,7.6,-6.2,0.5,0.0,13.74,0.0
2009,28,10.5,-1.4,3.9,0.0,14.53,0.0
2009,29,15.3,-0.5,6.2,0.0,14.71,0.0
2009,30,17.2,1.9,8.5,0.0,14.81,0.0
2009,31,16.2,3.9,8.8,0.0,15.01,0.0
2009,32,16.4,1.6,8.0,0.0,15.06,0.0
2009,33,18.4,3.0,9.6,0.0,14.89,0.0
2009,34,19.5,3.7,10.4,0.0,15.16,0.0
2009,35,19.8,3.8,10.8,0.0,15.07,0.0
2009,36,12.9,6.6,9.2,0.9,7.54,0.0
2009,37,9.8,4.4,7.6,13.5,5.11,0.0
2009,38,8.9,0.7,4.8,5.0,8.04,0.0
2009,39,8.5,3.6,5.7,5.9,9.37,0.0
2009,40,4.0,-1.5,1.8,19.6,10.5,0.0
2009,41,5.5,-6.6,0.3,0.0,12.81,0.0
2009,42,7.1,-4.9,1.0,1.7,11.64,0.0
2009,43,6.6,-2.4,1.8,7.4,14.75,0.0
2009,44,4.0,-3.2,0.8,9.5,5.35,0.0
2009,45,7.4,-6.2,0.3,0.1,15.66,0.0
2009,46,11.9,-3.7,3.3,0.0,15.82,0.0
2009,47,8.3,0.3,4.3,21.6,5.78,0.0
2009,48,7.0,-1.5,3.1,6.4,13.86,0.0
2009,49,10.4,-5.3,2.3,0.0,17.28,0.0
2009,50,13.8,-2.6,4.9,0.0,18.53,0.0
2009,51,13.8,0.4,7.0,0.0,17.07,0.0
2009,52,16.5,2.1,9.2,0.0,13.15,0.0
2009,53,12.8,7.7,9.4,18.0,2.19,0.0
2009,54,14.1,7.4,10.2,8.1,5.1,0.0
2009,55,15.7,2.9,9.0,0.0,16.77,0.0
2009,56,10.6,5.3,7.9,4.1,9.48,0.0
2009,57,13.0,3.9,8.5,0.0,16.81,0.0
2009,58,13.8,3.0,8.5,0.0,15.81,0.0
2009,59,19.6,3.7,11.4,0.0,14.25,0.0
2009,60,20.7,9.3,14.9,0.0,16.8,0.0
2009,61,16.8,10.9,13.2,7.3,6.87,0.0
2009,62,13.6,8.9,10.8,1.4,15.82,0.0
2009,63,9.4,3.9,7.3,16.2,12.0,0.0
2009,64,9.5,0.4,4.7,1.3,16.83,0.0
2009,65,8.9,0.4,4.5,0.0,19.39,0.0
2009,66,11.2,-0.5,5.3,0.0,21.03,0.0
2009,67,12.6,0.5,6.4,0.0,21.25,0.0
2009,68,9.0,2.3,5.4,0.0,16.58,0.0
2009,69,11.9,-0.8,5.5,0.0,21.72,0.0
2009,70,12.9,0.6,6.8,0.0,19.95,0.0
2009,71,13.7,1.1,7.6,0.8,22.01,0.0
2009,72,15.3,1.3,8.1,0.3,22.46,0.0
2009,73,14.7,1.5,8.2,0.0,21.47,0.0
2009,74,13.6,3.3,8.3,0.0,19.3,0.0
2009,75,16.5,3.2,10.1,0.0,22.2,0.0
2009,76,17.2,4.1,10.8,0.0,20.51,0.0
2009,77,18.9,4.7,11.9,0.0,21.66,0.0
2009,78,19.4,7.2,13.2,0.0,18.07,0.0
2009,79,19.7,5.9,12.9,0.0,23.18,0.0
2009,80,15.1,7.1,11.1,4.9,18.28,0.0
2009,81,8.2,-4.3,4.1,25.8,17.97,0.0
2009,82,9.4,-8.6,0.6,0.0,24.22,0.0
2009,83,13.3,-2.9,5.5,0.0,24.76,0.0
2009,84,15.1,1.1,8.7,0.0,24.02,0.0
2009,85,15.9,5.8,10.6,0.0,22.42,0.0
2009,86,18.4,5.4,11.8,0.0,22.5,0.0
2009,87,20.3,5.9,13.1,0.0,24.52,0.0
2009,88,16.9,6.4,11.8,0.0,24.77,0.0
2009,89,15.4,4.2,10.0,0.0,25.24,0.0
2009,90,16.4,3.9,10.7,0.0,25.17,0.0
2009,91,17.1,5.0,11.1,0.0,24.57,0.0
2009,92,18.0,6.2,12.2,0.0,25.47,0.0
2009,93,10.8,4.0,7.7,2.6,22.94,0.0
2009,94,14.7,1.7,8.5,0.0,26.33,0.0
2009,95,19.1,3.1,10.9,0.0,26.84,0.0
2009,96,22.3,4.4,13.3,0.0,26.76,0.0
2009,97,19.1,6.2,11.6,15.2,25.78,0.0
2009,98,11.3,4.0,7.5,6.5,22.33,0.0
2009,99,13.7,2.0,8.3,0.0,19.07,0.0
2009,100,12.3,6.8,9.0,5.1,18.64,0.0
2009,101,12.3,5.2,8.2,0.7,19.2,0.0
2009,102,17.2,2.9,10.4,0.0,25.51,0.0
2009,103,18.0,5.6,12.4,0.0,20.42,0.0
2009,104,13.2,3.1,9.5,5.2,21.71,0.0
2009,105,8.9,1.1,4.5,1.6,24.93,0.0
2009,106,13.4,-0.6,6.9,0.0,28.08,0.0
2009,107,18.0,2.7,10.8,0.0,28.03,0.0
2009,108,22.9,5.6,14.5,0.0,27.93,0.0
2009,109,26.2,7.7,17.3,0.0,28.25,0.0
2009,110,28.2,9.1,18.9,0.0,28.34,0.0
2009,111,28.5,11.2,20.0,0.4,25.92,0.0
2009,112,27.0,11.4,19.7,0.1,24.29,0.0
2009,113,22.4,12.7,17.4,0.0,28.11,0.0
2009,114,17.8,9.7,13.7,0.4,21.18,0.0
2009,115,14.8,5.2,9.5,0.0,28.81,0.0
2009,116,17.2,6.7,12.0,0.0,28.86,0.0
2009,117,18.3,5.6,12.5,0.0,29.17,0.0
2009,118,15.4,5.8,10.3,0.0,25.99,0.0
2009,119,17.4,6.0,11.6,0.0,29.86,0.0
2009,120,20.6,6.0,13.9,0.0,28.81,0.0
2009,121,21.5,10.8,15.4,3.8,20.18,0.0
2009,122,19.1,11.6,15.1,7.7,22.75,0.0
2009,123,20.2,11.8,16.0,0.3,26.36,0.0
2009,124,20.8,9.6,15.8,0.0,24.98,0.0
2009,125,22.0,12.8,17.0,0.0,29.2,0.0
2009,126,24.3,11.3,17.9,0.0,29.87,0.0
2009,127,23.3,10.1,17.4,0.0,29.33,0.0
2009,128,24.1,9.5,17.8,0.0,29.92,0.0
2009,129,24.8,10.2,18.5,0.0,30.11,0.0
2009,130,25.7,10.3,19.1,0.0,30.03,0.0
2009,131,24.8,10.7,18.6,0.0,30.35,0.0
2009,132,22.9,11.2,17.5,0.0,30.4,0.0
2009,133,22.6,9.4,17.1,0.0,29.96,0.0
2009,134,23.6,10.6,17.9,0.0,29.04,0.0
2009,135,26.8,11.8,20.2,0.3,28.94,0.0
2009,136,31.1,13.3,22.9,0.0,30.14,0.0
2009,137,33.1,15.1,24.9,0.0,29.57,0.0
2009,138,30.0,15.5,24.1,1.6,22.62,0.0
2009,139,28.3,15.9,22.6,0.0,28.59,0.0
2009,140,28.1,13.9,21.4,0.0,31.23,0.0
2009,141,27.1,12.4,20.9,0.0,29.13,0.0
2009,142,26.3,12.0,20.4,0.5,28.21,0.0
2009,143,25.4,12.7,19.8,0.0,29.07,0.0
2009,144,25.0,11.3,18.9,0.0,29.37,0.0
2009,145,24.5,11.1,18.8,0.0,28.63,0.0
2009,146,26.9,12.0,20.4,1.6,25.36,0.0
2009,147,28.7,13.6,22.2,2.8,25.68,0.0
2009,148,29.5,14.2,22.0,5.2,26.96,0.0
2009,149,27.6,13.9,21.4,2.3,21.56,0.0
2009,150,26.1,16.0,21.2,0.6,18.61,0.0
2009,151,26.9,13.9,21.0,0.8,26.27,0.0
2009,152,24.9,13.9,20.0,0.6,24.17,0.0
2009,153,24.7,12.8,19.4,0.9,25.06,0.0
2009,154,21.3,13.9,17.7,1.9,9.97,0.0
2009,155,21.9,10.0,16.7,2.1,30.09,0.0
2009,156,18.2,11.6,14.3,3.2,23.31,0.0
2009,157,17.3,11.2,14.2,5.2,21.86,0.0
2009,158,21.1,8.5,15.4,1.2,23.09,0.0
2009,159,21.1,10.9,17.1,7.8,26.09,0.0
2009,160,21.3,11.9,16.9,3.1,23.94,0.0
2009,161,20.6,13.2,16.6,0.4,27.49,0.0
2009,162,21.9,10.9,17.0,0.2,28.23,0.0
2009,163,20.9,13.6,17.5,3.3,23.09,0.0
2009,164,20.9,13.6,17.1,1.0,27.42,0.0
2009,165,22.5,11.6,17.5,0.0,30.36,0.0
2009,166,21.1,10.8,16.8,4.2,21.31,0.0
2009,167,22.2,13.0,18.0,7.8,24.68,0.0
2009,168,24.3,11.9,19.1,2.7,25.55,0.0
2009,169,27.9,13.8,21.6,0.0,25.11,0.0
2009,170,30.7,15.5,23.8,0.0,29.33,0.0
2009,171,25.2,16.8,21.4,0.0,32.36,0.0
2009,172,23.0,12.9,17.9,0.0,32.14,0.0
2009,173,25.7,11.5,19.6,0.0,31.62,0.0
2009,174,29.3,12.5,22.0,0.0,31.89,0.0
2009,175,30.9,14.7,23.8,0.0,31.35,0.0
2009,176,29.6,15.3,23.3,0.0,30.29,0.0
2009,177,30.4,14.3,23.4,0.0,31.54,0.0
2009,178,34.4,15.8,25.9,0.0,31.47,0.0
2009,179,35.2,17.7,27.3,1.1,30.54,0.0
2009,180,34.2,18.3,27.5,0.1,28.25,0.0
2009,181,32.6,20.6,26.7,0.2,27.73,0.0
2009,182,32.2,17.8,26.0,0.1,28.45,0.0
2009,183,32.3,17.9,26.0,0.0,29.49,0.0
2009,184,33.8,18.5,26.8,0.0,31.72,0.0
2009,185,32.0,18.7,25.9,0.0,31.46,0.0
2009,186,31.4,15.6,24.8,0.0,31.81,0.0
2009,187,29.5,19.6,24.5,0.0,31.76,0.0
2009,188,29.8,16.6,23.7,0.0,32.16,0.0
2009,189,29.7,18.2,24.1,0.0,31.87,0.0
2009,190,30.1,15.9,23.5,0.0,32.0,0.0
2009,191,31.1,17.0,24.3,0.0,29.04,0.0
2009,192,32.5,17.6,26.0,0.0,29.49,0.0
2009,193,32.6,18.7,26.0,0.0,30.59,0.0
2009,194,32.3,19.9,26.0,0.0,31.09,0.0
2009,195,33.3,17.0,26.1,0.0,31.32,0.0
2009,196,34.9,17.7,27.6,0.0,31.3,0.0
2009,197,35.7,18.2,28.1,0.0,30.17,0.0
2009,198,35.6,19.7,28.7,0.3,28.54,0.0
2009,199,36.6,20.8,29.6,0.0,26.38,0.0
2009,200,37.7,22.3,30.2,1.7,25.66,0.0
2009,201,36.1,22.2,29.6,0.0,27.77,0.0
2009,202,34.0,20.6,28.1,0.0,27.88,0.0
2009,203,33.0,19.1,27.0,0.0,27.44,0.0
2009,204,33.2,19.2,26.8,0.9,27.92,0.0
2009,205,32.7,19.1,26.6,0.0,27.72,0.0
2009,206,33.2,18.6,26.7,0.0,28.98,0.0
2009,207,33.7,19.3,27.5,0.3,26.79,0.0
2009,208,35.0,20.2,28.2,0.0,28.62,0.0
2009,209,34.3,21.3,28.1,0.0,28.23,0.0
2009,210,32.9,19.9,26.8,0.0,26.44,0.0
2009,211,32.5,19.1,26.7,0.0,27.62,0.0
2009,212,31.7,19.9,26.4,0.8,28.32,0.0
2009,213,32.0,19.4,26.2,0.0,28.15,0.0
2009,214,30.7,17.7,24.7,0.0,29.21,0.0
2009,215,30.9,16.9,24.7,0.0,26.68,0.0
2009,216,32.1,22.0,26.5,0.0,25.1,0.0
2009,217,31.3,21.3,25.8,0.0,27.69,0.0
2009,218,24.2,16.7,20.3,0.0,27.99,0.0
2009,219,24.7,14.3,19.3,0.0,29.44,0.0
2009,220,27.5,13.6,21.3,0.0,28.3,0.0
2009,221,30.7,15.5,23.7,0.0,28.3,0.0
2009,222,33.6,16.8,25.9,0.0,28.98,0.0
2009,223,33.0,17.4,26.2,0.0,28.86,0.0
2009,224,32.7,17.6,25.8,0.0,27.88,0.0
2009,225,31.3,17.9,25.0,0.0,28.88,0.0
2009,226,29.6,17.4,23.7,0.0,28.92,0.0
2009,227,28.4,16.1,22.8,0.0,29.07,0.0
2009,228,29.9,14.7,23.1,0.0,28.61,0.0
2009,229,31.3,15.4,24.3,0.0,28.56,0.0
2009,230,33.6,16.8,25.8,0.0,28.22,0.0
2009,231,33.9,17.8,26.5,0.0,27.99,0.0
2009,232,33.4,18.7,26.6,0.0,27.48,0.0
2009,233,33.9,18.9,26.9,0.4,24.84,0.0
2009,234,29.0,21.0,24.5,5.4,11.56,0.0
2009,235,28.1,18.7,23.2,4.2,22.0,0.0
2009,236,29.5,16.5,23.3,0.0,25.86,0.0
2009,237,30.8,15.4,23.5,0.0,27.35,0.0
2009,238,31.9,15.6,24.2,0.0,27.47,0.0
2009,239,32.6,16.1,24.8,0.0,27.32,0.0
2009,240,33.7,17.7,26.1,0.0,22.04,0.0
2009,241,34.6,18.4,27.0,0.0,26.55,0.0
2009,242,33.5,18.1,26.1,0.0,26.57,0.0
2009,243,33.4,19.4,26.7,0.0,25.63,0.0
2009,244,34.6,19.1,27.1,0.0,25.48,0.0
2009,245,34.0,18.6,27.0,0.0,23.46,0.0
2009,246,33.0,20.6,27.0,0.0,22.44,0.0
2009,247,31.8,19.7,25.8,0.0,22.07,0.0
2009,248,30.2,18.0,24.0,0.0,25.9,0.0
2009,249,27.4,18.5,22.3,0.0,24.99,0.0
2009,250,26.6,14.8,21.0,0.0,24.88,0.0
2009,251,28.1,14.8,21.9,0.0,24.62,0.0
2009,252,30.2,15.5,23.2,0.0,24.29,0.0
2009,253,32.1,16.3,24.5,0.0,24.63,0.0
2009,254,32.6,17.6,25.6,0.0,20.26,0.0
2009,255,31.3,19.4,25.4,0.0,22.13,0.0
2009,256,27.1,17.6,22.7,0.0,23.75,0.0
2009,257,20.9,14.8,17.4,0.1,18.85,0.0
2009,258,26.1,12.1,19.4,0.0,23.39,0.0
2009,259,28.6,14.5,21.8,0.0,23.4,0.0
2009,260,30.6,15.6,23.4,0.0,22.33,0.0
2009,261,32.9,17.4,25.5,0.0,21.75,0.0
2009,262,32.4,18.3,25.3,0.0,21.28,0.0
2009,263,30.6,15.9,23.7,0.0,22.91,0.0
2009,264,32.3,16.6,24.5,0.0,22.73,0.0
2009,265,32.8,16.9,24.9,0.0,22.94,0.0
2009,266,32.4,17.2,24.7,0.0,22.59,0.0
2009,267,31.9,16.8,24.3,0.0,22.39,0.0
2009,268,32.6,16.3,24.6,0.0,22.31,0.0
2009,269,33.5,17.0,25.4,0.0,22.13,0.0
2009,270,34.0,17.5,25.8,0.0,21.95,0.0
2009,271,31.1,18.4,25.0,0.0,20.39,0.0
2009,272,24.6,13.0,20.4,0.0,19.62,0.0
2009,273,19.6,9.0,14.2,0.0,21.83,0.0
2009,274,24.1,8.6,16.6,0.0,21.39,0.0
2009,275,24.9,10.7,17.8,0.0,21.34,0.0
2009,276,23.2,11.8,17.1,0.0,20.81,0.0
2009,277,13.3,7.0,10.1,1.6,18.4,0.0
2009,278,16.2,5.8,11.0,0.0,20.93,0.0
2009,279,19.7,5.2,12.3,0.0,20.61,0.0
2009,280,19.3,5.8,12.6,0.0,19.91,0.0
2009,281,21.1,6.5,14.0,0.0,20.02,0.0
2009,282,22.6,8.2,15.8,0.0,19.73,0.0
2009,283,22.9,8.7,16.1,0.0,19.53,0.0
2009,284,21.5,9.4,15.3,0.0,19.27,0.0
2009,285,16.7,10.6,13.2,0.0,10.81,0.0
2009,286,15.0,8.7,12.1,44.5,2.07,0.0
2009,287,19.2,13.7,16.0,44.4,8.14,0.0
2009,288,22.3,11.6,16.8,0.0,17.51,0.0
2009,289,24.4,12.2,17.8,0.0,15.93,0.0
2009,290,26.8,12.9,19.6,0.0,17.64,0.0
2009,291,25.2,15.3,19.6,0.0,16.39,0.0
2009,292,18.6,10.6,15.2,1.1,14.46,0.0
2009,293,16.4,9.0,12.0,0.0,15.22,0.0
2009,294,19.2,7.3,13.2,0.0,17.02,0.0
2009,295,19.7,8.9,14.2,0.0,16.86,0.0
2009,296,22.2,9.8,15.7,0.0,16.58,0.0
2009,297,21.3,10.8,16.0,0.0,16.44,0.0
2009,298,21.6,10.7,16.0,0.0,15.92,0.0
2009,299,22.8,11.1,16.8,0.0,15.27,0.0
2009,300,15.7,8.3,11.2,1.0,11.02,0.0
2009,301,10.7,3.0,6.9,3.3,15.7,0.0
2009,302,13.5,4.4,8.5,0.0,16.02,0.0
2009,303,18.6,4.6,11.1,0.0,15.86,0.0
2009,304,20.9,6.2,13.0,0.0,15.89,0.0
2009,305,22.6,7.7,14.8,0.0,15.63,0.0
2009,306,24.4,9.3,16.2,0.0,15.47,0.0
2009,307,25.8,9.8,16.8,0.0,15.54,0.0
2009,308,24.9,9.5,16.5,0.0,15.23,0.0
2009,309,19.7,8.9,13.9,0.0,13.93,0.0
2009,310,18.1,6.8,12.1,0.0,14.71,0.0
2009,311,15.4,8.0,11.5,0.0,12.51,0.0
2009,312,16.8,5.4,10.5,0.0,12.53,0.0
2009,313,19.7,4.9,11.7,0.0,13.27,0.0
2009,314,20.0,7.6,13.6,0.0,12.08,0.0
2009,315,19.7,8.7,14.1,0.0,9.85,0.0
2009,316,15.0,8.2,12.2,0.0,10.67,0.0
2009,317,10.4,6.5,7.9,0.9,10.81,0.0
2009,318,11.5,4.6,7.6,0.0,13.85,0.0
2009,319,15.1,2.6,8.4,0.0,13.64,0.0
2009,320,18.2,4.2,10.4,0.0,13.54,0.0
2009,321,19.9,5.8,12.0,0.0,13.55,0.0
2009,322,12.7,5.0,9.5,0.0,12.56,0.0
2009,323,16.7,2.2,8.7,0.0,13.41,0.0
2009,324,18.3,5.2,10.5,0.0,12.76,0.0
2009,325,11.5,4.8,8.1,0.0,10.59,0.0
2009,326,12.6,2.8,7.6,0.0,12.69,0.0
2009,327,14.5,4.3,8.5,0.0,10.83,0.0
2009,328,17.2,3.7,9.6,0.0,12.56,0.0
2009,329,18.4,4.7,10.5,0.0,12.41,0.0
2009,330,19.6,5.0,11.0,0.0,12.59,0.0
2009,331,16.3,5.8,10.0,3.1,10.61,0.0
2009,332,8.9,4.5,6.0,6.2,7.54,0.0
2009,333,13.8,1.8,7.1,0.0,12.23,0.0
2009,334,16.5,2.7,8.4,0.0,12.29,0.0
2009,335,14.9,3.4,8.4,0.0,11.62,0.0
2009,336,13.6,2.4,7.8,0.0,12.05,0.0
2009,337,13.9,2.0,7.3,0.0,12.03,0.0
2009,338,14.8,2.4,7.6,0.0,11.57,0.0
2009,339,11.8,4.0,7.3,0.0,11.95,0.0
2009,340,8.2,3.7,5.6,0.0,10.4,0.0
2009,341,5.3,-2.9,2.5,27.3,1.53,0.0
2009,342,2.7,-7.5,-2.4,0.0,10.13,0.0
2009,343,4.7,-11.4,-2.7,0.0,12.11,0.0
2009,344,9.1,-6.9,2.8,3.8,8.54,0.0
2009,345,10.6,4.4,7.4,19.6,5.7,0.0
2009,346,12.5,5.0,8.1,27.0,4.35,0.0
2009,347,8.0,-0.4,4.7,16.7,3.87,0.0
2009,348,8.7,-1.0,3.0,0.0,10.04,0.0
2009,349,13.5,-1.0,5.6,0.0,10.13,0.0
2009,350,14.2,1.8,7.2,0.0,11.3,0.0
2009,351,13.9,2.4,7.4,0.0,10.12,0.0
2009,352,13.6,3.3,7.3,0.0,10.17,0.0
2009,353,16.6,2.8,8.6,0.0,10.34,0.0
2009,354,16.4,5.6,9.5,0.0,8.01,0.0
2009,355,14.6,5.1,8.8,6.0,7.74,0.0
2009,356,7.5,-1.3,2.8,21.7,7.98,0.0
2009,357,8.1,-6.4,0.1,0.1,11.72,0.0
2009,358,11.8,-2.5,3.4,0.0,11.59,0.0
2009,359,12.6,0.3,5.1,0.0,11.43,0.0
2009,360,11.3,1.4,5.7,0.0,5.82,0.0
2009,361,11.1,2.2,6.1,0.0,10.24,0.0
2009,362,11.1,0.9,5.2,0.0,8.13,0.0
2009,363,9.3,4.0,5.7,0.0,9.58,0.0
2009,364,9.0,1.8,5.8,6.1,8.15,0.0
2009,365,12.3,2.2,6.4,0.0,10.01,0.0
2010,1,13.2,2.6,7.0,0.0,7.96,0.0
2010,2,13.6,1.3,6.5,0.0,11.4,0.0
2010,3,15.7,2.6,7.9,0.0,10.76,0.0
2010,4,16.2,3.9,8.8,0.0,11.58,0.0
2010,5,15.0,2.7,8.4,0.0,11.03,0.0
2010,6,15.3,3.3,8.8,0.0,11.42,0.0
2010,7,14.8,3.9,8.6,0.0,11.54,0.0
2010,8,16.7,5.2,9.9,0.0,10.48,0.0
2010,9,16.1,5.9,10.3,0.0,8.4,0.0
2010,10,17.1,5.3,10.6,0.0,12.02,0.0
2010,11,18.2,4.3,10.3,0.0,10.57,0.0
2010,12,16.4,7.1,11.4,0.3,8.39,0.0
2010,13,10.3,6.3,7.9,9.8,7.95,0.0
2010,14,12.7,0.6,6.1,0.0,11.1,0.0
2010,15,16.0,3.3,9.1,0.0,9.45,0.0
2010,16,15.4,6.4,9.9,0.0,12.23,0.0
2010,17,13.2,2.9,7.2,4.2,9.04,0.0
2010,18,11.5,3.3,7.2,26.9,2.09,0.0
2010,19,10.4,3.0,5.3,12.4,3.62,0.0
2010,20,8.2,1.8,4.6,15.3,2.69,0.0
2010,21,6.4,0.0,3.0,18.8,3.18,0.0
2010,22,5.1,0.4,2.8,16.7,8.37,0.0
2010,23,5.6,-1.8,2.5,0.3,11.85,0.0
2010,24,8.0,-1.8,3.8,0.8,10.14,0.0
2010,25,11.8,0.9,7.7,0.3,7.27,0.0
2010,26,11.3,2.2,6.3,0.1,8.56,0.0
2010,27,8.3,2.9,6.2,3.1,8.63,0.0
2010,28,10.6,0.4,5.5,0.2,12.89,0.0
2010,29,12.2,2.1,6.9,0.0,11.31,0.0
2010,30,10.6,0.6,5.8,0.0,12.52,0.0
2010,31,10.8,2.2,5.9,0.6,10.84,0.0
2010,32,12.5,1.8,6.8,0.0,11.38,0.0
2010,33,12.3,3.9,7.7,0.0,10.98,0.0
2010,34,12.0,2.3,6.8,0.0,13.7,0.0
2010,35,13.2,3.7,8.3,0.7,11.39,0.0
2010,36,11.0,5.7,8.6,14.8,3.48,0.0
2010,37,10.4,4.2,6.7,16.2,4.46,0.0
2010,38,7.0,2.9,4.6,6.1,9.02,0.0
2010,39,8.3,1.9,5.0,0.4,10.58,0.0
2010,40,8.4,2.1,4.8,5.7,8.06,0.0
2010,41,7.5,-0.5,3.6,0.3,11.63,0.0
2010,42,10.2,0.8,5.5,0.0,11.7,0.0
2010,43,12.6,0.7,6.4,0.0,16.8,0.0
2010,44,14.7,2.1,7.8,0.0,16.11,0.0
2010,45,16.0,3.5,9.2,0.0,15.85,0.0
2010,46,15.2,3.8,9.1,0.0,16.03,0.0
2010,47,16.9,3.8,10.0,0.0,16.45,0.0
2010,48,18.0,6.2,11.4,0.0,16.59,0.0
2010,49,17.3,5.0,10.5,0.0,17.09,0.0
2010,50,12.7,4.9,8.5,0.8,13.1,0.0
2010,51,10.0,5.4,7.1,5.1,12.98,0.0
2010,52,9.5,3.7,6.3,11.8,10.72,0.0
2010,53,9.9,0.8,6.0,6.6,16.19,0.0
2010,54,12.9,0.3,6.9,0.8,12.69,0.0
2010,55,13.2,6.9,8.3,33.1,3.97,0.0
2010,56,12.5,3.0,7.7,0.0,14.64,0.0
2010,57,18.0,4.6,10.8,2.0,14.0,0.0
2010,58,9.6,5.1,7.6,26.5,7.57,0.0
2010,59,12.5,2.0,6.9,0.0,15.65,0.0
2010,60,16.0,3.2,9.4,0.1,17.32,0.0
2010,61,11.9,5.2,8.5,4.3,14.0,0.0
2010,62,12.4,3.9,7.9,13.0,17.18,0.0
2010,63,7.2,-0.5,3.7,8.7,17.28,0.0
2010,64,10.7,-3.6,3.9,0.0,18.23,0.0
2010,65,12.3,3.6,7.3,1.0,13.69,0.0
2010,66,12.0,2.7,6.8,4.7,17.31,0.0
2010,67,9.1,2.8,6.8,9.7,11.18,0.0
2010,68,5.3,-1.1,2.1,3.9,16.3,0.0
2010,69,5.9,-0.1,3.0,2.5,14.51,0.0
2010,70,11.9,-2.1,4.7,0.0,20.8,0.0
2010,71,15.1,0.7,8.0,2.2,20.73,0.0
2010,72,10.1,3.5,6.9,9.7,17.03,0.0
2010,73,13.3,1.2,6.9,0.0,22.26,0.0
2010,74,18.3,2.3,10.2,0.0,22.07,0.0
2010,75,20.8,5.1,12.7,0.0,22.2,0.0
2010,76,19.9,5.4,12.7,0.0,20.84,0.0
2010,77,17.9,6.0,11.9,0.3,21.98,0.0
2010,78,19.0,4.3,11.8,0.0,23.52,0.0
2010,79,20.9,5.6,13.1,0.0,21.21,0.0
2010,80,19.6,6.7,12.9,0.0,19.64,0.0
2010,81,17.1,5.9,11.3,0.0,23.52,0.0
2010,82,17.6,4.6,11.6,0.0,23.94,0.0
2010,83,19.5,5.5,12.9,0.0,21.68,0.0
2010,84,12.8,5.9,9.8,0.0,18.14,0.0
2010,85,13.0,4.8,8.3,0.0,22.55,0.0
2010,86,17.7,4.1,10.8,0.0,24.05,0.0
2010,87,20.2,5.6,12.9,0.0,24.54,0.0
2010,88,19.6,7.4,13.4,0.0,24.79,0.0
2010,89,13.8,8.0,10.8,3.8,12.85,0.0
2010,90,8.3,1.2,5.9,14.8,17.8,0.0
2010,91,10.3,1.7,5.7,0.1,24.85,0.0
2010,92,13.2,1.3,7.3,0.0,22.28,0.0
2010,93,10.9,5.5,8.1,1.1,14.1,0.0
2010,94,11.2,3.0,7.2,3.5,11.69,0.0
2010,95,7.9,0.4,5.5,28.9,18.77,0.0
2010,96,11.6,-3.8,4.3,0.0,26.91,0.0
2010,97,17.4,-0.1,9.0,0.0,26.76,0.0
2010,98,18.6,4.5,11.8,0.0,26.69,0.0
2010,99,18.7,5.1,12.3,0.0,27.0,0.0
2010,100,17.0,7.4,12.4,0.0,26.37,0.0
2010,101,16.6,6.4,10.7,11.5,17.27,0.0
2010,102,11.0,3.8,7.0,17.5,19.4,0.0
2010,103,12.8,3.0,7.9,0.2,22.78,0.0
2010,104,16.0,3.3,9.8,0.0,25.78,0.0
2010,105,19.2,4.4,12.3,0.0,25.03,0.0
2010,106,17.4,6.4,12.3,0.0,24.01,0.0
2010,107,19.9,5.4,13.1,0.0,27.48,0.0
2010,108,21.1,6.1,14.1,0.0,26.8,0.0
2010,109,20.0,7.5,14.7,0.2,26.76,0.0
2010,110,13.9,3.6,9.0,24.2,9.36,0.0
2010,111,7.0,1.3,4.0,13.9,18.08,0.0
2010,112,10.0,2.4,5.8,2.0,18.53,0.0
2010,113,15.9,0.8,8.8,0.0,27.76,0.0
2010,114,18.6,4.9,12.4,0.0,28.49,0.0
2010,115,20.8,6.9,14.3,0.0,28.38,0.0
2010,116,22.9,8.6,16.0,0.0,28.05,0.0
2010,117,20.1,10.1,14.9,3.1,22.16,0.0
2010,118,12.0,5.1,9.5,10.3,20.07,0.0
2010,119,9.2,2.6,5.8,4.0,24.19,0.0
2010,120,13.7,0.9,7.6,0.4,29.05,0.0
2010,121,16.1,2.7,10.0,0.0,28.75,0.0
2010,122,19.1,4.9,12.7,0.0,28.85,0.0
2010,123,22.4,7.7,15.5,0.0,29.05,0.0
2010,124,22.0,9.2,15.8,0.0,29.88,0.0
2010,125,19.5,7.5,14.0,0.0,29.89,0.0
2010,126,18.3,9.6,13.7,0.0,30.22,0.0
2010,127,21.0,6.0,14.2,0.0,30.06,0.0
2010,128,19.6,8.4,14.6,0.0,30.55,0.0
2010,129,13.1,6.4,10.4,6.6,20.93,0.0
2010,130,14.2,4.8,9.2,6.0,22.44,0.0
2010,131,12.7,2.7,7.6,0.4,26.6,0.0
2010,132,17.9,3.3,11.3,0.0,30.17,0.0
2010,133,20.2,6.6,14.0,0.9,26.01,0.0
2010,134,22.7,7.5,15.7,0.1,28.27,0.0
2010,135,25.0,8.6,17.3,0.0,30.12,0.0
2010,136,24.6,10.0,18.2,0.4,26.27,0.0
2010,137,16.2,10.1,13.6,4.3,11.88,0.0
2010,138,17.5,8.4,12.9,0.0,24.73,0.0
2010,139,21.2,7.5,14.9,0.0,30.36,0.0
2010,140,19.5,11.8,15.2,0.0,27.62,0.0
2010,141,18.1,7.0,12.8,0.0,31.15,0.0
2010,142,12.5,5.1,8.9,0.4,26.76,0.0
2010,143,11.3,3.7,7.4,2.6,23.05,0.0
2010,144,15.6,4.0,10.0,0.0,28.41,0.0
2010,145,19.4,5.0,13.0,0.0,29.08,0.0
2010,146,17.6,10.0,13.5,0.7,25.46,0.0
2010,147,16.6,8.3,12.3,0.0,23.93,0.0
2010,148,16.6,6.5,11.2,1.5,29.94,0.0
2010,149,21.2,5.1,14.0,0.0,31.84,0.0
2010,150,25.6,8.2,17.7,0.0,31.53,0.0
2010,151,25.9,9.9,18.8,0.0,30.99,0.0
2010,152,23.0,13.4,18.2,0.0,28.14,0.0
2010,153,24.0,11.8,18.7,0.0,28.48,0.0
2010,154,25.9,12.0,20.1,0.0,30.26,0.0
2010,155,27.6,14.6,21.5,0.0,30.47,0.0
2010,156,28.6,15.2,22.7,0.0,30.02,0.0
2010,157,29.2,16.3,23.5,0.0,30.29,0.0
2010,158,28.0,15.5,22.5,0.0,30.83,0.0
2010,159,27.1,15.8,22.0,0.0,30.81,0.0
2010,160,24.9,16.1,20.0,0.0,30.57,0.0
2010,161,21.1,11.8,16.6,0.0,30.8,0.0
2010,162,20.1,10.8,15.9,1.3,28.58,0.0
2010,163,24.2,9.2,17.7,0.3,29.41,0.0
2010,164,26.2,11.5,20.0,0.0,28.82,0.0
2010,165,29.8,12.7,22.1,0.0,31.62,0.0
2010,166,29.0,15.1,22.6,0.0,31.36,0.0
2010,167,24.3,15.6,19.8,0.0,32.43,0.0
2010,168,26.1,10.2,19.4,0.0,32.37,0.0
2010,169,26.2,11.9,19.8,0.0,32.23,0.0
2010,170,23.7,13.5,18.6,0.0,32.15,0.0
2010,171,24.1,10.6,18.1,0.0,31.99,0.0
2010,172,24.2,11.2,18.8,0.0,31.13,0.0
2010,173,28.6,11.9,21.3,0.0,31.66,0.0
2010,174,29.7,13.9,22.9,0.0,31.45,0.0
2010,175,29.0,15.7,22.7,0.0,29.16,0.0
2010,176,27.2,16.8,22.1,0.0,29.6,0.0
2010,177,27.7,15.6,22.4,0.1,28.63,0.0
2010,178,32.7,16.3,25.4,0.0,30.96,0.0
2010,179,33.9,17.9,26.9,1.6,28.84,0.0
2010,180,31.3,18.0,25.5,0.3,31.02,0.0
2010,181,30.3,16.7,24.1,0.0,31.63,0.0
2010,182,29.1,14.2,22.6,0.0,32.27,0.0
2010,183,27.7,15.2,22.1,0.0,32.0,0.0
2010,184,28.2,14.8,22.4,0.0,31.79,0.0
2010,185,30.1,14.0,23.1,0.0,31.75,0.0
2010,186,31.7,15.3,24.6,0.0,31.15,0.0
2010,187,29.1,16.2,23.3,1.7,29.5,0.0
2010,188,29.1,15.0,23.0,3.4,30.3,0.0
2010,189,30.7,15.5,24.1,0.2,30.78,0.0
2010,190,32.0,16.3,25.5,0.0,29.44,0.0
2010,191,32.3,19.6,26.7,0.0,22.63,0.0
2010,192,31.7,19.9,26.3,0.0,26.02,0.0
2010,193,30.2,18.9,25.3,0.2,27.09,0.0
2010,194,29.9,18.9,24.8,0.0,29.73,0.0
2010,195,32.4,17.5,25.7,0.0,29.85,0.0
2010,196,34.3,18.3,27.6,0.6,28.29,0.0
2010,197,33.8,22.5,28.2,0.7,24.74,0.0
2010,198,34.1,21.7,28.3,0.0,27.02,0.0
2010,199,34.0,20.9,28.2,0.0,29.38,0.0
2010,200,33.4,20.4,27.4,0.0,29.35,0.0
2010,201,32.6,19.6,26.6,0.0,30.1,0.0
2010,202,31.5,18.0,25.3,0.0,31.1,0.0
2010,203,31.6,16.3,24.8,0.0,30.84,0.0
2010,204,32.8,17.1,25.8,0.1,29.52,0.0
2010,205,33.1,18.5,26.7,0.4,27.67,0.0
2010,206,32.3,19.4,26.7,0.3,25.52,0.0
2010,207,30.8,19.3,25.6,1.2,27.33,0.0
2010,208,31.0,16.7,24.7,0.0,30.2,0.0
2010,209,30.7,16.8,24.5,0.0,25.91,0.0
2010,210,31.4,18.2,25.4,0.0,28.4,0.0
2010,211,31.8,18.5,25.8,0.0,28.01,0.0
2010,212,31.5,17.5,25.0,0.0,29.75,0.0
2010,213,30.9,17.0,24.6,0.0,29.98,0.0
2010,214,31.8,17.1,25.2,0.0,30.3,0.0
2010,215,32.4,17.0,25.2,0.0,30.55,0.0
2010,216,32.4,16.8,25.3,0.0,30.38,0.0
2010,217,31.7,17.2,25.0,0.0,29.96,0.0
2010,218,30.7,15.9,24.1,0.0,29.61,0.0
2010,219,29.7,16.5,23.7,0.4,28.32,0.0
2010,220,28.1,15.9,22.6,0.5,25.98,0.0
2010,221,29.5,15.2,23.0,0.1,29.04,0.0
2010,222,29.5,15.7,23.4,0.0,28.97,0.0
2010,223,28.4,15.3,22.4,0.0,28.99,0.0
2010,224,28.6,15.4,22.5,0.0,28.68,0.0
2010,225,30.5,16.5,23.9,0.0,28.71,0.0
2010,226,30.8,16.4,24.1,0.0,28.53,0.0
2010,227,31.3,18.9,25.0,0.0,28.74,0.0
2010,228,32.8,15.8,25.1,0.0,28.9,0.0
2010,229,35.2,17.3,27.1,0.0,28.95,0.0
2010,230,32.9,21.4,27.0,0.0,25.69,0.0
2010,231,32.3,19.6,25.8,0.0,28.42,0.0
2010,232,33.4,16.4,25.4,0.0,28.51,0.0
2010,233,32.3,21.1,26.6,0.0,26.48,0.0
2010,234,29.5,20.3,24.7,0.0,27.65,0.0
2010,235,32.8,15.3,24.7,0.0,27.91,0.0
2010,236,37.2,17.7,28.0,0.0,27.32,0.0
2010,237,38.5,20.8,30.3,0.0,24.98,0.0
2010,238,35.6,23.4,29.5,0.8,22.83,0.0
2010,239,32.9,21.8,27.1,0.0,26.81,0.0
2010,240,24.0,15.8,20.3,0.0,27.06,0.0
2010,241,21.5,13.1,17.0,0.0,24.95,0.0
2010,242,23.9,10.7,17.8,0.0,26.63,0.0
2010,243,26.8,11.9,19.8,0.0,26.42,0.0
2010,244,31.2,13.8,23.1,0.0,26.3,0.0
2010,245,34.5,16.1,25.9,0.0,26.43,0.0
2010,246,35.2,18.0,27.1,0.0,26.2,0.0
2010,247,33.9,18.1,26.2,0.0,26.38,0.0
2010,248,31.1,16.3,24.1,0.0,26.39,0.0
2010,249,31.4,15.2,23.9,0.0,25.93,0.0
2010,250,30.7,17.4,23.9,0.0,25.24,0.0
2010,251,23.4,15.5,19.0,0.2,22.31,0.0
2010,252,20.8,11.7,16.0,0.4,21.4,0.0
2010,253,26.0,10.6,18.7,0.0,24.85,0.0
2010,254,29.5,12.7,21.4,0.0,24.93,0.0
2010,255,30.2,14.8,22.8,0.0,24.7,0.0
2010,256,30.0,15.8,23.2,0.0,24.41,0.0
2010,257,28.8,15.8,22.3,0.0,24.58,0.0
2010,258,27.7,14.1,21.1,0.0,24.33,0.0
2010,259,28.5,13.0,21.2,0.0,23.92,0.0
2010,260,28.1,13.5,21.4,0.0,23.8,0.0
2010,261,28.0,13.7,21.5,0.0,23.61,0.0
2010,262,27.1,13.6,20.6,0.0,23.53,0.0
2010,263,25.2,12.5,19.4,0.0,22.96,0.0
2010,264,25.3,12.1,19.0,0.0,23.3,0.0
2010,265,19.9,12.5,16.1,0.0,21.1,0.0
2010,266,26.4,10.3,18.7,0.0,22.65,0.0
2010,267,30.1,12.4,21.5,0.0,22.59,0.0
2010,268,32.6,13.8,23.4,0.0,22.67,0.0
2010,269,33.0,15.1,24.4,0.0,22.43,0.0
2010,270,34.8,16.0,25.5,0.0,22.09,0.0
2010,271,34.8,17.9,26.3,0.0,20.52,0.0
2010,272,33.5,18.3,26.0,0.0,21.2,0.0
2010,273,33.0,18.9,25.8,0.0,17.17,0.0
2010,274,30.0,19.9,24.1,6.1,17.59,0.0
2010,275,28.8,17.5,22.2,13.5,15.41,0.0
2010,276,25.9,15.7,20.7,1.3,16.15,0.0
2010,277,19.9,11.9,15.5,7.2,9.64,0.0
2010,278,15.2,10.2,12.4,6.0,12.65,0.0
2010,279,17.1,7.5,12.0,3.5,11.98,0.0
2010,280,16.4,9.0,12.4,0.1,14.55,0.0
2010,281,20.9,7.5,14.3,0.0,19.46,0.0
2010,282,22.9,9.6,16.3,0.0,19.16,0.0
2010,283,25.3,11.7,18.4,0.0,18.96,0.0
2010,284,26.7,12.8,19.9,0.0,17.61,0.0
2010,285,27.7,14.5,21.0,0.2,15.62,0.0
2010,286,28.6,13.2,20.6,0.0,19.12,0.0
2010,287,29.4,13.6,21.0,0.0,17.8,0.0
2010,288,28.6,14.4,21.1,0.0,16.79,0.0
2010,289,26.5,14.1,20.1,0.0,14.91,0.0
2010,290,21.0,13.8,17.1,0.0,13.27,0.0
2010,291,17.9,10.9,14.1,1.4,12.01,0.0
2010,292,20.8,8.9,15.0,3.2,15.71,0.0
2010,293,21.7,10.4,15.6,2.6,14.31,0.0
2010,294,17.9,12.0,14.6,1.7,10.38,0.0
2010,295,17.4,12.1,14.3,0.0,13.8,0.0
2010,296,17.6,11.8,14.2,0.0,13.35,0.0
2010,297,19.3,13.1,15.3,9.2,11.01,0.0
2010,298,15.6,9.0,12.5,9.7,15.0,0.0
2010,299,13.5,6.9,9.7,0.0,15.52,0.0
2010,300,19.0,4.6,11.4,0.0,15.65,0.0
2010,301,22.1,7.3,13.6,0.0,14.18,0.0
2010,302,21.2,7.8,13.9,0.0,13.95,0.0
2010,303,14.1,8.0,11.0,4.6,11.81,0.0
2010,304,16.6,6.9,11.4,0.0,15.44,0.0
2010,305,20.6,7.2,13.3,0.0,15.3,0.0
2010,306,24.0,9.0,15.8,0.0,15.17,0.0
2010,307,27.3,11.3,18.3,0.0,15.07,0.0
2010,308,27.3,12.7,19.1,0.0,13.15,0.0
2010,309,26.5,14.4,19.2,0.0,14.45,0.0
2010,310,22.4,9.0,15.3,4.3,11.07,0.0
2010,311,17.1,8.1,11.9,7.4,10.44,0.0
2010,312,10.9,6.1,8.5,13.6,13.31,0.0
2010,313,11.8,5.3,7.9,0.0,13.08,0.0
2010,314,10.5,6.0,8.1,0.0,11.15,0.0
2010,315,14.1,2.2,8.0,0.7,13.4,0.0
2010,316,15.5,3.2,8.7,0.0,14.04,0.0
2010,317,17.0,3.9,9.8,0.0,13.73,0.0
2010,318,18.1,4.9,11.0,0.0,13.54,0.0
2010,319,19.6,6.3,12.4,0.0,13.46,0.0
2010,320,17.9,6.7,11.7,0.0,13.46,0.0
2010,321,19.6,6.1,12.1,0.0,13.36,0.0
2010,322,20.7,7.1,12.6,0.0,13.05,0.0
2010,323,15.1,8.4,10.9,6.9,7.61,0.0
2010,324,9.0,3.8,7.1,26.3,5.4,0.0
2010,325,5.2,-1.6,3.1,24.4,8.22,0.0
2010,326,6.6,-1.3,2.7,0.3,11.73,0.0
2010,327,5.9,-3.1,2.1,17.5,3.47,0.0
2010,328,4.1,-1.8,2.1,2.4,9.53,0.0
2010,329,7.3,-7.7,-0.6,0.0,12.84,0.0
2010,330,11.8,-3.8,3.7,0.0,12.78,0.0
2010,331,9.8,1.5,4.9,18.1,8.6,0.0
2010,332,3.9,-2.0,1.3,4.5,10.37,0.0
2010,333,5.9,-5.9,-0.7,1.2,10.97,0.0
2010,334,11.0,-4.6,3.4,0.0,10.16,0.0
2010,335,13.7,1.6,6.5,0.0,11.98,0.0
2010,336,17.0,2.7,9.5,0.0,9.38,0.0
2010,337,16.4,7.9,11.5,0.2,9.93,0.0
2010,338,15.3,6.5,9.9,0.3,5.66,0.0
2010,339,16.2,4.9,9.7,7.1,7.27,0.0
2010,340,13.5,3.4,8.4,1.7,11.58,0.0
2010,341,16.9,3.6,9.1,0.0,11.1,0.0
2010,342,16.2,5.2,10.2,0.0,10.52,0.0
2010,343,15.7,8.3,12.0,1.2,9.3,0.0
2010,344,14.3,9.0,11.3,0.0,9.99,0.0
2010,345,15.2,7.6,10.9,0.0,8.52,0.0
2010,346,18.8,5.8,11.4,0.0,11.37,0.0
2010,347,19.2,7.2,12.0,0.0,11.05,0.0
2010,348,14.5,8.4,11.1,1.6,10.43,0.0
2010,349,9.2,5.9,8.0,6.5,4.36,0.0
2010,350,9.0,2.7,5.7,0.1,9.21,0.0
2010,351,10.9,2.9,7.3,26.4,1.68,0.0
2010,352,11.0,7.7,9.1,91.4,0.35,0.0
2010,353,10.6,6.5,8.9,100.0,0.56,0.0
2010,354,7.4,5.4,6.5,31.1,1.7,0.0
2010,355,10.0,2.5,6.8,5.2,7.67,0.0
2010,356,9.6,5.4,7.1,15.3,2.79,0.0
2010,357,10.0,4.0,7.4,0.0,8.19,0.0
2010,358,14.4,1.8,6.5,0.0,10.5,0.0
2010,359,16.0,2.4,7.9,11.1,7.93,0.0
2010,360,8.3,4.2,6.0,7.8,10.62,0.0
2010,361,9.7,1.9,5.0,0.0,9.83,0.0
2010,362,11.0,2.7,6.6,7.8,8.25,0.0
2010,363,7.4,-0.9,4.3,63.3,4.1,0.0
2010,364,1.2,-3.3,-0.9,1.4,9.95,0.0
2010,365,2.7,-7.5,-1.0,0.0,9.38,0.0
2011,1,7.1,-3.3,2.0,20.1,7.01,0.0
2011,2,8.3,3.3,5.0,11.2,3.08,0.0
2011,3,6.2,-2.3,3.3,1.8,10.56,0.0
2011,4,7.9,-5.3,0.6,0.0,11.9,0.0
2011,5,11.1,-6.3,1.2,0.0,12.32,0.0
2011,6,12.7,-2.4,3.6,0.0,10.49,0.0
2011,7,10.3,-0.8,3.9,0.0,9.39,0.0
2011,8,7.7,-3.3,2.3,0.0,10.33,0.0
2011,9,6.5,0.1,3.5,0.0,10.93,0.0
2011,10,7.4,-3.3,1.7,0.0,10.51,0.0
2011,11,10.9,-0.8,5.7,2.2,8.9,0.0
2011,12,13.7,1.0,7.4,0.0,12.32,0.0
2011,13,13.4,2.0,7.3,0.0,11.75,0.0
2011,14,13.5,3.5,7.6,0.0,9.05,0.0
2011,15,15.6,4.8,9.0,0.0,11.48,0.0
2011,16,16.4,4.5,9.8,0.0,12.18,0.0
2011,17,15.5,5.6,10.0,0.0,10.02,0.0
2011,18,15.6,7.3,10.7,0.0,10.45,0.0
2011,19,13.4,5.3,10.2,0.0,12.78,0.0
2011,20,15.3,3.4,8.6,0.0,12.57,0.0
2011,21,16.5,4.0,9.7,0.0,12.87,0.0
2011,22,16.5,4.0,9.4,0.0,12.77,0.0
2011,23,16.4,3.4,9.2,0.0,13.43,0.0
2011,24,15.5,3.2,8.7,0.0,13.13,0.0
2011,25,16.6,3.8,9.3,0.0,13.77,0.0
2011,26,17.7,4.1,9.4,0.0,13.92,0.0
2011,27,16.4,3.6,9.0,0.0,14.04,0.0
2011,28,15.7,3.3,9.0,0.0,14.08,0.0
2011,29,13.8,3.4,8.1,0.0,13.5,0.0
2011,30,8.0,2.9,5.9,11.0,5.6,0.0
2011,31,8.3,1.4,4.8,0.2,9.39,0.0
2011,32,9.7,0.8,5.1,0.0,11.93,0.0
2011,33,10.4,-0.0,4.5,0.0,13.39,0.0
2011,34,11.7,0.3,5.4,0.0,14.63,0.0
2011,35,14.9,1.8,7.3,0.0,14.96,0.0
2011,36,14.9,2.9,8.1,0.0,14.55,0.0
2011,37,17.1,3.6,10.0,0.0,15.35,0.0
2011,38,16.6,5.3,10.5,0.0,15.71,0.0
2011,39,9.0,5.0,7.6,1.3,7.57,0.0
2011,40,11.2,1.1,5.8,0.0,12.97,0.0
2011,41,13.0,0.3,6.1,0.0,16.53,0.0
2011,42,16.1,1.0,7.7,0.0,16.68,0.0
2011,43,18.8,3.5,10.3,0.0,16.78,0.0
2011,44,18.0,3.5,10.1,0.0,15.68,0.0
2011,45,12.9,6.0,9.6,0.0,13.96,0.0
2011,46,13.7,4.4,9.2,0.2,13.2,0.0
2011,47,9.7,1.9,6.5,32.4,5.87,0.0
2011,48,8.8,-0.3,4.6,0.6,15.87,0.0
2011,49,13.5,1.7,7.1,6.3,14.01,0.0
2011,50,6.6,0.9,3.9,16.9,15.2,0.0
2011,51,6.1,1.0,3.1,2.7,13.2,0.0
2011,52,7.2,0.1,3.9,0.3,13.82,0.0
2011,53,9.0,-2.5,3.5,0.0,17.28,0.0
2011,54,8.3,-2.2,3.8,0.0,15.92,0.0
2011,55,7.9,0.6,4.5,3.1,13.94,0.0
2011,56,5.6,1.9,4.2,42.1,2.39,0.0
2011,57,2.0,-1.7,0.2,14.5,16.02,0.0
2011,58,5.5,-10.2,-0.9,0.0,20.17,0.0
2011,59,9.0,-7.6,0.8,0.0,20.45,0.0
2011,60,13.0,-4.3,4.1,0.0,15.97,0.0
2011,61,13.6,2.3,8.6,4.9,9.37,0.0
2011,62,12.9,5.0,9.3,5.3,17.35,0.0
2011,63,15.5,0.3,7.8,0.0,20.16,0.0
2011,64,16.5,2.8,9.6,0.0,20.01,0.0
2011,65,12.8,6.3,9.6,2.4,7.22,0.0
2011,66,8.4,3.7,6.7,23.4,16.03,0.0
2011,67,12.3,-0.2,6.4,0.0,20.38,0.0
2011,68,18.2,3.2,10.4,0.0,20.8,0.0
2011,69,19.6,6.0,12.3,0.0,21.37,0.0
2011,70,14.9,7.5,10.8,0.0,17.14,0.0
2011,71,14.8,6.3,9.8,0.0,20.56,0.0
2011,72,15.9,4.2,10.1,0.0,17.45,0.0
2011,73,17.1,6.1,11.4,0.0,20.78,0.0
2011,74,18.5,6.7,12.4,0.0,20.88,0.0
2011,75,12.6,7.9,11.0,1.6,9.41,0.0
2011,76,13.1,5.3,8.8,0.3,21.66,0.0
2011,77,14.3,1.4,8.2,3.7,20.74,0.0
2011,78,8.5,1.8,6.0,13.0,14.51,0.0
2011,79,8.5,3.6,6.9,39.8,3.35,0.0
2011,80,5.7,2.1,3.7,19.5,15.91,0.0
2011,81,8.2,-1.3,3.5,1.5,20.61,0.0
2011,82,8.3,2.1,5.2,24.2,6.0,0.0
2011,83,7.0,-0.2,4.1,14.5,9.3,0.0
2011,84,7.5,4.5,5.6,18.5,20.07,0.0
2011,85,7.6,4.2,6.3,8.0,10.17,0.0
2011,86,9.8,5.6,7.8,0.4,17.19,0.0
2011,87,12.1,3.3,8.2,0.0,21.14,0.0
2011,88,13.3,1.4,8.0,0.0,22.81,0.0
2011,89,18.8,4.2,11.3,0.0,24.11,0.0
2011,90,23.1,6.3,14.3,0.0,25.08,0.0
2011,91,26.0,8.5,17.3,0.0,24.8,0.0
2011,92,21.4,12.0,16.5,0.1,23.39,0.0
2011,93,16.0,9.6,12.7,0.0,19.31,0.0
2011,94,20.3,6.3,13.4,0.0,25.5,0.0
2011,95,19.6,8.0,14.2,0.0,25.69,0.0
2011,96,17.3,10.3,13.6,0.9,24.21,0.0
2011,97,10.5,-0.1,5.6,21.5,7.53,0.0
2011,98,5.5,-4.0,1.5,5.9,23.25,0.0
2011,99,7.2,-6.3,1.9,1.2,23.53,0.0
2011,100,13.0,-3.5,5.8,0.0,25.93,0.0
2011,101,14.8,3.4,9.0,0.0,21.85,0.0
2011,102,15.4,4.7,10.4,0.0,24.76,0.0
2011,103,10.1,3.9,7.5,3.5,20.98,0.0
2011,104,14.5,1.1,8.2,0.0,27.04,0.0
2011,105,17.9,4.7,11.4,0.0,26.99,0.0
2011,106,19.9,6.6,13.5,0.0,26.88,0.0
2011,107,20.5,8.5,14.8,0.0,25.68,0.0
2011,108,18.3,12.0,14.6,0.0,22.95,0.0
2011,109,16.8,7.1,13.0,0.0,21.1,0.0
2011,110,17.7,7.4,13.1,2.5,21.3,0.0
2011,111,16.8,8.9,12.6,2.4,24.62,0.0
2011,112,17.0,5.1,11.7,1.0,23.89,0.0
2011,113,16.5,8.8,12.3,0.5,25.71,0.0
2011,114,14.3,8.5,11.3,1.2,19.75,0.0
2011,115,16.8,5.8,11.3,0.0,22.11,0.0
2011,116,15.6,5.0,10.5,0.0,26.57,0.0
2011,117,18.9,4.5,12.3,0.0,28.65,0.0
2011,118,19.2,7.2,14.0,0.0,28.71,0.0
2011,119,13.9,6.4,10.3,0.0,25.69,0.0
2011,120,16.4,6.0,11.4,0.0,29.02,0.0
2011,121,19.2,4.0,12.4,0.0,30.17,0.0
2011,122,22.4,6.6,14.8,0.0,29.56,0.0
2011,123,23.3,7.8,16.2,0.0,29.59,0.0
2011,124,26.1,8.8,18.3,0.0,29.4,0.0
2011,125,27.8,11.0,19.8,0.0,28.85,0.0
2011,126,26.6,10.3,19.2,0.0,30.28,0.0
2011,127,22.5,11.1,17.2,0.0,29.34,0.0
2011,128,15.3,8.5,11.6,6.3,17.45,0.0
2011,129,12.1,5.9,8.8,3.3,25.37,0.0
2011,130,16.8,4.7,11.1,0.0,28.97,0.0
2011,131,20.7,5.8,14.1,0.0,28.71,0.0
2011,132,23.0,8.6,16.7,0.0,27.11,0.0
2011,133,23.7,10.2,17.5,5.0,25.72,0.0
2011,134,18.4,10.2,15.3,0.1,26.45,0.0
2011,135,11.3,6.1,8.8,7.0,24.16,0.0
2011,136,11.8,5.8,8.7,2.8,17.93,0.0
2011,137,12.5,7.4,9.4,13.1,15.61,0.0
2011,138,12.4,6.1,8.9,15.4,24.3,0.0
2011,139,16.3,2.7,10.3,0.0,28.5,0.0
2011,140,20.2,5.4,13.6,0.0,29.32,0.0
2011,141,21.8,10.7,16.2,0.0,27.73,0.0
2011,142,20.1,8.9,15.0,0.0,28.89,0.0
2011,143,15.7,8.2,12.2,0.2,25.65,0.0
2011,144,19.1,6.9,13.6,0.0,31.2,0.0
2011,145,22.3,8.3,16.0,0.0,30.69,0.0
2011,146,18.8,9.0,13.8,0.0,28.95,0.0
2011,147,20.3,10.5,15.0,0.0,30.84,0.0
2011,148,17.7,9.9,13.9,0.0,29.78,0.0
2011,149,12.5,5.7,9.2,10.0,27.48,0.0
2011,150,19.3,3.8,12.3,0.0,32.03,0.0
2011,151,21.0,7.0,14.7,0.0,31.36,0.0
2011,152,16.4,9.2,12.9,0.0,27.86,0.0
2011,153,17.4,7.8,12.3,0.0,32.2,0.0
2011,154,20.0,6.2,14.0,0.0,27.59,0.0
2011,155,16.9,10.4,14.3,0.7,9.72,0.0
2011,156,18.8,11.1,14.8,7.6,18.08,0.0
2011,157,17.0,8.6,12.5,5.9,24.79,0.0
2011,158,17.9,7.8,13.8,3.9,25.68,0.0
2011,159,21.0,9.3,15.9,0.3,26.59,0.0
2011,160,23.5,12.9,18.6,0.2,29.49,0.0
2011,161,23.7,12.8,18.7,0.0,29.5,0.0
2011,162,22.4,12.0,17.7,0.0,29.66,0.0
2011,163,22.4,13.1,17.8,0.0,27.93,0.0
2011,164,25.1,12.7,19.5,0.0,30.14,0.0
2011,165,28.6,14.8,22.5,0.0,30.5,0.0
2011,166,28.4,15.8,22.7,0.0,30.22,0.0
2011,167,27.4,14.7,21.8,0.0,31.83,0.0
2011,168,25.3,13.3,20.3,0.1,30.57,0.0
2011,169,26.2,13.8,20.5,0.0,30.35,0.0
2011,170,26.2,15.3,20.9,0.0,30.27,0.0
2011,171,30.7,14.9,23.6,0.0,31.26,0.0
2011,172,33.0,16.8,25.7,0.0,31.4,0.0
2011,173,33.2,18.7,26.6,0.0,31.57,0.0
2011,174,32.0,18.1,25.4,0.0,31.87,0.0
2011,175,29.8,16.5,23.6,0.0,32.11,0.0
2011,176,29.0,15.6,22.6,0.0,32.27,0.0
2011,177,28.9,14.7,22.4,0.0,31.99,0.0
2011,178,30.4,14.7,23.6,0.0,31.81,0.0
2011,179,29.0,18.1,23.3,0.0,31.4,0.0
2011,180,19.2,13.1,16.5,0.8,21.57,0.0
2011,181,25.9,10.4,18.7,0.0,31.51,0.0
2011,182,30.4,14.1,23.2,0.0,31.37,0.0
2011,183,34.0,16.6,26.3,0.0,31.68,0.0
2011,184,34.8,18.4,27.5,0.0,30.34,0.0
2011,185,34.3,20.5,28.1,0.0,27.29,0.0
2011,186,32.4,20.6,27.3,1.1,23.68,0.0
2011,187,32.1,19.9,26.8,5.2,26.56,0.0
2011,188,32.4,20.4,26.7,0.6,27.05,0.0
2011,189,33.3,19.4,26.9,0.0,29.37,0.0
2011,190,32.3,19.0,26.2,0.0,30.97,0.0
2011,191,31.6,17.2,25.3,0.0,31.54,0.0
2011,192,29.3,18.9,23.8,0.0,31.4,0.0
2011,193,27.3,15.2,21.9,0.0,31.28,0.0
2011,194,25.7,16.8,21.2,0.0,30.6,0.0
2011,195,24.3,15.6,19.9,0.0,28.92,0.0
2011,196,24.7,14.2,19.6,0.0,30.23,0.0
2011,197,25.7,13.0,20.0,0.0,30.96,0.0
2011,198,28.0,13.0,21.5,0.0,31.35,0.0
2011,199,30.7,14.2,23.3,0.0,31.52,0.0
2011,200,30.4,19.0,24.4,0.0,31.49,0.0
2011,201,30.9,15.1,23.7,0.0,31.16,0.0
2011,202,30.8,15.7,24.0,0.0,31.08,0.0
2011,203,30.5,16.5,24.2,0.0,30.81,0.0
2011,204,31.3,16.8,25.0,0.0,30.63,0.0
2011,205,32.6,16.8,25.6,0.0,30.88,0.0
2011,206,32.5,16.7,25.1,0.0,30.99,0.0
2011,207,30.8,18.0,24.8,0.0,30.61,0.0
2011,208,31.8,17.2,25.0,0.0,30.66,0.0
2011,209,33.1,17.5,26.0,0.0,29.33,0.0
2011,210,32.8,18.9,26.7,0.5,25.85,0.0
2011,211,32.6,20.2,26.6,1.4,25.78,0.0
2011,212,30.4,20.5,25.7,3.4,18.56,0.0
2011,213,31.6,18.9,25.9,0.6,24.89,0.0
2011,214,33.0,19.6,26.8,0.0,27.86,0.0
2011,215,33.6,18.9,26.6,0.0,30.28,0.0
2011,216,30.2,19.1,24.2,0.0,30.19,0.0
2011,217,29.5,16.0,23.5,0.0,29.59,0.0
2011,218,30.4,15.9,23.9,0.0,29.69,0.0
2011,219,30.9,16.9,24.3,0.0,29.69,0.0
2011,220,31.0,17.0,24.6,0.0,29.65,0.0
2011,221,30.6,15.5,23.9,0.0,29.49,0.0
2011,222,30.5,16.4,24.0,0.0,29.42,0.0
2011,223,29.8,16.3,23.6,0.0,28.82,0.0
2011,224,30.9,16.3,24.3,0.0,27.02,0.0
2011,225,32.2,18.0,25.7,0.0,27.78,0.0
2011,226,32.7,18.3,25.8,0.0,28.49,0.0
2011,227,31.1,18.3,24.8,0.0,28.9,0.0
2011,228,30.9,15.9,23.9,0.0,28.93,0.0
2011,229,31.4,18.2,24.9,0.0,28.43,0.0
2011,230,30.6,19.3,25.0,0.0,27.43,0.0
2011,231,29.6,19.3,24.5,0.0,27.9,0.0
2011,232,29.1,17.0,23.3,0.0,28.05,0.0
2011,233,29.6,14.7,23.0,0.0,28.0,0.0
2011,234,30.7,16.7,24.1,0.0,24.41,0.0
2011,235,33.0,17.5,25.8,0.0,26.23,0.0
2011,236,33.5,19.7,26.9,0.0,26.32,0.0
2011,237,34.4,18.5,27.0,0.0,27.05,0.0
2011,238,34.6,20.0,27.5,0.0,22.19,0.0
2011,239,34.3,21.6,28.3,0.5,23.18,0.0
2011,240,34.6,20.5,27.9,0.0,24.82,0.0
2011,241,34.3,20.7,27.6,0.0,26.91,0.0
2011,242,32.5,18.2,25.5,0.0,27.15,0.0
2011,243,30.1,17.8,24.1,0.0,26.89,0.0
2011,244,31.0,15.4,23.6,0.0,26.62,0.0
2011,245,32.4,16.1,24.7,0.0,26.33,0.0
2011,246,32.4,18.3,25.7,0.0,24.36,0.0
2011,247,32.5,17.4,25.5,0.0,23.82,0.0
2011,248,32.0,18.0,25.0,0.0,25.31,0.0
2011,249,32.1,16.5,24.8,0.0,24.36,0.0
2011,250,33.7,17.6,25.9,0.0,24.27,0.0
2011,251,31.4,19.5,25.5,0.0,23.3,0.0
2011,252,31.8,17.6,24.8,0.0,18.04,0.0
2011,253,30.4,18.0,23.9,3.5,17.75,0.0
2011,254,27.3,17.0,21.6,8.1,17.61,0.0
2011,255,27.4,14.3,21.2,0.6,22.0,0.0
2011,256,28.0,14.9,21.2,3.9,20.67,0.0
2011,257,26.0,15.0,20.8,2.7,18.72,0.0
2011,258,27.9,14.9,21.4,0.1,20.91,0.0
2011,259,25.7,15.1,20.4,0.0,23.42,0.0
2011,260,25.3,12.9,19.4,0.0,23.45,0.0
2011,261,28.7,13.8,21.4,0.0,23.25,0.0
2011,262,30.8,15.4,23.0,0.0,22.41,0.0
2011,263,30.7,16.1,23.4,0.7,21.96,0.0
2011,264,30.4,16.3,23.3,1.5,21.0,0.0
2011,265,31.3,16.0,23.4,0.5,21.41,0.0
2011,266,32.1,16.1,23.8,1.0,20.83,0.0
2011,267,29.7,16.5,22.5,1.3,18.85,0.0
2011,268,24.0,15.0,19.2,0.0,21.3,0.0
2011,269,24.0,12.2,18.4,0.0,20.05,0.0
2011,270,28.5,13.6,21.2,0.0,21.59,0.0
2011,271,30.4,14.9,22.9,0.0,20.42,0.0
2011,272,31.7,16.3,23.9,0.0,21.15,0.0
2011,273,29.0,16.3,22.9,1.8,18.95,0.0
2011,274,27.5,14.3,21.1,0.0,18.76,0.0
2011,275,26.5,17.8,21.7,0.0,19.01,0.0
2011,276,24.5,15.5,19.4,0.0,19.09,0.0
2011,277,17.2,12.0,14.3,2.1,13.1,0.0
2011,278,13.5,7.5,11.3,56.6,8.14,0.0
2011,279,12.0,5.9,8.9,2.8,17.83,0.0
2011,280,15.7,2.8,9.2,0.0,19.91,0.0
2011,281,18.8,5.4,12.2,0.0,19.81,0.0
2011,282,21.2,8.2,14.5,0.0,19.4,0.0
2011,283,20.4,9.1,15.0,0.0,17.61,0.0
2011,284,22.2,11.0,16.7,0.0,18.42,0.0
2011,285,24.3,11.5,17.8,0.0,18.56,0.0
2011,286,27.3,13.3,20.1,0.0,18.78,0.0
2011,287,28.0,13.4,20.4,0.0,16.48,0.0
2011,288,27.3,13.8,20.2,0.0,18.18,0.0
2011,289,25.5,15.7,19.8,0.0,18.12,0.0
2011,290,25.4,12.9,19.1,0.0,17.76,0.0
2011,291,26.9,13.2,19.5,0.0,17.87,0.0
2011,292,22.5,14.5,18.3,0.0,17.79,0.0
2011,293,23.1,10.7,16.9,0.0,17.54,0.0
2011,294,22.8,11.4,17.1,0.0,17.42,0.0
2011,295,25.0,10.9,17.6,0.0,17.29,0.0
2011,296,26.4,11.2,18.2,0.0,17.2,0.0
2011,297,25.1,12.7,18.1,0.0,14.7,0.0
2011,298,19.5,12.3,15.7,0.0,15.06,0.0
2011,299,18.3,9.2,13.6,0.0,16.65,0.0
2011,300,19.4,6.8,12.9,0.0,16.4,0.0
2011,301,21.1,7.8,14.2,0.0,16.33,0.0
2011,302,21.6,8.0,14.8,0.0,16.18,0.0
2011,303,24.2,8.8,15.9,0.0,16.24,0.0
2011,304,23.0,9.6,15.6,0.0,15.9,0.0
2011,305,19.7,9.2,13.9,0.0,15.99,0.0
2011,306,20.7,7.3,13.3,0.0,15.8,0.0
2011,307,20.1,7.3,12.8,0.0,15.72,0.0
2011,308,8.9,4.6,6.6,10.6,12.91,0.0
2011,309,9.2,3.2,5.9,0.0,12.9,0.0
2011,310,7.6,1.4,4.8,9.5,9.9,0.0
2011,311,9.4,-2.5,2.9,0.0,13.63,0.0
2011,312,12.3,-0.6,5.1,0.0,14.92,0.0
2011,313,17.5,0.8,7.7,0.0,14.88,0.0
2011,314,18.6,3.0,9.9,0.0,11.28,0.0
2011,315,18.4,7.2,11.3,3.9,6.66,0.0
2011,316,14.3,5.3,9.4,3.6,10.1,0.0
2011,317,14.4,3.8,8.6,0.0,12.6,0.0
2011,318,14.5,4.4,8.9,0.0,13.31,0.0
2011,319,14.6,4.0,8.9,0.0,13.44,0.0
2011,320,15.6,4.6,9.6,0.0,13.17,0.0
2011,321,16.4,5.0,10.3,0.0,13.37,0.0
2011,322,11.7,6.6,8.6,0.0,9.24,0.0
2011,323,8.3,5.1,6.5,1.5,7.57,0.0
2011,324,7.9,2.6,5.1,12.5,2.5,0.0
2011,325,11.4,-0.6,4.8,0.0,12.3,0.0
2011,326,14.8,1.5,7.4,0.0,12.49,0.0
2011,327,18.4,5.2,10.2,0.0,12.57,0.0
2011,328,12.6,5.0,8.2,0.0,12.17,0.0
2011,329,12.0,4.0,7.7,0.0,9.76,0.0
2011,330,18.5,3.6,9.9,0.0,11.66,0.0
2011,331,21.0,6.6,12.5,0.0,11.65,0.0
2011,332,19.4,7.2,12.5,0.0,9.45,0.0
2011,333,19.1,6.7,12.2,0.0,12.11,0.0
2011,334,13.2,4.6,8.3,0.0,12.3,0.0
2011,335,12.3,3.0,7.3,0.0,10.0,0.0
2011,336,11.8,2.1,6.4,0.0,10.79,0.0
2011,337,10.7,1.0,5.7,0.0,12.41,0.0
2011,338,10.2,0.4,5.0,0.0,11.76,0.0
2011,339,10.5,0.2,4.6,0.0,12.07,0.0
2011,340,11.4,0.0,4.9,0.0,12.03,0.0
2011,341,12.4,0.4,5.9,0.0,11.89,0.0
2011,342,13.4,0.4,6.0,0.0,11.76,0.0
2011,343,14.7,1.5,6.8,0.0,11.88,0.0
2011,344,14.0,1.6,6.4,0.0,8.96,0.0
2011,345,12.0,1.7,6.3,0.0,10.89,0.0
2011,346,9.9,3.6,6.2,0.3,8.76,0.0
2011,347,8.6,3.3,6.0,2.0,9.69,0.0
2011,348,10.0,1.1,5.1,0.0,11.42,0.0
2011,349,7.3,0.9,4.6,0.2,8.47,0.0
2011,350,11.8,1.1,5.3,0.0,11.33,0.0
2011,351,13.7,2.2,6.6,0.0,11.11,0.0
2011,352,11.7,1.7,6.1,0.0,11.23,0.0
2011,353,10.8,2.8,5.9,0.0,11.21,0.0
2011,354,11.8,1.2,5.5,0.0,11.43,0.0
2011,355,12.5,0.7,5.9,0.0,11.23,0.0
2011,356,10.7,0.8,4.8,0.0,11.67,0.0
2011,357,11.5,0.0,5.0,0.0,11.03,0.0
2011,358,14.5,0.6,6.0,0.0,11.63,0.0
2011,359,15.2,1.5,7.3,0.0,11.58,0.0
2011,360,14.3,1.0,7.1,0.0,11.51,0.0
2011,361,13.3,0.5,6.3,0.0,11.65,0.0
2011,362,15.2,1.3,7.9,0.0,11.07,0.0
2011,363,16.3,4.0,9.9,0.0,10.58,0.0
2011,364,14.5,4.1,8.5,0.0,8.99,0.0
2011,365,14.5,2.6,7.7,0.0,9.35,0.0
2012,1,21.5,4.0,10.5,0.0,11.7,0.0
2012,2,21.2,5.2,11.9,0.0,10.94,0.0
2012,3,19.3,5.6,11.9,0.0,11.5,0.0
2012,4,21.4,5.9,12.2,0.0,11.6,0.0
2012,5,18.6,6.7,11.8,0.0,11.73,0.0
2012,6,15.9,4.6,10.8,0.0,12.02,0.0
2012,7,12.4,3.5,8.6,0.0,11.7,0.0
2012,8,14.9,1.6,7.4,0.0,11.71,0.0
2012,9,17.4,3.3,9.3,0.0,11.98,0.0
2012,10,17.0,4.0,9.5,0.0,12.22,0.0
2012,11,16.9,3.2,9.0,0.0,12.12,0.0
2012,12,16.3,3.3,8.5,0.0,12.56,0.0
2012,13,17.2,2.4,8.7,0.0,12.7,0.0
2012,14,17.1,3.1,9.1,0.0,12.42,0.0
2012,15,14.4,3.0,8.4,0.0,12.66,0.0
2012,16,7.6,2.1,4.6,0.0,11.15,0.0
2012,17,8.5,2.1,4.4,0.0,13.08,0.0
2012,18,11.9,3.0,7.3,0.0,12.66,0.0
2012,19,13.8,4.2,8.9,0.0,12.78,0.0
2012,20,12.0,7.8,9.6,5.1,3.87,0.0
2012,21,10.0,1.6,6.6,67.3,6.16,0.0
2012,22,11.1,-0.4,5.0,4.5,10.08,0.0
2012,23,7.3,5.3,5.9,34.8,4.11,0.0
2012,24,9.2,2.7,6.0,0.8,9.43,0.0
2012,25,13.5,-0.2,6.7,0.0,13.0,0.0
2012,26,13.8,5.5,9.5,0.0,12.65,0.0
2012,27,13.4,3.2,8.3,0.5,9.41,0.0
2012,28,16.1,2.3,7.9,0.0,13.72,0.0
2012,29,17.5,3.2,9.3,0.0,14.28,0.0
2012,30,13.9,3.9,8.8,0.0,8.51,0.0
2012,31,16.1,5.1,10.1,0.4,14.08,0.0
2012,32,12.2,3.9,8.0,0.0,12.93,0.0
2012,33,12.0,2.1,6.5,0.0,11.49,0.0
2012,34,13.7,0.9,6.7,0.0,14.73,0.0
2012,35,14.0,1.0,6.7,0.0,14.91,0.0
2012,36,14.4,0.9,7.0,0.0,15.47,0.0
2012,37,15.4,1.9,8.1,0.0,9.27,0.0
2012,38,12.5,7.4,9.0,3.5,4.28,0.0
2012,39,15.8,2.9,8.9,0.0,15.6,0.0
2012,40,18.0,3.3,9.9,0.0,15.9,0.0
2012,41,18.2,4.3,10.7,0.0,16.28,0.0
2012,42,10.3,6.3,7.9,4.6,6.27,0.0
2012,43,8.7,3.5,6.5,1.7,9.42,0.0
2012,44,6.4,2.1,4.9,13.7,11.76,0.0
2012,45,7.0,0.2,3.5,0.0,12.75,0.0
2012,46,6.0,-1.2,2.8,7.1,11.9,0.0
2012,47,11.7,-3.1,3.2,0.0,17.6,0.0
2012,48,13.3,-1.1,5.7,0.0,17.68,0.0
2012,49,12.0,1.2,6.6,0.0,15.37,0.0
2012,50,9.5,1.9,5.7,0.0,15.98,0.0
2012,51,10.5,1.0,5.4,0.0,16.26,0.0
2012,52,14.4,0.9,7.4,0.0,16.93,0.0
2012,53,17.0,3.3,9.5,0.0,18.09,0.0
2012,54,17.6,3.8,10.3,0.0,18.25,0.0
2012,55,19.8,5.0,11.7,0.0,18.67,0.0
2012,56,14.4,5.3,9.8,0.0,19.29,0.0
2012,57,13.4,0.5,7.4,0.0,19.39,0.0
2012,58,7.8,2.4,5.7,7.5,14.35,0.0
2012,59,8.1,1.7,4.3,1.2,16.04,0.0
2012,60,9.5,1.2,5.1,4.8,13.19,0.0
2012,61,7.9,3.1,5.2,2.9,14.27,0.0
2012,62,11.8,0.3,5.6,0.2,16.22,0.0
2012,63,17.3,1.2,9.0,0.0,20.51,0.0
2012,64,20.7,3.8,11.9,0.0,20.74,0.0
2012,65,20.8,6.4,13.0,0.0,19.88,0.0
2012,66,10.3,1.1,6.2,5.4,14.2,0.0
2012,67,10.8,-2.3,4.1,0.0,22.0,0.0
2012,68,16.5,-0.4,7.8,0.0,21.9,0.0
2012,69,18.9,1.7,10.0,0.0,22.09,0.0
2012,70,17.7,3.0,10.3,0.0,21.69,0.0
2012,71,15.1,4.2,9.5,0.0,21.01,0.0
2012,72,14.7,3.0,9.3,0.0,20.5,0.0
2012,73,15.2,3.4,10.2,0.0,20.72,0.0
2012,74,16.2,5.2,10.5,0.0,18.32,0.0
2012,75,17.3,6.0,12.0,0.0,19.14,0.0
2012,76,15.4,7.8,11.4,3.9,13.6,0.0
2012,77,9.4,0.7,5.9,50.1,7.46,0.0
2012,78,4.2,-0.4,1.5,16.7,17.45,0.0
2012,79,5.2,-5.1,0.9,0.7,17.73,0.0
2012,80,11.4,-4.7,3.7,0.0,23.44,0.0
2012,81,15.6,0.2,8.3,0.0,23.98,0.0
2012,82,17.7,6.1,12.1,0.0,18.09,0.0
2012,83,15.4,6.4,11.0,0.0,21.29,0.0
2012,84,17.9,3.8,11.0,0.0,24.77,0.0
2012,85,8.9,3.6,6.7,18.1,7.14,0.0
2012,86,11.9,3.2,6.8,8.7,21.27,0.0
2012,87,15.0,2.1,8.9,0.0,20.94,0.0
2012,88,15.2,5.9,10.0,0.1,19.13,0.0
2012,89,16.7,4.3,10.9,0.0,20.3,0.0
2012,90,18.6,5.3,12.4,0.0,23.87,0.0
2012,91,16.4,5.3,11.0,10.2,22.51,0.0
2012,92,11.0,2.9,6.2,4.5,22.34,0.0
2012,93,14.9,1.4,8.0,0.0,25.12,0.0
2012,94,18.6,3.7,11.4,0.0,23.27,0.0
2012,95,13.6,6.6,10.2,0.0,19.89,0.0
2012,96,9.2,2.4,6.3,0.4,23.23,0.0
2012,97,13.5,-1.6,6.8,0.0,27.37,0.0
2012,98,20.4,1.6,11.1,0.0,27.6,0.0
2012,99,22.4,4.5,13.6,0.0,27.57,0.0
2012,100,23.2,5.4,14.9,0.0,27.21,0.0
2012,101,19.5,6.1,12.6,0.1,26.04,0.0
2012,102,12.0,5.2,7.7,17.0,16.7,0.0
2012,103,12.0,1.1,7.2,6.6,21.42,0.0
2012,104,6.4,2.2,5.1,31.4,6.46,0.0
2012,105,7.3,1.5,3.9,5.7,19.47,0.0
2012,106,13.3,-2.1,6.6,0.0,28.0,0.0
2012,107,18.7,3.7,11.5,0.0,27.06,0.0
2012,108,19.7,6.6,13.5,0.0,27.77,0.0
2012,109,19.6,8.1,13.8,0.0,27.37,0.0
2012,110,21.1,6.8,14.3,0.0,26.65,0.0
2012,111,25.7,9.9,18.3,0.0,26.05,0.0
2012,112,28.0,11.6,20.1,0.0,27.43,0.0
2012,113,29.3,12.2,21.1,0.0,27.32,0.0
2012,114,24.2,13.1,18.4,2.9,25.69,0.0
2012,115,20.2,10.2,15.9,0.0,21.2,0.0
2012,116,23.6,13.2,17.2,2.5,17.98,0.0
2012,117,14.1,10.2,12.2,26.3,8.52,0.0
2012,118,16.6,6.3,11.6,0.0,24.61,0.0
2012,119,19.4,6.3,13.7,0.0,27.22,0.0
2012,120,23.7,7.9,16.6,0.0,27.31,0.0
2012,121,24.6,9.9,17.8,0.0,29.29,0.0
2012,122,21.9,12.9,17.1,0.0,29.01,0.0
2012,123,20.3,9.8,15.7,0.0,28.78,0.0
2012,124,20.1,10.1,15.4,0.0,29.73,0.0
2012,125,19.3,9.5,14.2,0.0,27.2,0.0
2012,126,19.3,7.2,13.8,0.8,30.26,0.0
2012,127,22.1,7.0,15.3,0.9,29.76,0.0
2012,128,23.3,7.7,16.3,0.0,30.23,0.0
2012,129,25.8,8.6,17.8,0.0,30.81,0.0
2012,130,27.5,10.3,19.4,0.0,29.72,0.0
2012,131,26.5,12.2,19.6,0.0,30.74,0.0
2012,132,25.1,9.5,18.2,0.0,30.3,0.0
2012,133,26.7,11.2,19.7,0.0,29.11,0.0
2012,134,28.0,12.5,21.1,0.0,29.91,0.0
2012,135,23.5,11.4,18.4,0.0,31.04,0.0
2012,136,22.6,13.0,17.6,0.0,30.79,0.0
2012,137,26.2,10.8,19.4,0.0,29.96,0.0
2012,138,26.0,12.3,19.8,0.0,29.99,0.0
2012,139,21.7,12.2,16.8,0.0,30.95,0.0
2012,140,26.0,10.7,19.0,0.0,30.3,0.0
2012,141,28.9,12.1,21.3,0.0,30.77,0.0
2012,142,28.7,13.5,21.6,0.0,31.14,0.0
2012,143,25.6,16.2,20.3,0.0,30.77,0.0
2012,144,22.4,14.3,18.0,0.0,31.15,0.0
2012,145,22.0,9.5,16.8,0.0,31.56,0.0
2012,146,13.7,7.7,11.3,0.9,28.86,0.0
2012,147,15.1,6.7,10.7,0.2,25.98,0.0
2012,148,20.6,6.6,14.1,0.0,31.02,0.0
2012,149,23.1,8.9,16.7,0.0,31.51,0.0
2012,150,24.5,9.8,18.1,0.0,31.44,0.0
2012,151,26.6,11.3,19.7,0.5,31.36,0.0
2012,152,30.0,12.7,22.5,0.0,31.29,0.0
2012,153,31.3,15.3,23.9,0.7,30.07,0.0
2012,154,28.8,16.6,22.9,0.0,31.17,0.0
2012,155,27.6,14.3,21.7,0.0,30.05,0.0
2012,156,25.0,13.0,19.0,3.0,28.79,0.0
2012,157,17.2,8.6,12.6,0.9,26.9,0.0
2012,158,20.5,7.0,14.6,0.0,31.76,0.0
2012,159,25.3,9.8,18.4,0.0,31.57,0.0
2012,160,25.2,12.1,19.6,0.0,31.37,0.0
2012,161,23.2,14.1,18.3,0.0,32.25,0.0
2012,162,26.3,10.6,19.6,0.0,32.18,0.0
2012,163,29.8,12.3,22.0,0.0,32.09,0.0
2012,164,31.0,15.1,23.7,0.0,32.47,0.0
2012,165,29.0,15.1,22.7,0.0,31.76,0.0
2012,166,29.0,15.4,22.8,0.0,30.73,0.0
2012,167,29.2,15.4,23.1,0.9,30.46,0.0
2012,168,33.5,16.0,25.5,1.4,30.53,0.0
2012,169,34.3,17.6,26.8,0.0,32.1,0.0
2012,170,31.8,17.4,25.3,0.0,32.14,0.0
2012,171,29.9,16.9,23.9,0.0,32.02,0.0
2012,172,31.1,15.9,24.5,0.0,31.84,0.0
2012,173,30.3,17.2,24.5,0.0,31.86,0.0
2012,174,26.2,16.8,21.5,0.0,31.96,0.0
2012,175,25.4,15.1,20.3,0.0,32.0,0.0
2012,176,25.8,13.8,20.1,0.0,31.84,0.0
2012,177,25.1,15.3,20.1,0.0,31.78,0.0
2012,178,25.1,13.5,19.3,0.0,32.31,0.0
2012,179,28.3,11.5,21.2,0.0,32.49,0.0
2012,180,30.3,14.1,23.0,0.0,32.54,0.0
2012,181,28.8,16.8,22.8,0.0,32.32,0.0
2012,182,28.1,15.1,22.3,0.0,31.94,0.0
2012,183,27.3,16.7,22.2,0.0,30.68,0.0
2012,184,28.8,15.9,23.0,0.0,31.35,0.0
2012,185,29.6,16.0,23.8,0.0,31.38,0.0
2012,186,30.6,15.3,24.2,0.0,30.86,0.0
2012,187,30.0,16.1,24.0,0.0,30.9,0.0
2012,188,31.1,15.5,24.2,0.0,31.42,0.0
2012,189,32.7,16.6,25.3,0.0,31.68,0.0
2012,190,33.1,17.0,25.9,0.0,31.8,0.0
2012,191,34.1,17.8,26.6,0.0,29.56,0.0
2012,192,35.0,19.0,28.0,0.0,28.4,0.0
2012,193,36.3,21.2,29.4,0.0,27.01,0.0
2012,194,35.3,22.2,28.7,0.8,19.18,0.0
2012,195,32.1,21.3,27.4,0.8,23.63,0.0
2012,196,32.1,16.9,25.6,0.0,31.53,0.0
2012,197,31.2,16.2,24.7,0.0,31.41,0.0
2012,198,29.3,15.8,23.4,0.0,31.19,0.0
2012,199,26.5,14.7,21.1,0.0,31.02,0.0
2012,200,28.2,14.1,22.1,0.1,27.62,0.0
2012,201,30.8,17.8,24.4,0.1,23.79,0.0
2012,202,32.0,17.5,25.4,0.0,27.14,0.0
2012,203,34.1,17.9,26.9,0.0,28.49,0.0
2012,204,34.1,20.5,28.0,0.2,25.63,0.0
2012,205,32.6,19.7,26.9,0.2,25.96,0.0
2012,206,32.1,17.6,25.5,0.0,31.21,0.0
2012,207,31.8,16.2,25.0,0.0,31.03,0.0
2012,208,30.7,15.9,24.5,0.0,30.6,0.0
2012,209,30.2,15.9,23.8,0.0,30.47,0.0
2012,210,30.3,15.0,23.7,0.0,30.72,0.0
2012,211,31.6,16.1,24.8,0.0,30.7,0.0
2012,212,33.4,16.4,26.1,0.0,29.96,0.0
2012,213,34.0,18.7,26.9,0.0,28.95,0.0
2012,214,34.0,19.3,27.0,0.0,28.72,0.0
2012,215,34.5,19.1,27.2,0.0,28.38,0.0
2012,216,33.6,19.3,27.0,0.1,28.17,0.0
2012,217,32.4,19.5,26.4,0.3,26.17,0.0
2012,218,33.1,17.9,26.3,0.0,28.13,0.0
2012,219,33.1,18.5,26.6,0.0,28.65,0.0
2012,220,34.1,18.3,27.0,0.0,28.07,0.0
2012,221,34.5,20.0,27.9,0.0,25.96,0.0
2012,222,35.8,20.5,29.0,0.0,25.99,0.0
2012,223,36.9,22.0,30.0,0.0,24.82,0.0
2012,224,37.8,22.5,30.6,0.0,24.78,0.0
2012,225,36.5,22.6,30.0,0.3,22.14,0.0
2012,226,36.4,22.8,30.0,0.3,22.59,0.0
2012,227,35.2,22.8,29.1,2.1,23.58,0.0
2012,228,34.3,20.7,28.0,0.3,26.42,0.0
2012,229,33.5,20.6,27.4,1.0,26.34,0.0
2012,230,32.2,20.0,26.2,2.5,24.88,0.0
2012,231,31.3,20.3,26.2,3.9,21.78,0.0
2012,232,31.7,19.9,25.9,1.0,21.13,0.0
2012,233,32.4,19.4,26.3,0.0,23.88,0.0
2012,234,31.1,20.1,25.8,0.0,22.19,0.0
2012,235,30.2,19.7,24.9,0.4,22.09,0.0
2012,236,31.2,17.1,24.5,0.0,25.34,0.0
2012,237,32.5,17.7,25.6,0.0,26.0,0.0
2012,238,31.6,18.1,25.3,0.0,26.01,0.0
2012,239,29.8,16.9,23.6,0.0,27.11,0.0
2012,240,31.8,14.7,23.6,0.0,27.75,0.0
2012,241,33.3,15.9,25.2,0.0,27.21,0.0
2012,242,32.8,18.8,26.1,0.0,24.78,0.0
2012,243,33.4,19.0,26.7,0.0,24.6,0.0
2012,244,30.2,18.7,24.8,0.0,23.53,0.0
2012,245,27.7,18.0,22.7,0.0,26.4,0.0
2012,246,30.0,14.2,22.8,0.0,26.23,0.0
2012,247,32.9,15.2,24.5,0.0,26.31,0.0
2012,248,32.5,18.9,25.9,0.0,20.67,0.0
2012,249,31.5,18.1,25.1,0.0,20.75,0.0
2012,250,29.4,18.7,24.3,0.0,19.2,0.0
2012,251,30.4,18.1,24.6,0.1,20.68,0.0
2012,252,32.3,18.7,25.8,0.3,21.11,0.0
2012,253,32.7,19.0,26.1,0.0,20.92,0.0
2012,254,31.5,19.0,25.4,0.0,21.95,0.0
2012,255,29.7,17.4,23.9,0.0,24.39,0.0
2012,256,31.1,16.6,24.1,0.0,24.0,0.0
2012,257,33.6,16.6,25.0,0.0,24.54,0.0
2012,258,34.2,17.3,25.7,0.0,24.13,0.0
2012,259,33.3,17.9,25.6,0.0,23.98,0.0
2012,260,31.6,18.3,25.1,0.0,22.55,0.0
2012,261,30.3,17.4,23.9,0.0,23.25,0.0
2012,262,30.4,16.3,23.5,0.0,23.32,0.0
2012,263,30.8,15.7,23.6,0.0,23.06,0.0
2012,264,30.8,16.5,23.8,0.0,20.81,0.0
2012,265,31.3,16.3,24.0,0.0,21.51,0.0
2012,266,31.2,18.3,24.6,0.0,17.48,0.0
2012,267,31.1,19.2,24.8,0.0,20.37,0.0
2012,268,29.4,17.3,22.9,0.0,22.23,0.0
2012,269,27.4,13.8,20.8,0.0,22.09,0.0
2012,270,29.5,14.1,22.0,0.0,21.75,0.0
2012,271,31.7,15.6,23.4,0.0,20.61,0.0
2012,272,30.2,16.1,23.3,0.0,20.05,0.0
2012,273,30.4,15.6,23.1,0.1,20.79,0.0
2012,274,31.5,15.6,23.6,0.0,21.14,0.0
2012,275,33.2,16.3,24.8,0.0,21.11,0.0
2012,276,33.1,17.2,25.2,0.0,20.8,0.0
2012,277,31.8,17.5,24.6,0.0,20.75,0.0
2012,278,27.5,16.0,21.6,0.0,20.42,0.0
2012,279,23.8,14.6,19.3,0.0,16.71,0.0
2012,280,23.2,13.4,18.2,0.0,20.03,0.0
2012,281,23.8,11.4,18.0,0.0,19.74,0.0
2012,282,22.7,12.1,17.4,0.0,19.67,0.0
2012,283,20.7,12.6,16.5,0.0,16.09,0.0
2012,284,20.0,9.4,14.9,0.7,18.62,0.0
2012,285,15.3,10.6,12.5,10.7,12.75,0.0
2012,286,13.9,9.3,11.1,7.1,9.72,0.0
2012,287,19.3,7.1,13.2,0.0,18.04,0.0
2012,288,24.0,9.2,16.4,0.0,18.71,0.0
2012,289,24.6,11.1,17.6,0.0,18.19,0.0
2012,290,24.4,11.3,17.9,0.0,17.93,0.0
2012,291,26.7,12.7,19.7,0.0,17.78,0.0
2012,292,28.4,14.1,20.7,0.0,17.77,0.0
2012,293,24.7,13.0,18.7,0.0,17.58,0.0
2012,294,22.2,13.0,17.3,0.0,17.42,0.0
2012,295,20.1,13.0,16.1,0.0,16.51,0.0
2012,296,14.3,10.5,12.4,5.5,4.17,0.0
2012,297,13.9,6.5,10.2,1.3,11.98,0.0
2012,298,14.9,8.1,10.6,0.0,16.41,0.0
2012,299,16.4,7.8,11.2,0.0,14.73,0.0
2012,300,19.2,5.5,12.2,0.0,16.42,0.0
2012,301,22.0,8.1,14.6,0.0,16.32,0.0
2012,302,24.6,9.1,16.2,0.0,16.31,0.0
2012,303,24.7,10.0,16.8,0.0,16.05,0.0
2012,304,24.7,9.9,16.6,0.0,16.01,0.0
2012,305,23.6,10.1,16.3,0.0,14.77,0.0
2012,306,19.7,12.2,15.4,0.0,12.0,0.0
2012,307,18.1,8.7,13.2,0.0,13.21,0.0
2012,308,20.8,7.8,14.1,0.0,15.05,0.0
2012,309,23.5,8.4,15.3,0.0,15.0,0.0
2012,310,25.7,10.0,17.0,0.0,14.87,0.0
2012,311,26.2,10.6,17.6,0.0,14.91,0.0
2012,312,23.7,11.0,16.7,0.0,14.72,0.0
2012,313,16.7,8.9,12.9,1.7,13.02,0.0
2012,314,8.4,4.0,5.9,8.8,12.03,0.0
2012,315,7.3,2.0,4.3,1.1,13.49,0.0
2012,316,11.2,-0.0,4.9,0.0,14.35,0.0
2012,317,14.5,2.1,7.7,0.0,14.16,0.0
2012,318,18.0,2.9,9.7,0.0,14.3,0.0
2012,319,19.7,5.6,11.5,0.0,13.47,0.0
2012,320,19.7,6.0,11.8,0.9,10.1,0.0
2012,321,15.0,7.6,11.7,1.2,5.25,0.0
2012,322,14.8,9.2,11.3,9.2,5.03,0.0
2012,323,14.6,5.4,10.3,0.0,9.14,0.0
2012,324,14.6,6.2,10.0,0.0,9.97,0.0
2012,325,16.6,5.5,10.6,0.0,12.68,0.0
2012,326,16.1,5.7,10.3,0.0,11.34,0.0
2012,327,15.9,5.1,9.9,0.0,10.03,0.0
2012,328,20.0,5.8,11.7,0.0,12.6,0.0
2012,329,20.6,6.1,12.3,0.0,12.74,0.0
2012,330,18.4,5.2,11.1,0.0,12.64,0.0
2012,331,19.1,4.6,10.9,0.0,12.71,0.0
2012,332,19.3,6.0,11.8,0.0,9.53,0.0
2012,333,17.9,7.0,11.0,5.9,7.08,0.0
2012,334,17.0,6.0,12.1,0.0,8.98,0.0
2012,335,16.2,9.8,11.9,11.8,2.87,0.0
2012,336,15.1,8.7,11.8,1.3,6.31,0.0
2012,337,13.3,9.0,11.1,23.6,1.67,0.0
2012,338,14.5,8.7,11.2,0.6,8.15,0.0
2012,339,18.0,6.6,12.0,0.0,9.45,0.0
2012,340,17.0,9.2,12.5,0.0,10.04,0.0
2012,341,13.0,7.2,10.2,0.1,8.19,0.0
2012,342,12.6,6.0,8.8,0.1,8.6,0.0
2012,343,13.4,3.0,8.0,0.0,11.03,0.0
2012,344,13.6,3.5,8.0,0.0,10.18,0.0
2012,345,16.0,4.1,9.2,0.0,11.47,0.0
2012,346,16.3,3.8,9.1,0.0,11.45,0.0
2012,347,11.7,5.7,8.6,6.4,8.21,0.0
2012,348,6.7,3.4,4.7,9.4,8.14,0.0
2012,349,5.0,1.2,3.0,1.9,6.6,0.0
2012,350,6.6,-2.4,2.7,1.1,9.48,0.0
2012,351,10.1,-0.8,4.6,0.0,10.14,0.0
2012,352,11.8,5.5,8.4,2.2,7.89,0.0
2012,353,7.1,-1.1,4.1,14.6,8.3,0.0
2012,354,6.4,-7.3,-1.1,0.0,11.39,0.0
2012,355,11.8,-4.4,2.6,0.0,11.77,0.0
2012,356,12.9,0.4,5.4,0.0,11.35,0.0
2012,357,9.1,1.7,4.6,16.2,3.21,0.0
2012,358,8.9,-0.4,4.5,18.1,4.32,0.0
2012,359,8.6,-2.0,5.6,13.9,9.99,0.0
2012,360,9.6,-1.9,4.3,3.0,7.51,0.0
2012,361,7.5,2.7,4.5,21.1,8.42,0.0
2012,362,5.1,-2.8,1.9,0.8,9.47,0.0
2012,363,6.4,-5.2,1.0,0.2,9.5,0.0
2012,364,6.8,-2.2,1.9,0.5,6.95,0.0
2012,365,4.7,-7.3,-1.2,1.0,8.76,0.0
2012,366,6.6,-2.9,1.5,1.4,10.75,0.0
2013,1,7.3,-3.5,1.1,0.0,11.35,0.0
2013,2,9.4,-3.2,1.9,0.0,12.07,0.0
2013,3,11.2,-2.9,3.4,0.0,12.25,0.0
2013,4,11.7,-2.4,3.9,0.0,12.09,0.0
2013,5,13.1,-0.4,5.7,0.0,11.38,0.0
2013,6,8.1,0.4,3.9,9.0,7.84,0.0
2013,7,8.4,-2.4,2.4,0.0,9.68,0.0
2013,8,13.6,-0.0,5.5,0.0,11.8,0.0
2013,9,16.3,3.5,9.4,0.2,9.93,0.0
2013,10,6.2,-0.8,2.0,10.9,10.23,0.0
2013,11,2.2,-3.9,-0.8,0.9,11.09,0.0
2013,12,3.6,-8.2,-1.9,0.1,11.43,0.0
2013,13,3.1,-8.6,-2.3,0.6,10.46,0.0
2013,14,4.6,-10.8,-3.2,0.0,12.67,0.0
2013,15,8.2,-4.3,0.9,0.0,12.97,0.0
2013,16,13.1,-1.5,4.2,0.0,13.26,0.0
2013,17,16.1,-0.5,6.1,0.0,13.31,0.0
2013,18,16.2,1.5,7.3,0.0,13.49,0.0
2013,19,16.4,1.6,7.4,0.0,13.51,0.0
2013,20,16.3,1.5,7.5,0.0,13.67,0.0
2013,21,16.9,1.7,8.0,0.0,13.54,0.0
2013,22,18.2,2.6,9.1,0.0,13.27,0.0
2013,23,19.1,5.0,11.3,0.1,8.37,0.0
2013,24,14.9,9.0,11.1,8.5,5.23,0.0
2013,25,14.7,6.9,10.4,0.0,8.62,0.0
2013,26,11.7,7.9,10.0,2.1,6.8,0.0
2013,27,7.8,2.7,5.0,7.0,11.84,0.0
2013,28,5.8,1.0,2.7,2.3,11.61,0.0
2013,29,8.4,-0.2,3.6,0.0,13.78,0.0
2013,30,13.4,1.3,6.7,0.0,14.42,0.0
2013,31,16.2,2.4,8.5,0.0,14.72,0.0
2013,32,17.8,2.6,9.4,0.0,15.02,0.0
2013,33,16.1,6.3,10.5,0.0,6.49,0.0
2013,34,14.9,5.5,10.3,0.0,14.89,0.0
2013,35,15.9,2.6,8.9,0.0,14.74,0.0
2013,36,15.4,3.4,9.0,0.0,14.9,0.0
2013,37,11.5,2.6,7.4,0.0,12.96,0.0
2013,38,11.1,0.9,5.7,2.2,15.1,0.0
2013,39,4.4,0.2,2.5,9.2,10.03,0.0
2013,40,5.1,-1.5,2.2,0.6,10.57,0.0
2013,41,6.9,-2.2,2.2,1.5,13.19,0.0
2013,42,8.5,-4.2,1.9,2.7,16.31,0.0
2013,43,11.1,-3.6,3.6,0.0,17.08,0.0
2013,44,13.2,-0.9,5.8,0.0,17.15,0.0
2013,45,16.0,1.0,7.8,0.0,17.23,0.0
2013,46,17.7,2.3,9.0,0.0,17.46,0.0
2013,47,17.3,2.4,9.3,0.0,13.97,0.0
2013,48,14.7,2.3,8.1,0.0,18.01,0.0
2013,49,14.6,1.3,7.8,0.0,17.78,0.0
2013,50,8.0,0.1,4.6,11.2,8.78,0.0
2013,51,3.7,-1.6,0.7,5.5,12.44,0.0
2013,52,5.8,-3.5,0.8,0.0,16.28,0.0
2013,53,10.3,-4.4,2.9,0.0,17.88,0.0
2013,54,9.3,-0.0,4.9,0.0,15.69,0.0
2013,55,10.9,-0.0,5.3,0.0,17.5,0.0
2013,56,12.6,0.1,5.9,0.0,19.26,0.0
2013,57,12.3,-0.4,6.2,0.0,19.55,0.0
2013,58,14.5,0.9,7.4,0.0,19.42,0.0
2013,59,15.9,2.1,8.9,0.0,19.21,0.0
2013,60,19.2,3.5,10.8,0.0,19.74,0.0
2013,61,21.2,4.8,13.4,0.0,18.88,0.0
2013,62,15.2,7.0,11.2,0.5,9.33,0.0
2013,63,15.8,3.9,9.8,0.0,19.28,0.0
2013,64,16.7,4.1,10.3,0.0,20.29,0.0
2013,65,11.1,4.9,8.2,3.2,14.06,0.0
2013,66,9.9,4.1,6.7,6.3,13.02,0.0
2013,67,6.5,3.3,4.5,8.7,8.23,0.0
2013,68,10.2,1.4,5.8,1.6,17.23,0.0
2013,69,15.8,-1.1,7.1,0.0,22.2,0.0
2013,70,17.7,2.5,10.0,0.0,21.75,0.0
2013,71,20.9,4.4,12.4,0.0,21.96,0.0
2013,72,23.7,6.5,14.8,0.0,22.17,0.0
2013,73,24.8,8.4,16.5,0.0,20.77,0.0
2013,74,22.0,9.9,15.8,0.0,21.28,0.0
2013,75,19.3,6.7,13.6,0.0,22.89,0.0
2013,76,17.3,5.4,11.9,0.0,23.2,0.0
2013,77,17.4,4.5,11.6,0.0,20.67,0.0
2013,78,18.4,6.6,12.7,0.0,21.51,0.0
2013,79,17.2,9.6,12.6,0.9,13.71,0.0
2013,80,15.5,6.1,11.1,0.0,20.74,0.0
2013,81,14.7,6.0,10.3,0.0,23.97,0.0
2013,82,15.6,2.7,9.7,0.0,23.8,0.0
2013,83,17.5,3.8,10.9,0.0,23.45,0.0
2013,84,19.0,5.4,12.4,0.0,19.79,0.0
2013,85,19.0,5.4,12.3,0.0,24.36,0.0
2013,86,18.3,5.6,12.0,0.0,22.22,0.0
2013,87,18.6,5.8,12.1,0.4,18.83,0.0
2013,88,21.8,5.8,14.1,0.0,24.42,0.0
2013,89,21.6,9.6,15.8,0.0,21.69,0.0
2013,90,16.9,8.0,12.3,8.0,21.14,0.0
2013,91,15.0,6.6,11.0,2.9,19.74,0.0
2013,92,17.2,5.8,11.8,0.0,22.77,0.0
2013,93,21.7,6.8,14.6,0.0,25.29,0.0
2013,94,18.5,10.4,14.1,1.2,16.11,0.0
2013,95,16.7,9.5,12.9,0.0,20.74,0.0
2013,96,17.3,7.5,12.5,0.0,24.21,0.0
2013,97,18.0,6.7,12.4,0.0,25.31,0.0
2013,98,10.3,3.9,7.6,11.5,19.13,0.0
2013,99,15.3,3.0,9.1,0.0,26.62,0.0
2013,100,19.8,4.1,12.3,0.0,27.19,0.0
2013,101,19.6,7.5,13.7,0.1,24.66,0.0
2013,102,22.2,7.4,15.2,0.0,26.06,0.0
2013,103,22.2,7.9,15.3,0.0,26.6,0.0
2013,104,20.0,9.3,14.6,0.0,27.59,0.0
2013,105,15.8,7.8,11.7,0.0,25.32,0.0
2013,106,10.9,3.6,7.3,3.8,22.94,0.0
2013,107,14.9,3.7,9.0,0.0,28.74,0.0
2013,108,18.3,2.7,11.2,0.0,28.47,0.0
2013,109,21.4,5.6,13.8,0.0,28.08,0.0
2013,110,22.9,6.3,15.4,0.0,28.42,0.0
2013,111,24.6,9.0,17.1,0.0,28.13,0.0
2013,112,25.0,9.3,17.7,0.0,28.68,0.0
2013,113,24.6,10.2,18.0,0.0,28.53,0.0
2013,114,25.4,10.2,18.0,0.0,28.83,0.0
2013,115,20.9,9.1,15.5,0.4,26.28,0.0
2013,116,24.1,8.7,16.9,0.4,27.74,0.0
2013,117,26.3,9.8,18.7,0.2,27.36,0.0
2013,118,27.0,11.4,19.7,0.0,27.12,0.0
2013,119,27.6,12.2,20.2,0.0,27.73,0.0
2013,120,25.9,12.6,19.8,0.0,29.11,0.0
2013,121,26.6,11.5,20.0,0.0,29.76,0.0
2013,122,27.8,11.0,19.9,0.0,30.09,0.0
2013,123,27.7,11.7,20.5,0.0,29.63,0.0
2013,124,26.4,11.9,20.0,0.2,26.91,0.0
2013,125,20.9,11.3,16.8,1.1,25.73,0.0
2013,126,18.2,11.3,14.3,2.7,21.69,0.0
2013,127,16.6,9.3,12.7,3.4,19.75,0.0
2013,128,18.7,9.0,13.9,3.8,19.35,0.0
2013,129,20.2,7.9,14.9,4.5,25.25,0.0
2013,130,24.9,9.7,18.1,1.8,29.08,0.0
2013,131,29.0,12.0,21.3,0.2,28.62,0.0
2013,132,30.2,14.3,23.0,0.6,28.7,0.0
2013,133,31.1,14.9,23.7,0.0,29.93,0.0
2013,134,26.5,14.6,21.3,0.0,30.44,0.0
2013,135,27.1,12.3,20.2,0.0,30.56,0.0
2013,136,20.8,14.0,17.7,0.0,20.52,0.0
2013,137,20.9,11.7,16.1,0.0,28.62,0.0
2013,138,23.2,9.2,16.6,0.0,31.2,0.0
2013,139,24.3,8.8,17.8,0.0,31.34,0.0
2013,140,27.4,10.9,20.3,0.0,30.94,0.0
2013,141,28.1,13.3,21.3,0.0,31.3,0.0
2013,142,20.8,12.0,16.6,0.0,31.47,0.0
2013,143,20.2,9.0,14.5,0.0,32.2,0.0
2013,144,22.4,7.5,15.9,0.0,31.6,0.0
2013,145,23.6,9.5,17.6,0.0,31.77,0.0
2013,146,22.8,13.1,17.6,0.0,31.28,0.0
2013,147,22.8,9.8,16.5,0.0,28.83,0.0
2013,148,22.6,12.1,16.8,0.0,26.88,0.0
2013,149,24.5,12.1,18.3,0.0,30.78,0.0
2013,150,26.6,10.8,19.4,0.0,31.7,0.0
2013,151,28.8,11.9,21.6,0.0,31.56,0.0
2013,152,32.3,14.3,24.3,0.0,29.56,0.0
2013,153,32.9,17.5,25.9,0.0,30.03,0.0
2013,154,29.8,15.4,23.7,0.2,30.6,0.0
2013,155,28.9,15.4,22.9,1.0,28.81,0.0
2013,156,30.1,15.3,23.5,0.6,29.02,0.0
2013,157,31.0,15.9,24.2,0.8,27.89,0.0
2013,158,33.5,16.2,26.0,0.9,30.04,0.0
2013,159,36.0,18.2,28.2,0.0,30.45,0.0
2013,160,32.0,18.5,26.1,0.5,30.69,0.0
2013,161,25.0,18.0,21.4,1.2,29.29,0.0
2013,162,31.0,14.8,23.6,0.0,29.77,0.0
2013,163,31.0,17.0,24.7,0.0,30.28,0.0
2013,164,28.4,18.3,22.9,0.0,32.59,0.0
2013,165,28.7,12.5,21.7,0.0,32.62,0.0
2013,166,29.4,14.0,22.7,0.0,32.58,0.0
2013,167,29.0,13.5,22.0,0.0,32.36,0.0
2013,168,29.2,15.4,22.6,0.0,31.98,0.0
2013,169,26.5,17.0,21.2,0.0,32.24,0.0
2013,170,24.4,12.6,18.2,0.0,32.72,0.0
2013,171,25.7,11.0,19.3,0.0,32.37,0.0
2013,172,27.1,11.9,20.5,0.0,32.24,0.0
2013,173,29.2,13.3,22.3,0.0,31.9,0.0
2013,174,26.8,15.6,21.5,0.0,27.34,0.0
2013,175,25.0,17.1,20.6,0.0,24.06,0.0
2013,176,28.7,15.8,22.7,0.0,30.67,0.0
2013,177,31.0,17.5,24.7,0.0,30.14,0.0
2013,178,33.2,19.2,26.9,0.9,29.24,0.0
2013,179,34.5,19.5,28.1,0.6,29.21,0.0
2013,180,36.4,20.1,29.2,0.0,28.97,0.0
2013,181,38.1,20.9,30.4,0.0,27.44,0.0
2013,182,38.1,22.2,30.4,0.9,27.08,0.0
2013,183,36.6,22.3,29.7,0.8,25.83,0.0
2013,184,36.4,22.3,29.6,1.8,26.37,0.0
2013,185,36.1,22.1,30.0,0.5,26.08,0.0
2013,186,35.0,23.0,29.4,0.0,28.49,0.0
2013,187,33.8,19.2,27.6,0.0,29.9,0.0
2013,188,34.7,18.4,27.7,0.0,30.5,0.0
2013,189,35.0,19.1,27.9,0.0,31.81,0.0
2013,190,36.1,19.2,28.7,0.0,32.04,0.0
2013,191,34.8,20.6,28.4,0.1,21.42,0.0
2013,192,31.6,23.1,26.9,0.7,21.3,0.0
2013,193,32.2,16.9,25.5,0.0,31.52,0.0
2013,194,33.5,17.9,26.5,0.0,30.14,0.0
2013,195,33.3,18.8,26.9,0.0,29.56,0.0
2013,196,32.8,19.0,26.9,0.0,29.38,0.0
2013,197,31.4,16.6,24.8,0.0,31.55,0.0
2013,198,31.4,16.8,24.9,0.0,31.4,0.0
2013,199,32.8,17.3,26.1,0.0,31.26,0.0
2013,200,34.6,17.9,27.5,0.0,29.06,0.0
2013,201,35.0,19.8,28.6,0.0,27.09,0.0
2013,202,33.9,21.8,28.5,3.7,26.09,0.0
2013,203,30.7,22.5,26.5,9.3,20.19,0.0
2013,204,31.1,18.5,25.5,4.4,23.95,0.0
2013,205,32.8,20.2,27.0,0.0,26.33,0.0
2013,206,33.8,20.9,27.9,0.0,27.43,0.0
2013,207,31.0,20.9,26.6,5.1,20.48,0.0
2013,208,31.4,21.0,26.7,3.7,22.26,0.0
2013,209,31.8,19.5,26.4,0.0,23.43,0.0
2013,210,31.8,18.4,26.0,0.0,29.44,0.0
2013,211,31.8,18.0,25.7,0.0,27.34,0.0
2013,212,31.7,17.5,25.3,0.0,30.3,0.0
2013,213,29.9,20.0,24.6,0.0,30.3,0.0
2013,214,29.6,15.8,23.2,0.0,30.11,0.0
2013,215,30.9,15.9,24.1,0.0,28.87,0.0
2013,216,32.2,15.4,24.8,0.0,29.76,0.0
2013,217,31.8,16.4,24.8,0.0,29.65,0.0
2013,218,31.3,16.7,24.6,0.0,29.13,0.0
2013,219,28.3,19.1,23.1,0.0,29.48,0.0
2013,220,27.6,16.3,21.9,0.0,29.59,0.0
2013,221,28.8,14.0,22.0,0.0,29.33,0.0
2013,222,28.8,14.8,22.3,0.0,29.02,0.0
2013,223,29.9,15.5,23.2,0.0,28.94,0.0
2013,224,31.3,15.2,24.1,0.0,28.98,0.0
2013,225,33.3,16.1,25.4,0.0,29.1,0.0
2013,226,33.9,16.9,26.2,0.0,29.07,0.0
2013,227,34.6,17.1,26.8,0.0,27.71,0.0
2013,228,34.5,19.2,27.3,0.0,27.01,0.0
2013,229,33.6,19.5,27.1,0.0,24.24,0.0
2013,230,34.6,19.0,26.8,1.5,19.39,0.0
2013,231,34.8,21.5,27.1,7.5,21.48,0.0
2013,232,32.5,20.2,26.8,4.1,23.32,0.0
2013,233,33.2,18.5,26.3,3.6,23.12,0.0
2013,234,32.8,18.8,26.5,0.0,26.92,0.0
2013,235,30.7,19.4,25.1,0.0,27.27,0.0
2013,236,30.6,15.5,23.9,0.0,27.4,0.0
2013,237,30.5,15.6,23.8,0.0,27.34,0.0
2013,238,30.6,16.2,24.1,0.0,23.74,0.0
2013,239,29.9,17.6,24.3,1.1,18.21,0.0
2013,240,32.2,17.5,25.5,0.5,22.89,0.0
2013,241,32.8,18.4,26.0,0.0,22.91,0.0
2013,242,32.2,18.8,26.2,0.0,21.48,0.0
2013,243,32.6,21.0,26.6,0.7,19.67,0.0
2013,244,31.8,19.5,25.9,0.0,21.1,0.0
2013,245,30.7,19.6,25.5,0.3,21.02,0.0
2013,246,30.3,19.8,25.5,0.3,19.38,0.0
2013,247,32.2,18.8,25.8,0.0,23.52,0.0
2013,248,32.1,18.7,25.5,0.0,24.26,0.0
2013,249,33.0,17.9,25.6,0.0,25.46,0.0
2013,250,34.6,19.1,26.8,0.0,25.18,0.0
2013,251,33.0,18.2,25.9,0.0,22.92,0.0
2013,252,32.5,17.8,25.5,0.3,22.55,0.0
2013,253,31.6,17.3,24.9,0.0,21.69,0.0
2013,254,29.4,17.7,23.7,0.0,20.79,0.0
2013,255,29.1,17.2,23.5,0.0,21.51,0.0
2013,256,29.9,16.9,23.9,0.0,21.14,0.0
2013,257,32.1,18.0,25.2,0.2,22.13,0.0
2013,258,32.4,17.2,25.1,0.0,23.67,0.0
2013,259,31.5,17.2,24.6,0.0,23.71,0.0
2013,260,27.8,17.3,22.6,0.0,23.75,0.0
2013,261,26.0,12.2,19.6,0.0,23.69,0.0
2013,262,30.0,12.2,21.6,0.0,23.86,0.0
2013,263,29.4,14.4,22.0,0.0,23.35,0.0
2013,264,23.5,12.9,18.5,2.0,21.26,0.0
2013,265,19.7,9.5,14.2,0.4,20.76,0.0
2013,266,26.1,9.8,18.3,0.0,22.67,0.0
2013,267,27.3,13.8,20.5,0.0,22.35,0.0
2013,268,20.0,12.3,16.3,0.0,22.22,0.0
2013,269,17.3,9.3,13.0,0.1,19.03,0.0
2013,270,21.6,6.3,14.4,0.0,22.47,0.0
2013,271,25.5,8.9,17.1,0.0,22.02,0.0
2013,272,27.1,11.0,19.0,0.0,21.73,0.0
2013,273,25.1,12.3,18.5,0.0,21.52,0.0
2013,274,24.2,11.7,18.4,0.0,20.07,0.0
2013,275,23.9,12.6,18.1,0.0,20.87,0.0
2013,276,20.8,11.0,15.8,0.0,21.08,0.0
2013,277,23.4,8.4,15.7,0.0,21.18,0.0
2013,278,26.4,8.7,17.2,0.0,21.09,0.0
2013,279,27.3,9.7,18.5,0.0,20.84,0.0
2013,280,25.9,12.5,18.4,0.0,17.85,0.0
2013,281,23.3,10.6,16.7,0.0,20.2,0.0
2013,282,14.9,8.7,11.3,6.4,13.27,0.0
2013,283,16.7,4.6,11.0,0.0,17.81,0.0
2013,284,20.7,6.3,13.4,0.0,19.36,0.0
2013,285,21.0,7.3,14.1,0.0,19.18,0.0
2013,286,18.8,8.5,13.4,0.0,19.15,0.0
2013,287,21.8,6.6,14.0,0.0,18.9,0.0
2013,288,22.5,7.6,14.9,0.0,18.8,0.0
2013,289,23.2,7.3,15.0,0.0,18.8,0.0
2013,290,22.6,8.0,15.3,0.0,18.41,0.0
2013,291,24.9,7.9,16.3,0.0,18.55,0.0
2013,292,25.8,9.6,17.2,0.0,18.29,0.0
2013,293,24.6,8.7,16.7,0.0,18.21,0.0
2013,294,26.0,9.1,17.2,0.0,17.82,0.0
2013,295,26.6,10.3,18.0,0.0,17.52,0.0
2013,296,25.4,11.3,17.9,0.0,16.32,0.0
2013,297,23.9,10.0,16.8,0.0,15.87,0.0
2013,298,23.9,9.4,16.9,0.0,16.6,0.0
2013,299,25.7,9.8,17.5,0.0,16.86,0.0
2013,300,23.4,10.3,16.0,0.0,16.51,0.0
2013,301,10.9,5.2,7.8,18.6,5.99,0.0
2013,302,12.4,4.9,8.5,0.5,12.22,0.0
2013,303,15.1,3.2,9.2,0.0,16.02,0.0
2013,304,18.6,4.1,10.7,0.0,15.96,0.0
2013,305,22.2,5.9,13.2,0.0,15.9,0.0
2013,306,21.2,7.3,13.4,0.0,15.7,0.0
2013,307,16.9,6.5,11.7,0.0,15.64,0.0
2013,308,13.5,6.2,9.6,0.0,14.11,0.0
2013,309,16.8,3.3,9.6,0.0,15.33,0.0
2013,310,21.1,5.0,12.2,0.0,14.61,0.0
2013,311,22.5,8.0,14.2,0.0,12.69,0.0
2013,312,21.1,7.4,13.7,0.0,14.67,0.0
2013,313,22.1,7.7,14.2,0.0,14.36,0.0
2013,314,23.1,7.8,14.7,0.0,14.35,0.0
2013,315,23.7,8.0,14.8,0.0,14.19,0.0
2013,316,22.6,10.3,15.6,0.1,8.39,0.0
2013,317,21.1,8.0,14.2,0.0,13.84,0.0
2013,318,21.2,7.8,14.2,0.0,13.05,0.0
2013,319,15.4,7.7,12.3,0.0,13.28,0.0
2013,320,14.6,7.5,10.4,0.0,13.3,0.0
2013,321,16.1,5.1,10.1,0.0,13.33,0.0
2013,322,17.1,5.6,10.8,0.0,11.73,0.0
2013,323,14.7,8.2,10.9,0.0,11.56,0.0
2013,324,15.0,8.3,10.9,0.9,10.64,0.0
2013,325,12.4,6.8,9.8,3.9,7.23,0.0
2013,326,11.6,6.4,8.4,9.0,6.65,0.0
2013,327,10.9,7.0,8.9,5.6,7.11,0.0
2013,328,12.8,4.8,8.7,0.9,9.71,0.0
2013,329,15.7,3.9,9.0,0.0,12.44,0.0
2013,330,17.3,5.0,10.5,0.0,10.4,0.0
2013,331,18.6,6.2,11.4,0.0,11.66,0.0
2013,332,16.6,5.9,10.2,0.0,10.29,0.0
2013,333,16.1,4.4,9.4,0.0,10.63,0.0
2013,334,16.6,4.2,9.5,0.0,12.02,0.0
2013,335,18.1,3.6,9.9,0.0,12.07,0.0
2013,336,18.0,4.8,11.4,0.0,11.98,0.0
2013,337,11.9,4.0,8.8,9.7,2.42,0.0
2013,338,5.1,-1.1,2.5,0.3,8.79,0.0
2013,339,5.3,-1.9,1.5,0.0,11.09,0.0
2013,340,5.9,-2.6,1.4,0.0,11.87,0.0
2013,341,3.8,-8.8,0.1,16.7,8.4,0.0
2013,342,3.0,-11.1,-4.9,0.0,12.0,0.0
2013,343,6.6,-10.7,-3.4,0.0,12.24,0.0
2013,344,9.4,-6.3,0.5,0.0,12.09,0.0
2013,345,13.2,-5.3,3.5,0.0,11.89,0.0
2013,346,14.2,-1.0,5.0,0.0,11.76,0.0
2013,347,11.7,-0.1,4.7,0.0,11.8,0.0
2013,348,15.4,-0.5,5.7,0.0,11.62,0.0
2013,349,17.9,2.4,8.5,0.0,11.48,0.0
2013,350,20.6,4.8,10.7,0.0,10.19,0.0
2013,351,21.8,6.2,12.6,0.0,9.48,0.0
2013,352,18.6,9.5,13.4,0.0,5.81,0.0
2013,353,10.8,3.6,6.3,4.2,4.84,0.0
2013,354,9.9,4.4,6.0,0.0,9.66,0.0
2013,355,11.2,1.8,5.6,0.0,11.28,0.0
2013,356,14.5,1.4,7.0,0.0,11.06,0.0
2013,357,16.8,2.8,8.5,0.0,11.19,0.0
2013,358,17.1,3.3,8.9,0.0,11.18,0.0
2013,359,19.0,3.6,9.4,0.0,11.61,0.0
2013,360,18.9,3.8,9.6,0.0,11.67,0.0
2013,361,19.0,3.6,10.4,0.0,11.03,0.0
2013,362,15.8,4.3,9.6,0.0,11.74,0.0
2013,363,16.7,2.1,8.2,0.0,11.72,0.0
2013,364,18.0,3.5,9.5,0.0,11.73,0.0
2013,365,16.5,3.9,9.7,0.0,11.41,0.0
2014,1,17.9,3.3,9.7,0.0,11.62,0.0
2014,2,18.7,5.0,10.6,0.0,11.47,0.0
2014,3,17.6,5.2,10.2,0.0,10.59,0.0
2014,4,16.2,3.7,9.4,0.0,11.8,0.0
2014,5,17.6,3.7,9.5,0.0,11.99,0.0
2014,6,17.6,3.9,9.8,0.0,10.54,0.0
2014,7,15.4,5.2,9.6,0.0,9.59,0.0
2014,8,13.2,7.9,9.9,0.0,12.15,0.0
2014,9,10.7,2.8,6.7,0.0,10.2,0.0
2014,10,13.3,2.8,7.8,0.0,11.02,0.0
2014,11,16.5,3.4,9.4,0.0,11.35,0.0
2014,12,11.1,3.8,7.7,0.0,10.22,0.0
2014,13,16.1,2.7,8.3,0.0,12.61,0.0
2014,14,19.1,3.0,9.7,0.0,12.83,0.0
2014,15,20.6,4.4,11.0,0.0,12.86,0.0
2014,16,20.7,4.7,11.2,0.0,13.18,0.0
2014,17,20.8,5.0,11.6,0.0,13.15,0.0
2014,18,20.2,4.8,11.3,0.0,13.31,0.0
2014,19,20.4,4.7,11.6,0.0,12.99,0.0
2014,20,19.8,4.7,11.4,0.0,13.48,0.0
2014,21,19.6,5.3,11.6,0.0,11.83,0.0
2014,22,17.9,6.3,11.5,0.0,13.41,0.0
2014,23,19.4,4.0,10.9,0.0,10.64,0.0
2014,24,20.3,9.6,14.1,0.0,11.11,0.0
2014,25,18.8,7.0,12.5,0.0,13.1,0.0
2014,26,16.6,5.9,10.8,0.0,10.56,0.0
2014,27,16.7,3.8,9.9,0.0,13.63,0.0
2014,28,16.0,4.5,10.2,0.0,12.51,0.0
2014,29,17.8,6.0,11.5,0.0,13.25,0.0
2014,30,13.5,7.2,10.4,18.8,2.03,0.0
2014,31,7.5,-0.4,5.6,13.4,11.25,0.0
2014,32,9.1,-4.0,2.8,0.0,14.81,0.0
2014,33,9.0,-0.7,3.7,0.9,5.62,0.0
2014,34,8.2,-0.5,3.8,0.3,12.72,0.0
2014,35,7.5,0.0,3.8,0.0,10.96,0.0
2014,36,9.2,0.4,4.5,0.0,15.62,0.0
2014,37,7.8,1.9,5.2,13.5,6.27,0.0
2014,38,10.1,1.6,6.3,4.8,9.33,0.0
2014,39,14.0,5.7,9.4,2.4,7.71,0.0
2014,40,14.7,8.3,11.1,0.0,10.72,0.0
2014,41,14.2,6.9,10.6,5.7,13.38,0.0
2014,42,13.8,4.2,8.7,0.2,12.51,0.0
2014,43,17.6,4.6,10.7,0.0,15.36,0.0
2014,44,18.6,6.1,11.6,0.0,16.76,0.0
2014,45,19.9,5.9,12.3,0.0,16.82,0.0
2014,46,21.4,7.1,13.5,0.0,12.39,0.0
2014,47,18.2,9.1,14.1,0.3,16.73,0.0
2014,48,17.3,4.7,10.8,0.0,17.5,0.0
2014,49,16.5,3.9,10.0,0.0,12.97,0.0
2014,50,15.1,6.5,10.2,0.0,18.1,0.0
2014,51,16.1,3.3,9.9,0.0,15.49,0.0
2014,52,16.6,3.7,10.1,0.0,18.13,0.0
2014,53,17.2,4.0,10.4,0.0,17.9,0.0
2014,54,18.6,4.8,11.3,0.0,18.48,0.0
2014,55,20.3,5.4,12.3,0.0,19.02,0.0
2014,56,20.4,6.2,13.3,0.0,18.32,0.0
2014,57,14.8,7.5,11.3,2.0,8.48,0.0
2014,58,15.0,6.5,10.6,15.1,17.63,0.0
2014,59,14.9,6.3,9.8,35.3,5.85,0.0
2014,60,14.9,3.7,9.1,0.5,14.12,0.0
2014,61,12.8,3.5,8.2,1.8,10.45,0.0
2014,62,14.9,3.2,9.3,0.0,15.06,0.0
2014,63,15.6,8.4,11.4,0.5,13.74,0.0
2014,64,18.5,6.1,12.2,0.0,17.72,0.0
2014,65,17.3,9.0,12.8,0.0,16.94,0.0
2014,66,15.6,5.8,10.6,0.1,16.89,0.0
2014,67,20.1,4.5,11.9,0.0,21.22,0.0
2014,68,21.5,6.6,14.2,0.0,17.07,0.0
2014,69,19.1,8.1,13.4,0.0,20.03,0.0
2014,70,18.2,5.0,12.1,0.0,20.95,0.0
2014,71,17.7,6.4,11.8,0.0,18.45,0.0
2014,72,18.7,5.3,11.7,0.0,22.62,0.0
2014,73,19.6,4.2,12.1,0.0,21.56,0.0
2014,74,22.3,5.6,13.9,0.0,22.72,0.0
2014,75,24.3,6.9,15.4,0.0,22.86,0.0
2014,76,19.0,10.1,14.0,0.0,23.25,0.0
2014,77,18.8,4.4,11.9,0.0,22.59,0.0
2014,78,20.8,5.5,13.2,0.0,23.43,0.0
2014,79,20.7,6.2,13.5,0.0,21.6,0.0
2014,80,20.3,7.9,14.2,0.0,22.98,0.0
2014,81,19.8,5.3,12.7,0.0,23.25,0.0
2014,82,21.0,5.3,13.4,0.0,23.74,0.0
2014,83,23.1,6.1,14.7,0.2,24.54,0.0
2014,84,21.7,7.0,14.3,0.0,23.91,0.0
2014,85,10.4,6.6,8.4,28.6,11.71,0.0
2014,86,13.0,3.5,8.3,0.1,21.84,0.0
2014,87,16.9,2.9,10.1,0.0,24.27,0.0
2014,88,19.6,5.6,12.6,0.0,22.15,0.0
2014,89,13.3,4.6,8.7,15.7,22.93,0.0
2014,90,13.3,2.8,7.9,10.1,17.14,0.0
2014,91,8.9,2.7,5.6,19.9,21.3,0.0
2014,92,9.7,0.6,5.2,8.1,21.28,0.0
2014,93,13.1,-2.3,6.5,0.0,23.99,0.0
2014,94,13.4,2.5,8.8,0.4,24.44,0.0
2014,95,14.3,2.5,8.3,0.5,24.97,0.0
2014,96,18.5,3.1,11.0,0.0,26.33,0.0
2014,97,23.7,5.3,14.7,0.0,26.63,0.0
2014,98,25.8,8.1,16.9,0.0,25.97,0.0
2014,99,25.3,10.9,17.7,0.0,26.53,0.0
2014,100,25.2,8.6,17.2,0.0,27.0,0.0
2014,101,24.6,11.3,17.9,0.0,23.52,0.0
2014,102,20.7,9.4,15.3,0.5,24.44,0.0
2014,103,21.2,7.6,15.0,0.0,26.63,0.0
2014,104,23.7,8.3,16.6,0.0,27.14,0.0
2014,105,24.1,11.2,17.2,0.0,26.34,0.0
2014,106,23.9,8.5,16.6,0.0,27.37,0.0
2014,107,24.9,10.2,18.0,0.0,24.81,0.0
2014,108,21.0,13.2,17.1,6.1,21.33,0.0
2014,109,22.9,9.2,16.3,0.2,24.47,0.0
2014,110,23.9,9.6,17.1,0.0,27.42,0.0
2014,111,25.0,9.0,17.8,0.0,26.47,0.0
2014,112,17.3,8.5,13.9,0.1,27.5,0.0
2014,113,17.7,7.3,12.2,0.0,28.71,0.0
2014,114,21.0,6.8,14.8,0.0,28.05,0.0
2014,115,13.9,5.5,11.2,21.5,8.0,0.0
2014,116,11.4,3.0,6.9,5.9,21.99,0.0
2014,117,15.6,3.7,9.7,0.0,28.7,0.0
2014,118,18.2,5.2,12.3,0.0,28.88,0.0
2014,119,24.2,6.9,16.2,0.0,29.41,0.0
2014,120,27.2,8.6,18.5,0.0,29.8,0.0
2014,121,27.4,10.1,19.3,0.0,28.55,0.0
2014,122,27.8,11.8,20.4,0.0,28.21,0.0
2014,123,26.8,11.1,19.5,0.0,30.31,0.0
2014,124,23.8,14.1,18.8,0.0,29.91,0.0
2014,125,20.3,11.1,16.3,0.6,26.2,0.0
2014,126,13.0,6.8,9.8,11.1,19.07,0.0
2014,127,17.3,4.9,11.6,0.3,29.0,0.0
2014,128,20.1,7.1,13.9,0.0,27.04,0.0
2014,129,21.2,11.8,15.9,0.0,27.29,0.0
2014,130,19.4,10.0,14.2,0.0,30.51,0.0
2014,131,20.4,5.5,13.9,0.0,31.37,0.0
2014,132,24.6,6.7,16.6,0.0,30.96,0.0
2014,133,27.8,9.0,19.3,0.0,30.72,0.0
2014,134,30.1,11.3,21.5,0.0,31.03,0.0
2014,135,31.4,13.1,23.0,0.0,30.34,0.0
2014,136,30.8,14.9,23.2,0.0,29.87,0.0
2014,137,29.0,13.9,21.7,0.0,31.25,0.0
2014,138,24.1,15.0,19.3,0.0,31.01,0.0
2014,139,22.2,12.1,17.2,0.0,31.23,0.0
2014,140,15.7,8.7,11.9,7.4,23.35,0.0
2014,141,17.0,8.5,13.4,2.9,18.53,0.0
2014,142,20.9,7.2,14.7,9.2,26.59,0.0
2014,143,25.0,8.4,17.5,1.0,29.57,0.0
2014,144,26.6,12.9,20.3,0.0,27.85,0.0
2014,145,29.8,13.7,22.5,0.2,29.25,0.0
2014,146,31.3,15.1,23.8,0.0,30.63,0.0
2014,147,31.0,13.4,23.0,0.0,32.03,0.0
2014,148,26.9,14.1,21.2,0.0,29.71,0.0
2014,149,26.4,11.5,20.0,0.0,31.38,0.0
2014,150,29.0,11.3,21.1,0.0,31.82,0.0
2014,151,27.5,14.8,21.1,0.0,32.42,0.0
2014,152,29.6,11.4,21.6,0.0,32.35,0.0
2014,153,29.1,14.5,22.3,0.0,32.48,0.0
2014,154,28.8,10.6,21.1,0.0,32.55,0.0
2014,155,30.1,13.1,22.4,0.0,32.1,0.0
2014,156,31.6,14.2,24.0,0.0,31.55,0.0
2014,157,30.8,15.6,24.0,0.0,31.56,0.0
2014,158,32.3,15.3,24.7,0.0,30.5,0.0
2014,159,34.9,16.4,26.9,0.0,31.23,0.0
2014,160,36.5,19.5,29.3,0.0,30.72,0.0
2014,161,34.0,17.8,27.1,0.0,29.44,0.0
2014,162,31.1,17.7,25.2,0.0,28.69,0.0
2014,163,31.2,16.3,24.7,0.0,31.9,0.0
2014,164,28.6,18.5,23.4,0.0,32.53,0.0
2014,165,28.4,14.3,22.3,0.0,32.77,0.0
2014,166,28.6,13.6,21.8,0.0,31.81,0.0
2014,167,25.9,16.4,20.9,0.0,31.51,0.0
2014,168,25.7,15.3,20.3,0.0,32.36,0.0
2014,169,27.9,10.7,20.7,0.0,32.47,0.0
2014,170,32.1,13.4,23.9,0.0,32.45,0.0
2014,171,32.6,15.5,25.0,0.0,32.02,0.0
2014,172,32.6,17.3,25.4,0.0,29.94,0.0
2014,173,31.7,15.9,24.6,0.0,32.54,0.0
2014,174,31.7,16.2,24.6,0.0,32.2,0.0
2014,175,32.0,17.6,25.1,0.0,32.12,0.0
2014,176,31.2,17.2,24.8,0.0,31.75,0.0
2014,177,26.4,18.6,22.2,0.0,28.48,0.0
2014,178,28.3,15.4,22.1,0.0,31.09,0.0
2014,179,31.0,16.1,24.3,0.0,31.64,0.0
2014,180,33.9,16.4,26.4,0.0,31.2,0.0
2014,181,36.4,19.1,28.8,0.0,30.87,0.0
2014,182,36.5,20.0,29.5,0.0,30.97,0.0
2014,183,35.4,19.1,28.5,0.0,31.38,0.0
2014,184,35.2,18.6,28.1,0.0,31.89,0.0
2014,185,36.3,20.0,29.0,0.0,31.83,0.0
2014,186,35.2,18.7,28.1,0.0,31.01,0.0
2014,187,34.3,20.3,28.0,0.3,24.45,0.0
2014,188,34.3,19.5,27.7,0.2,22.31,0.0
2014,189,36.0,20.3,29.2,0.0,28.52,0.0
2014,190,34.3,21.5,28.5,0.0,26.38,0.0
2014,191,32.3,19.8,26.7,0.0,29.6,0.0
2014,192,30.9,18.3,25.3,0.0,31.2,0.0
2014,193,33.0,17.8,26.2,0.0,31.08,0.0
2014,194,35.9,19.2,28.7,0.0,29.97,0.0
2014,195,35.6,22.0,29.6,0.0,26.22,0.0
2014,196,32.7,24.1,28.3,1.4,23.1,0.0
2014,197,31.7,21.0,26.5,1.4,28.33,0.0
2014,198,29.8,19.3,24.7,0.1,29.58,0.0
2014,199,30.9,17.9,25.0,0.0,29.65,0.0
2014,200,30.3,20.2,25.6,13.0,23.62,0.0
2014,201,29.3,18.0,24.2,3.9,21.3,0.0
2014,202,30.1,17.7,24.4,0.0,29.23,0.0
2014,203,31.3,18.7,25.6,0.0,30.16,0.0
2014,204,31.3,17.1,24.6,0.0,30.45,0.0
2014,205,32.9,20.5,26.3,0.0,30.69,0.0
2014,206,35.5,19.1,28.0,0.0,30.69,0.0
2014,207,35.3,19.9,28.2,0.0,27.18,0.0
2014,208,35.0,21.3,28.3,0.0,23.19,0.0
2014,209,32.4,21.9,26.8,0.3,16.35,0.0
2014,210,33.0,21.1,27.4,0.0,23.49,0.0
2014,211,33.8,22.5,27.7,3.8,22.79,0.0
2014,212,35.5,20.1,28.4,0.0,27.38,0.0
2014,213,36.5,20.4,29.1,0.0,27.63,0.0
2014,214,34.9,20.4,28.6,0.0,24.09,0.0
2014,215,27.6,21.1,24.7,3.3,9.92,0.0
2014,216,29.8,18.9,24.3,0.4,23.55,0.0
2014,217,30.7,19.2,24.8,0.0,28.57,0.0
2014,218,29.8,18.7,24.4,0.1,26.35,0.0
2014,219,31.8,17.0,25.0,0.3,26.99,0.0
2014,220,33.1,18.8,26.4,2.3,27.48,0.0
2014,221,33.0,18.6,27.0,0.3,26.99,0.0
2014,222,33.1,18.3,26.5,0.0,28.55,0.0
2014,223,33.3,20.3,27.0,0.1,21.81,0.0
2014,224,33.2,20.8,27.2,1.0,23.83,0.0
2014,225,31.8,19.7,26.1,0.0,28.46,0.0
2014,226,32.6,17.6,25.6,0.0,28.66,0.0
2014,227,33.5,16.8,26.1,0.0,28.91,0.0
2014,228,34.2,16.8,26.3,0.0,28.82,0.0
2014,229,34.5,19.3,27.2,0.0,28.37,0.0
2014,230,33.1,19.2,26.5,0.0,28.21,0.0
2014,231,29.8,17.3,24.1,0.0,27.11,0.0
2014,232,28.7,16.4,22.9,2.1,27.18,0.0
2014,233,30.7,15.9,23.9,0.2,27.67,0.0
2014,234,31.5,17.3,24.8,0.0,27.46,0.0
2014,235,30.2,16.1,23.9,0.0,27.49,0.0
2014,236,30.4,16.6,24.1,0.0,27.24,0.0
2014,237,30.1,15.8,23.6,0.0,26.9,0.0
2014,238,29.5,16.0,23.2,0.0,27.49,0.0
2014,239,32.2,15.4,24.3,0.0,27.28,0.0
2014,240,34.0,16.4,25.8,0.0,27.23,0.0
2014,241,33.4,17.2,26.0,0.0,25.98,0.0
2014,242,33.1,19.3,26.3,0.0,25.59,0.0
2014,243,32.1,18.0,25.3,0.0,26.6,0.0
2014,244,33.4,17.4,26.1,0.0,26.28,0.0
2014,245,34.2,18.9,26.8,0.0,26.16,0.0
2014,246,32.4,18.1,25.7,0.0,25.98,0.0
2014,247,31.9,17.2,25.1,0.0,25.96,0.0
2014,248,33.4,17.5,25.8,0.0,26.02,0.0
2014,249,33.9,17.5,26.3,0.0,25.57,0.0
2014,250,33.8,18.6,26.6,0.0,22.85,0.0
2014,251,29.7,21.5,25.5,0.0,16.81,0.0
2014,252,29.8,15.6,23.3,0.0,25.48,0.0
2014,253,33.1,15.0,24.3,0.0,25.18,0.0
2014,254,34.0,17.2,26.0,0.0,24.82,0.0
2014,255,34.4,17.9,26.6,0.0,24.48,0.0
2014,256,34.3,18.8,27.2,0.0,21.81,0.0
2014,257,33.4,21.3,27.6,0.0,18.21,0.0
2014,258,35.3,19.6,27.6,0.0,22.55,0.0
2014,259,33.1,19.4,26.9,0.0,19.92,0.0
2014,260,33.0,18.7,26.4,0.0,21.29,0.0
2014,261,28.2,20.2,23.7,0.0,23.26,0.0
2014,262,27.3,17.0,21.9,0.0,21.66,0.0
2014,263,29.6,15.9,22.8,0.3,21.1,0.0
2014,264,27.7,16.4,22.5,0.3,19.57,0.0
2014,265,30.3,15.7,23.2,0.0,22.62,0.0
2014,266,31.4,15.9,23.9,0.0,22.64,0.0
2014,267,31.6,15.8,23.8,0.0,22.68,0.0
2014,268,28.2,18.0,23.0,0.0,21.4,0.0
2014,269,23.4,15.5,19.0,0.0,21.51,0.0
2014,270,18.8,12.3,15.3,1.6,19.65,0.0
2014,271,21.0,10.7,15.7,0.1,16.47,0.0
2014,272,23.3,9.0,16.7,0.0,21.4,0.0
2014,273,25.6,11.1,18.5,0.0,21.29,0.0
2014,274,26.9,11.3,19.4,0.0,21.07,0.0
2014,275,29.4,13.1,21.1,0.0,21.09,0.0
2014,276,31.3,13.8,22.4,0.0,21.19,0.0
2014,277,31.3,14.6,22.9,0.0,19.7,0.0
2014,278,32.1,16.2,23.6,0.0,19.68,0.0
2014,279,32.1,15.3,23.6,0.0,20.48,0.0
2014,280,31.1,15.8,23.5,0.0,18.97,0.0
2014,281,28.8,15.6,22.1,0.1,18.06,0.0
2014,282,27.9,14.5,20.9,0.0,19.87,0.0
2014,283,26.4,12.5,19.5,0.0,19.56,0.0
2014,284,27.7,12.7,20.4,0.0,18.81,0.0
2014,285,27.9,13.2,20.7,0.0,18.99,0.0
2014,286,30.8,13.5,21.8,0.0,19.22,0.0
2014,287,29.4,13.6,21.5,0.0,18.98,0.0
2014,288,22.5,14.5,18.0,0.0,18.13,0.0
2014,289,22.2,11.8,16.9,0.0,17.21,0.0
2014,290,21.8,13.9,17.3,0.0,15.93,0.0
2014,291,22.5,12.3,17.4,0.0,17.98,0.0
2014,292,25.5,10.6,18.0,0.0,17.45,0.0
2014,293,24.5,11.8,17.8,0.0,17.26,0.0
2014,294,20.2,11.9,15.6,0.0,16.44,0.0
2014,295,22.9,8.5,15.9,0.0,16.64,0.0
2014,296,26.6,12.1,18.9,0.0,17.14,0.0
2014,297,28.3,12.3,19.9,0.0,17.28,0.0
2014,298,23.7,14.1,18.4,0.0,16.97,0.0
2014,299,18.1,10.4,14.3,0.0,14.92,0.0
2014,300,19.2,6.8,13.3,0.0,16.42,0.0
2014,301,22.1,8.2,15.2,0.0,16.3,0.0
2014,302,25.3,9.3,17.0,0.0,16.26,0.0
2014,303,26.3,11.1,18.0,0.0,14.2,0.0
2014,304,20.4,10.9,15.3,4.6,13.0,0.0
2014,305,11.6,7.4,9.1,26.1,9.38,0.0
2014,306,11.9,4.7,8.1,1.2,13.2,0.0
2014,307,15.1,2.3,8.2,0.0,15.19,0.0
2014,308,18.0,3.7,10.3,0.0,14.82,0.0
2014,309,22.0,6.6,13.5,0.0,14.93,0.0
2014,310,24.4,9.5,15.9,0.0,14.82,0.0
2014,311,22.4,9.3,15.2,0.0,14.78,0.0
2014,312,24.3,9.7,16.5,0.0,14.41,0.0
2014,313,23.8,11.3,16.7,0.0,14.22,0.0
2014,314,21.6,9.1,14.8,0.0,14.44,0.0
2014,315,17.9,11.6,14.3,0.0,12.29,0.0
2014,316,16.5,9.8,12.7,0.0,13.24,0.0
2014,317,16.5,9.3,12.6,0.0,9.21,0.0
2014,318,15.7,10.0,12.0,0.0,12.33,0.0
2014,319,14.4,6.2,10.5,0.0,11.88,0.0
2014,320,15.7,4.7,10.1,0.0,13.13,0.0
2014,321,17.9,4.9,10.4,0.0,13.53,0.0
2014,322,20.1,5.1,11.9,0.0,11.73,0.0
2014,323,16.9,8.0,11.9,0.3,6.25,0.0
2014,324,16.8,4.8,10.3,0.1,10.41,0.0
2014,325,12.9,6.5,9.6,0.1,10.75,0.0
2014,326,15.0,5.5,9.9,0.0,10.53,0.0
2014,327,14.1,5.8,9.9,0.0,10.88,0.0
2014,328,15.3,6.6,10.3,0.0,11.71,0.0
2014,329,18.9,4.9,11.1,0.0,12.43,0.0
2014,330,22.4,6.8,13.6,0.0,12.44,0.0
2014,331,23.6,9.5,14.9,0.0,11.21,0.0
2014,332,22.2,7.9,13.7,0.0,12.57,0.0
2014,333,20.1,8.3,13.1,0.0,12.43,0.0
2014,334,16.3,8.5,11.7,0.0,7.67,0.0
2014,335,18.8,5.3,11.3,0.0,11.49,0.0
2014,336,13.9,7.9,10.7,16.8,1.69,0.0
2014,337,18.2,6.9,11.9,0.0,8.79,0.0
2014,338,16.2,8.3,12.4,0.0,8.92,0.0
2014,339,15.4,6.7,10.7,0.0,6.11,0.0
2014,340,17.0,6.8,11.0,0.0,10.88,0.0
2014,341,18.4,5.5,11.3,0.0,9.22,0.0
2014,342,18.6,5.4,11.3,0.0,11.46,0.0
2014,343,17.5,5.6,11.0,0.0,11.08,0.0
2014,344,19.3,5.7,11.8,0.0,9.1,0.0
2014,345,20.0,8.5,13.6,0.0,7.24,0.0
2014,346,11.5,5.6,8.2,40.2,3.11,0.0
2014,347,8.6,2.2,5.7,0.8,8.46,0.0
2014,348,10.3,1.1,5.2,1.1,8.3,0.0
2014,349,13.6,2.3,7.5,0.7,8.36,0.0
2014,350,11.8,4.8,7.6,1.1,8.87,0.0
2014,351,8.4,3.6,6.1,8.4,5.87,0.0
2014,352,11.0,2.0,6.0,0.0,9.98,0.0
2014,353,12.0,2.9,7.0,0.0,7.32,0.0
2014,354,12.5,5.1,7.9,0.0,7.19,0.0
2014,355,12.3,4.6,8.2,0.0,8.19,0.0
2014,356,13.4,5.8,9.0,0.1,7.23,0.0
2014,357,16.9,5.6,10.2,0.0,10.44,0.0
2014,358,17.0,6.2,10.0,5.9,8.94,0.0
2014,359,6.8,1.5,4.5,6.1,6.59,0.0
2014,360,8.0,-1.7,2.5,0.4,11.61,0.0
2014,361,9.6,-1.9,3.3,0.0,11.47,0.0
2014,362,9.4,0.2,4.1,0.0,11.25,0.0
2014,363,9.2,-1.0,3.5,0.0,11.82,0.0
2014,364,3.4,-2.3,1.3,4.8,4.43,0.0
2014,365,5.2,-3.6,-0.1,0.2,11.91,0.0
2015,1,8.0,-3.2,1.5,0.0,12.05,0.0
2015,2,9.2,-2.2,2.5,0.0,11.88,0.0
2015,3,10.8,-1.2,4.0,0.0,11.72,0.0
2015,4,12.8,0.3,5.4,0.0,10.1,0.0
2015,5,17.3,1.8,7.8,0.0,11.61,0.0
2015,6,19.6,3.9,9.9,0.0,11.8,0.0
2015,7,20.0,4.4,10.6,0.0,12.05,0.0
2015,8,18.4,4.8,10.5,0.0,11.98,0.0
2015,9,17.2,5.9,10.7,0.0,7.78,0.0
2015,10,15.9,5.4,10.1,0.0,10.31,0.0
2015,11,11.8,5.7,9.3,0.4,5.35,0.0
2015,12,11.6,4.0,7.8,0.0,8.5,0.0
2015,13,13.8,4.5,8.5,0.0,11.5,0.0
2015,14,14.6,2.3,7.6,0.0,12.44,0.0
2015,15,16.0,2.8,8.3,0.0,12.77,0.0
2015,16,15.4,3.9,9.2,0.0,12.25,0.0
2015,17,17.3,4.4,10.5,0.0,12.49,0.0
2015,18,17.9,6.1,11.9,0.0,11.59,0.0
2015,19,15.4,5.5,9.9,0.0,11.91,0.0
2015,20,13.0,4.4,8.1,0.0,7.41,0.0
2015,21,13.8,2.4,7.6,0.0,12.82,0.0
2015,22,15.6,3.1,8.6,0.0,10.82,0.0
2015,23,15.7,3.3,8.8,0.0,13.56,0.0
2015,24,18.1,3.3,9.4,0.0,13.87,0.0
2015,25,20.3,4.8,11.3,0.0,13.8,0.0
2015,26,18.6,6.1,11.4,2.6,8.26,0.0
2015,27,14.7,6.7,10.3,3.5,10.34,0.0
2015,28,15.5,5.3,10.1,0.0,11.06,0.0
2015,29,15.8,6.7,10.8,0.0,9.55,0.0
2015,30,14.5,7.2,10.2,1.2,11.71,0.0
2015,31,15.2,4.2,9.2,1.0,12.35,0.0
2015,32,18.4,3.8,10.4,0.0,14.3,0.0
2015,33,18.4,5.5,11.4,0.0,14.13,0.0
2015,34,18.5,5.0,11.2,0.0,13.62,0.0
2015,35,22.3,5.6,13.1,0.0,15.22,0.0
2015,36,23.7,8.3,15.0,0.0,14.51,0.0
2015,37,22.8,8.7,15.4,0.0,12.76,0.0
2015,38,16.5,10.3,13.5,9.1,3.34,0.0
2015,39,19.3,7.3,13.6,0.2,11.84,0.0
2015,40,16.4,8.6,12.6,6.0,13.15,0.0
2015,41,16.3,4.5,10.1,0.0,14.3,0.0
2015,42,19.7,5.4,11.6,0.0,15.72,0.0
2015,43,20.6,7.2,13.3,0.0,16.21,0.0
2015,44,22.2,7.0,13.9,0.0,16.65,0.0
2015,45,21.3,7.6,14.1,0.0,16.53,0.0
2015,46,20.8,7.2,13.9,0.0,16.79,0.0
2015,47,21.0,7.8,13.8,0.0,17.2,0.0
2015,48,20.5,7.1,13.5,0.0,17.27,0.0
2015,49,20.0,7.7,13.6,0.0,16.82,0.0
2015,50,19.5,6.8,13.4,0.0,17.18,0.0
2015,51,17.7,6.2,11.7,0.0,15.83,0.0
2015,52,16.3,4.9,10.9,0.0,17.68,0.0
2015,53,9.9,6.6,8.6,7.7,7.74,0.0
2015,54,10.7,2.9,7.1,16.6,11.29,0.0
2015,55,13.5,0.9,6.6,0.0,19.12,0.0
2015,56,14.9,3.3,8.8,0.0,19.08,0.0
2015,57,14.5,4.0,9.1,0.0,18.5,0.0
2015,58,13.1,7.3,9.5,6.0,16.38,0.0
2015,59,9.5,3.0,6.4,12.7,17.3,0.0
2015,60,11.3,1.2,5.7,6.0,16.06,0.0
2015,61,10.8,0.8,5.4,1.8,15.89,0.0
2015,62,11.2,0.4,5.6,1.9,19.04,0.0
2015,63,14.3,-0.9,6.5,0.0,20.0,0.0
2015,64,17.3,1.1,8.7,0.0,21.3,0.0
2015,65,18.9,2.9,10.3,0.0,21.05,0.0
2015,66,20.4,4.3,12.1,0.0,21.16,0.0
2015,67,20.5,5.9,13.0,0.0,21.28,0.0
2015,68,20.7,5.8,13.2,0.0,21.46,0.0
2015,69,23.0,6.0,14.6,0.0,20.55,0.0
2015,70,18.0,9.7,14.2,2.3,7.07,0.0
2015,71,20.0,5.9,12.7,0.0,21.82,0.0
2015,72,22.9,6.4,14.5,0.0,21.87,0.0
2015,73,24.9,9.7,16.8,0.0,20.0,0.0
2015,74,24.9,11.7,18.0,0.0,17.96,0.0
2015,75,23.2,10.2,16.9,0.0,19.92,0.0
2015,76,17.7,10.9,14.2,0.0,13.85,0.0
2015,77,18.1,10.7,14.0,4.3,16.32,0.0
2015,78,21.5,6.6,14.2,0.0,23.31,0.0
2015,79,23.2,7.0,15.3,0.0,21.27,0.0
2015,80,20.8,9.7,15.3,0.0,23.04,0.0
2015,81,19.4,7.8,13.7,0.0,21.0,0.0
2015,82,17.7,9.0,12.5,0.0,21.48,0.0
2015,83,16.8,8.7,12.1,0.0,21.32,0.0
2015,84,21.4,6.8,14.5,0.0,23.85,0.0
2015,85,24.9,8.4,16.9,0.0,24.13,0.0
2015,86,26.6,10.6,18.5,0.0,24.29,0.0
2015,87,24.8,10.0,17.7,0.0,25.04,0.0
2015,88,24.5,10.0,17.8,0.0,23.93,0.0
2015,89,25.8,9.3,17.9,0.0,24.98,0.0
2015,90,21.6,11.6,16.2,0.0,25.23,0.0
2015,91,18.9,6.2,12.8,0.0,25.65,0.0
2015,92,17.3,7.3,12.1,0.0,26.17,0.0
2015,93,20.7,5.1,13.4,0.0,26.14,0.0
2015,94,21.0,6.0,13.8,0.0,26.61,0.0
2015,95,17.0,8.8,12.9,0.0,26.03,0.0
2015,96,14.2,6.5,9.8,0.0,19.51,0.0
2015,97,11.7,5.0,7.7,9.6,10.35,0.0
2015,98,13.2,2.4,7.7,0.0,24.58,0.0
2015,99,16.7,3.1,10.3,0.0,21.27,0.0
2015,100,19.3,4.4,11.9,0.0,26.64,0.0
2015,101,19.8,5.6,12.9,0.0,26.78,0.0
2015,102,22.8,6.4,15.3,0.0,27.01,0.0
2015,103,24.9,8.3,17.1,0.0,27.59,0.0
2015,104,17.4,8.5,12.9,0.0,26.16,0.0
2015,105,18.5,4.3,12.0,0.0,27.56,0.0
2015,106,21.4,4.6,13.7,0.0,28.47,0.0
2015,107,23.5,6.1,15.6,0.0,28.33,0.0
2015,108,24.7,7.7,17.3,0.0,26.2,0.0
2015,109,25.3,9.6,18.4,0.7,25.2,0.0
2015,110,24.6,9.8,17.6,2.3,24.35,0.0
2015,111,19.8,8.7,14.4,5.2,22.48,0.0
2015,112,18.9,6.6,13.1,7.2,23.18,0.0
2015,113,19.2,7.2,13.4,5.0,22.41,0.0
2015,114,16.6,10.0,13.3,1.8,21.41,0.0
2015,115,14.6,9.0,11.2,5.0,18.94,0.0
2015,116,17.2,8.1,12.3,0.0,25.2,0.0
2015,117,24.2,7.1,16.4,0.0,28.96,0.0
2015,118,27.2,9.9,19.2,0.0,29.07,0.0
2015,119,27.2,12.8,20.4,0.0,28.11,0.0
2015,120,27.8,12.5,20.8,0.0,27.19,0.0
2015,121,28.3,14.2,22.0,0.0,28.25,0.0
2015,122,26.7,11.2,20.2,0.0,29.62,0.0
2015,123,25.0,9.5,18.6,0.0,30.14,0.0
2015,124,22.9,9.8,17.1,0.4,26.8,0.0
2015,125,22.8,10.0,16.8,0.2,28.01,0.0
2015,126,20.6,9.9,15.6,0.0,29.11,0.0
2015,127,16.7,7.6,12.0,0.6,26.36,0.0
2015,128,14.6,6.4,10.2,5.4,23.27,0.0
2015,129,19.3,8.1,13.8,0.9,25.46,0.0
2015,130,24.0,7.4,16.7,0.4,29.26,0.0
2015,131,24.1,11.0,18.4,0.0,27.45,0.0
2015,132,21.3,12.2,16.7,0.0,30.69,0.0
2015,133,19.2,10.4,14.7,0.0,29.79,0.0
2015,134,16.3,8.0,11.4,4.2,20.08,0.0
2015,135,14.5,7.3,10.5,6.2,18.65,0.0
2015,136,19.2,8.0,13.7,0.0,27.0,0.0
2015,137,18.0,9.5,14.0,0.1,15.99,0.0
2015,138,18.7,9.7,14.0,1.0,23.7,0.0
2015,139,20.5,8.9,14.9,0.1,29.04,0.0
2015,140,21.0,10.8,15.9,1.1,23.59,0.0
2015,141,16.7,10.1,13.6,9.5,19.31,0.0
2015,142,15.6,9.6,12.6,7.1,14.04,0.0
2015,143,18.7,11.0,14.9,0.7,21.09,0.0
2015,144,21.9,8.6,16.7,1.2,27.28,0.0
2015,145,24.2,12.0,18.6,0.7,25.8,0.0
2015,146,24.6,11.5,18.9,0.0,27.19,0.0
2015,147,26.1,12.3,19.7,0.0,29.38,0.0
2015,148,27.9,11.9,20.8,0.0,30.12,0.0
2015,149,29.7,13.3,22.7,0.0,29.68,0.0
2015,150,32.2,14.6,24.5,0.0,29.88,0.0
2015,151,31.1,16.8,24.4,0.0,31.01,0.0
2015,152,26.5,16.9,21.6,0.0,31.74,0.0
2015,153,25.9,13.3,20.1,0.0,31.6,0.0
2015,154,25.8,14.7,20.2,0.0,30.84,0.0
2015,155,23.7,14.9,19.4,0.3,29.48,0.0
2015,156,25.0,11.2,18.3,3.8,27.05,0.0
2015,157,25.8,11.8,19.3,3.6,25.52,0.0
2015,158,30.5,13.4,22.6,0.8,27.31,0.0
2015,159,34.7,15.6,26.1,0.0,31.21,0.0
2015,160,28.1,17.3,22.7,2.8,17.11,0.0
2015,161,26.7,15.5,21.3,1.5,25.65,0.0
2015,162,27.4,14.3,22.0,0.0,21.64,0.0
2015,163,30.1,16.9,24.2,5.5,24.84,0.0
2015,164,33.2,17.7,26.1,0.2,28.36,0.0
2015,165,32.5,17.6,26.1,0.0,29.87,0.0
2015,166,32.3,15.9,25.2,0.0,32.27,0.0
2015,167,32.0,14.6,24.7,0.0,32.53,0.0
2015,168,33.1,16.0,25.6,0.0,32.3,0.0
2015,169,33.7,16.6,26.2,0.0,32.35,0.0
2015,170,33.3,15.5,25.5,0.0,32.65,0.0
2015,171,33.9,15.7,26.3,0.0,32.62,0.0
2015,172,33.0,18.1,26.4,0.0,32.15,0.0
2015,173,31.5,19.7,25.7,0.0,32.69,0.0
2015,174,31.5,15.4,24.6,0.0,32.16,0.0
2015,175,33.1,16.8,26.0,0.0,31.98,0.0
2015,176,35.8,17.6,27.6,0.0,31.81,0.0
2015,177,36.6,19.5,29.0,0.0,26.91,0.0
2015,178,34.5,20.9,28.5,0.0,26.75,0.0
2015,179,32.6,22.2,27.7,0.4,21.47,0.0
2015,180,31.6,22.3,27.5,0.7,21.95,0.0
2015,181,36.6,20.7,29.1,2.2,28.3,0.0
2015,182,32.6,21.6,28.0,3.4,21.9,0.0
2015,183,32.2,20.8,26.9,7.9,23.83,0.0
2015,184,33.5,19.6,27.2,0.0,28.15,0.0
2015,185,33.5,21.3,27.7,0.5,26.55,0.0
2015,186,32.7,19.9,26.8,0.2,27.4,0.0
2015,187,30.4,19.0,25.6,0.4,26.03,0.0
2015,188,29.7,18.1,24.5,0.1,30.04,0.0
2015,189,27.5,18.6,23.1,0.5,27.37,0.0
2015,190,23.3,15.8,19.5,1.6,21.57,0.0
2015,191,24.4,15.5,19.8,1.2,22.66,0.0
2015,192,27.3,15.4,22.4,1.0,27.15,0.0
2015,193,29.9,15.8,23.5,0.0,30.42,0.0
2015,194,30.2,17.2,24.1,0.0,29.73,0.0
2015,195,29.8,17.6,24.2,0.0,30.31,0.0
2015,196,30.8,16.4,24.4,0.0,30.79,0.0
2015,197,32.3,16.3,25.3,0.0,30.66,0.0
2015,198,33.9,17.0,26.7,0.0,31.03,0.0
2015,199,32.2,19.4,26.1,0.0,27.25,0.0
2015,200,28.7,18.3,24.1,2.8,23.07,0.0
2015,201,27.9,18.7,23.3,17.6,20.35,0.0
2015,202,29.2,17.4,23.7,5.7,25.91,0.0
2015,203,28.5,16.8,23.6,1.1,27.28,0.0
2015,204,28.2,18.0,23.0,0.0,28.71,0.0
2015,205,29.5,16.1,23.2,0.0,30.69,0.0
2015,206,30.3,16.3,23.7,0.0,30.88,0.0
2015,207,30.0,16.2,23.6,0.0,30.73,0.0
2015,208,30.3,17.1,24.3,0.0,31.04,0.0
2015,209,33.5,15.9,25.7,0.0,30.69,0.0
2015,210,36.6,18.1,28.0,0.0,29.72,0.0
2015,211,34.7,19.4,27.6,1.4,19.88,0.0
2015,212,34.1,20.6,27.8,3.0,24.05,0.0
2015,213,33.0,19.0,26.6,2.4,27.38,0.0
2015,214,32.6,19.1,26.7,0.0,28.39,0.0
2015,215,32.2,18.2,25.7,0.0,29.67,0.0
2015,216,30.1,18.9,25.0,0.0,26.42,0.0
2015,217,31.1,20.1,25.1,0.0,21.5,0.0
2015,218,31.1,21.5,26.1,0.0,17.09,0.0
2015,219,29.2,19.3,24.8,0.0,29.29,0.0
2015,220,29.9,15.9,23.5,0.0,28.7,0.0
2015,221,31.7,16.2,24.7,0.1,29.28,0.0
2015,222,30.7,17.2,24.4,0.0,29.2,0.0
2015,223,29.9,16.2,23.8,0.0,29.37,0.0
2015,224,32.3,16.1,24.8,0.0,29.39,0.0
2015,225,33.5,17.5,26.0,0.0,26.08,0.0
2015,226,32.6,18.9,26.2,0.0,28.01,0.0
2015,227,34.6,18.4,27.2,0.0,28.22,0.0
2015,228,36.3,21.1,28.9,0.0,27.82,0.0
2015,229,36.3,21.6,29.2,0.0,28.09,0.0
2015,230,34.6,19.6,27.7,0.0,27.76,0.0
2015,231,33.7,19.2,26.9,0.0,27.83,0.0
2015,232,32.6,18.4,26.3,0.0,27.85,0.0
2015,233,31.1,19.5,25.6,0.0,26.94,0.0
2015,234,31.7,18.1,25.3,0.0,26.81,0.0
2015,235,33.1,17.7,26.0,0.0,26.68,0.0
2015,236,33.7,18.5,26.5,0.0,27.37,0.0
2015,237,33.4,18.3,26.4,0.0,25.67,0.0
2015,238,34.1,20.1,27.3,0.0,25.41,0.0
2015,239,34.4,19.4,27.4,0.0,25.51,0.0
2015,240,35.3,20.5,28.2,0.0,24.85,0.0
2015,241,32.3,20.7,26.5,0.0,26.49,0.0
2015,242,28.9,19.9,24.1,0.0,25.82,0.0
2015,243,29.9,16.9,23.5,0.0,26.59,0.0
2015,244,31.2,15.2,23.9,0.0,26.62,0.0
2015,245,29.5,16.6,23.5,0.0,25.73,0.0
2015,246,27.7,18.2,22.4,0.0,25.84,0.0
2015,247,26.6,16.4,21.1,0.0,25.84,0.0
2015,248,26.8,13.0,20.5,0.0,26.1,0.0
2015,249,30.0,12.3,21.9,0.0,26.24,0.0
2015,250,31.7,15.2,23.8,0.0,25.87,0.0
2015,251,34.2,16.6,25.9,0.0,22.58,0.0
2015,252,35.3,19.7,27.4,0.2,21.63,0.0
2015,253,34.4,19.7,27.0,1.7,20.91,0.0
2015,254,35.9,19.4,27.5,0.0,22.77,0.0
2015,255,33.5,19.1,26.9,0.0,20.32,0.0
2015,256,32.1,20.6,26.3,0.0,21.5,0.0
2015,257,26.0,19.5,22.9,0.2,14.8,0.0
2015,258,24.4,17.8,20.7,0.0,16.65,0.0
2015,259,22.9,14.4,18.2,0.0,22.83,0.0
2015,260,24.0,12.2,18.3,0.0,24.04,0.0
2015,261,27.9,11.7,20.2,0.0,23.67,0.0
2015,262,31.3,13.6,22.8,0.0,23.75,0.0
2015,263,34.3,15.8,25.1,0.0,23.4,0.0
2015,264,33.5,17.7,25.7,0.0,22.89,0.0
2015,265,31.3,17.8,24.8,0.0,21.08,0.0
2015,266,30.3,15.9,23.5,0.0,22.46,0.0
2015,267,33.0,15.5,24.7,0.0,21.3,0.0
2015,268,33.4,17.9,25.8,0.0,21.38,0.0
2015,269,32.6,18.8,25.9,0.0,21.64,0.0
2015,270,31.1,17.5,24.4,0.0,19.71,0.0
2015,271,30.3,18.5,24.1,0.0,14.88,0.0
2015,272,29.3,18.3,23.6,0.0,21.07,0.0
2015,273,27.3,19.2,22.5,0.0,18.71,0.0
2015,274,23.1,15.5,19.9,0.0,18.71,0.0
2015,275,23.4,11.7,17.7,0.0,20.95,0.0
2015,276,25.6,12.1,19.1,0.0,20.69,0.0
2015,277,18.2,10.8,14.5,15.3,11.17,0.0
2015,278,19.4,9.7,14.8,5.9,16.01,0.0
2015,279,22.0,9.9,16.5,0.3,17.39,0.0
2015,280,25.5,11.4,18.4,0.0,19.71,0.0
2015,281,28.5,14.3,21.0,0.0,17.79,0.0
2015,282,30.1,14.6,22.2,0.0,19.17,0.0
2015,283,30.9,16.2,23.2,0.0,18.45,0.0
2015,284,29.9,16.4,22.9,0.0,18.96,0.0
2015,285,31.3,15.9,23.3,0.0,18.82,0.0
2015,286,31.1,16.4,23.5,0.0,18.11,0.0
2015,287,28.2,16.7,22.2,0.1,12.69,0.0
2015,288,26.8,16.1,20.3,4.8,13.11,0.0
2015,289,25.2,15.4,19.9,0.1,12.41,0.0
2015,290,23.2,15.3,19.2,1.8,12.27,0.0
2015,291,18.6,14.0,16.1,1.1,9.81,0.0
2015,292,17.3,10.5,13.9,1.4,14.43,0.0
2015,293,20.1,7.7,13.8,1.0,16.75,0.0
2015,294,22.2,8.4,15.0,0.0,16.96,0.0
2015,295,23.0,9.8,16.0,0.0,16.61,0.0
2015,296,24.1,9.5,16.7,0.0,17.11,0.0
2015,297,25.0,10.9,17.7,0.0,15.61,0.0
2015,298,24.0,13.4,17.9,0.0,9.24,0.0
2015,299,25.2,9.6,16.8,0.0,17.19,0.0
2015,300,24.5,9.7,16.6,0.0,11.48,0.0
2015,301,20.1,13.0,16.1,2.2,11.55,0.0
2015,302,17.1,10.0,13.3,0.8,13.1,0.0
2015,303,20.9,6.8,13.8,0.0,15.98,0.0
2015,304,24.1,9.0,16.1,0.0,15.87,0.0
2015,305,24.2,10.7,17.1,0.0,16.01,0.0
2015,306,19.0,6.5,12.9,15.0,10.29,0.0
2015,307,10.8,5.6,7.9,5.4,11.04,0.0
2015,308,9.7,2.6,6.7,4.1,11.3,0.0
2015,309,13.2,0.2,6.5,0.0,14.24,0.0
2015,310,16.0,1.7,8.2,0.0,15.16,0.0
2015,311,18.0,3.1,9.9,0.0,15.06,0.0
2015,312,17.9,5.1,11.1,0.0,14.21,0.0
2015,313,12.8,6.2,9.5,8.9,10.9,0.0
2015,314,9.2,1.9,5.1,2.8,11.22,0.0
2015,315,13.0,-0.1,5.8,0.0,14.68,0.0
2015,316,14.9,1.7,7.5,0.0,14.3,0.0
2015,317,17.7,3.0,9.4,0.0,14.23,0.0
2015,318,19.1,4.7,11.0,0.0,14.09,0.0
2015,319,12.8,2.2,7.0,17.0,7.43,0.0
2015,320,6.5,-1.4,2.6,3.7,10.9,0.0
2015,321,10.4,-1.8,4.1,0.0,13.29,0.0
2015,322,13.4,0.7,6.2,0.0,13.27,0.0
2015,323,16.6,3.0,9.0,0.0,13.41,0.0
2015,324,18.2,5.2,10.7,0.0,13.05,0.0
2015,325,20.1,6.6,12.1,0.0,12.88,0.0
2015,326,20.9,7.1,12.8,0.0,12.85,0.0
2015,327,20.3,7.9,12.7,0.0,12.7,0.0
2015,328,15.2,6.7,10.5,5.7,12.26,0.0
2015,329,7.0,2.6,4.7,9.0,11.62,0.0
2015,330,7.6,1.3,4.2,0.1,9.78,0.0
2015,331,7.8,-1.3,3.5,0.5,11.38,0.0
2015,332,9.1,-0.3,4.0,0.1,12.13,0.0
2015,333,9.8,-1.4,3.4,0.0,12.66,0.0
2015,334,11.2,-0.9,4.5,0.0,12.38,0.0
2015,335,11.8,0.6,5.6,0.0,11.34,0.0
2015,336,15.6,2.5,8.2,0.0,10.08,0.0
2015,337,18.6,5.5,11.4,0.0,11.01,0.0
2015,338,11.4,3.7,8.5,0.0,9.59,0.0
2015,339,16.4,2.0,8.1,0.0,9.86,0.0
2015,340,17.4,5.1,10.4,0.0,11.07,0.0
2015,341,16.5,5.2,10.1,0.0,11.27,0.0
2015,342,16.8,5.6,10.6,0.0,9.4,0.0
2015,343,16.4,6.5,10.8,0.0,10.22,0.0
2015,344,15.9,5.8,10.0,4.9,6.96,0.0
2015,345,7.8,1.0,5.4,15.9,7.39,0.0
2015,346,7.8,-0.0,3.4,0.0,9.51,0.0
2015,347,11.2,0.3,4.2,16.5,7.47,0.0
2015,348,3.6,-1.6,0.8,2.3,8.24,0.0
2015,349,5.5,-6.9,-1.3,0.0,11.29,0.0
2015,350,6.2,-6.5,-0.6,0.0,11.39,0.0
2015,351,8.8,-4.1,2.3,0.0,10.77,0.0
2015,352,13.9,-1.0,5.4,0.0,11.5,0.0
2015,353,10.1,1.5,4.9,5.8,6.99,0.0
2015,354,6.9,1.8,4.3,0.7,6.52,0.0
2015,355,9.2,2.9,6.2,5.8,4.59,0.0
2015,356,10.0,6.9,8.5,45.5,1.8,0.0
2015,357,8.4,3.1,5.8,0.1,8.49,0.0
2015,358,5.7,0.7,2.9,13.9,6.26,0.0
2015,359,3.1,-8.0,-1.6,1.1,11.32,0.0
2015,360,5.9,-9.6,-3.1,0.6,11.91,0.0
2015,361,7.6,-6.6,0.6,0.0,11.37,0.0
2015,362,2.9,-7.0,-1.3,0.1,8.85,0.0
2015,363,4.9,-6.0,-0.8,0.0,9.6,0.0
2015,364,6.6,-5.3,0.1,0.0,11.83,0.0
2015,365,7.8,-5.6,0.1,0.0,11.66,0.0
2016,1,9.1,-5.9,1.1,0.0,11.99,0.0
2016,2,12.7,1.2,5.7,0.0,7.85,0.0
2016,3,13.7,1.9,6.6,0.0,9.19,0.0
2016,4,10.6,2.9,6.7,0.1,4.69,0.0
2016,5,9.2,4.9,6.6,26.5,1.69,0.0
2016,6,6.1,1.7,4.1,21.0,3.64,0.0
2016,7,5.1,-0.8,2.6,6.3,8.23,0.0
2016,8,5.5,0.3,3.0,0.5,8.85,0.0
2016,9,8.1,-0.5,4.5,1.2,5.9,0.0
2016,10,8.5,1.9,6.4,1.4,8.19,0.0
2016,11,10.2,-1.4,3.4,0.0,11.26,0.0
2016,12,13.8,-2.7,5.0,0.0,12.95,0.0
2016,13,12.7,2.7,7.1,0.0,9.95,0.0
2016,14,10.9,-1.0,5.8,0.1,11.61,0.0
2016,15,10.9,3.0,7.0,7.1,10.14,0.0
2016,16,12.7,2.8,7.2,0.9,10.79,0.0
2016,17,15.2,1.7,8.1,0.0,10.97,0.0
2016,18,11.8,3.7,7.5,5.5,6.55,0.0
2016,19,10.3,3.8,6.9,36.6,1.13,0.0
2016,20,13.6,4.3,8.1,0.0,9.99,0.0
2016,21,17.1,3.6,9.0,0.0,12.25,0.0
2016,22,16.0,6.2,10.4,0.0,10.66,0.0
2016,23,12.8,5.4,8.2,10.7,6.4,0.0
2016,24,9.8,3.1,6.0,0.0,9.81,0.0
2016,25,10.7,1.2,5.6,0.0,11.31,0.0
2016,26,14.1,0.8,6.6,0.0,13.51,0.0
2016,27,14.8,3.2,8.6,0.0,9.29,0.0
2016,28,15.3,2.8,8.7,0.0,13.74,0.0
2016,29,14.7,7.2,11.5,0.0,12.52,0.0
2016,30,9.7,7.3,8.7,24.8,0.69,0.0
2016,31,7.6,0.0,4.7,45.5,1.62,0.0
2016,32,2.8,-4.6,0.2,4.7,11.61,0.0
2016,33,3.9,-8.1,-1.0,0.0,10.42,0.0
2016,34,6.8,-3.2,2.1,0.0,13.5,0.0
2016,35,9.9,-5.8,2.4,0.0,15.05,0.0
2016,36,13.1,-1.0,5.0,0.0,15.28,0.0
2016,37,14.9,0.8,7.0,0.0,15.59,0.0
2016,38,18.9,3.2,9.6,0.0,15.4,0.0
2016,39,20.5,6.3,11.9,0.0,15.93,0.0
2016,40,21.6,5.5,12.7,0.0,16.18,0.0
2016,41,20.7,7.2,12.9,0.0,16.32,0.0
2016,42,21.4,6.6,13.0,0.0,16.34,0.0
2016,43,20.1,7.0,12.6,0.0,15.31,0.0
2016,44,17.4,6.2,10.8,0.0,15.48,0.0
2016,45,16.3,5.2,10.2,0.0,13.2,0.0
2016,46,19.9,6.1,12.3,0.0,16.68,0.0
2016,47,21.9,6.8,13.5,0.0,17.01,0.0
2016,48,18.6,8.9,12.4,8.4,4.37,0.0
2016,49,12.6,5.3,9.1,14.6,15.85,0.0
2016,50,15.0,2.7,8.3,0.0,17.87,0.0
2016,51,15.1,2.7,8.7,0.0,17.5,0.0
2016,52,15.1,3.4,9.0,0.0,17.67,0.0
2016,53,15.3,2.9,8.8,0.0,18.01,0.0
2016,54,18.5,4.4,11.2,0.0,18.19,0.0
2016,55,19.2,6.6,12.1,0.0,18.51,0.0
2016,56,19.7,5.6,12.2,0.0,18.8,0.0
2016,57,21.6,6.7,13.5,0.0,18.0,0.0
2016,58,18.2,5.6,11.8,0.0,18.76,0.0
2016,59,16.9,6.0,11.4,0.0,14.93,0.0
2016,60,18.4,5.2,11.5,0.0,19.55,0.0
2016,61,20.5,6.6,13.0,0.0,19.41,0.0
2016,62,20.1,6.4,12.8,0.0,19.59,0.0
2016,63,18.6,7.2,12.6,0.0,16.86,0.0
2016,64,18.2,6.6,12.8,0.0,15.99,0.0
2016,65,15.1,10.3,12.4,13.6,6.31,0.0
2016,66,11.4,6.6,9.1,31.7,17.7,0.0
2016,67,7.8,3.8,5.3,17.9,11.88,0.0
2016,68,10.3,-0.9,5.2,0.7,17.45,0.0
2016,69,15.2,1.2,8.6,0.0,19.99,0.0
2016,70,20.1,4.8,12.5,0.0,21.38,0.0
2016,71,16.4,4.5,9.5,17.2,9.82,0.0
2016,72,11.1,4.4,7.2,0.7,15.59,0.0
2016,73,12.2,6.0,8.8,3.7,13.43,0.0
2016,74,15.3,6.4,10.7,0.0,19.76,0.0
2016,75,15.4,3.5,9.3,0.0,21.29,0.0
2016,76,18.9,4.4,11.7,0.0,22.55,0.0
2016,77,20.3,6.0,13.0,0.0,23.01,0.0
2016,78,20.7,6.4,13.4,0.0,23.05,0.0
2016,79,20.2,6.8,13.5,0.0,20.76,0.0
2016,80,20.1,7.1,13.6,0.0,22.23,0.0
2016,81,15.6,8.5,12.5,2.9,15.05,0.0
2016,82,11.7,5.2,8.3,4.1,22.09,0.0
2016,83,15.1,2.6,8.8,0.0,23.74,0.0
2016,84,15.9,3.6,10.0,0.0,24.03,0.0
2016,85,16.1,5.2,10.9,0.0,22.28,0.0
2016,86,17.8,6.3,12.4,0.0,21.33,0.0
2016,87,18.3,8.1,13.5,0.0,22.94,0.0
2016,88,11.8,3.9,8.9,3.9,17.34,0.0
2016,89,9.8,3.2,6.0,1.6,22.08,0.0
2016,90,12.3,0.9,6.8,2.4,23.44,0.0
2016,91,15.5,2.7,9.3,0.2,24.21,0.0
2016,92,19.3,4.2,12.0,0.0,24.79,0.0
2016,93,21.3,6.5,14.1,0.0,24.12,0.0
2016,94,21.7,7.5,15.0,0.0,23.29,0.0
2016,95,20.8,8.4,14.7,0.0,25.15,0.0
2016,96,23.3,7.0,15.2,0.0,26.49,0.0
2016,97,27.0,8.6,17.5,0.0,24.99,0.0
2016,98,23.3,12.0,17.0,0.2,19.27,0.0
2016,99,17.7,10.9,13.9,13.4,12.72,0.0
2016,100,15.7,10.7,12.5,28.7,13.9,0.0
2016,101,16.4,6.2,11.7,4.6,21.79,0.0
2016,102,16.3,7.0,12.0,5.5,17.26,0.0
2016,103,18.5,7.0,13.2,0.5,23.02,0.0
2016,104,17.6,8.9,13.5,0.0,23.03,0.0
2016,105,16.3,7.8,12.5,0.0,26.1,0.0
2016,106,15.9,6.1,10.5,0.0,26.69,0.0
2016,107,20.8,4.5,13.1,0.0,28.42,0.0
2016,108,24.1,6.7,15.8,0.0,28.25,0.0
2016,109,25.0,8.7,17.3,0.0,27.45,0.0
2016,110,25.5,9.7,18.0,0.0,26.86,0.0
2016,111,24.4,8.8,17.2,0.0,28.21,0.0
2016,112,24.4,9.2,17.3,0.0,27.93,0.0
2016,113,20.1,8.4,14.8,10.9,25.36,0.0
2016,114,16.7,4.2,10.9,0.0,27.03,0.0
2016,115,15.9,7.2,11.5,2.8,20.94,0.0
2016,116,11.1,6.0,8.5,7.5,25.17,0.0
2016,117,15.9,4.0,10.3,0.0,27.63,0.0
2016,118,15.6,8.8,11.8,0.8,26.72,0.0
2016,119,13.0,6.6,9.6,2.3,18.67,0.0
2016,120,18.5,5.3,12.7,0.0,27.56,0.0
2016,121,17.8,9.4,13.5,2.5,25.97,0.0
2016,122,21.0,6.6,14.7,0.7,25.12,0.0
2016,123,23.5,9.7,16.9,0.4,27.27,0.0
2016,124,25.7,9.1,17.9,0.0,23.86,0.0
2016,125,23.6,11.8,17.8,0.4,20.04,0.0
2016,126,15.8,9.8,13.2,13.2,21.25,0.0
2016,127,14.7,7.9,11.1,13.0,17.47,0.0
2016,128,15.7,7.2,11.8,7.5,18.76,0.0
2016,129,17.1,9.5,13.4,1.1,21.24,0.0
2016,130,21.7,8.6,15.8,0.0,28.49,0.0
2016,131,23.0,9.6,17.0,0.0,26.39,0.0
2016,132,26.3,11.7,19.7,0.2,29.13,0.0
2016,133,29.3,12.5,21.3,0.0,30.5,0.0
2016,134,27.9,13.2,21.3,0.3,29.68,0.0
2016,135,22.6,14.1,18.2,0.0,29.38,0.0
2016,136,21.1,11.7,16.2,0.0,28.4,0.0
2016,137,21.5,10.9,17.1,0.3,28.17,0.0
2016,138,23.2,10.9,17.5,9.6,27.09,0.0
2016,139,26.6,11.3,19.7,0.1,29.03,0.0
2016,140,26.8,12.9,20.7,0.0,30.69,0.0
2016,141,17.6,10.1,14.5,0.0,29.66,0.0
2016,142,16.6,7.6,12.1,0.0,29.46,0.0
2016,143,19.0,8.4,13.6,0.0,30.26,0.0
2016,144,18.8,8.9,14.7,0.7,29.31,0.0
2016,145,18.1,10.7,14.5,2.4,27.35,0.0
2016,146,17.8,10.5,14.2,9.9,23.43,0.0
2016,147,21.0,8.9,15.6,0.6,26.72,0.0
2016,148,24.8,10.2,18.2,0.6,28.11,0.0
2016,149,25.5,11.8,19.2,4.7,25.97,0.0
2016,150,25.2,11.2,19.0,4.5,27.95,0.0
2016,151,28.2,11.9,20.8,0.2,29.45,0.0
2016,152,30.8,13.6,23.1,0.0,29.8,0.0
2016,153,32.2,15.0,24.6,0.3,29.73,0.0
2016,154,31.9,15.5,24.6,0.0,30.87,0.0
2016,155,32.9,15.3,25.1,0.0,31.9,0.0
2016,156,33.9,16.5,26.5,0.0,31.23,0.0
2016,157,31.8,16.8,25.0,0.0,31.75,0.0
2016,158,32.1,15.8,24.7,0.0,31.75,0.0
2016,159,32.0,16.5,25.1,0.0,30.83,0.0
2016,160,31.2,18.0,25.1,0.0,29.95,0.0
2016,161,30.2,20.5,24.9,0.0,29.77,0.0
2016,162,28.0,19.4,23.2,0.0,25.53,0.0
2016,163,25.5,15.5,21.1,3.7,20.86,0.0
2016,164,23.3,13.2,19.1,7.4,22.02,0.0
2016,165,26.2,12.3,20.3,0.0,28.92,0.0
2016,166,25.4,14.5,20.3,0.0,31.93,0.0
2016,167,22.7,13.8,18.0,0.0,31.63,0.0
2016,168,22.9,10.4,17.0,0.0,32.0,0.0
2016,169,26.7,12.1,20.2,0.0,31.51,0.0
2016,170,29.0,16.7,22.8,0.0,31.42,0.0
2016,171,33.3,13.4,24.7,0.0,31.5,0.0
2016,172,35.2,19.3,27.6,0.0,30.94,0.0
2016,173,34.4,17.4,27.1,0.0,30.92,0.0
2016,174,33.5,18.7,26.8,0.0,31.05,0.0
2016,175,32.5,17.2,25.7,0.0,32.15,0.0
2016,176,30.8,17.7,24.7,0.0,32.21,0.0
2016,177,32.7,15.1,25.2,0.0,31.95,0.0
2016,178,35.0,16.9,27.0,0.0,31.95,0.0
2016,179,36.4,18.3,28.4,0.0,29.44,0.0
2016,180,34.3,19.9,28.1,0.7,27.88,0.0
2016,181,34.4,20.3,28.1,0.6,26.9,0.0
2016,182,34.8,19.7,28.2,0.0,29.13,0.0
2016,183,33.9,19.2,27.7,0.0,28.54,0.0
2016,184,33.2,19.0,27.1,0.0,29.51,0.0
2016,185,33.2,17.8,26.4,0.0,31.85,0.0
2016,186,32.5,17.4,25.7,0.0,31.75,0.0
2016,187,31.9,17.6,25.3,0.0,31.86,0.0
2016,188,31.0,16.1,24.3,0.0,31.82,0.0
2016,189,30.7,16.5,24.4,0.0,31.41,0.0
2016,190,31.1,19.7,25.5,0.0,31.27,0.0
2016,191,30.9,19.0,24.9,0.0,29.49,0.0
2016,192,28.5,19.0,23.3,0.0,31.69,0.0
2016,193,29.5,13.9,22.7,0.0,31.87,0.0
2016,194,31.3,15.0,24.4,0.0,31.89,0.0
2016,195,33.2,16.1,25.8,0.0,31.53,0.0
2016,196,35.0,17.9,27.3,0.0,31.37,0.0
2016,197,35.2,19.4,27.8,0.0,31.24,0.0
2016,198,33.5,19.6,27.1,0.0,30.95,0.0
2016,199,33.1,18.3,26.6,0.0,31.23,0.0
2016,200,32.3,19.9,25.9,0.0,31.55,0.0
2016,201,33.0,19.8,26.2,0.0,31.37,0.0
2016,202,34.1,19.2,26.8,0.0,31.21,0.0
2016,203,34.7,18.4,27.2,0.0,30.72,0.0
2016,204,34.2,18.4,27.1,0.0,30.57,0.0
2016,205,35.1,18.4,27.8,0.0,30.64,0.0
2016,206,36.6,19.5,28.9,0.0,30.82,0.0
2016,207,36.3,20.2,29.0,0.0,30.66,0.0
2016,208,37.2,19.8,29.4,0.0,30.25,0.0
2016,209,37.5,21.1,30.4,0.0,26.66,0.0
2016,210,37.0,22.0,30.4,0.0,26.77,0.0
2016,211,38.0,22.7,31.1,0.0,27.47,0.0
2016,212,37.5,23.0,31.0,0.0,27.99,0.0
2016,213,34.9,22.3,29.0,0.0,28.39,0.0
2016,214,34.4,21.5,28.2,0.0,27.4,0.0
2016,215,34.4,20.7,28.1,0.0,27.5,0.0
2016,216,34.2,20.4,27.9,0.0,27.54,0.0
2016,217,33.1,19.5,27.1,0.2,26.6,0.0
2016,218,32.3,21.5,26.5,0.0,29.52,0.0
2016,219,32.3,17.0,25.6,0.0,30.0,0.0
2016,220,31.6,19.4,25.3,0.0,30.14,0.0
2016,221,32.2,15.6,24.8,0.0,30.06,0.0
2016,222,32.0,17.5,25.2,0.0,29.58,0.0
2016,223,31.9,17.2,25.3,0.0,29.65,0.0
2016,224,32.8,15.2,25.1,0.0,29.51,0.0
2016,225,34.4,17.3,26.6,0.0,28.92,0.0
2016,226,35.6,18.5,27.8,0.0,28.74,0.0
2016,227,36.0,20.3,29.0,0.0,28.16,0.0
2016,228,35.1,20.2,28.1,0.0,28.95,0.0
2016,229,34.6,19.5,27.6,0.0,28.93,0.0
2016,230,34.8,19.3,27.4,0.0,28.71,0.0
2016,231,35.4,20.1,28.0,0.0,28.26,0.0
2016,232,33.9,18.3,27.1,0.0,25.66,0.0
2016,233,32.9,19.4,26.5,0.6,25.49,0.0
2016,234,32.1,18.5,25.9,0.5,24.6,0.0
2016,235,30.9,18.7,25.4,0.6,22.15,0.0
2016,236,31.7,18.0,25.2,0.6,24.4,0.0
2016,237,31.7,17.8,25.3,0.0,23.78,0.0
2016,238,31.8,16.9,24.7,0.0,26.85,0.0
2016,239,30.5,17.4,24.3,0.0,26.3,0.0
2016,240,29.1,16.7,23.4,0.0,23.74,0.0
2016,241,32.0,16.7,24.9,0.0,25.35,0.0
2016,242,33.6,17.4,26.2,0.0,25.16,0.0
2016,243,33.6,18.0,26.4,0.0,25.9,0.0
2016,244,32.9,18.4,26.0,0.0,25.46,0.0
2016,245,31.7,20.0,25.4,0.0,26.34,0.0
2016,246,31.2,17.1,24.1,0.0,26.55,0.0
2016,247,28.8,17.5,22.8,0.0,25.18,0.0
2016,248,24.9,15.8,20.0,0.0,25.98,0.0
2016,249,25.6,12.8,19.7,0.0,25.1,0.0
2016,250,30.1,13.3,22.2,0.0,25.56,0.0
2016,251,32.1,15.0,23.9,0.0,25.54,0.0
2016,252,31.5,16.4,24.3,0.0,25.19,0.0
2016,253,32.2,16.4,24.9,0.0,24.73,0.0
2016,254,32.1,17.4,25.2,0.2,22.6,0.0
2016,255,30.5,17.6,24.2,0.1,23.6,0.0
2016,256,28.4,17.0,22.2,0.0,24.17,0.0
2016,257,20.3,12.5,16.3,0.0,24.32,0.0
2016,258,24.2,9.4,17.1,0.0,24.51,0.0
2016,259,26.8,11.2,19.4,0.0,24.15,0.0
2016,260,29.1,12.7,21.2,0.0,23.72,0.0
2016,261,31.5,14.0,22.9,0.0,23.94,0.0
2016,262,33.6,15.8,24.8,0.0,23.64,0.0
2016,263,35.1,18.4,26.8,0.0,22.85,0.0
2016,264,30.0,17.4,24.0,0.8,21.45,0.0
2016,265,28.4,18.3,23.3,0.0,20.77,0.0
2016,266,18.8,11.1,15.6,0.0,23.33,0.0
2016,267,21.6,8.5,15.3,0.0,22.61,0.0
2016,268,27.4,10.3,19.3,0.0,22.53,0.0
2016,269,31.5,13.5,22.5,0.0,22.33,0.0
2016,270,32.4,15.4,23.8,0.0,22.09,0.0
2016,271,32.1,15.4,23.9,0.0,21.94,0.0
2016,272,31.4,16.0,23.9,0.0,18.68,0.0
2016,273,30.1,16.7,23.4,0.0,18.8,0.0
2016,274,28.8,16.1,22.6,0.0,20.43,0.0
2016,275,24.6,15.6,19.8,0.0,21.17,0.0
2016,276,20.1,10.8,16.1,0.0,21.37,0.0
2016,277,18.5,9.3,13.1,0.0,16.85,0.0
2016,278,20.3,9.0,14.2,0.0,20.57,0.0
2016,279,19.6,8.6,14.0,0.0,20.83,0.0
2016,280,23.3,7.6,15.5,0.0,20.26,0.0
2016,281,26.2,9.8,18.0,0.0,18.95,0.0
2016,282,28.4,12.6,20.0,0.0,19.37,0.0
2016,283,29.6,12.6,21.0,0.0,19.75,0.0
2016,284,28.2,13.5,21.0,0.0,18.6,0.0
2016,285,25.3,14.8,19.8,0.0,19.24,0.0
2016,286,23.4,11.0,17.5,0.0,18.8,0.0
2016,287,24.9,10.5,18.1,0.0,16.84,0.0
2016,288,25.0,15.9,20.3,0.0,18.27,0.0
2016,289,23.3,15.7,18.8,0.1,16.73,0.0
2016,290,21.9,14.5,17.5,1.9,14.49,0.0
2016,291,18.7,11.6,14.7,1.9,13.56,0.0
2016,292,17.4,9.8,13.3,0.0,16.15,0.0
2016,293,22.2,7.8,14.8,0.0,17.61,0.0
2016,294,25.8,10.0,17.7,0.0,17.6,0.0
2016,295,27.4,11.4,18.9,0.0,17.58,0.0
2016,296,26.9,13.1,19.2,0.0,16.31,0.0
2016,297,27.0,12.9,19.7,0.0,14.66,0.0
2016,298,23.5,14.5,18.7,0.0,13.62,0.0
2016,299,23.5,11.2,17.2,0.0,16.26,0.0
2016,300,25.2,11.2,17.9,0.0,15.62,0.0
2016,301,25.9,12.5,18.8,0.4,11.96,0.0
2016,302,18.3,13.9,16.0,14.2,5.99,0.0
2016,303,23.1,10.2,16.6,0.0,15.34,0.0
2016,304,19.2,11.3,15.1,11.9,3.74,0.0
2016,305,14.9,8.8,11.9,0.1,11.26,0.0
2016,306,14.3,8.0,11.4,0.1,12.01,0.0
2016,307,19.0,4.9,12.0,0.0,15.26,0.0
2016,308,21.8,6.9,13.8,0.0,15.38,0.0
2016,309,23.2,8.9,15.4,0.0,14.91,0.0
2016,310,23.0,8.9,15.5,0.0,15.02,0.0
2016,311,19.6,11.1,15.0,0.0,10.68,0.0
2016,312,21.9,9.1,15.0,0.0,13.87,0.0
2016,313,25.3,10.5,17.0,0.0,14.2,0.0
2016,314,25.5,11.3,17.4,0.0,14.12,0.0
2016,315,25.7,11.1,17.4,0.0,14.1,0.0
2016,316,25.2,10.8,17.2,0.0,14.0,0.0
2016,317,22.8,11.3,16.7,0.0,10.47,0.0
2016,318,23.2,8.8,15.4,0.0,13.92,0.0
2016,319,24.1,9.0,15.9,0.0,13.8,0.0
2016,320,23.1,10.4,16.0,0.0,13.75,0.0
2016,321,14.8,6.5,10.9,0.1,8.92,0.0
2016,322,12.9,4.3,8.1,0.0,12.27,0.0
2016,323,18.9,4.2,10.9,0.0,13.1,0.0
2016,324,21.2,6.1,13.1,0.0,13.04,0.0
2016,325,19.2,7.8,12.8,0.3,11.21,0.0
2016,326,11.6,7.1,9.2,7.4,7.93,0.0
2016,327,14.2,3.5,8.8,0.6,10.47,0.0
2016,328,12.5,4.5,8.6,0.0,10.46,0.0
2016,329,16.2,2.3,8.3,0.0,12.94,0.0
2016,330,18.8,3.6,10.1,0.0,13.07,0.0
2016,331,15.2,2.9,7.5,10.5,11.42,0.0
2016,332,6.6,-0.8,4.2,21.3,8.14,0.0
2016,333,7.5,-0.0,4.4,3.2,6.21,0.0
2016,334,9.7,0.5,4.4,0.2,9.3,0.0
2016,335,10.2,0.8,5.5,0.0,11.06,0.0
2016,336,8.4,2.3,5.6,1.2,8.29,0.0
2016,337,9.0,-1.2,3.5,1.9,10.35,0.0
2016,338,13.0,-0.2,5.4,0.0,11.86,0.0
2016,339,15.1,2.3,8.3,0.0,11.61,0.0
2016,340,11.3,3.8,7.5,0.0,10.51,0.0
2016,341,9.2,1.4,4.8,0.0,10.66,0.0
2016,342,9.1,-0.3,4.4,0.2,9.29,0.0
2016,343,11.1,4.9,8.5,3.7,1.91,0.0
2016,344,14.3,7.1,10.0,0.0,8.42,0.0
2016,345,15.2,6.7,10.7,2.5,7.3,0.0
2016,346,14.2,7.9,11.4,0.9,8.58,0.0
2016,347,13.7,7.4,9.8,0.0,8.72,0.0
2016,348,15.4,6.0,9.8,0.0,9.12,0.0
2016,349,18.5,5.2,10.7,0.0,10.99,0.0
2016,350,14.7,8.7,11.0,36.0,2.26,0.0
2016,351,10.7,0.3,6.6,62.3,5.18,0.0
2016,352,6.3,-1.5,2.1,0.0,10.67,0.0
2016,353,7.7,-5.0,1.5,0.0,11.42,0.0
2016,354,12.0,-3.5,3.1,0.0,11.53,0.0
2016,355,14.7,1.3,6.4,0.0,11.61,0.0
2016,356,14.3,2.0,7.3,0.0,7.33,0.0
2016,357,12.8,2.9,7.4,0.0,11.37,0.0
2016,358,11.7,2.2,6.2,21.1,5.11,0.0
2016,359,5.2,-0.3,2.0,13.3,10.05,0.0
2016,360,3.8,-4.2,-0.2,0.1,7.01,0.0
2016,361,8.7,-3.1,2.2,0.0,11.19,0.0
2016,362,11.9,-1.3,3.9,0.0,11.61,0.0
2016,363,13.9,-0.8,5.3,0.0,11.7,0.0
2016,364,17.7,1.9,7.9,0.0,11.74,0.0
2016,365,12.1,6.1,8.1,8.9,3.4,0.0
2016,366,9.2,2.0,5.2,8.5,5.17,0.0
2017,1,7.6,3.4,5.1,0.5,6.34,0.0
2017,2,7.9,3.3,5.9,1.3,4.25,0.0
2017,3,12.0,5.2,8.9,5.1,4.6,0.0
2017,4,10.6,8.7,9.7,41.6,0.74,0.0
2017,5,10.4,7.4,9.4,26.4,1.84,0.0
2017,6,12.9,3.5,8.1,0.5,11.07,0.0
2017,7,13.0,8.9,11.5,56.4,0.74,0.0
2017,8,19.8,12.9,15.9,11.7,4.63,0.0
2017,9,12.6,8.8,10.4,41.9,4.39,0.0
2017,10,11.5,8.7,10.1,15.3,2.91,0.0
2017,11,10.0,6.4,8.8,42.5,5.64,0.0
2017,12,8.4,5.4,7.2,26.9,2.71,0.0
2017,13,9.6,4.8,6.5,7.0,9.06,0.0
2017,14,11.3,3.2,7.2,0.0,12.12,0.0
2017,15,11.0,4.6,7.6,0.0,11.73,0.0
2017,16,12.2,5.2,8.0,0.0,11.98,0.0
2017,17,15.5,6.1,11.2,0.0,12.85,0.0
2017,18,15.1,7.1,9.7,14.8,6.42,0.0
2017,19,9.3,5.0,7.1,31.9,6.99,0.0
2017,20,7.1,3.4,5.5,43.8,1.65,0.0
2017,21,8.7,2.2,5.2,15.4,8.46,0.0
2017,22,9.4,5.3,7.4,43.6,1.81,0.0
2017,23,5.6,-1.3,3.0,35.5,6.47,0.0
2017,24,5.3,-4.3,1.6,0.0,12.43,0.0
2017,25,5.6,-3.1,1.9,0.0,9.57,0.0
2017,26,6.1,-2.7,2.8,0.0,11.36,0.0
2017,27,8.7,2.1,5.6,0.0,14.28,0.0
2017,28,15.2,4.6,9.9,0.0,14.37,0.0
2017,29,17.2,8.6,13.1,0.0,14.58,0.0
2017,30,19.1,9.0,13.3,0.0,14.13,0.0
2017,31,18.5,8.7,13.5,0.0,14.76,0.0
2017,32,18.5,9.6,14.3,0.0,13.81,0.0
2017,33,15.6,8.5,13.3,1.9,10.22,0.0
2017,34,13.4,9.1,11.3,26.7,5.34,0.0
2017,35,11.9,8.0,10.2,1.0,5.95,0.0
2017,36,14.4,6.6,10.7,1.1,8.02,0.0
2017,37,14.3,9.3,11.0,12.2,4.41,0.0
2017,38,15.2,10.0,12.4,41.4,2.47,0.0
2017,39,18.8,11.7,15.3,0.0,11.91,0.0
2017,40,22.5,14.9,18.5,0.0,7.01,0.0
2017,41,16.7,10.7,12.7,26.9,1.11,0.0
2017,42,11.7,7.1,9.4,12.5,8.34,0.0
2017,43,14.5,5.7,9.9,0.1,14.69,0.0
2017,44,17.0,8.0,12.4,0.0,15.04,0.0
2017,45,18.0,9.6,13.8,0.0,16.83,0.0
2017,46,20.6,9.9,14.8,0.0,15.89,0.0
2017,47,17.7,9.8,13.2,4.8,4.61,0.0
2017,48,12.2,8.8,10.8,26.6,1.49,0.0
2017,49,11.5,7.9,9.6,5.3,10.32,0.0
2017,50,11.2,7.8,9.4,5.5,6.51,0.0
2017,51,16.3,10.7,12.4,22.7,4.73,0.0
2017,52,14.6,8.2,11.7,7.1,7.39,0.0
2017,53,8.9,3.8,6.8,24.6,10.43,0.0
2017,54,6.5,1.5,4.0,2.1,13.0,0.0
2017,55,8.1,1.0,4.4,0.0,17.54,0.0
2017,56,9.5,1.7,5.6,0.0,16.0,0.0
2017,57,10.8,2.6,6.4,1.6,17.37,0.0
2017,58,8.6,3.4,5.8,8.8,10.56,0.0
2017,59,8.0,2.5,5.4,0.1,11.01,0.0
2017,60,13.9,2.1,8.0,0.0,19.82,0.0
2017,61,17.5,6.1,11.5,0.0,19.91,0.0
2017,62,18.9,6.9,13.1,0.0,20.46,0.0
2017,63,16.9,9.0,13.5,0.0,18.98,0.0
2017,64,9.1,0.4,6.1,24.6,5.89,0.0
2017,65,8.3,-4.5,3.7,0.0,19.91,0.0
2017,66,14.4,4.4,9.4,0.0,20.45,0.0
2017,67,16.6,9.7,13.0,0.0,20.48,0.0
2017,68,20.8,8.4,14.5,0.0,21.06,0.0
2017,69,19.1,10.7,15.0,0.0,16.76,0.0
2017,70,20.7,10.6,15.3,0.0,20.68,0.0
2017,71,21.2,11.5,15.8,0.0,20.58,0.0
2017,72,24.7,10.6,17.7,0.0,22.06,0.0
2017,73,25.7,14.1,19.7,0.0,22.41,0.0
2017,74,25.0,16.0,20.0,0.0,21.51,0.0
2017,75,20.2,13.5,17.1,0.0,20.91,0.0
2017,76,23.6,13.0,18.0,0.0,21.99,0.0
2017,77,23.6,16.3,19.4,0.0,20.87,0.0
2017,78,23.3,13.5,18.4,0.0,20.69,0.0
2017,79,19.4,13.2,16.4,0.0,19.14,0.0
2017,80,17.4,12.5,14.4,14.4,9.02,0.0
2017,81,12.2,6.9,10.2,12.2,11.0,0.0
2017,82,10.5,5.4,8.1,2.8,11.05,0.0
2017,83,17.6,6.0,11.7,1.7,16.1,0.0
2017,84,13.4,8.8,10.7,7.7,14.4,0.0
2017,85,13.1,7.7,10.9,3.7,9.92,0.0
2017,86,12.0,7.6,10.2,6.8,15.13,0.0
2017,87,15.1,5.5,10.4,0.2,19.93,0.0
2017,88,19.7,8.8,14.3,0.0,24.23,0.0
2017,89,15.6,4.6,10.5,12.4,11.31,0.0
2017,90,13.8,3.2,8.4,0.0,25.25,0.0
2017,91,20.3,8.6,14.5,0.0,25.19,0.0
2017,92,20.7,11.0,16.1,0.0,25.32,0.0
2017,93,18.0,11.8,14.9,0.0,20.44,0.0
2017,94,20.2,10.3,15.4,0.0,24.9,0.0
2017,95,23.4,11.5,18.2,0.0,24.08,0.0
2017,96,22.1,15.9,18.4,0.0,13.99,0.0
2017,97,16.8,11.8,13.6,37.3,2.78,0.0
2017,98,11.3,4.0,8.9,12.7,16.8,0.0
2017,99,14.1,2.2,8.3,0.0,25.16,0.0
2017,100,16.5,6.8,11.5,0.0,26.19,0.0
2017,101,17.9,8.8,13.9,0.0,18.61,0.0
2017,102,20.1,9.8,15.3,0.1,25.01,0.0
2017,103,13.5,7.4,11.1,8.0,8.98,0.0
2017,104,12.1,5.1,8.5,1.2,15.76,0.0
2017,105,20.3,7.1,14.4,0.0,27.35,0.0
2017,106,22.4,12.7,17.3,0.2,22.6,0.0
2017,107,20.3,13.3,16.4,1.9,17.96,0.0
2017,108,16.3,12.0,14.2,9.0,8.74,0.0
2017,109,17.4,10.7,13.8,4.5,19.0,0.0
2017,110,18.4,9.5,14.0,0.0,25.11,0.0
2017,111,22.0,10.7,16.3,0.0,27.85,0.0
2017,112,24.4,13.9,19.1,0.0,27.45,0.0
2017,113,19.8,12.0,15.8,0.0,19.44,0.0
2017,114,16.7,10.2,13.6,0.9,20.7,0.0
2017,115,15.8,9.6,11.9,2.2,18.28,0.0
2017,116,19.6,11.5,15.2,0.0,24.75,0.0
2017,117,18.5,12.2,14.7,2.1,18.92,0.0
2017,118,17.3,9.7,13.4,0.2,27.72,0.0
2017,119,20.3,10.4,15.7,0.0,29.13,0.0
2017,120,23.3,12.9,18.0,0.0,29.01,0.0
2017,121,25.1,15.0,20.1,0.0,28.76,0.0
2017,122,27.0,16.6,22.0,0.0,28.61,0.0
2017,123,30.1,17.9,24.2,0.0,27.75,0.0
2017,124,30.9,20.7,26.0,0.0,24.59,0.0
2017,125,25.6,19.3,22.3,0.0,23.54,0.0
2017,126,19.0,9.1,13.2,3.5,20.18,0.0
2017,127,14.1,6.0,10.2,11.5,21.39,0.0
2017,128,19.8,8.9,15.5,2.5,26.23,0.0
2017,129,23.9,13.1,18.9,0.0,27.41,0.0
2017,130,22.2,14.7,18.4,0.1,28.61,0.0
2017,131,23.5,12.9,18.2,0.0,28.27,0.0
2017,132,18.4,11.2,14.4,0.9,14.57,0.0
2017,133,16.4,7.9,11.9,0.0,26.03,0.0
2017,134,17.6,7.8,13.2,0.0,27.96,0.0
2017,135,13.2,7.5,10.8,5.5,18.17,0.0
2017,136,18.1,9.2,13.4,0.0,21.17,0.0
2017,137,15.2,10.5,11.9,4.3,11.72,0.0
2017,138,20.6,8.5,15.3,0.0,30.44,0.0
2017,139,24.6,13.6,19.5,0.0,30.45,0.0
2017,140,27.8,16.6,22.1,0.0,30.48,0.0
2017,141,29.1,18.4,23.6,0.0,29.59,0.0
2017,142,31.5,18.6,25.4,0.0,29.49,0.0
2017,143,33.0,20.7,27.2,0.0,29.61,0.0
2017,144,29.9,20.3,25.2,0.0,28.47,0.0
2017,145,24.0,13.9,20.0,0.0,30.37,0.0
2017,146,21.2,11.4,15.6,0.0,28.84,0.0
2017,147,24.4,12.5,18.6,0.0,29.69,0.0
2017,148,28.9,16.7,22.6,0.0,30.02,0.0
2017,149,30.2,19.4,24.3,0.0,29.4,0.0
2017,150,28.8,20.4,23.9,0.0,28.16,0.0
2017,151,22.8,16.4,18.4,0.3,14.43,0.0
2017,152,24.2,13.4,18.7,0.2,23.36,0.0
2017,153,29.9,16.9,23.4,0.0,29.58,0.0
2017,154,32.4,19.9,26.1,0.0,30.15,0.0
2017,155,30.9,21.1,26.0,0.0,30.77,0.0
2017,156,30.2,19.5,24.8,0.0,31.41,0.0
2017,157,31.8,18.9,25.7,0.0,31.97,0.0
2017,158,30.6,20.8,25.6,0.0,31.58,0.0
2017,159,26.4,17.7,21.8,0.0,27.56,0.0
2017,160,25.4,17.3,20.6,0.6,27.9,0.0
2017,161,21.6,13.6,16.8,0.0,26.5,0.0
2017,162,17.3,11.0,14.3,1.6,20.16,0.0
2017,163,19.6,7.4,13.5,0.1,28.92,0.0
2017,164,23.8,11.1,17.6,0.0,31.62,0.0
2017,165,29.0,16.4,22.8,0.0,31.37,0.0
2017,166,30.5,18.4,24.8,0.0,31.48,0.0
2017,167,33.0,19.8,26.4,0.0,30.24,0.0
2017,168,34.5,23.0,28.3,0.0,28.72,0.0
2017,169,36.4,23.8,30.3,0.0,27.28,0.0
2017,170,38.6,26.4,32.3,0.0,29.12,0.0
2017,171,38.1,26.5,32.4,0.0,30.8,0.0
2017,172,37.1,26.6,31.9,0.0,30.86,0.0
2017,173,38.2,25.7,32.2,0.0,30.9,0.0
2017,174,38.2,25.7,32.1,0.0,30.4,0.0
2017,175,36.0,26.6,31.1,0.0,25.06,0.0
2017,176,36.1,25.9,30.9,0.0,30.25,0.0
2017,177,33.8,23.1,29.0,0.0,31.63,0.0
2017,178,32.7,24.0,27.9,0.0,31.71,0.0
2017,179,31.3,23.0,26.3,0.0,31.62,0.0
2017,180,32.1,21.9,26.7,0.0,31.48,0.0
2017,181,34.3,21.2,27.6,0.0,30.88,0.0
2017,182,33.0,22.7,27.8,0.0,31.24,0.0
2017,183,33.3,21.8,27.6,0.0,31.22,0.0
2017,184,34.1,22.2,28.1,0.0,31.16,0.0
2017,185,35.8,22.2,30.1,0.0,31.31,0.0
2017,186,36.9,24.6,30.9,0.0,29.68,0.0
2017,187,36.8,25.0,31.0,0.0,29.8,0.0
2017,188,38.6,25.9,31.7,0.0,27.4,0.0
2017,189,39.2,27.2,32.9,0.0,28.27,0.0
2017,190,37.7,27.8,32.6,0.0,26.62,0.0
2017,191,36.8,26.0,31.3,0.0,27.45,0.0
2017,192,34.9,25.7,29.8,0.0,27.64,0.0
2017,193,34.8,23.8,29.0,0.0,28.48,0.0
2017,194,34.7,23.7,29.3,0.0,29.42,0.0
2017,195,35.4,24.0,29.9,0.0,29.55,0.0
2017,196,36.2,24.9,30.5,0.0,29.33,0.0
2017,197,34.8,26.6,30.8,0.0,24.36,0.0
2017,198,37.5,26.5,31.5,0.0,29.22,0.0
2017,199,35.6,25.3,30.3,0.0,29.73,0.0
2017,200,34.1,24.8,29.3,0.0,29.7,0.0
2017,201,32.1,23.5,27.6,0.0,29.1,0.0
2017,202,32.0,21.5,27.0,0.0,29.13,0.0
2017,203,35.0,22.2,29.1,0.0,29.21,0.0
2017,204,37.0,24.2,31.4,0.0,28.63,0.0
2017,205,33.3,25.1,29.3,0.0,23.54,0.0
2017,206,33.1,23.2,28.2,0.0,27.86,0.0
2017,207,33.9,22.9,28.6,0.0,26.07,0.0
2017,208,34.4,23.5,29.1,0.0,28.54,0.0
2017,209,35.4,24.7,30.0,0.0,28.98,0.0
2017,210,35.8,24.6,30.0,0.0,29.08,0.0
2017,211,35.7,24.5,30.3,0.0,29.01,0.0
2017,212,36.2,25.0,30.4,0.0,26.39,0.0
2017,213,37.4,25.7,31.5,0.0,24.48,0.0
2017,214,36.4,27.3,32.1,0.0,19.85,0.0
2017,215,34.1,27.0,29.8,0.3,15.84,0.0
2017,216,33.3,24.3,28.3,0.7,18.12,0.0
2017,217,33.1,25.2,28.5,0.5,24.35,0.0
2017,218,32.9,24.6,28.2,0.0,25.82,0.0
2017,219,33.1,22.3,27.7,0.0,28.09,0.0
2017,220,32.5,22.9,27.7,0.0,27.73,0.0
2017,221,32.9,23.9,28.0,0.0,27.84,0.0
2017,222,33.2,23.0,27.9,0.0,27.95,0.0
2017,223,34.2,22.7,28.5,0.0,27.98,0.0
2017,224,34.1,24.1,28.7,0.0,28.05,0.0
2017,225,32.9,22.7,27.8,0.0,27.76,0.0
2017,226,30.2,22.2,26.3,0.0,27.1,0.0
2017,227,27.1,18.3,22.5,0.0,25.77,0.0
2017,228,29.1,19.5,23.5,0.0,24.71,0.0
2017,229,32.4,21.3,26.5,0.0,23.87,0.0
2017,230,33.9,22.6,28.2,0.0,23.35,0.0
2017,231,33.3,23.4,28.7,0.0,23.75,0.0
2017,232,32.6,23.4,27.4,0.0,22.94,0.0
2017,233,32.0,21.9,26.8,0.0,22.86,0.0
2017,234,32.2,21.7,27.2,0.0,24.06,0.0
2017,235,33.5,22.3,27.7,0.0,24.68,0.0
2017,236,32.6,23.1,27.5,0.0,23.05,0.0
2017,237,35.3,23.3,29.4,0.0,23.51,0.0
2017,238,37.4,25.0,31.3,0.0,23.63,0.0
2017,239,37.2,26.7,32.2,0.0,23.2,0.0
2017,240,38.6,27.1,33.6,0.0,20.84,0.0
2017,241,38.2,28.1,33.5,0.0,22.21,0.0
2017,242,37.3,27.7,32.3,0.1,21.22,0.0
2017,243,36.6,26.8,31.8,0.0,22.86,0.0
2017,244,37.6,27.2,32.3,0.0,21.37,0.0
2017,245,38.9,27.7,33.2,0.7,21.65,0.0
2017,246,37.3,27.2,31.7,0.1,19.22,0.0
2017,247,33.3,25.1,28.8,0.6,16.87,0.0
2017,248,32.1,23.7,27.5,0.0,20.6,0.0
2017,249,33.0,22.9,27.2,1.1,20.42,0.0
2017,250,30.6,22.0,25.8,0.0,23.06,0.0
2017,251,31.1,20.6,25.3,0.0,22.48,0.0
2017,252,29.0,20.4,24.9,1.2,20.7,0.0
2017,253,31.9,22.0,27.2,0.0,20.14,0.0
2017,254,33.1,23.5,27.3,1.1,17.22,0.0
2017,255,33.0,21.5,26.5,0.0,20.26,0.0
2017,256,27.7,19.8,23.4,0.0,21.65,0.0
2017,257,22.4,17.2,19.0,0.9,9.99,0.0
2017,258,24.4,16.1,19.9,0.6,20.56,0.0
2017,259,26.8,17.0,21.7,0.0,22.12,0.0
2017,260,26.9,18.6,22.6,0.0,22.22,0.0
2017,261,27.3,18.3,22.7,0.0,22.31,0.0
2017,262,23.0,16.4,19.6,0.0,21.33,0.0
2017,263,24.2,16.1,19.8,0.0,21.81,0.0
2017,264,19.0,12.6,14.7,8.2,13.74,0.0
2017,265,17.6,9.8,13.6,0.0,21.13,0.0
2017,266,18.9,11.2,14.9,0.0,21.11,0.0
2017,267,21.5,13.1,17.2,0.0,21.56,0.0
2017,268,23.6,14.4,19.1,0.0,20.78,0.0
2017,269,26.2,16.1,21.0,0.0,20.04,0.0
2017,270,27.8,17.9,22.5,0.0,20.93,0.0
2017,271,28.0,19.1,23.3,0.0,20.7,0.0
2017,272,27.6,18.3,23.2,0.0,20.4,0.0
2017,273,25.1,17.4,21.9,0.0,20.25,0.0
2017,274,23.5,15.8,19.7,0.0,20.05,0.0
2017,275,21.5,12.1,16.6,0.0,20.65,0.0
2017,276,20.8,12.0,16.0,0.0,20.13,0.0
2017,277,22.0,9.9,15.9,0.0,20.35,0.0
2017,278,23.3,12.3,18.2,0.0,20.28,0.0
2017,279,27.3,13.7,20.6,0.0,20.08,0.0
2017,280,28.4,15.8,22.2,0.0,19.83,0.0
2017,281,25.4,17.9,21.8,0.0,19.39,0.0
2017,282,24.1,15.1,19.5,0.0,19.12,0.0
2017,283,24.9,14.4,20.1,0.0,19.14,0.0
2017,284,24.3,14.2,19.7,0.0,18.86,0.0
2017,285,20.4,13.3,16.0,0.0,19.03,0.0
2017,286,21.0,11.8,16.0,0.0,18.88,0.0
2017,287,24.8,12.1,18.2,0.0,18.66,0.0
2017,288,27.7,14.5,21.3,0.0,18.67,0.0
2017,289,28.1,16.3,22.4,0.0,17.76,0.0
2017,290,28.0,17.4,22.8,0.0,17.09,0.0
2017,291,25.1,17.2,21.5,0.0,13.83,0.0
2017,292,22.3,16.1,19.2,0.0,17.3,0.0
2017,293,16.2,8.8,13.4,4.5,8.43,0.0
2017,294,17.1,7.6,12.6,0.0,16.48,0.0
2017,295,22.7,15.8,19.1,0.0,16.69,0.0
2017,296,29.1,15.7,22.1,0.0,16.7,0.0
2017,297,30.4,19.0,24.8,0.0,16.46,0.0
2017,298,29.2,18.9,24.1,0.0,16.29,0.0
2017,299,28.6,18.5,23.5,0.0,16.07,0.0
2017,300,28.5,18.3,23.2,0.0,15.9,0.0
2017,301,28.8,17.7,23.0,0.0,15.85,0.0
2017,302,27.7,17.2,22.3,0.0,15.31,0.0
2017,303,22.2,14.6,18.8,0.0,14.08,0.0
2017,304,18.0,11.8,14.9,0.0,14.79,0.0
2017,305,18.8,12.5,15.5,0.0,14.79,0.0
2017,306,14.5,11.0,12.5,4.3,8.51,0.0
2017,307,15.6,10.8,12.9,3.1,8.22,0.0
2017,308,16.9,10.3,13.4,1.0,11.44,0.0
2017,309,15.5,10.7,12.7,1.9,11.88,0.0
2017,310,15.2,8.9,12.3,0.0,13.0,0.0
2017,311,18.3,8.1,13.5,0.0,14.91,0.0
2017,312,20.5,10.9,16.1,0.0,13.75,0.0
2017,313,18.1,11.8,14.6,0.0,10.63,0.0
2017,314,15.7,10.5,13.9,0.0,8.09,0.0
2017,315,16.8,8.3,13.1,0.0,13.82,0.0
2017,316,18.3,11.4,14.5,0.0,9.69,0.0
2017,317,17.7,9.7,15.0,0.0,13.26,0.0
2017,318,17.0,9.2,14.5,0.0,12.78,0.0
2017,319,21.7,11.5,17.5,0.0,12.28,0.0
2017,320,20.5,13.4,16.5,8.0,6.39,0.0
2017,321,13.8,9.0,12.4,21.4,3.47,0.0
2017,322,17.6,7.5,13.0,0.0,13.24,0.0
2017,323,18.9,9.7,13.6,0.0,12.68,0.0
2017,324,19.4,10.0,14.7,0.0,11.54,0.0
2017,325,24.0,13.8,19.2,0.0,10.91,0.0
2017,326,27.0,16.1,21.6,0.0,12.25,0.0
2017,327,25.4,16.0,21.1,0.0,12.02,0.0
2017,328,21.4,14.3,18.6,0.0,11.13,0.0
2017,329,26.9,14.7,20.8,0.0,12.0,0.0
2017,330,25.8,16.3,21.0,0.0,11.56,0.0
2017,331,15.9,7.6,10.4,34.5,6.76,0.0
2017,332,15.5,7.8,11.9,0.0,11.92,0.0
2017,333,16.0,8.3,12.7,0.0,11.84,0.0
2017,334,17.7,8.8,13.3,0.0,11.86,0.0
2017,335,17.4,10.0,14.0,0.0,11.6,0.0
2017,336,19.7,9.3,14.8,0.0,11.08,0.0
2017,337,17.3,8.1,12.6,0.2,9.19,0.0
2017,338,11.4,4.0,8.2,0.0,10.84,0.0
2017,339,13.2,2.5,8.5,0.0,11.86,0.0
2017,340,16.8,6.6,11.5,0.0,11.67,0.0
2017,341,18.0,8.0,13.0,0.0,11.74,0.0
2017,342,19.0,9.0,13.7,0.0,11.55,0.0
2017,343,20.3,9.3,14.1,0.0,11.45,0.0
2017,344,20.5,10.0,14.6,0.0,11.7,0.0
2017,345,19.4,10.6,14.7,0.0,11.44,0.0
2017,346,19.6,10.8,15.6,0.0,11.6,0.0
2017,347,19.0,10.0,16.4,0.0,11.57,0.0
2017,348,21.1,9.6,15.8,0.0,11.31,0.0
2017,349,22.7,11.2,16.1,0.0,11.2,0.0
2017,350,17.0,6.1,10.3,0.0,10.75,0.0
2017,351,13.7,4.9,9.1,0.0,10.31,0.0
2017,352,16.1,7.0,11.1,0.0,10.83,0.0
2017,353,16.8,8.0,12.1,0.0,10.98,0.0
2017,354,13.4,2.0,7.3,5.3,3.4,0.0
2017,355,8.0,0.5,4.6,0.0,11.03,0.0
2017,356,12.3,4.0,8.5,0.0,9.96,0.0
2017,357,14.3,8.3,11.9,0.0,10.17,0.0
2017,358,18.7,10.2,14.9,0.0,7.18,0.0
2017,359,15.3,10.0,13.7,0.0,9.56,0.0
2017,360,16.7,8.7,13.4,0.0,10.82,0.0
2017,361,16.6,9.0,12.7,0.0,11.13,0.0
2017,362,19.9,8.3,14.0,0.0,10.97,0.0
2017,363,21.6,11.2,15.7,0.0,11.34,0.0
2017,364,20.6,10.5,15.3,0.0,10.67,0.0
2017,365,20.3,11.3,15.3,0.0,10.2,0.0
2018,1,19.6,9.9,14.8,0.0,10.93,0.0
2018,2,21.5,11.9,16.3,0.0,9.5,0.0
2018,3,21.0,12.9,16.2,0.0,8.67,0.0
2018,4,18.6,13.0,15.8,0.9,4.19,0.0
2018,5,17.6,11.6,15.2,0.0,6.96,0.0
2018,6,18.2,10.4,14.5,0.6,1.86,0.0
2018,7,18.6,7.4,14.1,0.0,11.53,0.0
2018,8,16.9,12.5,14.3,12.6,1.48,0.0
2018,9,15.6,8.2,11.5,18.0,4.12,0.0
2018,10,11.9,5.8,9.4,0.5,6.74,0.0
2018,11,15.5,7.4,12.2,0.8,10.77,0.0
2018,12,15.2,10.6,13.2,0.0,11.83,0.0
2018,13,20.3,9.2,14.4,0.0,12.03,0.0
2018,14,20.8,11.6,15.9,0.0,10.78,0.0
2018,15,19.7,11.8,15.7,0.0,10.02,0.0
2018,16,17.1,11.1,14.2,0.0,10.4,0.0
2018,17,19.1,11.1,15.0,0.0,9.35,0.0
2018,18,22.3,12.6,16.5,0.0,11.87,0.0
2018,19,16.0,5.3,9.7,7.5,3.04,0.0
2018,20,5.3,3.2,4.4,2.7,5.77,0.0
2018,21,9.2,3.8,6.2,0.0,11.7,0.0
2018,22,11.5,3.6,7.7,0.0,12.81,0.0
2018,23,15.4,5.2,9.6,0.0,13.23,0.0
2018,24,18.3,8.0,12.6,0.0,12.57,0.0
2018,25,11.2,2.6,7.0,6.7,8.81,0.0
2018,26,9.9,1.9,5.7,0.0,13.36,0.0
2018,27,12.3,4.3,8.7,0.0,12.83,0.0
2018,28,20.2,7.3,13.3,0.0,13.77,0.0
2018,29,22.6,11.0,16.3,0.0,12.21,0.0
2018,30,20.9,12.3,16.1,0.0,13.49,0.0
2018,31,18.0,10.8,14.8,0.0,14.31,0.0
2018,32,19.9,9.9,15.0,0.0,12.66,0.0
2018,33,21.9,11.2,16.3,0.0,13.35,0.0
2018,34,21.9,11.4,16.5,0.0,14.5,0.0
2018,35,22.9,13.0,17.0,0.0,14.27,0.0
2018,36,20.6,10.6,15.8,0.0,14.89,0.0
2018,37,19.8,10.5,15.0,0.0,15.06,0.0
2018,38,21.9,12.3,16.8,0.0,15.2,0.0
2018,39,21.5,11.7,16.6,0.0,15.3,0.0
2018,40,20.0,11.8,16.0,0.0,15.51,0.0
2018,41,17.7,10.5,14.5,0.0,15.06,0.0
2018,42,18.0,8.7,13.1,0.0,14.96,0.0
2018,43,8.1,5.2,6.7,1.7,7.89,0.0
2018,44,12.8,3.7,8.5,0.0,15.24,0.0
2018,45,13.5,6.6,9.6,0.0,14.19,0.0
2018,46,12.9,4.2,9.0,0.0,16.88,0.0
2018,47,14.9,5.9,10.0,0.0,16.81,0.0
2018,48,19.1,7.3,13.1,0.0,17.16,0.0
2018,49,15.5,5.6,11.4,1.1,16.49,0.0
2018,50,4.8,-4.9,0.9,11.7,14.64,0.0
2018,51,5.1,-4.7,-0.1,0.0,16.57,0.0
2018,52,6.6,-5.5,1.2,0.0,17.79,0.0
2018,53,7.5,-4.6,1.9,2.2,12.56,0.0
2018,54,4.6,-3.8,0.4,8.8,12.98,0.0
2018,55,8.0,-6.5,0.7,0.0,18.8,0.0
2018,56,10.9,-4.6,3.5,0.0,18.8,0.0
2018,57,11.3,2.2,6.4,1.6,13.88,0.0
2018,58,4.6,-2.6,2.4,11.2,11.62,0.0
2018,59,8.5,-2.9,3.5,0.0,18.09,0.0
2018,60,9.8,2.6,7.2,10.6,4.74,0.0
2018,61,11.5,5.9,8.0,32.7,8.49,0.0
2018,62,6.5,1.0,4.9,39.9,6.75,0.0
2018,63,6.2,-1.8,2.5,5.7,12.82,0.0
2018,64,11.9,-1.0,4.9,0.0,20.82,0.0
2018,65,16.9,1.2,8.7,0.0,20.55,0.0
2018,66,18.1,8.6,12.3,0.0,9.54,0.0
2018,67,17.9,7.6,12.9,0.0,19.87,0.0
2018,68,18.4,10.8,14.7,0.0,19.49,0.0
2018,69,16.6,10.4,12.7,11.0,7.79,0.0
2018,70,16.4,9.1,12.8,1.8,16.15,0.0
2018,71,20.9,10.5,15.5,0.0,19.53,0.0
2018,72,19.3,11.7,15.1,10.8,9.36,0.0
2018,73,11.5,7.1,9.0,30.2,10.35,0.0
2018,74,10.8,4.3,7.4,5.7,17.07,0.0
2018,75,9.4,4.7,6.7,18.6,5.96,0.0
2018,76,8.0,2.6,5.3,8.3,13.92,0.0
2018,77,11.2,2.0,6.7,0.8,15.24,0.0
2018,78,16.2,3.7,10.6,0.0,22.33,0.0
2018,79,16.4,10.9,13.3,9.5,9.72,0.0
2018,80,15.7,11.7,13.6,43.6,2.49,0.0
2018,81,14.9,9.7,13.0,54.5,5.18,0.0
2018,82,13.4,7.7,9.8,3.5,15.65,0.0
2018,83,11.9,4.2,8.6,1.6,15.83,0.0
2018,84,9.0,4.2,6.4,7.6,14.3,0.0
2018,85,10.5,3.7,7.1,0.3,18.65,0.0
2018,86,15.6,5.7,10.7,0.0,23.75,0.0
2018,87,19.9,9.3,14.8,0.0,23.81,0.0
2018,88,22.2,11.3,16.7,0.0,23.68,0.0
2018,89,23.9,12.4,18.6,0.0,24.07,0.0
2018,90,21.6,14.2,18.1,0.0,19.98,0.0
2018,91,21.5,12.8,17.2,0.0,24.27,0.0
2018,92,19.7,13.5,16.3,0.0,22.51,0.0
2018,93,21.2,11.5,16.3,0.0,24.03,0.0
2018,94,21.7,13.5,17.6,0.0,23.33,0.0
2018,95,21.6,13.5,17.6,0.0,23.17,0.0
2018,96,17.1,12.2,15.3,0.2,7.92,0.0
2018,97,18.2,13.1,16.1,23.5,6.4,0.0
2018,98,16.3,10.5,13.0,0.4,18.28,0.0
2018,99,24.9,10.5,18.5,0.0,25.96,0.0
2018,100,27.4,17.2,22.3,0.0,24.45,0.0
2018,101,21.2,11.7,17.1,0.2,23.95,0.0
2018,102,12.5,5.8,8.7,10.0,18.99,0.0
2018,103,16.1,4.4,10.6,0.0,26.55,0.0
2018,104,22.1,9.9,16.1,0.0,26.85,0.0
2018,105,21.4,13.2,17.4,0.0,20.67,0.0
2018,106,12.0,4.7,8.0,25.8,12.05,0.0
2018,107,11.5,3.2,7.0,3.1,21.69,0.0
2018,108,17.2,4.4,11.9,0.0,22.69,0.0
2018,109,11.4,5.2,8.2,4.3,18.89,0.0
2018,110,17.6,6.3,12.5,0.0,27.25,0.0
2018,111,24.2,11.5,17.8,0.0,27.3,0.0
2018,112,25.0,13.9,19.4,0.0,27.36,0.0
2018,113,25.7,15.6,20.8,0.0,27.6,0.0
2018,114,26.2,16.4,21.3,0.0,26.2,0.0
2018,115,26.0,15.5,21.6,0.0,25.77,0.0
2018,116,25.5,17.0,20.6,0.0,27.13,0.0
2018,117,19.3,12.4,15.8,0.0,27.63,0.0
2018,118,17.5,10.7,13.7,0.0,26.17,0.0
2018,119,15.6,8.8,12.5,0.0,19.7,0.0
2018,120,13.3,7.7,10.7,1.8,11.83,0.0
2018,121,13.5,8.0,10.6,9.6,14.38,0.0
2018,122,16.6,10.0,12.8,3.0,18.59,0.0
2018,123,21.9,10.8,16.5,0.0,28.06,0.0
2018,124,26.0,13.6,19.9,0.0,28.27,0.0
2018,125,27.1,15.5,22.3,0.0,23.5,0.0
2018,126,26.4,15.9,21.0,0.0,24.76,0.0
2018,127,25.0,15.7,20.5,0.0,28.78,0.0
2018,128,27.5,16.9,22.3,0.0,27.17,0.0
2018,129,27.1,18.4,22.5,0.0,28.7,0.0
2018,130,23.5,16.5,19.4,0.0,28.3,0.0
2018,131,23.2,14.5,19.0,0.0,28.47,0.0
2018,132,20.5,12.7,16.4,0.0,25.98,0.0
2018,133,21.6,10.0,16.0,0.0,26.19,0.0
2018,134,22.3,12.5,17.5,0.0,27.36,0.0
2018,135,23.1,13.9,18.2,0.0,28.56,0.0
2018,136,19.9,10.4,15.1,0.0,27.34,0.0
2018,137,20.5,11.9,15.8,0.0,29.25,0.0
2018,138,23.7,13.1,18.2,0.0,27.73,0.0
2018,139,23.5,15.4,19.2,0.3,23.01,0.0
2018,140,23.0,15.3,18.5,0.0,27.02,0.0
2018,141,20.2,12.5,16.2,0.5,21.41,0.0
2018,142,23.4,13.9,18.7,0.0,24.56,0.0
2018,143,24.9,14.7,19.9,0.0,28.46,0.0
2018,144,23.6,13.3,18.9,0.1,29.01,0.0
2018,145,13.6,11.1,12.2,9.4,10.37,0.0
2018,146,17.8,10.4,13.6,2.4,16.78,0.0
2018,147,23.1,10.8,17.1,0.3,27.85,0.0
2018,148,27.7,16.7,22.1,0.0,29.23,0.0
2018,149,31.4,18.7,25.4,0.0,27.42,0.0
2018,150,27.3,18.1,23.3,0.0,29.5,0.0
2018,151,22.0,13.8,17.4,0.0,30.64,0.0
2018,152,25.5,11.6,18.5,0.0,30.7,0.0
2018,153,31.7,17.1,24.2,0.0,30.04,0.0
2018,154,33.7,21.2,27.2,0.0,30.38,0.0
2018,155,32.9,21.7,27.3,0.0,30.81,0.0
2018,156,29.3,19.7,24.6,0.0,30.52,0.0
2018,157,27.3,18.7,22.4,0.0,30.42,0.0
2018,158,26.0,17.0,20.7,0.0,30.52,0.0
2018,159,28.7,17.4,22.6,0.0,30.23,0.0
2018,160,26.9,16.5,21.8,0.0,30.37,0.0
2018,161,23.1,13.0,17.8,0.0,30.28,0.0
2018,162,29.5,17.4,22.8,0.0,30.56,0.0
2018,163,33.3,18.8,26.2,0.0,30.39,0.0
2018,164,34.4,22.1,28.4,0.0,30.57,0.0
2018,165,33.2,22.1,27.9,0.0,30.57,0.0
2018,166,31.6,21.1,26.3,0.0,31.0,0.0
2018,167,27.5,17.1,22.3,0.0,30.63,0.0
2018,168,22.2,13.6,17.0,0.5,24.22,0.0
2018,169,25.9,12.1,19.6,0.0,30.68,0.0
2018,170,30.7,17.4,23.8,0.0,30.5,0.0
2018,171,34.5,20.2,27.3,0.0,30.64,0.0
2018,172,33.9,22.0,28.1,0.0,30.98,0.0
2018,173,35.5,21.1,28.2,0.0,31.37,0.0
2018,174,34.7,24.2,28.9,0.0,31.18,0.0
2018,175,35.1,22.5,29.0,0.0,30.06,0.0
2018,176,33.1,22.6,27.2,0.0,30.0,0.0
2018,177,33.6,22.3,27.8,0.0,30.28,0.0
2018,178,33.6,22.7,27.9,0.0,30.53,0.0
2018,179,30.4,21.6,25.7,0.0,30.83,0.0
2018,180,30.2,19.4,24.4,0.0,30.38,0.0
2018,181,34.1,21.3,27.5,0.0,29.16,0.0
2018,182,35.4,23.3,29.4,0.0,28.77,0.0
2018,183,34.1,23.5,28.4,0.0,29.33,0.0
2018,184,32.6,22.9,27.2,0.0,30.03,0.0
2018,185,32.1,20.8,26.2,0.0,30.68,0.0
2018,186,33.2,19.6,27.0,0.0,27.77,0.0
2018,187,36.8,22.4,29.7,0.0,29.8,0.0
2018,188,37.6,25.3,31.5,0.0,28.85,0.0
2018,189,36.9,26.3,31.2,0.0,28.98,0.0
2018,190,34.7,25.1,29.9,0.0,26.38,0.0
2018,191,34.5,23.4,29.0,0.0,26.97,0.0
2018,192,34.7,23.6,29.5,0.0,18.17,0.0
2018,193,33.5,24.0,28.9,1.3,20.22,0.0
2018,194,35.3,24.1,29.4,0.0,24.48,0.0
2018,195,35.8,25.0,30.3,0.0,27.66,0.0
2018,196,35.8,25.2,30.6,0.0,27.88,0.0
2018,197,36.5,25.5,30.9,0.0,28.8,0.0
2018,198,37.3,25.4,31.3,0.0,28.75,0.0
2018,199,36.9,26.9,31.7,0.0,25.18,0.0
2018,200,37.5,25.9,32.1,0.0,25.69,0.0
2018,201,36.2,25.4,30.7,0.0,25.59,0.0
2018,202,34.3,23.8,28.8,0.0,26.94,0.0
2018,203,34.7,23.9,29.1,0.0,27.09,0.0
2018,204,36.4,24.2,30.1,0.0,27.69,0.0
2018,205,37.0,26.2,31.2,0.0,27.73,0.0
2018,206,37.5,24.9,31.3,0.0,28.17,0.0
2018,207,38.0,26.8,31.9,0.0,28.39,0.0
2018,208,37.2,25.8,31.6,0.0,28.13,0.0
2018,209,36.9,25.9,31.3,0.0,28.58,0.0
2018,210,36.6,25.6,31.0,0.0,28.32,0.0
2018,211,36.3,25.2,30.8,0.0,26.06,0.0
2018,212,37.2,26.8,31.5,0.0,25.02,0.0
2018,213,36.4,27.1,31.5,0.0,25.3,0.0
2018,214,36.4,26.1,30.7,0.0,27.1,0.0
2018,215,35.9,24.5,30.1,0.0,28.44,0.0
2018,216,35.0,24.1,29.3,0.0,28.67,0.0
2018,217,33.5,22.8,28.2,0.0,28.75,0.0
2018,218,33.1,22.3,27.3,0.0,28.92,0.0
2018,219,35.3,22.5,28.7,0.0,28.57,0.0
2018,220,36.3,22.8,30.0,0.0,28.64,0.0
2018,221,37.1,24.0,30.8,0.0,28.07,0.0
2018,222,35.5,26.9,30.8,0.0,25.87,0.0
2018,223,34.0,23.9,28.8,0.0,26.0,0.0
2018,224,35.1,23.7,29.4,0.0,26.0,0.0
2018,225,33.6,24.2,28.5,0.0,24.72,0.0
2018,226,33.9,22.7,28.4,0.0,26.37,0.0
2018,227,33.9,22.8,28.3,0.0,26.74,0.0
2018,228,34.5,23.2,28.9,0.0,25.58,0.0
2018,229,34.9,23.5,29.5,0.0,26.01,0.0
2018,230,35.4,24.9,30.1,0.0,26.07,0.0
2018,231,35.7,24.6,30.1,0.0,26.72,0.0
2018,232,35.9,25.2,30.3,0.0,26.49,0.0
2018,233,33.0,23.6,28.1,0.0,26.34,0.0
2018,234,32.3,23.1,27.4,0.0,26.33,0.0
2018,235,31.7,21.6,26.3,0.0,26.54,0.0
2018,236,30.2,19.6,25.1,0.0,26.37,0.0
2018,237,31.1,20.7,25.8,0.0,26.11,0.0
2018,238,31.4,21.7,26.2,0.0,26.12,0.0
2018,239,29.7,21.4,25.3,0.0,26.26,0.0
2018,240,29.1,18.4,23.7,0.0,25.79,0.0
2018,241,30.1,19.8,24.6,0.0,22.95,0.0
2018,242,28.4,19.8,23.7,0.0,24.46,0.0
2018,243,27.8,18.2,22.6,0.0,25.47,0.0
2018,244,29.7,18.2,23.6,0.0,24.9,0.0
2018,245,32.8,20.5,26.2,0.0,24.37,0.0
2018,246,33.5,22.3,27.6,0.0,22.85,0.0
2018,247,34.1,22.2,27.6,0.0,21.26,0.0
2018,248,33.7,23.2,28.7,0.0,18.42,0.0
2018,249,33.2,23.0,28.0,0.0,22.86,0.0
2018,250,34.6,23.4,28.8,0.0,23.65,0.0
2018,251,34.1,23.0,28.4,0.0,24.0,0.0
2018,252,33.0,21.9,27.4,0.0,24.39,0.0
2018,253,31.4,22.1,26.5,0.0,24.19,0.0
2018,254,31.1,21.4,26.1,0.0,23.98,0.0
2018,255,28.9,21.6,25.2,0.0,23.54,0.0
2018,256,27.4,17.4,22.5,0.0,23.54,0.0
2018,257,30.2,17.1,23.6,0.0,23.13,0.0
2018,258,28.3,19.5,23.3,0.0,23.12,0.0
2018,259,28.1,16.8,22.2,0.0,23.4,0.0
2018,260,28.5,17.6,22.6,0.0,23.26,0.0
2018,261,28.0,17.8,22.7,0.0,22.92,0.0
2018,262,26.3,15.7,21.5,0.0,22.73,0.0
2018,263,30.2,17.0,23.8,0.0,22.4,0.0
2018,264,31.2,19.1,25.6,0.0,22.25,0.0
2018,265,32.4,20.0,26.7,0.0,22.09,0.0
2018,266,31.3,20.8,26.2,0.0,21.65,0.0
2018,267,28.7,19.3,24.4,0.0,20.47,0.0
2018,268,31.7,19.3,25.5,0.0,21.37,0.0
2018,269,33.3,20.5,27.2,0.0,21.35,0.0
2018,270,33.4,20.6,27.4,0.0,21.16,0.0
2018,271,32.0,21.8,26.9,0.0,19.67,0.0
2018,272,25.9,17.2,21.5,0.0,19.44,0.0
2018,273,27.3,16.6,22.0,0.0,19.9,0.0
2018,274,28.9,18.6,23.5,0.0,19.9,0.0
2018,275,27.5,19.6,23.3,0.4,13.44,0.0
2018,276,22.1,16.0,18.7,4.4,12.78,0.0
2018,277,19.0,13.6,16.4,3.2,12.88,0.0
2018,278,20.5,11.8,16.2,0.0,15.75,0.0
2018,279,18.0,13.1,15.6,4.9,12.32,0.0
2018,280,19.9,12.3,16.2,0.0,16.42,0.0
2018,281,21.4,13.0,17.3,0.0,18.69,0.0
2018,282,22.5,14.4,18.0,0.0,18.76,0.0
2018,283,21.2,13.0,16.8,0.1,18.63,0.0
2018,284,19.0,11.9,15.1,0.0,16.51,0.0
2018,285,23.2,12.7,18.0,0.0,17.4,0.0
2018,286,23.2,14.5,19.0,0.0,17.8,0.0
2018,287,23.7,13.9,18.8,0.0,18.03,0.0
2018,288,22.6,13.2,17.8,0.0,18.27,0.0
2018,289,22.8,12.7,17.8,0.0,17.87,0.0
2018,290,24.0,13.3,18.7,0.0,17.84,0.0
2018,291,24.0,13.8,19.1,0.0,17.67,0.0
2018,292,25.1,13.9,20.0,0.0,17.48,0.0
2018,293,25.6,15.1,20.3,0.0,17.22,0.0
2018,294,25.0,15.4,20.4,0.0,16.23,0.0
2018,295,24.2,14.7,19.4,0.0,16.59,0.0
2018,296,23.6,14.0,19.1,0.0,16.58,0.0
2018,297,23.5,13.5,18.3,0.0,16.33,0.0
2018,298,23.5,14.9,19.2,0.0,16.11,0.0
2018,299,26.7,15.6,21.0,0.0,15.88,0.0
2018,300,27.4,17.6,22.0,0.0,15.69,0.0
2018,301,25.8,15.6,20.7,0.0,15.85,0.0
2018,302,20.4,12.4,17.1,0.0,14.89,0.0
2018,303,17.5,12.5,14.5,0.0,15.55,0.0
2018,304,20.6,10.6,15.7,0.0,15.1,0.0
2018,305,23.1,12.6,17.9,0.0,14.39,0.0
2018,306,24.2,14.5,18.9,0.0,14.98,0.0
2018,307,23.4,14.8,18.6,0.0,14.68,0.0
2018,308,24.2,16.0,19.5,0.0,13.69,0.0
2018,309,21.4,15.0,18.2,0.0,14.27,0.0
2018,310,21.6,12.9,17.2,0.0,14.34,0.0
2018,311,20.8,11.0,16.6,0.0,14.22,0.0
2018,312,19.9,10.1,16.0,0.0,14.32,0.0
2018,313,20.2,8.5,14.7,0.0,14.48,0.0
2018,314,19.2,8.7,13.8,0.0,14.43,0.0
2018,315,19.1,8.4,13.9,0.0,14.38,0.0
2018,316,19.6,8.3,14.1,0.0,14.22,0.0
2018,317,19.7,8.9,14.1,0.0,12.56,0.0
2018,318,19.8,9.7,14.8,0.0,13.7,0.0
2018,319,21.6,10.7,16.2,0.0,12.74,0.0
2018,320,21.0,10.9,15.8,0.0,11.6,0.0
2018,321,20.0,10.3,14.7,0.0,12.72,0.0
2018,322,21.0,10.7,15.0,0.0,13.21,0.0
2018,323,20.1,10.5,15.1,0.0,11.28,0.0
2018,324,19.7,9.9,14.7,0.0,12.84,0.0
2018,325,18.5,9.8,14.6,0.0,10.89,0.0
2018,326,13.0,9.0,11.0,10.7,7.96,0.0
2018,327,12.7,10.5,11.6,0.2,4.44,0.0
2018,328,14.9,10.6,12.4,2.3,7.92,0.0
2018,329,17.2,11.1,13.5,0.5,10.59,0.0
2018,330,18.3,10.3,13.9,0.0,11.92,0.0
2018,331,20.3,11.6,15.5,0.0,11.42,0.0
2018,332,15.8,10.9,13.0,16.2,1.87,0.0
2018,333,12.1,8.2,9.8,47.7,2.82,0.0
2018,334,10.4,7.7,8.8,15.7,4.56,0.0
2018,335,8.9,5.3,7.2,11.0,4.01,0.0
2018,336,8.1,4.2,5.8,2.8,7.2,0.0
2018,337,12.3,3.5,8.2,0.0,11.39,0.0
2018,338,15.8,8.8,11.8,0.2,5.85,0.0
2018,339,13.3,9.0,11.0,2.5,4.74,0.0
2018,340,11.6,6.8,9.4,8.2,3.73,0.0
2018,341,13.1,6.2,9.5,0.4,11.01,0.0
2018,342,14.7,5.2,10.3,0.0,11.55,0.0
2018,343,16.8,8.0,12.8,0.0,9.29,0.0
2018,344,14.9,6.6,11.2,0.0,6.82,0.0
2018,345,11.8,5.1,8.8,0.0,10.02,0.0
2018,346,12.6,5.9,9.3,0.0,11.23,0.0
2018,347,17.4,6.8,11.8,0.0,11.1,0.0
2018,348,19.2,11.4,14.4,0.0,5.35,0.0
2018,349,17.6,7.9,13.0,0.0,11.19,0.0
2018,350,19.6,10.8,15.0,0.0,10.72,0.0
2018,351,15.0,9.2,11.1,4.3,6.97,0.0
2018,352,11.6,7.0,9.7,1.1,5.87,0.0
2018,353,16.8,7.0,13.5,0.1,10.5,0.0
2018,354,20.2,10.7,15.6,0.0,9.97,0.0
2018,355,17.7,9.2,14.1,0.0,9.67,0.0
2018,356,15.9,6.7,11.5,0.0,10.96,0.0
2018,357,15.5,8.0,11.9,0.0,9.35,0.0
2018,358,13.2,6.4,10.1,8.6,9.86,0.0
2018,359,9.1,4.4,7.0,4.7,5.84,0.0
2018,360,8.3,5.0,6.8,1.1,6.33,0.0
2018,361,7.4,2.1,5.3,0.4,5.41,0.0
2018,362,7.9,-0.6,3.5,0.7,10.7,0.0
2018,363,10.2,2.5,6.5,0.0,11.13,0.0
2018,364,11.0,5.0,8.4,0.0,11.16,0.0
2018,365,7.2,2.2,5.1,0.1,7.71,0.0
2019,1,8.0,-0.1,4.3,0.0,11.06,0.0
2019,2,11.1,2.0,6.6,0.0,11.47,0.0
2019,3,13.7,4.4,9.6,0.0,11.35,0.0
2019,4,15.6,4.9,9.8,0.0,11.49,0.0
2019,5,13.9,4.6,8.3,10.6,1.81,0.0
2019,6,9.5,3.8,6.6,15.9,6.42,0.0
2019,7,12.8,6.7,9.8,11.9,5.95,0.0
2019,8,15.5,8.1,11.8,0.0,8.69,0.0
2019,9,14.6,9.0,11.2,5.0,2.72,0.0
2019,10,13.7,5.9,10.1,0.0,11.56,0.0
2019,11,16.7,7.4,11.6,0.0,8.18,0.0
2019,12,11.5,7.6,9.6,2.8,5.45,0.0
2019,13,12.9,4.6,8.5,3.3,10.65,0.0
2019,14,12.8,6.5,9.5,4.1,2.92,0.0
2019,15,12.7,6.7,9.5,4.6,3.06,0.0
2019,16,16.7,8.6,12.3,6.4,10.46,0.0
2019,17,12.7,8.7,10.8,33.0,2.54,0.0
2019,18,13.3,7.1,9.9,0.3,10.08,0.0
2019,19,17.1,8.2,12.1,0.1,12.01,0.0
2019,20,17.8,9.3,12.9,8.7,8.82,0.0
2019,21,8.2,2.1,4.9,15.7,6.73,0.0
2019,22,10.3,1.8,5.9,0.0,12.1,0.0
2019,23,12.9,6.3,10.0,0.0,13.15,0.0
2019,24,16.1,5.9,11.7,0.0,13.36,0.0
2019,25,16.5,7.1,11.7,0.0,13.54,0.0
2019,26,18.6,8.2,13.6,0.0,12.66,0.0
2019,27,18.9,11.1,15.3,0.0,13.27,0.0
2019,28,18.8,11.3,15.8,0.0,7.63,0.0
2019,29,18.1,8.8,13.6,0.0,6.67,0.0
2019,30,17.2,7.6,12.3,0.0,9.96,0.0
2019,31,13.6,8.5,11.7,2.4,8.92,0.0
2019,32,14.6,6.9,11.1,3.5,9.57,0.0
2019,33,15.0,5.6,10.8,33.8,2.19,0.0
2019,34,10.0,5.5,8.3,44.5,3.96,0.0
2019,35,8.9,3.6,6.9,47.3,5.92,0.0
2019,36,3.5,-1.3,1.9,41.1,5.96,0.0
2019,37,3.0,-2.9,0.3,0.0,12.18,0.0
2019,38,8.0,-3.3,2.2,0.0,15.45,0.0
2019,39,9.0,0.7,4.4,0.0,15.48,0.0
2019,40,7.4,2.4,4.4,9.3,7.27,0.0
2019,41,4.5,-2.4,2.9,28.1,4.17,0.0
2019,42,7.3,-4.0,1.6,0.0,16.59,0.0
2019,43,14.8,1.0,8.2,0.0,11.12,0.0
2019,44,13.0,8.8,10.6,26.4,4.11,0.0
2019,45,13.7,5.2,9.5,41.2,2.47,0.0
2019,46,7.0,3.5,5.5,27.5,3.5,0.0
2019,47,5.4,2.1,3.6,20.6,9.21,0.0
2019,48,2.8,-1.5,1.2,11.2,4.37,0.0
2019,49,3.5,-1.6,1.0,3.6,9.26,0.0
2019,50,4.2,-1.0,1.7,0.2,12.73,0.0
2019,51,5.0,-2.3,1.7,0.2,9.5,0.0
2019,52,3.5,-1.5,1.1,2.6,12.93,0.0
2019,53,6.1,-2.1,1.8,0.3,17.7,0.0
2019,54,8.8,-1.1,3.9,0.0,17.82,0.0
2019,55,11.4,1.7,6.3,0.0,18.25,0.0
2019,56,15.5,5.5,10.6,0.0,17.25,0.0
2019,57,15.8,8.5,12.3,0.0,13.17,0.0
2019,58,13.6,7.8,10.0,8.4,7.45,0.0
2019,59,13.5,6.3,11.1,5.5,9.22,0.0
2019,60,12.3,6.4,10.0,3.8,12.44,0.0
2019,61,12.9,8.2,10.0,39.4,6.68,0.0
2019,62,12.2,7.2,9.9,10.5,7.48,0.0
2019,63,11.3,7.1,9.6,4.8,9.5,0.0
2019,64,15.5,7.7,11.7,11.4,3.18,0.0
2019,65,13.8,8.5,11.1,42.5,8.25,0.0
2019,66,11.4,4.6,8.1,7.0,11.06,0.0
2019,67,6.9,3.4,5.2,10.1,12.74,0.0
2019,68,9.5,3.1,6.5,1.0,12.78,0.0
2019,69,9.9,4.3,6.5,1.6,17.38,0.0
2019,70,12.4,2.4,7.5,0.2,19.94,0.0
2019,71,13.2,6.2,9.8,5.4,19.57,0.0
2019,72,9.2,4.5,6.7,4.4,16.25,0.0
2019,73,13.3,4.0,9.1,0.0,21.7,0.0
2019,74,15.0,6.4,10.9,0.0,21.73,0.0
2019,75,17.2,7.0,12.5,0.0,22.16,0.0
2019,76,20.0,8.8,14.4,0.0,22.38,0.0
2019,77,21.3,12.1,16.2,0.0,21.07,0.0
2019,78,21.6,10.1,16.0,9.6,17.81,0.0
2019,79,12.1,7.6,9.5,9.6,13.61,0.0
2019,80,10.8,6.7,8.3,9.0,15.13,0.0
2019,81,13.7,6.1,9.8,0.9,14.51,0.0
2019,82,11.3,7.9,9.7,4.3,7.75,0.0
2019,83,16.2,7.1,11.4,1.3,20.12,0.0
2019,84,19.9,10.3,14.9,0.0,23.74,0.0
2019,85,18.6,9.5,14.3,0.0,21.62,0.0
2019,86,14.8,10.2,13.0,3.4,9.7,0.0
2019,87,13.4,7.3,10.8,9.8,15.06,0.0
2019,88,13.1,4.9,9.9,0.9,17.6,0.0
2019,89,16.6,5.7,11.7,0.0,23.88,0.0
2019,90,19.0,8.5,14.1,0.0,24.13,0.0
2019,91,21.6,11.7,16.6,0.0,19.68,0.0
2019,92,17.1,10.4,14.0,16.0,16.21,0.0
2019,93,14.5,9.1,11.6,5.1,10.99,0.0
2019,94,14.4,8.7,11.8,2.8,14.09,0.0
2019,95,13.2,7.5,10.3,3.0,11.6,0.0
2019,96,18.2,6.6,12.6,0.7,24.27,0.0
2019,97,21.0,10.4,15.9,0.0,24.12,0.0
2019,98,22.9,13.7,18.0,0.0,22.59,0.0
2019,99,16.6,6.5,12.2,11.3,17.6,0.0
2019,100,14.9,5.7,10.2,0.0,25.95,0.0
2019,101,14.4,8.2,11.2,0.1,19.61,0.0
2019,102,15.3,7.2,10.8,0.1,18.59,0.0
2019,103,20.2,8.5,14.4,0.0,26.13,0.0
2019,104,20.9,12.3,16.4,0.0,26.18,0.0
2019,105,18.0,12.2,15.0,0.2,18.22,0.0
2019,106,13.9,8.8,11.0,5.3,14.73,0.0
2019,107,19.5,8.1,13.7,0.3,25.78,0.0
2019,108,25.9,11.9,19.4,0.0,26.08,0.0
2019,109,26.5,17.1,21.7,0.0,22.83,0.0
2019,110,20.7,13.5,16.9,1.1,18.2,0.0
2019,111,16.5,8.7,11.9,2.8,17.14,0.0
2019,112,20.8,10.0,15.6,0.0,26.09,0.0
2019,113,25.2,13.5,19.7,0.0,26.9,0.0
2019,114,28.1,16.2,22.4,0.0,27.18,0.0
2019,115,28.6,17.3,23.1,0.0,26.72,0.0
2019,116,27.7,17.9,22.9,0.0,26.93,0.0
2019,117,26.8,17.7,21.9,0.0,26.63,0.0
2019,118,26.4,16.1,21.5,0.0,26.46,0.0
2019,119,18.6,14.0,16.2,4.1,18.13,0.0
2019,120,18.7,10.5,14.2,1.2,16.59,0.0
2019,121,19.9,10.9,14.7,0.0,23.39,0.0
2019,122,21.9,11.0,16.9,0.0,28.58,0.0
2019,123,24.6,13.1,18.8,0.0,27.8,0.0
2019,124,25.0,14.5,19.6,0.0,28.89,0.0
2019,125,21.7,13.0,17.3,0.1,28.42,0.0
2019,126,18.5,9.8,14.0,1.0,22.08,0.0
2019,127,21.5,11.4,16.2,0.0,26.11,0.0
2019,128,23.2,12.7,18.1,0.0,26.5,0.0
2019,129,21.9,14.9,18.0,0.0,18.63,0.0
2019,130,16.3,11.8,13.8,14.5,14.58,0.0
2019,131,21.9,11.3,17.1,4.3,22.55,0.0
2019,132,25.0,14.5,20.4,0.1,26.78,0.0
2019,133,24.6,15.9,20.4,0.0,26.12,0.0
2019,134,24.5,15.4,20.2,0.0,27.36,0.0
2019,135,21.5,14.7,18.2,0.0,16.01,0.0
2019,136,14.7,9.2,11.8,34.8,14.88,0.0
2019,137,13.4,7.8,10.0,1.9,11.76,0.0
2019,138,18.6,7.3,12.9,8.3,19.67,0.0
2019,139,12.5,7.9,9.7,16.3,12.0,0.0
2019,140,12.0,4.7,9.0,0.8,12.15,0.0
2019,141,12.0,7.8,10.1,5.6,12.98,0.0
2019,142,12.6,6.7,9.2,15.6,15.33,0.0
2019,143,14.8,9.2,11.8,5.7,10.41,0.0
2019,144,18.7,9.1,14.6,0.6,23.9,0.0
2019,145,20.2,12.4,16.5,1.2,23.34,0.0
2019,146,12.1,6.1,9.7,19.1,7.93,0.0
2019,147,12.1,5.5,8.9,0.3,15.17,0.0
2019,148,17.9,7.9,13.1,0.5,22.86,0.0
2019,149,23.4,11.7,17.7,0.0,27.92,0.0
2019,150,24.8,15.2,20.2,0.0,29.27,0.0
2019,151,23.8,16.6,20.3,0.0,26.28,0.0
2019,152,25.2,16.1,20.6,0.2,23.86,0.0
2019,153,24.4,15.1,20.8,0.0,25.83,0.0
2019,154,27.0,17.5,22.4,0.0,27.32,0.0
2019,155,29.8,19.4,24.7,0.1,26.41,0.0
2019,156,32.8,22.3,26.7,0.0,26.59,0.0
2019,157,28.5,20.5,24.9,0.0,28.75,0.0
2019,158,23.6,15.4,20.0,0.0,30.0,0.0
2019,159,26.4,14.0,20.2,0.0,30.82,0.0
2019,160,31.2,17.5,24.7,0.0,30.45,0.0
2019,161,32.4,21.1,26.9,0.0,27.68,0.0
2019,162,33.1,23.3,28.3,0.0,26.57,0.0
2019,163,35.1,23.6,29.4,0.0,30.5,0.0
2019,164,30.6,22.5,26.0,0.0,30.19,0.0
2019,165,29.1,21.4,24.6,0.0,29.83,0.0
2019,166,30.5,20.7,25.1,0.0,29.9,0.0
2019,167,28.8,20.6,23.9,0.0,27.45,0.0
2019,168,30.2,19.2,25.0,0.0,23.23,0.0
2019,169,33.0,20.2,27.1,0.0,27.44,0.0
2019,170,33.2,23.1,28.0,0.0,29.33,0.0
2019,171,29.4,19.7,25.4,0.0,30.37,0.0
2019,172,26.1,18.1,21.3,0.0,30.59,0.0
2019,173,28.7,16.7,23.0,0.0,30.04,0.0
2019,174,32.0,18.6,25.7,0.0,30.05,0.0
2019,175,32.4,20.7,26.4,0.0,29.92,0.0
2019,176,31.0,21.0,25.7,0.0,30.34,0.0
2019,177,28.4,18.4,23.0,0.0,30.65,0.0
2019,178,26.5,17.9,21.3,0.0,30.09,0.0
2019,179,28.2,17.5,22.5,0.0,30.86,0.0
2019,180,30.0,17.8,23.6,0.0,30.88,0.0
2019,181,30.1,20.0,24.8,0.0,30.64,0.0
2019,182,30.2,18.9,24.6,0.0,30.76,0.0
2019,183,29.6,20.2,24.4,0.0,30.69,0.0
2019,184,28.8,20.0,24.0,0.0,29.8,0.0
2019,185,29.3,18.2,23.5,0.0,30.65,0.0
2019,186,31.6,18.7,25.5,0.0,29.69,0.0
2019,187,32.6,21.1,26.5,0.0,30.44,0.0
2019,188,29.9,21.0,25.5,0.0,27.35,0.0
2019,189,28.4,19.0,23.5,0.0,30.09,0.0
2019,190,29.3,18.3,23.9,0.0,29.81,0.0
2019,191,31.4,18.9,25.5,0.0,29.82,0.0
2019,192,33.2,21.0,27.1,0.0,29.95,0.0
2019,193,35.0,21.9,28.4,0.0,30.09,0.0
2019,194,36.7,22.8,30.2,0.0,30.22,0.0
2019,195,35.6,24.7,30.2,0.0,30.02,0.0
2019,196,34.0,22.8,28.3,0.0,30.34,0.0
2019,197,32.5,22.5,27.1,0.0,30.05,0.0
2019,198,32.7,21.6,26.6,0.0,29.32,0.0
2019,199,32.6,21.2,26.9,0.0,29.83,0.0
2019,200,30.5,20.2,25.4,0.0,29.51,0.0
2019,201,30.6,21.5,25.5,0.0,29.47,0.0
2019,202,34.7,21.6,28.0,0.0,28.82,0.0
2019,203,36.7,24.1,30.7,0.0,28.04,0.0
2019,204,33.8,25.3,29.7,0.0,17.83,0.0
2019,205,36.3,24.9,30.5,0.0,26.59,0.0
2019,206,36.0,26.5,30.9,0.0,23.32,0.0
2019,207,35.2,24.8,30.3,0.0,26.86,0.0
2019,208,36.8,24.3,30.5,0.0,29.2,0.0
2019,209,38.4,27.6,32.2,0.0,29.17,0.0
2019,210,36.1,24.5,30.4,0.0,28.87,0.0
2019,211,34.7,24.7,29.2,0.0,28.89,0.0
2019,212,34.3,23.6,28.8,0.0,29.04,0.0
2019,213,33.7,21.9,27.8,0.0,29.45,0.0
2019,214,32.5,20.8,26.9,0.0,29.1,0.0
2019,215,33.6,21.2,27.5,0.0,26.8,0.0
2019,216,36.0,22.8,30.0,0.0,28.25,0.0
2019,217,36.2,24.6,30.3,0.0,28.12,0.0
2019,218,36.1,24.9,30.7,0.0,27.52,0.0
2019,219,35.6,25.0,30.3,0.0,26.38,0.0
2019,220,32.9,22.7,27.2,0.0,28.12,0.0
2019,221,30.4,20.1,25.1,0.0,28.28,0.0
2019,222,29.2,21.0,24.2,0.0,28.14,0.0
2019,223,28.5,17.5,22.8,0.0,28.03,0.0
2019,224,31.6,19.1,25.2,0.0,28.01,0.0
2019,225,34.5,21.3,28.2,0.0,27.89,0.0
2019,226,36.3,23.4,30.0,0.0,27.76,0.0
2019,227,36.5,24.4,30.6,0.0,27.73,0.0
2019,228,36.4,25.2,30.7,0.0,27.58,0.0
2019,229,33.1,23.4,28.7,0.0,27.42,0.0
2019,230,31.4,22.1,26.2,0.0,27.39,0.0
2019,231,31.3,20.1,25.7,0.0,26.8,0.0
2019,232,32.2,20.6,26.3,0.0,27.1,0.0
2019,233,31.6,21.6,25.9,0.0,26.91,0.0
2019,234,31.5,21.4,26.1,0.0,26.1,0.0
2019,235,33.6,22.3,28.0,0.0,25.69,0.0
2019,236,34.2,24.1,28.7,0.0,25.6,0.0
2019,237,34.2,25.0,29.2,0.0,25.23,0.0
2019,238,34.7,24.6,29.6,0.0,24.1,0.0
2019,239,36.7,24.6,30.5,0.0,24.95,0.0
2019,240,35.0,25.8,30.0,0.0,25.3,0.0
2019,241,32.9,22.9,27.6,0.0,25.5,0.0
2019,242,33.4,21.5,27.3,0.0,25.58,0.0
2019,243,33.9,22.0,27.9,0.0,25.6,0.0
2019,244,35.8,23.8,29.9,0.0,25.2,0.0
2019,245,36.0,26.1,31.0,0.0,22.96,0.0
2019,246,35.3,24.9,29.6,0.0,22.67,0.0
2019,247,35.5,24.2,30.1,0.0,23.05,0.0
2019,248,34.7,25.6,30.3,0.0,18.42,0.0
2019,249,33.2,25.4,28.9,0.0,23.09,0.0
2019,250,32.3,20.6,26.7,0.0,23.91,0.0
2019,251,24.5,15.4,19.4,0.0,24.17,0.0
2019,252,26.2,16.5,20.9,0.0,23.93,0.0
2019,253,24.3,15.2,19.4,0.0,23.82,0.0
2019,254,25.9,13.9,19.9,0.0,24.11,0.0
2019,255,31.3,16.8,24.7,0.0,23.78,0.0
2019,256,32.9,19.9,26.9,0.0,23.68,0.0
2019,257,33.9,20.9,27.8,0.0,23.63,0.0
2019,258,31.9,22.4,27.4,0.0,18.49,0.0
2019,259,26.1,17.5,22.2,0.0,19.56,0.0
2019,260,23.4,15.0,18.4,0.0,22.46,0.0
2019,261,25.4,14.5,20.0,0.0,22.55,0.0
2019,262,20.9,14.3,17.5,0.6,17.78,0.0
2019,263,23.1,13.1,18.1,0.0,22.46,0.0
2019,264,26.6,15.2,21.0,0.0,22.26,0.0
2019,265,28.8,17.3,23.7,0.0,21.72,0.0
2019,266,27.0,18.8,23.4,0.0,21.21,0.0
2019,267,29.8,17.9,24.4,0.0,21.47,0.0
2019,268,33.7,21.0,27.3,0.0,20.52,0.0
2019,269,29.3,21.2,26.0,0.0,18.54,0.0
2019,270,26.1,18.0,21.8,0.0,20.6,0.0
2019,271,20.4,13.0,17.4,4.0,13.13,0.0
2019,272,16.9,9.6,12.9,0.0,16.15,0.0
2019,273,17.5,9.2,13.2,0.0,20.22,0.0
2019,274,17.3,8.7,12.5,0.0,20.86,0.0
2019,275,22.4,9.6,15.8,0.0,20.87,0.0
2019,276,23.5,11.8,18.0,0.0,20.59,0.0
2019,277,20.4,13.7,17.1,0.0,20.51,0.0
2019,278,25.1,13.8,19.3,0.0,19.97,0.0
2019,279,28.7,14.6,22.0,0.0,19.63,0.0
2019,280,28.8,18.2,23.5,0.0,19.5,0.0
2019,281,27.2,17.0,22.4,0.0,19.27,0.0
2019,282,25.1,15.9,20.8,0.0,19.36,0.0
2019,283,22.2,10.9,17.0,0.0,19.32,0.0
2019,284,23.4,13.3,17.9,0.0,18.62,0.0
2019,285,23.7,11.9,18.3,0.0,19.24,0.0
2019,286,24.2,12.9,18.9,0.0,19.09,0.0
2019,287,22.8,12.5,18.1,0.0,18.69,0.0
2019,288,26.1,13.3,19.8,0.0,18.55,0.0
2019,289,27.4,14.2,21.4,0.0,15.46,0.0
2019,290,21.4,10.3,16.5,1.2,15.65,0.0
2019,291,18.2,7.7,12.8,0.0,17.37,0.0
2019,292,18.7,10.8,14.5,0.0,16.96,0.0
2019,293,18.9,11.8,15.7,0.0,16.02,0.0
2019,294,23.8,14.0,18.8,0.0,16.79,0.0
2019,295,26.1,15.6,21.0,0.0,16.97,0.0
2019,296,26.9,15.5,21.2,0.0,16.6,0.0
2019,297,27.8,17.7,22.4,0.0,16.54,0.0
2019,298,27.4,16.8,22.0,0.0,16.53,0.0
2019,299,25.4,14.9,20.4,0.0,16.42,0.0
2019,300,19.8,9.6,15.7,0.0,16.27,0.0
2019,301,17.3,8.8,13.1,0.0,16.29,0.0
2019,302,16.8,10.1,13.0,0.0,16.08,0.0
2019,303,17.7,8.5,13.0,0.0,16.11,0.0
2019,304,18.4,9.3,14.5,0.0,16.18,0.0
2019,305,21.4,13.7,17.8,0.0,16.03,0.0
2019,306,24.3,11.6,17.6,0.0,15.7,0.0
2019,307,24.2,12.0,17.6,0.0,15.42,0.0
2019,308,24.7,12.1,18.7,0.0,15.15,0.0
2019,309,25.5,13.5,19.6,0.0,14.94,0.0
2019,310,24.1,13.6,19.0,0.0,14.7,0.0
2019,311,26.2,13.9,20.2,0.0,14.61,0.0
2019,312,25.8,14.7,20.2,0.0,14.55,0.0
2019,313,23.6,13.9,18.7,0.0,14.45,0.0
2019,314,22.5,13.1,17.6,0.0,14.12,0.0
2019,315,25.3,13.1,19.0,0.0,13.77,0.0
2019,316,25.8,15.7,20.3,0.0,13.56,0.0
2019,317,23.8,16.0,19.7,0.0,10.89,0.0
2019,318,22.3,15.3,19.4,0.0,11.39,0.0
2019,319,17.1,10.9,14.5,0.0,11.78,0.0
2019,320,21.5,10.4,15.7,0.0,13.17,0.0
2019,321,24.7,14.8,20.0,0.0,13.12,0.0
2019,322,25.7,16.8,20.6,0.0,13.09,0.0
2019,323,23.4,11.3,18.1,0.0,12.44,0.0
2019,324,11.9,8.3,9.6,16.6,5.36,0.0
2019,325,13.1,5.8,10.2,1.8,11.61,0.0
2019,326,14.8,7.4,11.3,0.0,11.89,0.0
2019,327,15.9,8.5,11.9,0.0,12.43,0.0
2019,328,16.6,8.5,12.4,0.0,12.56,0.0
2019,329,13.5,6.0,10.0,0.0,11.4,0.0
2019,330,11.1,3.1,7.5,0.6,12.02,0.0
2019,331,8.5,2.4,4.8,35.3,3.29,0.0
2019,332,7.3,1.4,3.4,6.3,4.75,0.0
2019,333,4.1,-1.2,1.9,13.3,7.47,0.0
2019,334,9.1,-1.1,4.0,2.2,4.77,0.0
2019,335,14.1,7.2,10.4,5.3,5.63,0.0
2019,336,18.4,8.8,12.7,0.0,10.36,0.0
2019,337,16.5,8.9,12.9,0.0,6.8,0.0
2019,338,14.3,8.8,11.3,19.5,4.54,0.0
2019,339,15.1,5.8,10.4,0.0,10.62,0.0
2019,340,17.2,9.7,13.7,0.0,11.37,0.0
2019,341,16.3,10.5,13.5,4.3,5.01,0.0
2019,342,12.4,7.4,10.4,9.6,7.68,0.0
2019,343,11.1,5.3,8.8,0.2,7.35,0.0
2019,344,15.1,6.8,11.3,0.0,8.66,0.0
2019,345,14.2,6.5,11.0,0.0,10.46,0.0
2019,346,16.5,9.6,13.7,0.0,9.89,0.0
2019,347,16.7,8.8,13.0,1.7,9.51,0.0
2019,348,12.6,6.3,10.2,11.1,5.33,0.0
2019,349,7.4,3.2,5.5,1.5,6.7,0.0
2019,350,11.1,2.3,6.9,0.2,10.75,0.0
2019,351,13.1,4.1,9.3,0.0,7.29,0.0
2019,352,11.4,4.9,7.8,0.0,5.09,0.0
2019,353,11.2,3.8,7.3,0.0,10.89,0.0
2019,354,18.1,6.8,12.1,0.0,10.23,0.0
2019,355,20.2,10.5,14.9,0.0,8.77,0.0
2019,356,19.2,10.1,13.6,1.5,7.28,0.0
2019,357,10.9,6.6,8.5,12.5,2.21,0.0
2019,358,7.5,4.2,5.9,6.1,7.2,0.0
2019,359,8.2,2.7,5.6,0.2,7.65,0.0
2019,360,7.8,3.9,5.7,4.5,4.87,0.0
2019,361,6.3,2.6,4.5,0.4,5.46,0.0
2019,362,9.5,1.8,5.8,0.0,10.88,0.0
2019,363,11.1,4.4,7.8,0.0,6.8,0.0
2019,364,11.1,4.3,7.7,0.4,10.51,0.0
2019,365,13.7,2.8,8.5,0.7,10.32,0.0
2020,1,12.7,6.1,9.0,0.0,9.96,0.0
2020,2,11.6,4.5,8.6,0.0,10.07,0.0
2020,3,19.9,8.3,13.5,0.0,11.02,0.0
2020,4,17.7,8.4,12.8,0.0,11.08,0.0
2020,5,13.2,6.2,9.6,0.9,11.02,0.0
2020,6,14.7,8.0,10.8,0.4,11.62,0.0
2020,7,17.4,7.0,12.1,0.0,11.15,0.0
2020,8,12.5,3.4,6.5,0.0,8.78,0.0
2020,9,6.9,4.3,5.1,1.2,5.53,0.0
2020,10,9.9,4.0,6.9,0.0,9.81,0.0
2020,11,9.6,4.7,7.2,0.0,11.44,0.0
2020,12,9.5,3.4,6.4,0.2,10.24,0.0
2020,13,8.7,2.4,6.0,0.0,11.9,0.0
2020,14,9.9,3.8,7.4,0.0,12.04,0.0
2020,15,12.8,3.2,8.5,0.0,12.21,0.0
2020,16,12.9,2.9,8.7,15.4,11.31,0.0
2020,17,8.6,0.6,5.0,0.7,11.56,0.0
2020,18,13.6,3.3,8.8,0.0,9.72,0.0
2020,19,17.6,6.8,12.0,0.0,9.86,0.0
2020,20,15.8,9.1,12.3,0.5,6.26,0.0
2020,21,10.7,7.6,8.9,1.1,7.44,0.0
2020,22,12.9,7.1,9.9,0.1,12.02,0.0
2020,23,16.7,5.0,10.6,0.0,12.38,0.0
2020,24,14.8,7.4,12.0,0.0,11.62,0.0
2020,25,15.9,8.4,12.4,0.0,9.6,0.0
2020,26,15.6,7.5,11.6,1.7,6.25,0.0
2020,27,11.5,7.5,10.2,0.2,9.34,0.0
2020,28,12.4,5.1,9.5,0.0,9.84,0.0
2020,29,10.4,4.7,8.5,0.7,7.71,0.0
2020,30,13.7,5.8,10.6,0.0,11.67,0.0
2020,31,19.2,8.5,13.7,0.0,13.95,0.0
2020,32,21.9,10.2,15.6,0.0,14.26,0.0
2020,33,17.9,2.0,12.4,4.2,12.6,0.0
2020,34,5.8,-0.6,3.0,0.0,12.98,0.0
2020,35,7.5,0.4,4.0,0.0,15.01,0.0
2020,36,10.6,4.8,7.4,0.0,14.6,0.0
2020,37,14.2,7.9,11.1,0.0,14.98,0.0
2020,38,17.0,6.8,12.5,0.0,15.28,0.0
2020,39,16.0,8.9,12.5,0.0,15.39,0.0
2020,40,11.3,5.0,7.7,4.3,9.2,0.0
2020,41,13.3,5.3,9.6,0.0,15.98,0.0
2020,42,16.0,6.1,10.9,0.0,16.1,0.0
2020,43,15.0,5.3,10.6,0.0,16.09,0.0
2020,44,16.9,7.4,11.9,0.0,16.42,0.0
2020,45,15.5,6.3,11.1,0.0,16.52,0.0
2020,46,15.1,7.0,11.0,0.0,16.07,0.0
2020,47,16.2,9.3,12.9,0.0,16.15,0.0
2020,48,16.2,7.0,12.2,0.0,15.99,0.0
2020,49,18.3,8.1,12.9,0.0,16.93,0.0
2020,50,16.2,7.6,11.7,0.0,17.38,0.0
2020,51,18.8,9.0,13.0,0.0,17.62,0.0
2020,52,18.7,10.0,14.3,0.0,12.48,0.0
2020,53,11.5,8.0,9.7,22.2,4.35,0.0
2020,54,13.2,7.6,10.2,2.9,11.26,0.0
2020,55,15.2,7.8,11.3,0.5,14.73,0.0
2020,56,19.9,7.9,14.2,0.0,18.35,0.0
2020,57,19.7,10.1,15.0,0.0,18.57,0.0
2020,58,22.6,9.5,16.3,0.0,18.7,0.0
2020,59,22.2,14.2,17.6,0.0,15.82,0.0
2020,60,18.3,11.3,15.6,0.0,16.55,0.0
2020,61,10.2,6.5,8.0,1.4,12.05,0.0
2020,62,13.9,6.9,9.3,0.1,19.27,0.0
2020,63,18.8,7.4,12.8,0.0,19.73,0.0
2020,64,21.6,9.8,16.2,0.0,19.66,0.0
2020,65,22.9,11.3,17.6,0.0,18.97,0.0
2020,66,21.3,12.5,17.1,0.0,19.39,0.0
2020,67,14.3,7.8,9.8,1.0,6.57,0.0
2020,68,12.8,5.6,8.8,0.3,13.62,0.0
2020,69,15.5,6.2,11.2,0.0,15.85,0.0
2020,70,17.4,9.7,12.9,2.8,13.17,0.0
2020,71,15.1,8.8,11.9,2.7,13.57,0.0
2020,72,16.3,8.8,12.8,1.4,14.79,0.0
2020,73,14.0,10.5,11.9,10.5,8.59,0.0
2020,74,12.8,7.8,10.2,6.3,8.68,0.0
2020,75,11.8,8.1,9.5,9.0,9.12,0.0
2020,76,10.4,4.4,7.5,20.6,3.61,0.0
2020,77,8.9,1.5,5.2,2.0,18.4,0.0
2020,78,10.3,1.9,6.4,0.0,18.64,0.0
2020,79,8.4,3.3,6.0,1.7,9.44,0.0
2020,80,13.0,3.5,8.3,0.3,20.87,0.0
2020,81,12.6,7.3,9.8,4.7,11.75,0.0
2020,82,15.2,6.7,11.0,9.3,15.43,0.0
2020,83,12.3,7.5,9.8,33.0,14.43,0.0
2020,84,11.0,8.3,9.8,9.5,9.38,0.0
2020,85,9.0,4.1,7.0,34.5,10.62,0.0
2020,86,7.0,0.8,3.5,19.7,17.85,0.0
2020,87,7.3,-1.1,3.7,0.0,15.56,0.0
2020,88,11.1,0.4,7.0,0.0,13.11,0.0
2020,89,10.6,6.0,8.0,8.2,13.4,0.0
2020,90,15.7,4.3,10.3,0.3,23.39,0.0
2020,91,17.3,9.6,13.2,0.0,24.13,0.0
2020,92,16.6,10.0,13.5,0.0,18.85,0.0
2020,93,13.5,5.5,9.9,0.0,25.16,0.0
2020,94,15.0,6.6,10.4,0.0,24.63,0.0
2020,95,15.6,7.3,11.4,0.0,23.62,0.0
2020,96,13.2,8.4,10.3,11.1,9.86,0.0
2020,97,10.8,6.8,8.3,29.3,9.26,0.0
2020,98,12.6,5.6,9.1,6.6,18.1,0.0
2020,99,8.6,6.4,7.6,29.2,6.95,0.0
2020,100,9.8,5.2,7.6,13.9,10.81,0.0
2020,101,13.1,4.1,9.5,5.7,20.92,0.0
2020,102,15.8,7.5,12.3,0.0,20.31,0.0
2020,103,17.0,9.1,13.3,2.1,19.76,0.0
2020,104,16.2,10.4,12.5,4.4,15.47,0.0
2020,105,17.9,9.6,13.8,0.8,22.67,0.0
2020,106,19.9,10.2,15.5,0.0,26.51,0.0
2020,107,21.6,10.8,16.9,0.0,25.73,0.0
2020,108,14.8,12.0,13.4,7.0,15.23,0.0
2020,109,13.4,10.1,11.5,16.4,12.48,0.0
2020,110,16.2,9.0,12.3,2.5,15.5,0.0
2020,111,15.8,8.1,12.4,2.2,16.62,0.0
2020,112,15.8,9.8,12.0,3.1,15.72,0.0
2020,113,20.7,10.2,16.0,0.0,26.1,0.0
2020,114,22.2,13.6,17.8,0.0,26.19,0.0
2020,115,24.6,14.2,19.6,0.0,27.34,0.0
2020,116,27.2,16.3,21.6,0.0,27.08,0.0
2020,117,25.0,17.9,21.6,0.0,25.06,0.0
2020,118,23.2,13.7,19.1,0.0,27.71,0.0
2020,119,27.8,16.6,22.4,0.0,27.8,0.0
2020,120,29.2,18.2,24.0,0.0,26.38,0.0
2020,121,24.1,16.5,21.0,0.0,27.57,0.0
2020,122,21.5,15.9,18.3,0.0,27.25,0.0
2020,123,22.5,13.4,18.1,0.0,28.67,0.0
2020,124,21.5,13.3,17.1,0.0,27.98,0.0
2020,125,22.8,11.8,17.4,0.0,28.96,0.0
2020,126,26.1,13.5,20.2,0.0,29.29,0.0
2020,127,23.6,16.1,19.7,0.0,28.1,0.0
2020,128,28.7,15.4,22.0,0.0,29.36,0.0
2020,129,30.7,18.4,24.7,0.0,29.16,0.0
2020,130,30.2,20.0,25.0,0.0,29.2,0.0
2020,131,28.3,17.1,23.6,0.0,29.25,0.0
2020,132,23.2,14.1,19.2,0.0,29.03,0.0
2020,133,18.3,11.6,15.0,2.5,17.31,0.0
2020,134,17.7,8.6,13.9,0.2,23.87,0.0
2020,135,19.9,10.7,15.2,0.0,25.38,0.0
2020,136,20.6,10.3,15.7,0.0,27.58,0.0
2020,137,24.6,13.6,19.1,0.0,27.39,0.0
2020,138,24.7,16.0,20.0,2.2,28.85,0.0
2020,139,17.0,11.4,15.0,15.2,15.6,0.0
2020,140,13.8,8.6,10.8,15.4,22.05,0.0
2020,141,18.4,8.4,13.5,0.0,28.22,0.0
2020,142,23.2,11.2,17.2,0.0,29.86,0.0
2020,143,23.1,14.3,18.5,0.0,29.48,0.0
2020,144,21.3,12.5,16.8,0.0,30.53,0.0
2020,145,25.5,14.3,20.1,0.0,29.48,0.0
2020,146,29.7,17.7,24.0,0.0,29.88,0.0
2020,147,32.6,19.3,26.4,0.0,29.52,0.0
2020,148,33.3,22.4,27.8,0.0,29.88,0.0
2020,149,34.3,22.4,28.8,0.0,29.78,0.0
2020,150,28.8,17.5,25.0,0.0,21.8,0.0
2020,151,23.1,13.8,17.9,0.0,27.89,0.0
2020,152,23.7,12.7,18.1,0.0,24.87,0.0
2020,153,26.2,16.5,21.5,0.0,19.55,0.0
2020,154,29.3,17.2,23.8,0.0,26.39,0.0
2020,155,33.6,22.0,27.6,0.0,26.99,0.0
2020,156,34.6,21.4,28.7,0.0,29.78,0.0
2020,157,25.7,15.4,21.5,1.8,18.58,0.0
2020,158,21.2,13.0,16.5,1.5,26.71,0.0
2020,159,18.9,9.4,13.9,0.0,26.43,0.0
2020,160,21.4,8.0,15.3,0.0,31.32,0.0
2020,161,27.1,14.2,21.0,0.0,30.92,0.0
2020,162,30.5,17.4,24.3,0.0,30.95,0.0
2020,163,31.7,21.3,26.6,0.0,31.13,0.0
2020,164,27.4,16.1,22.7,0.1,29.52,0.0
2020,165,20.9,11.9,16.0,0.1,28.22,0.0
2020,166,24.3,13.1,18.3,0.0,30.91,0.0
2020,167,27.6,16.3,22.0,0.0,28.97,0.0
2020,168,25.6,17.3,21.2,0.0,30.69,0.0
2020,169,26.3,15.1,20.5,0.0,31.0,0.0
2020,170,29.8,17.8,23.7,0.0,31.0,0.0
2020,171,31.6,19.2,25.9,0.0,30.62,0.0
2020,172,32.4,21.3,26.9,0.0,30.32,0.0
2020,173,31.6,21.3,26.6,0.0,30.2,0.0
2020,174,33.4,21.4,27.5,0.0,29.67,0.0
2020,175,35.2,22.9,28.9,0.0,30.07,0.0
2020,176,34.1,23.5,28.8,0.0,26.43,0.0
2020,177,33.8,24.9,29.2,0.0,30.04,0.0
2020,178,33.1,23.4,28.5,0.0,25.91,0.0
2020,179,35.8,24.8,30.0,0.0,28.81,0.0
2020,180,28.9,17.9,24.7,0.0,29.79,0.0
2020,181,24.5,14.0,19.1,0.0,30.68,0.0
2020,182,29.2,16.3,23.1,0.0,30.68,0.0
2020,183,30.6,18.4,25.0,0.0,30.78,0.0
2020,184,30.5,18.9,24.5,0.0,30.88,0.0
2020,185,31.2,19.4,25.0,0.0,30.93,0.0
2020,186,32.1,19.3,26.0,0.0,30.95,0.0
2020,187,33.1,20.6,26.7,0.0,30.74,0.0
2020,188,32.8,21.5,26.7,0.0,30.81,0.0
2020,189,30.8,22.4,25.8,0.0,31.27,0.0
2020,190,31.6,18.6,25.1,0.0,31.16,0.0
2020,191,33.4,20.4,26.9,0.0,31.02,0.0
2020,192,34.9,22.8,28.6,0.0,30.38,0.0
2020,193,37.4,24.8,30.9,0.0,29.61,0.0
2020,194,38.1,26.4,31.9,0.0,29.66,0.0
2020,195,35.7,24.4,30.9,0.0,29.81,0.0
2020,196,32.1,23.2,27.3,0.0,29.9,0.0
2020,197,33.3,21.3,27.0,0.0,29.3,0.0
2020,198,34.2,22.8,27.9,0.0,29.15,0.0
2020,199,34.1,23.7,28.3,0.0,28.9,0.0
2020,200,34.8,22.9,28.7,0.0,29.83,0.0
2020,201,34.2,24.3,28.8,0.0,28.31,0.0
2020,202,33.4,24.1,27.8,0.0,28.63,0.0
2020,203,33.1,22.4,27.8,0.0,27.63,0.0
2020,204,32.0,22.0,26.7,0.0,29.64,0.0
2020,205,30.3,19.2,24.8,0.0,29.79,0.0
2020,206,31.9,19.7,25.9,0.0,29.03,0.0
2020,207,33.1,21.3,27.1,0.0,28.17,0.0
2020,208,34.4,22.0,28.4,0.0,28.32,0.0
2020,209,34.6,22.6,28.6,0.0,28.42,0.0
2020,210,34.9,22.7,29.0,0.0,29.24,0.0
2020,211,35.2,23.3,29.5,0.0,29.29,0.0
2020,212,37.4,23.0,30.5,0.0,29.72,0.0
2020,213,36.9,25.3,30.2,0.0,29.44,0.0
2020,214,35.2,23.2,29.0,0.0,29.39,0.0
2020,215,35.1,24.5,29.0,0.0,29.52,0.0
2020,216,34.5,25.3,29.7,0.0,29.31,0.0
2020,217,32.6,23.7,27.8,0.0,28.73,0.0
2020,218,30.5,21.7,26.0,0.0,28.61,0.0
2020,219,27.9,18.6,22.9,0.0,28.62,0.0
2020,220,30.2,18.5,24.2,0.0,28.21,0.0
2020,221,33.0,20.2,26.5,0.0,27.8,0.0
2020,222,34.7,21.8,28.3,0.0,27.81,0.0
2020,223,35.3,23.6,29.4,0.0,26.96,0.0
2020,224,34.1,23.0,28.2,0.0,27.37,0.0
2020,225,35.4,22.7,28.8,0.0,28.16,0.0
2020,226,35.1,25.5,29.7,0.0,20.3,0.0
2020,227,38.2,24.1,31.4,0.0,25.95,0.0
2020,228,40.5,26.9,33.4,0.0,23.94,0.0
2020,229,40.6,29.0,34.3,0.0,24.04,0.0
2020,230,40.6,28.7,33.9,0.0,24.16,0.0
2020,231,40.3,27.7,33.4,0.0,24.87,0.0
2020,232,38.4,27.6,32.7,0.0,25.05,0.0
2020,233,37.5,25.5,31.4,0.0,26.46,0.0
2020,234,37.8,24.5,31.2,0.0,26.49,0.0
2020,235,35.9,25.0,30.4,0.0,24.08,0.0
2020,236,35.5,24.4,29.5,0.0,24.3,0.0
2020,237,36.0,24.8,30.1,0.0,25.15,0.0
2020,238,35.0,24.1,29.2,0.0,25.7,0.0
2020,239,33.1,22.0,27.5,0.0,25.77,0.0
2020,240,33.2,22.7,27.6,0.0,26.01,0.0
2020,241,34.3,22.6,28.2,0.0,26.33,0.0
2020,242,33.7,21.4,27.9,0.0,26.1,0.0
2020,243,33.0,21.5,27.4,0.0,25.21,0.0
2020,244,33.5,21.9,27.6,0.0,25.1,0.0
2020,245,33.8,22.5,27.9,0.0,24.83,0.0
2020,246,33.7,22.4,27.9,0.0,24.75,0.0
2020,247,34.6,22.4,27.9,0.0,24.61,0.0
2020,248,37.3,23.0,29.7,0.0,24.34,0.0
2020,249,39.2,24.6,32.1,0.0,23.71,0.0
2020,250,40.5,27.2,34.4,0.0,23.22,0.0
2020,251,39.8,27.3,33.5,0.0,24.42,0.0
2020,252,35.0,25.6,30.5,0.0,24.09,0.0
2020,253,31.6,23.1,26.8,0.0,24.12,0.0
2020,254,31.2,19.8,25.5,0.0,22.8,0.0
2020,255,31.2,19.6,25.3,0.0,24.07,0.0
2020,256,32.1,19.0,25.9,0.0,23.99,0.0
2020,257,33.4,20.1,27.2,0.0,23.72,0.0
2020,258,33.6,20.6,27.7,0.0,23.37,0.0
2020,259,33.0,21.9,27.3,0.0,23.28,0.0
2020,260,32.8,20.6,27.1,0.0,23.12,0.0
2020,261,32.6,21.0,27.2,0.0,21.38,0.0
2020,262,29.3,23.1,26.4,0.0,15.97,0.0
2020,263,26.9,17.5,22.8,0.0,22.49,0.0
2020,264,30.3,17.7,24.2,0.0,22.42,0.0
2020,265,31.4,20.3,25.9,0.0,22.15,0.0
2020,266,30.5,20.5,25.6,0.0,21.96,0.0
2020,267,29.8,18.8,24.7,0.0,21.73,0.0
2020,268,27.6,19.5,23.2,0.0,21.69,0.0
2020,269,27.8,19.0,23.1,0.0,21.25,0.0
2020,270,27.4,19.3,22.8,0.0,20.98,0.0
2020,271,32.3,18.6,25.3,0.0,20.69,0.0
2020,272,33.5,22.5,27.9,0.0,20.63,0.0
2020,273,34.0,24.2,28.6,0.0,20.64,0.0
2020,274,32.9,22.7,27.9,0.0,20.34,0.0
2020,275,34.4,21.9,28.3,0.0,20.45,0.0
2020,276,33.3,22.1,28.0,0.0,20.56,0.0
2020,277,33.5,21.7,27.4,0.0,20.4,0.0
2020,278,33.2,21.2,27.1,0.0,20.28,0.0
2020,279,31.6,21.0,26.4,0.0,18.76,0.0
2020,280,30.9,20.5,25.7,0.0,17.07,0.0
2020,281,29.9,18.5,24.5,0.0,19.43,0.0
2020,282,26.5,19.0,22.4,0.0,16.54,0.0
2020,283,24.2,15.2,19.9,0.0,18.55,0.0
2020,284,24.2,15.1,19.3,0.0,17.44,0.0
2020,285,23.7,15.7,19.2,0.0,18.27,0.0
2020,286,27.9,17.7,22.5,0.0,18.42,0.0
2020,287,28.7,16.9,22.5,0.0,18.53,0.0
2020,288,30.2,17.5,23.6,0.0,18.13,0.0
2020,289,32.6,19.0,25.9,0.0,18.01,0.0
2020,290,31.6,22.2,26.7,0.0,17.78,0.0
2020,291,31.1,20.6,25.7,0.0,17.82,0.0
2020,292,29.7,19.8,24.6,0.0,17.47,0.0
2020,293,28.7,18.3,23.6,0.0,17.64,0.0
2020,294,28.8,16.6,22.9,0.0,17.32,0.0
2020,295,28.5,17.3,22.6,0.0,17.12,0.0
2020,296,26.0,16.6,21.2,0.0,16.8,0.0
2020,297,24.3,15.0,19.3,0.0,16.64,0.0
2020,298,23.4,14.4,18.5,0.0,15.98,0.0
2020,299,18.0,13.2,14.9,0.7,14.7,0.0
2020,300,15.6,11.6,13.0,16.7,11.41,0.0
2020,301,20.2,9.7,14.6,0.0,15.94,0.0
2020,302,22.9,13.4,18.0,0.0,16.07,0.0
2020,303,25.4,13.4,19.2,0.0,16.12,0.0
2020,304,24.9,13.8,19.1,0.0,15.99,0.0
2020,305,25.4,12.6,19.3,0.0,15.85,0.0
2020,306,26.5,16.6,21.5,0.0,14.37,0.0
2020,307,26.9,16.6,21.5,0.0,13.48,0.0
2020,308,25.3,16.6,20.3,0.0,14.94,0.0
2020,309,24.8,13.9,19.4,0.0,14.87,0.0
2020,310,25.9,14.5,20.5,0.0,14.09,0.0
2020,311,23.2,9.0,16.7,2.0,13.95,0.0
2020,312,8.7,5.9,6.9,1.2,6.27,0.0
2020,313,6.1,-1.7,3.3,27.4,5.17,0.0
2020,314,6.5,-2.1,1.9,0.0,11.33,0.0
2020,315,10.4,-1.7,3.6,0.0,14.27,0.0
2020,316,13.2,0.1,7.7,0.0,12.97,0.0
2020,317,15.4,7.4,11.7,0.0,13.42,0.0
2020,318,14.8,8.6,11.7,0.0,12.41,0.0
2020,319,15.0,8.4,12.0,0.0,13.13,0.0
2020,320,17.9,9.3,13.5,0.0,13.28,0.0
2020,321,24.1,10.8,17.2,0.0,13.42,0.0
2020,322,23.9,16.3,19.8,0.0,12.45,0.0
2020,323,16.4,13.0,14.6,1.1,4.69,0.0
2020,324,13.6,11.3,12.5,0.0,10.0,0.0
2020,325,16.7,8.6,13.8,0.0,8.57,0.0
2020,326,19.0,10.2,14.7,0.0,12.06,0.0
2020,327,18.4,9.7,14.1,0.0,12.66,0.0
2020,328,12.7,7.1,10.1,0.0,12.29,0.0
2020,329,15.3,6.4,10.4,0.0,12.19,0.0
2020,330,13.5,6.2,10.2,0.0,12.3,0.0
2020,331,11.9,3.8,8.1,0.0,12.09,0.0
2020,332,14.7,5.8,9.8,0.0,12.32,0.0
2020,333,16.0,7.5,11.5,0.0,12.43,0.0
2020,334,18.5,6.7,12.4,0.0,12.36,0.0
2020,335,16.7,7.8,12.4,0.0,12.2,0.0
2020,336,17.5,8.1,13.4,0.0,11.93,0.0
2020,337,20.2,10.3,15.1,0.0,11.91,0.0
2020,338,17.2,7.6,12.5,0.0,11.79,0.0
2020,339,17.2,6.8,12.3,0.0,11.9,0.0
2020,340,18.5,7.9,13.5,0.0,11.53,0.0
2020,341,15.4,8.1,11.6,0.0,10.74,0.0
2020,342,18.2,5.3,11.9,0.1,9.23,0.0
2020,343,20.0,7.1,13.6,0.0,9.07,0.0
2020,344,19.1,10.4,14.5,0.0,8.42,0.0
2020,345,14.2,7.2,11.3,0.0,11.37,0.0
2020,346,12.5,6.5,10.3,0.0,10.23,0.0
2020,347,11.3,6.0,8.5,5.0,6.39,0.0
2020,348,16.7,4.5,9.6,6.2,8.05,0.0
2020,349,8.8,5.7,7.0,8.9,4.82,0.0
2020,350,11.4,4.3,7.5,1.0,10.45,0.0
2020,351,14.5,4.7,9.6,0.0,10.98,0.0
2020,352,15.6,6.3,9.2,7.1,3.04,0.0
2020,353,11.5,4.1,7.7,0.2,9.76,0.0
2020,354,14.8,5.7,9.9,0.0,11.36,0.0
2020,355,17.6,5.9,11.5,0.0,11.31,0.0
2020,356,20.2,8.8,14.1,0.0,11.27,0.0
2020,357,16.7,6.2,11.7,0.0,11.4,0.0
2020,358,15.1,4.3,9.9,0.0,11.18,0.0
2020,359,15.5,7.6,11.0,0.0,7.62,0.0
2020,360,17.6,7.5,12.6,0.0,8.91,0.0
2020,361,15.4,9.8,11.8,1.5,5.45,0.0
2020,362,12.5,8.2,10.2,0.6,2.78,0.0
2020,363,10.2,4.5,6.8,7.2,7.91,0.0
2020,364,9.8,3.6,6.3,0.0,8.76,0.0
2020,365,10.9,2.9,7.3,0.0,10.84,0.0
2020,366,9.1,3.8,6.0,0.1,10.48,0.0
2021,1,13.3,3.7,8.4,0.0,11.27,0.0
2021,2,13.2,5.7,9.4,0.0,10.28,0.0
2021,3,12.4,7.4,10.4,0.0,10.53,0.0
2021,4,15.6,9.5,12.5,1.4,10.19,0.0
2021,5,13.1,5.7,10.3,0.0,11.42,0.0
2021,6,16.5,7.2,11.3,0.0,11.06,0.0
2021,7,15.5,6.2,10.3,0.0,7.91,0.0
2021,8,14.2,7.4,11.2,0.0,11.74,0.0
2021,9,12.6,7.0,10.2,0.0,11.85,0.0
2021,10,13.7,5.9,9.6,0.0,11.96,0.0
2021,11,16.8,6.2,10.9,0.0,11.92,0.0
2021,12,15.5,8.0,11.5,0.0,6.28,0.0
2021,13,16.8,8.2,13.9,0.0,11.56,0.0
2021,14,20.2,10.5,16.0,0.0,12.09,0.0
2021,15,22.6,12.4,18.5,0.0,12.19,0.0
2021,16,18.8,11.6,15.4,0.0,12.07,0.0
2021,17,21.0,12.2,17.0,0.0,12.26,0.0
2021,18,19.1,10.3,14.3,0.0,12.28,0.0
2021,19,15.7,8.4,11.4,0.0,12.12,0.0
2021,20,16.4,7.7,11.9,0.0,12.92,0.0
2021,21,15.6,7.1,11.2,0.0,13.14,0.0
2021,22,12.0,4.4,8.4,4.5,8.94,0.0
2021,23,7.1,2.6,4.9,9.2,9.18,0.0
2021,24,6.4,3.5,4.9,4.0,6.08,0.0
2021,25,4.0,-0.2,1.4,26.4,3.45,0.0
2021,26,5.0,-1.6,1.8,0.6,9.12,0.0
2021,27,10.9,4.5,7.8,11.1,1.95,0.0
2021,28,11.6,4.2,8.6,9.0,2.35,0.0
2021,29,7.8,1.7,4.4,10.2,6.72,0.0
2021,30,11.2,-1.5,4.7,0.0,14.08,0.0
2021,31,15.4,3.6,10.6,0.0,10.55,0.0
2021,32,18.1,11.4,14.1,0.0,10.71,0.0
2021,33,16.6,9.9,12.7,0.0,13.24,0.0
2021,34,14.0,5.3,9.8,0.0,8.23,0.0
2021,35,11.8,3.4,8.4,0.0,14.86,0.0
2021,36,14.5,6.9,11.7,0.0,15.28,0.0
2021,37,17.4,7.2,12.4,0.0,15.35,0.0
2021,38,16.9,6.6,12.0,0.0,15.59,0.0
2021,39,16.7,6.6,12.0,0.0,14.21,0.0
2021,40,14.1,8.7,11.5,0.0,10.04,0.0
2021,41,13.3,6.9,10.3,0.0,11.22,0.0
2021,42,15.7,8.2,11.7,1.9,11.58,0.0
2021,43,13.1,6.3,8.3,20.7,6.81,0.0
2021,44,8.8,4.6,7.0,9.3,3.59,0.0
2021,45,9.4,4.3,6.7,0.0,10.31,0.0
2021,46,11.5,6.4,9.2,1.1,4.73,0.0
2021,47,10.7,6.8,8.7,3.7,9.63,0.0
2021,48,9.8,4.9,7.1,0.2,10.3,0.0
2021,49,13.5,3.9,9.1,0.0,17.03,0.0
2021,50,14.7,6.9,11.1,0.0,17.05,0.0
2021,51,11.4,3.8,7.6,3.6,12.06,0.0
2021,52,13.8,2.9,8.3,0.0,17.93,0.0
2021,53,17.5,6.2,12.2,0.0,18.0,0.0
2021,54,17.5,7.5,12.9,0.0,15.69,0.0
2021,55,15.8,7.7,11.5,0.0,18.68,0.0
2021,56,14.3,6.0,9.9,0.0,18.64,0.0
2021,57,14.8,6.2,10.6,0.0,18.99,0.0
2021,58,11.4,6.3,9.1,0.0,18.3,0.0
2021,59,15.7,5.6,10.3,0.0,19.21,0.0
2021,60,17.9,6.8,12.2,0.0,19.65,0.0
2021,61,17.9,7.2,12.4,0.0,19.4,0.0
2021,62,13.4,7.1,10.3,0.0,9.28,0.0
2021,63,16.4,4.5,10.7,0.0,20.04,0.0
2021,64,19.8,8.1,14.2,0.0,20.26,0.0
2021,65,14.8,8.3,11.5,0.0,18.47,0.0
2021,66,14.4,8.5,11.3,0.0,14.74,0.0
2021,67,14.2,5.1,9.7,0.0,16.1,0.0
2021,68,9.8,5.8,7.6,1.7,15.27,0.0
2021,69,5.8,1.7,4.0,16.5,10.44,0.0
2021,70,6.2,-1.1,2.3,1.6,15.33,0.0
2021,71,7.4,0.1,3.2,13.6,13.9,0.0
2021,72,11.6,0.5,6.3,0.0,19.79,0.0
2021,73,13.7,3.8,8.6,0.0,18.19,0.0
2021,74,7.3,-1.6,3.8,21.3,12.11,0.0
2021,75,8.3,-3.3,2.9,0.1,19.07,0.0
2021,76,14.5,1.2,9.1,0.0,19.32,0.0
2021,77,17.9,10.2,13.8,0.0,20.19,0.0
2021,78,17.1,10.5,13.6,8.9,13.98,0.0
2021,79,11.9,6.0,9.1,11.7,17.77,0.0
2021,80,11.4,3.4,7.6,0.3,20.04,0.0
2021,81,14.6,4.8,9.7,0.0,22.01,0.0
2021,82,11.0,4.1,7.9,1.3,13.68,0.0
2021,83,14.5,1.8,9.0,0.1,23.41,0.0
2021,84,11.8,6.5,8.9,0.6,16.41,0.0
2021,85,12.8,6.1,8.8,6.2,13.38,0.0
2021,86,18.8,8.3,13.5,0.0,24.24,0.0
2021,87,22.9,9.6,16.9,0.0,24.64,0.0
2021,88,20.8,11.9,16.5,0.0,24.68,0.0
2021,89,20.3,9.5,15.3,0.0,24.72,0.0
2021,90,22.6,10.6,16.9,0.0,25.02,0.0
2021,91,24.3,12.5,18.6,0.0,24.67,0.0
2021,92,25.3,14.2,19.7,0.0,25.34,0.0
2021,93,24.9,13.6,19.2,0.0,25.33,0.0
2021,94,22.3,14.6,18.0,0.0,24.42,0.0
2021,95,19.8,12.6,16.8,0.0,24.93,0.0
2021,96,20.5,9.8,15.3,0.0,25.39,0.0
2021,97,22.3,11.6,17.2,0.0,23.76,0.0
2021,98,19.7,13.3,16.1,0.0,25.96,0.0
2021,99,21.6,10.6,16.2,0.0,24.98,0.0
2021,100,20.5,11.1,15.6,0.0,26.09,0.0
2021,101,21.9,12.4,17.1,0.0,23.67,0.0
2021,102,23.0,13.5,17.7,0.0,25.79,0.0
2021,103,21.2,11.4,17.1,0.0,26.35,0.0
2021,104,16.3,6.5,11.5,0.0,24.54,0.0
2021,105,18.4,7.2,12.9,0.0,26.88,0.0
2021,106,20.9,9.1,15.1,0.0,26.97,0.0
2021,107,20.5,12.1,16.3,0.7,21.61,0.0
2021,108,23.9,12.3,17.8,0.0,27.48,0.0
2021,109,25.2,14.7,19.5,0.0,27.79,0.0
2021,110,24.4,13.7,19.4,0.0,25.97,0.0
2021,111,17.7,9.8,13.2,0.0,21.75,0.0
2021,112,21.3,10.6,15.6,0.2,26.2,0.0
2021,113,21.9,11.7,16.5,0.0,27.66,0.0
2021,114,20.5,12.6,16.1,0.0,26.55,0.0
2021,115,12.5,8.1,10.5,16.0,6.69,0.0
2021,116,12.1,7.4,9.1,10.5,14.94,0.0
2021,117,15.1,6.8,10.5,0.0,23.46,0.0
2021,118,21.3,7.8,15.4,0.0,28.67,0.0
2021,119,27.3,14.5,20.8,0.0,28.46,0.0
2021,120,29.3,17.1,23.2,0.0,28.39,0.0
2021,121,24.2,16.2,21.5,0.0,27.97,0.0
2021,122,21.1,12.7,17.1,0.0,28.24,0.0
2021,123,23.3,13.1,18.2,0.0,28.47,0.0
2021,124,27.1,15.7,21.3,0.0,28.79,0.0
2021,125,30.1,17.2,24.0,0.0,28.59,0.0
2021,126,28.1,17.7,22.9,0.0,28.46,0.0
2021,127,23.3,15.6,18.9,0.0,29.26,0.0
2021,128,24.7,13.2,18.5,0.0,29.59,0.0
2021,129,25.6,15.1,20.1,0.0,29.47,0.0
2021,130,26.8,14.5,20.9,0.0,29.38,0.0
2021,131,29.0,16.8,23.0,0.0,29.54,0.0
2021,132,30.7,18.6,24.8,0.0,29.84,0.0
2021,133,30.2,18.6,24.4,0.0,29.57,0.0
2021,134,29.6,19.2,23.7,0.0,29.59,0.0
2021,135,23.1,14.0,18.7,0.0,29.89,0.0
2021,136,20.2,11.2,15.5,0.0,21.83,0.0
2021,137,25.1,14.4,19.1,0.0,28.32,0.0
2021,138,26.4,17.0,20.6,0.0,29.98,0.0
2021,139,25.3,15.0,19.5,0.0,30.34,0.0
2021,140,18.5,10.1,14.1,0.0,31.08,0.0
2021,141,14.5,6.8,10.3,4.6,22.51,0.0
2021,142,17.4,7.6,12.7,0.1,25.1,0.0
2021,143,21.9,10.6,15.9,0.0,30.3,0.0
2021,144,26.2,13.2,19.6,0.0,30.38,0.0
2021,145,26.6,15.5,21.1,0.0,30.07,0.0
2021,146,27.1,16.2,21.2,0.0,30.38,0.0
2021,147,27.7,16.2,21.8,0.0,30.27,0.0
2021,148,27.7,15.2,22.0,0.0,30.62,0.0
2021,149,27.1,17.1,22.0,0.0,28.81,0.0
2021,150,31.0,17.9,24.4,0.0,28.94,0.0
2021,151,34.7,21.0,27.8,0.0,28.7,0.0
2021,152,35.6,23.1,29.3,0.0,28.66,0.0
2021,153,36.0,23.6,29.8,0.0,28.26,0.0
2021,154,35.2,24.2,29.6,0.0,28.45,0.0
2021,155,34.8,23.2,28.8,0.0,30.02,0.0
2021,156,33.5,22.6,27.8,0.0,30.62,0.0
2021,157,31.2,20.6,25.8,0.0,30.89,0.0
2021,158,24.8,16.6,20.9,0.0,23.37,0.0
2021,159,23.6,12.7,17.9,0.0,30.95,0.0
2021,160,23.0,12.0,17.3,0.0,31.18,0.0
2021,161,21.7,9.7,15.5,0.0,31.57,0.0
2021,162,25.8,12.7,19.3,0.0,31.13,0.0
2021,163,30.1,17.4,23.3,0.0,31.04,0.0
2021,164,31.6,19.1,25.5,0.0,30.77,0.0
2021,165,31.8,19.7,25.4,0.0,30.78,0.0
2021,166,32.9,20.5,26.3,0.0,31.06,0.0
2021,167,38.4,22.4,29.6,0.0,28.73,0.0
2021,168,39.5,23.8,32.2,0.0,28.54,0.0
2021,169,39.1,27.3,33.9,0.0,23.19,0.0
2021,170,39.6,26.8,33.7,0.0,30.01,0.0
2021,171,37.9,27.0,32.5,0.0,30.65,0.0
2021,172,35.7,24.4,30.1,0.0,31.16,0.0
2021,173,34.0,22.1,27.7,0.0,31.26,0.0
2021,174,32.7,20.2,26.2,0.0,28.92,0.0
2021,175,31.2,18.0,24.6,0.0,30.9,0.0
2021,176,31.2,19.9,25.2,0.0,30.11,0.0
2021,177,35.2,22.3,28.6,0.0,29.35,0.0
2021,178,38.9,25.5,31.9,0.0,27.42,0.0
2021,179,38.5,25.7,31.7,0.0,24.26,0.0
2021,180,36.4,25.3,31.3,0.0,21.63,0.0
2021,181,36.6,26.1,31.1,0.0,24.02,0.0
2021,182,34.8,23.3,28.8,0.0,30.28,0.0
2021,183,35.0,23.1,29.2,0.0,30.14,0.0
2021,184,36.3,23.6,29.8,0.0,29.35,0.0
2021,185,34.9,24.3,29.3,0.0,30.73,0.0
2021,186,34.8,22.8,28.9,0.0,30.33,0.0
2021,187,35.0,23.1,28.9,0.0,28.86,0.0
2021,188,35.9,22.9,29.6,0.0,29.81,0.0
2021,189,38.7,25.4,32.3,0.0,27.81,0.0
2021,190,40.5,27.7,33.9,0.0,27.9,0.0
2021,191,41.5,29.1,34.8,0.0,28.17,0.0
2021,192,41.2,30.3,35.1,0.0,27.81,0.0
2021,193,40.0,29.4,34.4,0.0,28.29,0.0
2021,194,38.6,27.4,32.9,0.0,25.47,0.0
2021,195,36.9,26.3,31.2,0.0,28.52,0.0
2021,196,34.6,26.2,29.4,0.0,27.42,0.0
2021,197,35.0,23.1,28.8,0.0,29.65,0.0
2021,198,36.3,24.2,30.2,0.0,29.54,0.0
2021,199,33.3,25.7,30.1,0.5,17.53,0.0
2021,200,36.7,25.8,30.8,0.0,26.35,0.0
2021,201,36.5,23.9,30.5,0.0,29.52,0.0
2021,202,35.9,23.4,29.7,0.0,29.36,0.0
2021,203,36.8,25.4,30.8,0.0,28.37,0.0
2021,204,35.6,24.2,30.1,0.0,28.95,0.0
2021,205,36.1,23.9,30.1,0.0,27.44,0.0
2021,206,34.8,24.5,29.7,0.0,24.78,0.0
2021,207,32.2,23.1,27.5,0.0,21.61,0.0
2021,208,35.8,23.5,29.7,0.0,26.78,0.0
2021,209,36.6,23.8,30.4,0.0,27.21,0.0
2021,210,35.9,25.5,30.5,0.0,20.91,0.0
2021,211,36.5,25.5,31.5,0.0,22.26,0.0
2021,212,35.9,26.1,30.5,0.0,22.73,0.0
2021,213,36.4,23.7,30.4,0.0,28.75,0.0
2021,214,36.4,23.5,30.0,0.0,29.01,0.0
2021,215,37.7,24.6,31.1,0.0,28.47,0.0
2021,216,38.7,25.2,32.4,0.0,28.34,0.0
2021,217,35.3,25.9,30.1,0.0,28.39,0.0
2021,218,33.5,22.0,27.6,0.0,29.13,0.0
2021,219,35.3,22.2,29.0,0.0,28.72,0.0
2021,220,35.6,23.3,29.4,0.0,28.42,0.0
2021,221,35.4,23.6,29.5,0.0,28.25,0.0
2021,222,36.8,24.4,30.8,0.0,27.98,0.0
2021,223,36.0,27.0,31.1,0.0,26.24,0.0
2021,224,35.6,26.2,30.6,0.0,24.07,0.0
2021,225,36.3,25.6,30.4,0.0,25.53,0.0
2021,226,36.5,25.4,30.4,0.0,24.22,0.0
2021,227,39.2,26.5,31.8,0.0,22.87,0.0
2021,228,38.7,27.6,32.5,0.0,25.46,0.0
2021,229,35.3,25.0,30.4,0.0,26.83,0.0
2021,230,28.2,20.7,24.1,0.0,27.6,0.0
2021,231,28.6,17.9,22.8,0.0,26.96,0.0
2021,232,31.5,19.3,25.0,0.0,26.72,0.0
2021,233,30.6,21.2,25.4,0.0,26.65,0.0
2021,234,30.2,19.0,24.2,0.0,26.65,0.0
2021,235,31.4,20.3,25.5,0.0,26.61,0.0
2021,236,33.1,20.7,26.7,0.0,26.9,0.0
2021,237,33.3,21.3,26.9,0.0,26.72,0.0
2021,238,32.5,20.9,26.7,0.0,26.68,0.0
2021,239,34.8,21.1,28.0,0.0,26.63,0.0
2021,240,37.4,22.9,30.7,0.0,26.33,0.0
2021,241,37.9,23.9,31.5,0.0,25.78,0.0
2021,242,37.4,25.7,31.5,0.0,25.72,0.0
2021,243,34.6,24.3,29.6,0.0,24.08,0.0
2021,244,30.4,21.7,25.7,0.0,25.62,0.0
2021,245,29.7,18.8,23.8,0.0,25.86,0.0
2021,246,30.8,19.0,24.8,0.0,25.88,0.0
2021,247,32.4,19.9,26.4,0.0,25.38,0.0
2021,248,35.1,21.3,28.7,0.0,25.14,0.0
2021,249,37.3,24.8,31.1,0.0,24.46,0.0
2021,250,38.1,25.1,31.8,0.0,24.11,0.0
2021,251,37.8,25.2,31.4,0.0,22.99,0.0
2021,252,37.0,26.2,31.7,0.0,20.19,0.0
2021,253,33.9,24.8,29.4,0.0,20.89,0.0
2021,254,32.7,22.8,27.5,0.0,23.17,0.0
2021,255,33.2,21.7,27.3,0.0,23.66,0.0
2021,256,32.4,21.9,27.1,0.0,23.59,0.0
2021,257,33.0,21.5,27.4,0.0,23.49,0.0
2021,258,32.1,21.5,26.8,0.0,23.36,0.0
2021,259,30.0,21.0,25.4,0.0,23.19,0.0
2021,260,30.2,19.0,24.8,0.0,22.1,0.0
2021,261,28.4,18.5,23.1,0.0,22.75,0.0
2021,262,25.5,17.5,20.9,0.0,22.19,0.0
2021,263,29.7,17.6,23.6,0.0,22.36,0.0
2021,264,33.1,20.4,27.0,0.0,22.3,0.0
2021,265,33.8,22.5,27.9,0.0,21.85,0.0
2021,266,31.6,20.4,26.4,0.0,21.68,0.0
2021,267,32.8,22.1,27.0,0.0,21.51,0.0
2021,268,31.6,21.7,26.1,0.0,20.45,0.0
2021,269,29.2,20.7,24.2,0.0,20.63,0.0
2021,270,28.1,20.7,23.6,0.0,20.78,0.0
2021,271,19.7,13.2,16.5,1.0,13.13,0.0
2021,272,23.1,11.2,17.0,0.0,20.6,0.0
2021,273,26.8,14.9,21.0,0.0,20.83,0.0
2021,274,28.7,17.1,23.0,0.0,20.91,0.0
2021,275,29.8,18.2,23.9,0.0,20.66,0.0
2021,276,30.7,18.2,24.5,0.0,20.42,0.0
2021,277,29.3,20.4,24.5,0.0,15.48,0.0
2021,278,25.5,18.2,21.9,0.0,16.9,0.0
2021,279,24.6,16.4,20.9,0.0,18.45,0.0
2021,280,22.8,16.2,19.3,0.0,15.93,0.0
2021,281,16.2,12.2,14.1,2.9,9.49,0.0
2021,282,17.7,9.4,13.5,1.4,18.53,0.0
2021,283,21.4,10.9,16.1,0.0,19.01,0.0
2021,284,17.1,7.0,12.1,1.3,14.12,0.0
2021,285,14.5,4.7,9.1,0.0,19.12,0.0
2021,286,17.2,8.7,12.7,0.0,18.35,0.0
2021,287,19.9,11.0,15.3,0.0,18.45,0.0
2021,288,24.3,14.1,19.2,0.0,18.23,0.0
2021,289,25.7,16.6,20.9,0.0,18.14,0.0
2021,290,23.2,13.8,19.0,0.0,16.5,0.0
2021,291,13.6,8.6,10.8,5.1,13.11,0.0
2021,292,18.6,8.7,13.2,0.0,17.64,0.0
2021,293,20.8,12.8,16.6,0.0,16.16,0.0
2021,294,23.4,15.7,19.4,0.0,13.95,0.0
2021,295,20.7,13.9,17.9,0.1,13.5,0.0
2021,296,16.0,11.8,13.4,2.6,9.16,0.0
2021,297,19.4,12.2,16.2,1.6,3.27,0.0
2021,298,16.7,5.6,12.0,46.9,1.74,0.0
2021,299,13.1,7.1,10.3,0.0,11.66,0.0
2021,300,17.7,10.1,14.3,0.0,15.48,0.0
2021,301,23.7,13.7,19.6,0.0,15.57,0.0
2021,302,25.4,16.2,20.5,0.0,15.45,0.0
2021,303,22.4,15.2,19.5,0.0,13.8,0.0
2021,304,18.1,13.8,16.0,0.0,11.07,0.0
2021,305,19.9,13.3,15.7,0.0,9.96,0.0
2021,306,18.8,12.3,15.7,0.0,13.91,0.0
2021,307,22.4,13.3,17.7,0.0,14.53,0.0
2021,308,19.9,13.7,17.2,0.0,14.4,0.0
2021,309,22.2,11.3,17.3,0.0,14.71,0.0
2021,310,19.7,12.1,16.1,0.0,14.28,0.0
2021,311,15.1,9.9,12.6,0.0,12.29,0.0
2021,312,18.2,8.3,14.1,0.0,13.9,0.0
2021,313,16.1,11.7,13.8,7.3,3.81,0.0
2021,314,16.6,10.4,13.8,0.0,12.41,0.0
2021,315,20.5,11.3,16.7,0.0,13.58,0.0
2021,316,23.4,14.4,19.5,0.0,13.54,0.0
2021,317,23.0,13.1,18.5,0.0,13.7,0.0
2021,318,25.4,15.2,19.7,0.0,13.46,0.0
2021,319,25.2,15.9,20.1,0.0,12.11,0.0
2021,320,21.4,12.8,16.6,0.0,13.14,0.0
2021,321,20.1,11.3,15.5,0.0,13.07,0.0
2021,322,21.4,13.8,17.2,0.0,10.74,0.0
2021,323,18.3,12.2,15.1,0.0,12.04,0.0
2021,324,16.3,10.6,13.7,0.0,11.89,0.0
2021,325,19.7,11.1,15.0,0.0,12.86,0.0
2021,326,20.2,13.7,16.3,0.0,13.08,0.0
2021,327,17.0,10.0,13.9,0.0,12.69,0.0
2021,328,15.6,7.5,12.0,0.0,12.17,0.0
2021,329,18.6,9.9,14.1,0.0,12.51,0.0
2021,330,18.2,10.5,14.9,0.0,10.63,0.0
2021,331,20.9,12.4,16.6,0.0,11.96,0.0
2021,332,22.9,13.8,17.9,0.0,11.94,0.0
2021,333,21.4,13.0,17.3,0.0,11.9,0.0
2021,334,22.3,12.7,18.2,0.0,11.74,0.0
2021,335,24.1,15.5,19.6,0.0,11.94,0.0
2021,336,22.2,14.8,18.6,0.0,10.13,0.0
2021,337,19.5,13.0,17.0,0.0,11.39,0.0
2021,338,17.6,10.0,13.9,0.0,11.62,0.0
2021,339,15.9,11.2,13.3,0.0,10.48,0.0
2021,340,18.5,10.4,14.8,0.0,9.87,0.0
2021,341,14.4,9.4,11.8,0.1,8.96,0.0
2021,342,16.1,7.9,12.2,0.0,10.74,0.0
2021,343,12.2,4.8,7.6,22.2,1.16,0.0
2021,344,8.5,5.2,6.6,1.0,5.54,0.0
2021,345,12.3,6.4,9.1,0.0,11.2,0.0
2021,346,12.8,6.7,10.6,0.0,10.73,0.0
2021,347,12.0,8.6,10.3,6.8,1.64,0.0
2021,348,11.1,1.1,5.7,48.3,1.02,0.0
2021,349,4.3,-0.5,2.3,0.0,10.93,0.0
2021,350,10.3,3.3,6.5,4.3,2.89,0.0
2021,351,9.8,2.3,6.2,0.0,10.68,0.0
2021,352,14.4,1.8,8.3,0.0,10.94,0.0
2021,353,16.3,2.9,9.8,0.0,11.53,0.0
2021,354,14.8,6.6,11.6,0.0,9.44,0.0
2021,355,16.9,9.8,12.5,0.0,10.91,0.0
2021,356,16.2,10.4,13.2,10.4,6.1,0.0
2021,357,13.0,10.0,11.7,30.7,1.24,0.0
2021,358,10.4,7.5,8.9,8.6,3.69,0.0
2021,359,11.1,4.7,8.0,7.8,7.05,0.0
2021,360,8.3,1.7,4.6,14.8,9.02,0.0
2021,361,5.3,2.6,3.8,16.2,1.23,0.0
2021,362,2.8,0.6,2.0,4.2,4.56,0.0
2021,363,6.8,-1.1,4.4,5.3,3.68,0.0
2021,364,10.0,5.2,7.0,0.9,7.03,0.0
2021,365,6.7,2.9,4.8,0.5,6.87,0.0
2022,1,8.9,1.2,4.9,0.1,9.24,0.0
2022,2,12.3,2.5,7.5,0.0,11.58,0.0
2022,3,12.9,1.2,7.1,0.0,11.56,0.0
2022,4,11.3,5.1,9.0,0.0,11.21,0.0
2022,5,13.2,6.8,10.3,0.0,9.9,0.0
2022,6,15.9,8.1,13.5,0.0,11.34,0.0
2022,7,15.4,7.1,10.9,0.0,10.73,0.0
2022,8,10.2,6.3,8.5,1.5,5.0,0.0
2022,9,15.8,7.5,11.4,0.0,12.14,0.0
2022,10,15.5,9.8,12.4,0.0,9.32,0.0
2022,11,16.9,8.4,12.7,0.0,12.09,0.0
2022,12,19.8,10.2,15.7,0.0,11.68,0.0
2022,13,19.4,11.8,15.6,0.0,6.4,0.0
2022,14,16.6,9.7,13.7,0.0,11.72,0.0
2022,15,16.6,10.2,13.1,0.0,7.61,0.0
2022,16,16.1,10.7,13.8,0.0,10.76,0.0
2022,17,15.5,8.9,12.3,0.0,11.33,0.0
2022,18,13.0,7.5,10.5,0.0,11.45,0.0
2022,19,14.0,8.3,11.0,0.0,11.6,0.0
2022,20,17.1,7.6,13.3,0.0,12.73,0.0
2022,21,14.3,6.7,10.8,3.8,12.82,0.0
2022,22,15.9,4.9,10.0,0.2,13.05,0.0
2022,23,15.2,8.8,11.8,0.0,13.28,0.0
2022,24,15.0,7.6,11.5,0.0,13.32,0.0
2022,25,14.7,8.8,12.2,0.0,13.56,0.0
2022,26,14.7,7.6,10.9,0.0,13.76,0.0
2022,27,15.8,7.0,11.5,0.0,13.88,0.0
2022,28,16.1,8.1,12.1,0.0,12.7,0.0
2022,29,14.4,7.9,11.0,0.0,9.44,0.0
2022,30,15.2,8.0,11.3,0.0,14.33,0.0
2022,31,12.9,7.0,10.8,0.0,8.99,0.0
2022,32,10.9,5.2,8.2,0.0,13.14,0.0
2022,33,10.2,3.0,6.9,0.0,12.92,0.0
2022,34,13.0,4.0,8.7,0.0,14.57,0.0
2022,35,14.2,7.7,10.5,0.0,14.86,0.0
2022,36,15.1,7.3,11.2,0.0,14.22,0.0
2022,37,18.4,8.4,14.0,0.0,15.4,0.0
2022,38,19.5,13.0,15.6,0.0,15.48,0.0
2022,39,19.4,9.9,15.5,0.0,15.47,0.0
2022,40,20.6,12.9,16.7,0.0,15.78,0.0
2022,41,22.0,12.7,17.3,0.0,15.91,0.0
2022,42,23.0,13.4,18.1,0.0,16.08,0.0
2022,43,23.5,15.8,18.6,0.0,16.41,0.0
2022,44,22.2,13.6,17.2,0.0,16.49,0.0
2022,45,20.1,12.7,16.1,0.0,14.84,0.0
2022,46,15.3,4.6,7.2,3.0,10.44,0.0
2022,47,11.5,4.4,8.1,0.0,16.92,0.0
2022,48,14.9,7.6,11.1,0.0,17.13,0.0
2022,49,16.9,7.9,12.7,0.0,17.36,0.0
2022,50,18.7,11.7,14.7,0.0,17.6,0.0
2022,51,17.0,8.4,13.0,0.0,15.63,0.0
2022,52,10.8,3.7,7.5,0.7,10.27,0.0
2022,53,4.8,-0.2,3.3,19.7,4.78,0.0
2022,54,3.3,-2.5,-0.2,1.5,13.7,0.0
2022,55,5.8,-0.9,2.1,0.0,18.8,0.0
2022,56,10.5,-1.8,4.8,0.0,19.04,0.0
2022,57,14.4,5.8,9.5,0.0,18.32,0.0
2022,58,16.0,8.7,12.0,0.0,17.76,0.0
2022,59,18.7,8.8,14.2,0.0,19.36,0.0
2022,60,20.6,10.5,15.7,0.0,19.11,0.0
2022,61,22.4,10.9,16.5,0.0,19.36,0.0
2022,62,18.9,10.3,15.3,0.0,15.99,0.0
2022,63,11.9,7.5,8.7,15.0,3.5,0.0
2022,64,6.9,-0.1,3.5,13.4,14.0,0.0
2022,65,8.8,0.6,4.9,0.0,15.15,0.0
2022,66,12.7,5.4,8.3,0.0,20.3,0.0
2022,67,14.3,7.3,10.3,0.0,20.68,0.0
2022,68,15.0,8.0,11.0,0.0,20.45,0.0
2022,69,13.2,7.5,10.0,0.2,19.27,0.0
2022,70,16.2,8.3,11.8,0.0,21.07,0.0
2022,71,18.7,10.4,14.1,0.0,21.36,0.0
2022,72,17.4,10.1,12.9,0.0,21.37,0.0
2022,73,18.6,8.8,13.6,0.0,21.25,0.0
2022,74,17.5,10.4,14.2,0.0,16.79,0.0
2022,75,16.4,10.0,12.7,0.3,18.79,0.0
2022,76,18.2,10.4,14.0,0.0,16.87,0.0
2022,77,19.9,11.4,14.8,0.0,22.31,0.0
2022,78,15.7,8.4,13.2,1.2,12.94,0.0
2022,79,12.9,7.2,9.3,4.4,13.41,0.0
2022,80,16.8,7.3,12.4,0.0,22.2,0.0
2022,81,23.1,12.1,17.8,0.0,22.52,0.0
2022,82,25.1,15.7,20.0,0.0,22.89,0.0
2022,83,25.0,16.3,20.3,0.0,22.82,0.0
2022,84,26.0,16.6,21.3,0.0,22.27,0.0
2022,85,24.8,15.4,20.6,0.0,22.17,0.0
2022,86,23.4,13.3,18.9,0.0,22.57,0.0
2022,87,13.9,7.7,10.6,6.1,7.62,0.0
2022,88,12.5,6.9,9.5,2.2,12.73,0.0
2022,89,17.0,9.0,12.3,0.0,15.62,0.0
2022,90,15.4,9.8,12.1,0.1,15.4,0.0
2022,91,20.9,10.0,15.2,0.0,23.72,0.0
2022,92,20.9,12.7,17.1,0.0,23.42,0.0
2022,93,20.1,13.0,16.4,0.0,20.96,0.0
2022,94,19.3,11.3,15.0,0.0,23.93,0.0
2022,95,20.0,11.4,15.6,0.0,24.58,0.0
2022,96,26.0,12.9,19.6,0.0,25.32,0.0
2022,97,28.9,19.2,23.6,0.0,25.42,0.0
2022,98,28.7,18.8,23.6,0.0,25.5,0.0
2022,99,22.5,14.4,19.6,0.0,25.91,0.0
2022,100,18.4,10.3,14.1,0.0,26.0,0.0
2022,101,12.4,6.6,10.3,3.7,8.01,0.0
2022,102,12.2,2.3,7.0,0.1,26.75,0.0
2022,103,13.7,3.0,8.3,0.0,26.69,0.0
2022,104,16.3,7.7,11.6,0.0,25.49,0.0
2022,105,18.1,8.8,13.5,0.0,25.42,0.0
2022,106,16.1,10.9,13.0,2.7,13.68,0.0
2022,107,21.4,9.2,15.3,0.0,27.22,0.0
2022,108,22.8,12.4,17.7,0.0,24.33,0.0
2022,109,19.8,12.7,15.7,0.0,22.73,0.0
2022,110,19.1,9.2,14.3,0.0,27.14,0.0
2022,111,15.3,8.2,12.3,4.6,15.02,0.0
2022,112,12.9,6.7,8.8,16.0,19.12,0.0
2022,113,16.6,7.3,11.8,0.0,26.94,0.0
2022,114,20.6,11.8,15.6,0.0,27.87,0.0
2022,115,23.9,13.8,18.3,0.0,27.92,0.0
2022,116,22.3,14.8,18.6,0.0,26.24,0.0
2022,117,21.0,12.1,16.3,0.0,27.45,0.0
2022,118,17.8,10.2,14.0,0.0,28.7,0.0
2022,119,20.3,9.6,14.7,0.0,28.71,0.0
2022,120,22.7,12.7,17.4,0.0,28.71,0.0
2022,121,19.8,10.6,15.8,0.0,28.62,0.0
2022,122,23.6,13.3,18.0,0.0,28.64,0.0
2022,123,21.5,9.8,16.2,0.0,29.15,0.0
2022,124,26.5,15.8,20.3,0.0,29.23,0.0
2022,125,27.5,17.3,22.2,0.0,27.88,0.0
2022,126,24.8,16.8,20.2,0.0,28.44,0.0
2022,127,21.8,13.6,17.8,0.0,27.23,0.0
2022,128,17.3,8.4,13.2,0.0,28.42,0.0
2022,129,14.9,4.9,9.6,0.0,26.84,0.0
2022,130,14.2,5.3,9.7,0.0,23.36,0.0
2022,131,14.8,5.7,9.6,0.1,29.28,0.0
2022,132,19.8,7.2,13.8,0.0,29.15,0.0
2022,133,22.7,12.1,17.5,0.0,30.25,0.0
2022,134,27.8,15.8,21.6,0.0,29.6,0.0
2022,135,28.2,18.9,23.2,0.0,26.48,0.0
2022,136,26.0,17.5,21.1,0.0,29.54,0.0
2022,137,24.2,16.2,19.7,0.0,29.72,0.0
2022,138,29.3,18.0,23.5,0.0,29.98,0.0
2022,139,29.8,20.5,24.5,0.0,29.79,0.0
2022,140,23.3,13.4,19.3,0.0,30.5,0.0
2022,141,24.5,14.0,18.8,0.0,30.74,0.0
2022,142,26.5,16.6,21.0,0.0,30.23,0.0
2022,143,27.7,17.3,22.3,0.0,30.08,0.0
2022,144,31.2,20.1,25.3,0.0,30.17,0.0
2022,145,33.9,23.7,28.2,0.0,29.83,0.0
2022,146,32.5,21.5,27.1,0.0,30.13,0.0
2022,147,26.8,18.5,22.3,0.0,26.16,0.0
2022,148,23.3,14.9,19.2,0.0,23.79,0.0
2022,149,22.3,11.7,16.6,0.4,24.62,0.0
2022,150,23.4,12.6,17.7,0.0,31.04,0.0
2022,151,25.1,13.5,19.0,0.0,31.05,0.0
2022,152,29.8,18.3,23.5,0.0,30.86,0.0
2022,153,29.9,19.9,24.7,0.0,27.03,0.0
2022,154,28.9,20.6,23.7,0.0,28.34,0.0
2022,155,26.0,15.8,21.5,0.0,24.71,0.0
2022,156,28.2,18.7,22.9,0.0,29.01,0.0
2022,157,28.1,17.4,22.5,0.0,29.99,0.0
2022,158,30.6,19.1,24.5,0.0,30.89,0.0
2022,159,31.1,20.7,25.4,0.0,30.5,0.0
2022,160,32.8,20.8,26.4,0.0,29.63,0.0
2022,161,35.5,25.0,29.2,0.0,30.34,0.0
2022,162,35.0,23.9,29.5,0.0,30.34,0.0
2022,163,32.7,23.0,27.7,0.0,30.01,0.0
2022,164,26.0,16.4,20.5,0.1,26.21,0.0
2022,165,28.6,16.4,22.0,0.0,31.33,0.0
2022,166,33.0,19.2,26.0,0.0,31.19,0.0
2022,167,33.4,22.7,27.7,0.0,31.46,0.0
2022,168,23.1,14.4,17.7,0.0,13.99,0.0
2022,169,22.6,11.8,17.0,0.0,31.38,0.0
2022,170,24.5,12.5,18.2,0.0,31.55,0.0
2022,171,30.2,17.2,23.4,0.0,31.19,0.0
2022,172,34.8,21.0,27.7,0.0,30.91,0.0
2022,173,31.9,20.5,26.5,4.6,19.2,0.0
2022,174,32.6,20.6,26.7,0.0,29.58,0.0
2022,175,34.2,22.4,28.2,0.0,30.11,0.0
2022,176,35.4,24.4,29.4,0.0,29.93,0.0
2022,177,36.0,25.3,30.3,0.0,30.46,0.0
2022,178,37.2,26.4,31.2,0.0,30.14,0.0
2022,179,36.6,24.9,30.9,0.0,29.21,0.0
2022,180,35.6,24.9,30.2,0.0,30.4,0.0
2022,181,33.6,22.4,28.2,0.0,30.81,0.0
2022,182,32.9,22.9,27.2,0.0,30.52,0.0
2022,183,31.2,21.2,26.1,0.0,30.64,0.0
2022,184,27.3,17.6,22.2,0.0,30.38,0.0
2022,185,27.5,17.8,21.9,0.0,30.23,0.0
2022,186,29.1,19.6,23.6,0.0,29.85,0.0
2022,187,29.8,18.3,23.8,0.0,30.03,0.0
2022,188,31.7,19.1,25.5,0.0,30.26,0.0
2022,189,33.2,21.3,27.4,0.0,29.97,0.0
2022,190,32.3,21.3,26.8,0.0,30.31,0.0
2022,191,33.6,22.9,27.7,0.0,30.12,0.0
2022,192,36.9,24.3,30.4,0.0,29.92,0.0
2022,193,36.3,25.7,30.8,0.0,29.67,0.0
2022,194,35.2,23.9,29.3,0.0,29.98,0.0
2022,195,37.1,25.0,31.2,0.0,29.08,0.0
2022,196,37.5,27.3,32.0,0.0,28.68,0.0
2022,197,39.0,28.4,33.4,0.0,27.95,0.0
2022,198,39.7,30.0,34.2,0.0,27.21,0.0
2022,199,36.9,27.1,31.8,0.0,28.0,0.0
2022,200,37.0,26.6,31.1,0.0,29.01,0.0
2022,201,37.0,27.3,31.6,0.0,29.09,0.0
2022,202,37.0,27.0,31.3,0.0,29.17,0.0
2022,203,35.7,26.6,30.3,0.0,29.26,0.0
2022,204,36.0,24.6,30.3,0.0,29.13,0.0
2022,205,36.2,26.9,31.0,0.0,29.52,0.0
2022,206,36.3,27.0,30.7,0.0,28.88,0.0
2022,207,35.1,26.6,30.4,0.0,27.58,0.0
2022,208,34.8,24.1,29.5,0.1,26.13,0.0
2022,209,35.4,25.1,30.1,0.0,22.47,0.0
2022,210,36.9,26.5,31.4,0.0,26.46,0.0
2022,211,37.0,27.4,31.8,0.0,25.71,0.0
2022,212,35.4,24.9,29.5,8.1,21.39,0.0
2022,213,34.6,23.0,28.8,2.0,25.49,0.0
2022,214,34.5,25.8,29.6,0.0,26.44,0.0
2022,215,36.1,26.5,30.5,0.0,23.9,0.0
2022,216,35.4,26.1,30.0,2.9,22.49,0.0
2022,217,31.2,22.6,25.6,13.6,15.12,0.0
2022,218,32.9,22.9,27.4,0.0,28.23,0.0
2022,219,34.3,24.0,28.7,0.0,27.08,0.0
2022,220,34.0,25.2,29.1,0.0,25.5,0.0
2022,221,33.3,25.3,28.9,0.0,23.95,0.0
2022,222,33.0,23.2,27.7,0.0,27.34,0.0
2022,223,34.4,24.4,28.7,0.0,27.47,0.0
2022,224,34.6,24.3,28.7,0.0,27.69,0.0
2022,225,34.3,24.0,28.9,0.0,27.36,0.0
2022,226,35.2,24.7,29.5,0.0,27.72,0.0
2022,227,36.3,24.6,30.5,0.0,27.34,0.0
2022,228,38.0,28.0,32.3,0.0,25.51,0.0
2022,229,37.7,27.4,32.5,0.0,24.63,0.0
2022,230,36.3,26.5,30.9,0.0,26.11,0.0
2022,231,35.7,26.3,30.4,0.0,26.05,0.0
2022,232,37.5,27.4,32.0,0.0,26.43,0.0
2022,233,36.3,26.4,31.2,0.0,26.34,0.0
2022,234,35.2,25.6,29.8,0.0,25.81,0.0
2022,235,37.0,24.6,30.6,0.0,25.86,0.0
2022,236,37.9,26.8,32.3,0.0,25.02,0.0
2022,237,36.2,26.0,31.0,0.0,25.03,0.0
2022,238,36.4,26.2,30.5,0.0,25.74,0.0
2022,239,35.2,25.0,30.2,0.0,25.87,0.0
2022,240,32.8,24.3,27.7,0.0,25.61,0.0
2022,241,34.3,23.9,28.8,0.0,25.13,0.0
2022,242,36.7,25.1,30.6,0.0,25.33,0.0
2022,243,37.6,28.1,32.0,0.0,25.26,0.0
2022,244,40.0,28.6,33.3,0.0,24.51,0.0
2022,245,39.1,28.2,33.4,0.0,22.8,0.0
2022,246,37.9,28.3,32.9,0.0,22.72,0.0
2022,247,38.3,28.8,33.2,0.0,22.6,0.0
2022,248,39.8,28.4,33.9,0.0,22.35,0.0
2022,249,41.5,28.7,34.9,0.0,22.15,0.0
2022,250,39.7,30.5,34.3,0.0,22.4,0.0
2022,251,37.4,29.4,33.2,0.0,21.57,0.0
2022,252,37.5,28.5,32.6,0.0,20.59,0.0
2022,253,30.2,24.1,27.8,0.0,14.07,0.0
2022,254,30.1,23.2,26.2,0.8,18.42,0.0
2022,255,29.8,23.3,26.0,0.0,18.96,0.0
2022,256,28.6,20.3,24.5,0.0,20.18,0.0
2022,257,25.2,17.2,21.0,0.0,23.25,0.0
2022,258,24.4,15.6,20.0,0.0,22.85,0.0
2022,259,25.7,16.2,20.7,0.0,22.5,0.0
2022,260,26.4,17.0,21.5,0.0,22.58,0.0
2022,261,24.8,15.2,19.8,0.0,21.48,0.0
2022,262,24.6,15.7,19.6,0.0,21.24,0.0
2022,263,23.3,16.3,19.6,0.0,17.21,0.0
2022,264,23.9,14.7,19.1,0.0,21.21,0.0
2022,265,25.1,15.2,20.3,0.0,22.23,0.0
2022,266,29.5,18.0,23.5,0.0,22.28,0.0
2022,267,31.5,21.0,25.9,0.0,21.48,0.0
2022,268,33.0,24.3,28.1,0.0,20.23,0.0
2022,269,34.3,25.6,29.1,0.0,18.98,0.0
2022,270,33.3,24.1,28.4,0.0,19.4,0.0
2022,271,33.5,23.7,28.1,0.0,20.66,0.0
2022,272,30.3,21.4,25.8,0.0,20.74,0.0
2022,273,28.9,19.9,24.4,0.0,20.44,0.0
2022,274,28.9,19.8,24.3,0.0,20.35,0.0
2022,275,28.1,19.5,23.7,0.0,20.18,0.0
2022,276,27.8,19.0,23.1,0.0,19.96,0.0
2022,277,30.1,20.3,24.7,0.0,19.81,0.0
2022,278,30.5,21.4,25.4,0.0,19.65,0.0
2022,279,31.1,23.0,26.5,0.0,18.91,0.0
2022,280,31.0,22.7,26.3,0.0,19.14,0.0
2022,281,31.3,22.7,26.5,0.0,18.38,0.0
2022,282,30.7,21.8,26.0,0.0,17.83,0.0
2022,283,29.8,22.6,25.6,0.0,17.94,0.0
2022,284,28.9,21.4,24.6,0.0,17.18,0.0
2022,285,28.7,20.9,24.6,0.0,17.78,0.0
2022,286,28.8,21.0,24.2,0.0,17.31,0.0
2022,287,29.0,20.3,24.1,0.0,18.14,0.0
2022,288,28.1,19.1,23.2,0.0,17.35,0.0
2022,289,23.7,17.4,20.1,0.0,17.3,0.0
2022,290,26.4,16.6,20.8,0.0,16.92,0.0
2022,291,27.7,18.7,22.8,0.0,16.74,0.0
2022,292,28.3,19.1,23.4,0.0,17.14,0.0
2022,293,28.4,19.8,23.5,0.0,16.12,0.0
2022,294,26.6,19.2,22.6,0.0,16.95,0.0
2022,295,22.1,11.7,17.2,7.4,8.38,0.0
2022,296,14.7,8.3,11.4,0.0,16.69,0.0
2022,297,17.7,10.5,13.8,0.0,16.56,0.0
2022,298,19.7,11.2,15.2,0.0,16.03,0.0
2022,299,17.4,11.3,14.3,0.0,16.29,0.0
2022,300,19.7,10.0,14.5,0.0,16.05,0.0
2022,301,20.9,14.6,17.0,0.0,15.1,0.0
2022,302,19.7,12.0,15.8,0.0,15.84,0.0
2022,303,21.0,11.4,16.7,0.0,15.67,0.0
2022,304,23.0,14.6,18.4,0.0,12.96,0.0
2022,305,17.9,9.8,15.4,7.4,6.75,0.0
2022,306,11.6,5.3,8.5,0.6,12.37,0.0
2022,307,7.7,3.6,5.9,1.4,6.35,0.0
2022,308,11.9,5.3,8.7,0.0,14.17,0.0
2022,309,14.9,8.3,12.2,0.0,14.32,0.0
2022,310,16.0,9.9,13.4,5.7,7.53,0.0
2022,311,13.4,8.6,11.1,19.1,1.75,0.0
2022,312,13.0,5.1,8.7,18.1,2.5,0.0
2022,313,9.5,4.1,6.5,5.4,10.66,0.0
2022,314,11.1,3.4,7.5,0.0,14.18,0.0
2022,315,14.0,5.3,10.2,0.0,12.99,0.0
2022,316,13.2,6.7,10.3,0.0,13.84,0.0
2022,317,10.0,3.1,7.1,0.0,12.99,0.0
2022,318,14.7,6.3,10.4,0.0,13.76,0.0
2022,319,14.3,7.4,11.0,0.0,13.59,0.0
2022,320,15.9,8.1,12.4,0.0,13.43,0.0
2022,321,17.2,8.7,13.0,0.0,13.36,0.0
2022,322,13.6,7.5,10.7,0.0,10.64,0.0
2022,323,15.0,7.9,11.3,0.0,13.16,0.0
2022,324,16.8,8.7,12.5,0.0,13.36,0.0
2022,325,16.4,7.9,12.1,0.0,12.85,0.0
2022,326,15.7,8.7,12.0,0.0,12.84,0.0
2022,327,16.0,8.8,12.8,0.0,12.29,0.0
2022,328,20.6,11.0,15.7,0.0,12.5,0.0
2022,329,18.7,11.0,14.1,0.0,11.45,0.0
2022,330,16.0,10.5,13.4,0.0,11.65,0.0
2022,331,16.0,8.7,12.3,0.0,12.07,0.0
2022,332,13.3,6.0,10.3,0.0,11.34,0.0
2022,333,11.4,3.9,7.6,0.0,11.62,0.0
2022,334,13.9,6.4,9.8,0.0,11.89,0.0
2022,335,11.4,7.7,9.4,14.7,2.93,0.0
2022,336,12.3,6.9,9.6,10.2,8.43,0.0
2022,337,15.8,9.6,12.9,12.7,2.24,0.0
2022,338,14.2,9.6,12.2,5.7,4.1,0.0
2022,339,11.0,6.3,9.5,9.2,6.76,0.0
2022,340,10.7,4.0,7.2,0.0,10.84,0.0
2022,341,9.5,4.9,7.0,0.4,9.59,0.0
2022,342,10.7,3.2,7.2,0.0,10.58,0.0
2022,343,11.6,3.8,8.1,0.0,11.21,0.0
2022,344,12.8,7.8,10.4,3.4,2.23,0.0
2022,345,9.4,0.8,5.6,28.0,4.77,0.0
2022,346,7.1,1.0,4.1,0.0,8.9,0.0
2022,347,7.2,2.9,4.7,0.3,7.82,0.0
2022,348,10.0,2.0,6.9,0.0,11.17,0.0
2022,349,12.1,4.5,9.0,0.0,10.15,0.0
2022,350,12.9,5.6,9.4,0.0,11.29,0.0
2022,351,12.3,4.8,8.5,0.0,11.43,0.0
2022,352,10.1,4.0,7.4,0.0,11.38,0.0
2022,353,12.9,4.2,9.0,0.0,11.13,0.0
2022,354,13.7,7.1,10.5,0.0,10.92,0.0
2022,355,12.3,5.1,8.9,0.0,10.98,0.0
2022,356,14.0,7.8,11.4,0.0,7.85,0.0
2022,357,13.4,6.7,11.0,0.0,10.44,0.0
2022,358,16.8,7.9,12.8,0.0,10.97,0.0
2022,359,21.0,10.5,15.2,0.0,10.8,0.0
2022,360,21.4,12.4,17.3,0.0,8.85,0.0
2022,361,16.4,9.7,12.4,58.7,0.33,0.0
2022,362,10.2,7.3,8.8,2.4,5.73,0.0
2022,363,10.5,5.9,8.5,7.0,1.37,0.0
2022,364,13.5,9.3,11.5,4.9,2.7,0.0
2022,365,13.0,10.1,11.8,24.8,1.31,0.0
2023,1,9.8,4.8,6.3,30.8,3.86,0.0
2023,2,8.9,3.4,6.1,9.1,7.75,0.0
2023,3,11.9,4.9,8.0,0.8,9.31,0.0
2023,4,17.7,7.5,13.0,0.9,5.07,0.0
2023,5,13.0,6.2,9.4,24.9,3.44,0.0
2023,6,11.7,4.4,7.7,0.0,11.05,0.0
2023,7,16.0,6.4,11.7,0.0,6.99,0.0
2023,8,14.9,10.0,12.2,1.2,5.92,0.0
2023,9,13.0,11.0,12.2,56.1,0.36,0.0
2023,10,11.6,5.0,8.3,29.3,2.84,0.0
2023,11,10.9,3.0,7.9,0.0,3.41,0.0
2023,12,18.1,8.1,12.6,0.0,9.32,0.0
2023,13,17.5,9.1,12.4,0.1,6.13,0.0
2023,14,11.6,7.3,9.6,21.5,0.76,0.0
2023,15,9.1,5.3,7.1,13.9,5.3,0.0
2023,16,8.9,3.5,6.1,33.4,1.89,0.0
2023,17,4.7,0.8,3.4,2.6,7.86,0.0
2023,18,9.3,2.2,5.8,0.0,11.31,0.0
2023,19,7.6,4.2,5.5,2.4,4.08,0.0
2023,20,9.8,1.8,5.6,0.0,12.74,0.0
2023,21,10.5,3.0,7.3,0.0,13.11,0.0
2023,22,7.8,2.3,5.3,0.1,11.52,0.0
2023,23,11.0,-0.1,5.4,0.0,13.18,0.0
2023,24,13.2,5.2,9.6,0.0,13.47,0.0
2023,25,14.2,5.6,10.3,0.0,13.52,0.0
2023,26,15.1,6.3,11.4,0.0,13.66,0.0
2023,27,13.3,6.4,10.0,0.0,13.89,0.0
2023,28,11.6,5.3,8.5,0.0,13.86,0.0
2023,29,6.7,3.0,5.5,1.7,4.83,0.0
2023,30,9.2,1.7,5.1,7.8,13.32,0.0
2023,31,10.0,2.8,6.7,6.8,14.38,0.0
2023,32,13.8,4.5,9.3,0.0,14.57,0.0
2023,33,16.5,7.5,12.0,0.0,12.63,0.0
2023,34,15.4,7.8,11.6,0.0,10.76,0.0
2023,35,17.3,9.1,13.2,0.0,13.98,0.0
2023,36,13.3,4.3,8.2,22.5,9.63,0.0
2023,37,9.0,2.7,5.7,0.6,10.26,0.0
2023,38,13.9,4.7,10.5,0.0,15.26,0.0
2023,39,14.3,4.4,10.8,0.0,15.49,0.0
2023,40,18.3,6.2,13.0,0.0,15.5,0.0
2023,41,18.2,10.8,14.1,0.0,15.6,0.0
2023,42,11.0,5.0,7.4,0.2,8.31,0.0
2023,43,12.3,4.4,8.3,0.3,15.69,0.0
2023,44,14.4,5.1,9.6,0.0,16.34,0.0
2023,45,8.2,-0.7,4.3,7.8,8.6,0.0
2023,46,7.7,-2.8,2.6,0.2,17.16,0.0
2023,47,11.0,4.0,7.3,0.0,15.97,0.0
2023,48,11.7,4.3,8.1,0.0,15.05,0.0
2023,49,13.3,6.0,9.7,0.0,17.45,0.0
2023,50,14.7,5.1,10.5,0.0,17.47,0.0
2023,51,16.9,7.6,12.5,0.0,16.57,0.0
2023,52,15.1,1.6,10.6,7.3,15.67,0.0
2023,53,2.3,-2.2,0.4,20.9,12.69,0.0
2023,54,4.0,-2.3,0.5,1.2,13.24,0.0
2023,55,9.1,0.7,5.5,9.4,4.31,0.0
2023,56,4.6,0.5,2.7,33.4,4.09,0.0
2023,57,5.3,-1.6,2.2,1.9,14.82,0.0
2023,58,6.3,3.9,4.8,21.9,6.55,0.0
2023,59,6.2,2.0,4.0,16.1,8.77,0.0
2023,60,3.8,-0.6,1.7,28.6,12.2,0.0
2023,61,8.4,-0.6,3.8,0.0,19.8,0.0
2023,62,9.1,3.3,6.1,0.0,20.26,0.0
2023,63,9.5,3.4,5.9,7.2,11.17,0.0
2023,64,7.5,2.9,4.9,7.2,6.66,0.0
2023,65,6.3,2.4,4.8,3.2,11.36,0.0
2023,66,8.3,1.9,4.9,0.1,18.31,0.0
2023,67,9.1,0.6,4.9,0.2,14.07,0.0
2023,68,13.9,3.7,8.5,12.2,13.02,0.0
2023,69,14.5,7.7,9.6,97.3,1.23,0.0
2023,70,12.9,6.7,9.7,10.0,11.68,0.0
2023,71,15.5,6.8,10.2,1.5,14.19,0.0
2023,72,16.0,6.8,11.2,0.0,18.46,0.0
2023,73,12.3,10.3,11.4,35.8,1.89,0.0
2023,74,11.4,7.5,9.9,36.4,8.11,0.0
2023,75,14.1,7.8,10.3,3.7,18.73,0.0
2023,76,15.1,7.4,10.9,1.5,20.73,0.0
2023,77,17.6,8.8,12.7,0.0,20.83,0.0
2023,78,13.5,9.4,11.6,12.4,7.24,0.0
2023,79,13.7,8.7,10.8,5.9,17.09,0.0
2023,80,12.9,4.9,8.3,29.9,7.83,0.0
2023,81,8.8,4.0,6.4,4.7,9.3,0.0
2023,82,8.5,5.0,6.6,3.3,10.11,0.0
2023,83,8.3,4.0,6.2,1.9,10.41,0.0
2023,84,8.9,3.2,5.9,1.9,15.94,0.0
2023,85,10.3,2.4,6.0,0.5,20.39,0.0
2023,86,14.0,3.2,8.2,0.0,24.18,0.0
2023,87,15.6,7.6,11.7,2.7,13.57,0.0
2023,88,9.8,4.5,7.4,26.8,19.0,0.0
2023,89,8.5,3.1,5.5,3.4,14.89,0.0
2023,90,12.5,3.2,8.0,0.0,24.04,0.0
2023,91,14.7,6.3,10.7,0.0,24.75,0.0
2023,92,15.2,8.2,11.6,0.0,20.18,0.0
2023,93,8.8,-1.5,4.4,13.9,19.07,0.0
2023,94,8.4,-3.4,3.1,0.0,23.16,0.0
2023,95,11.7,2.1,7.5,0.0,25.32,0.0
2023,96,16.8,5.6,11.4,0.0,25.57,0.0
2023,97,16.6,11.0,13.7,0.0,19.3,0.0
2023,98,17.6,9.5,13.5,0.0,21.71,0.0
2023,99,22.2,11.6,16.7,0.0,25.17,0.0
2023,100,25.6,15.4,20.2,0.0,25.71,0.0
2023,101,20.7,14.0,17.6,0.0,22.82,0.0
2023,102,16.4,10.9,13.6,0.0,14.64,0.0
2023,103,11.9,7.5,9.6,0.0,16.77,0.0
2023,104,15.9,7.0,11.2,0.0,26.36,0.0
2023,105,20.3,9.9,15.0,0.0,26.61,0.0
2023,106,20.8,12.9,16.6,0.0,26.38,0.0
2023,107,17.5,11.4,14.1,0.0,24.47,0.0
2023,108,13.2,6.9,9.9,0.0,14.52,0.0
2023,109,13.2,4.3,8.8,0.0,26.78,0.0
2023,110,17.3,7.5,12.3,0.0,27.05,0.0
2023,111,21.6,10.4,16.4,0.0,26.97,0.0
2023,112,22.6,13.4,17.7,0.0,25.65,0.0
2023,113,21.6,12.7,17.9,0.1,25.29,0.0
2023,114,21.7,12.9,17.1,0.0,25.66,0.0
2023,115,22.9,14.1,18.0,0.0,27.33,0.0
2023,116,26.2,16.0,20.9,0.0,27.96,0.0
2023,117,27.6,18.3,22.4,0.0,27.88,0.0
2023,118,29.5,19.0,23.9,0.0,27.56,0.0
2023,119,29.4,19.5,24.5,0.0,25.25,0.0
2023,120,25.6,17.1,22.1,0.0,27.63,0.0
2023,121,16.6,8.8,12.7,0.1,21.79,0.0
2023,122,14.1,7.8,10.2,2.2,18.23,0.0
2023,123,14.8,6.6,10.2,0.4,24.69,0.0
2023,124,14.0,6.8,9.8,0.7,20.46,0.0
2023,125,13.5,7.6,10.6,2.0,16.5,0.0
2023,126,15.7,9.3,11.9,1.4,18.51,0.0
2023,127,18.5,8.3,13.1,0.0,26.67,0.0
2023,128,18.8,10.9,14.8,0.0,27.28,0.0
2023,129,17.3,12.0,14.3,0.0,20.52,0.0
2023,130,18.3,9.8,13.3,0.0,19.78,0.0
2023,131,21.0,10.6,15.7,0.0,28.74,0.0
2023,132,25.7,14.1,19.5,0.0,28.0,0.0
2023,133,28.7,17.6,22.7,0.0,28.37,0.0
2023,134,29.3,19.3,24.4,0.0,26.22,0.0
2023,135,31.1,18.6,24.4,0.0,26.59,0.0
2023,136,30.8,20.4,25.3,0.0,26.04,0.0
2023,137,30.8,19.7,25.6,0.0,28.36,0.0
2023,138,30.4,20.1,24.9,0.0,28.61,0.0
2023,139,29.3,20.8,24.4,0.0,28.09,0.0
2023,140,28.4,20.0,23.7,0.2,24.22,0.0
2023,141,28.8,20.5,23.8,1.4,23.32,0.0
2023,142,30.5,21.1,25.1,0.0,26.59,0.0
2023,143,27.2,16.9,22.7,0.0,29.95,0.0
2023,144,23.4,13.8,18.2,0.0,30.39,0.0
2023,145,22.6,13.7,17.5,0.0,30.19,0.0
2023,146,22.8,13.8,17.6,0.0,27.14,0.0
2023,147,25.6,14.3,19.5,0.0,29.29,0.0
2023,148,25.9,17.1,21.0,0.0,29.66,0.0
2023,149,23.4,15.1,18.9,0.0,28.24,0.0
2023,150,20.3,13.4,16.5,0.0,22.16,0.0
2023,151,23.0,13.6,17.6,0.0,23.9,0.0
2023,152,25.4,14.8,19.8,0.0,29.64,0.0
2023,153,26.4,14.5,20.1,0.0,30.25,0.0
2023,154,29.5,16.9,22.9,0.0,29.39,0.0
2023,155,30.7,19.8,25.2,0.5,27.91,0.0
2023,156,26.7,16.5,22.3,0.6,25.97,0.0
2023,157,19.4,13.4,15.9,3.9,16.31,0.0
2023,158,18.0,12.5,15.2,21.3,16.84,0.0
2023,159,22.3,13.7,17.9,0.2,24.34,0.0
2023,160,24.1,15.8,19.6,0.0,24.58,0.0
2023,161,22.1,16.5,19.3,2.5,20.75,0.0
2023,162,20.9,15.3,17.8,3.8,18.12,0.0
2023,163,21.8,13.7,17.7,0.4,24.37,0.0
2023,164,25.2,15.0,20.0,0.0,27.07,0.0
2023,165,25.6,18.0,21.4,0.0,24.17,0.0
2023,166,26.9,18.8,22.6,0.0,28.03,0.0
2023,167,28.6,19.3,23.3,0.0,26.65,0.0
2023,168,30.4,20.6,24.9,0.0,28.9,0.0
2023,169,28.6,20.9,24.1,0.0,29.99,0.0
2023,170,23.2,15.2,19.2,0.0,30.93,0.0
2023,171,22.6,13.6,17.3,0.0,31.55,0.0
2023,172,24.2,13.8,19.0,0.0,31.44,0.0
2023,173,24.1,14.7,19.2,0.0,30.67,0.0
2023,174,22.3,11.0,16.9,0.0,31.08,0.0
2023,175,24.8,15.4,20.4,0.0,26.68,0.0
2023,176,25.4,16.2,20.7,0.0,30.19,0.0
2023,177,25.4,15.5,20.2,0.0,30.3,0.0
2023,178,27.4,16.3,21.6,0.0,30.35,0.0
2023,179,27.5,18.1,22.4,0.0,29.89,0.0
2023,180,31.7,19.6,25.3,0.0,29.41,0.0
2023,181,35.8,23.0,29.0,0.0,29.89,0.0
2023,182,37.7,25.7,31.3,0.0,29.49,0.0
2023,183,37.9,26.5,32.1,0.0,29.22,0.0
2023,184,36.1,24.8,30.9,0.0,30.41,0.0
2023,185,32.2,22.0,26.8,0.0,30.75,0.0
2023,186,32.5,22.6,27.1,0.0,30.49,0.0
2023,187,30.5,21.5,25.9,0.0,30.48,0.0
2023,188,29.9,21.3,24.8,0.0,30.65,0.0
2023,189,29.6,21.7,24.6,0.0,30.34,0.0
2023,190,28.6,18.9,23.8,0.0,30.27,0.0
2023,191,30.4,20.7,24.6,0.0,30.53,0.0
2023,192,33.7,21.1,27.3,0.0,30.87,0.0
2023,193,34.2,23.2,28.1,0.0,31.02,0.0
2023,194,33.9,24.3,28.2,0.0,30.89,0.0
2023,195,35.8,23.5,29.7,0.0,30.38,0.0
2023,196,40.6,26.4,32.8,0.0,29.92,0.0
2023,197,41.0,28.9,34.9,0.0,27.26,0.0
2023,198,38.0,28.2,33.0,0.0,23.34,0.0
2023,199,36.6,27.2,31.5,0.0,29.04,0.0
2023,200,36.8,27.0,31.2,0.0,28.89,0.0
2023,201,37.4,27.2,31.5,0.0,29.64,0.0
2023,202,38.3,27.4,32.0,0.0,29.28,0.0
2023,203,39.3,28.1,33.2,0.0,29.1,0.0
2023,204,38.0,30.0,33.8,0.0,23.25,0.0
2023,205,36.8,25.7,30.9,0.0,27.67,0.0
2023,206,36.7,27.4,31.0,0.0,28.82,0.0
2023,207,36.9,26.8,31.4,0.0,28.75,0.0
2023,208,36.8,25.7,31.0,0.0,29.12,0.0
2023,209,35.8,25.9,30.0,0.0,29.17,0.0
2023,210,35.5,26.1,30.3,0.0,28.27,0.0
2023,211,35.4,25.6,30.0,0.0,28.05,0.0
2023,212,35.3,26.1,30.1,0.0,27.39,0.0
2023,213,34.1,25.1,29.5,0.0,27.84,0.0
2023,214,32.3,22.6,26.9,0.0,28.92,0.0
2023,215,29.2,19.2,24.4,0.0,29.02,0.0
2023,216,30.7,19.9,24.6,0.0,28.92,0.0
2023,217,33.0,20.9,26.6,0.0,28.71,0.0
2023,218,34.2,23.3,28.2,0.0,28.86,0.0
2023,219,35.0,24.7,29.1,0.0,28.45,0.0
2023,220,33.2,24.1,28.1,0.0,28.57,0.0
2023,221,31.7,21.1,26.6,0.0,28.2,0.0
2023,222,29.1,20.7,24.5,0.2,22.56,0.0
2023,223,29.0,19.4,23.7,0.0,25.98,0.0
2023,224,30.4,20.3,25.3,0.0,23.14,0.0
2023,225,33.4,22.8,27.4,0.5,24.26,0.0
2023,226,34.9,23.0,28.9,0.0,24.11,0.0
2023,227,36.3,24.3,30.6,0.0,22.58,0.0
2023,228,35.9,24.7,30.5,0.0,19.8,0.0
2023,229,35.9,25.6,30.6,0.0,26.56,0.0
2023,230,33.8,23.5,28.7,0.0,25.56,0.0
2023,231,33.2,22.7,27.1,1.2,20.48,0.0
2023,232,23.0,18.8,21.5,59.5,4.27,0.0
2023,233,23.7,17.9,20.6,10.1,19.04,0.0
2023,234,26.0,17.7,21.6,0.0,24.08,0.0
2023,235,29.4,18.9,24.4,0.0,26.19,0.0
2023,236,30.5,21.3,26.0,0.0,22.37,0.0
2023,237,29.1,21.2,24.7,0.0,26.17,0.0
2023,238,30.0,21.1,25.1,0.0,26.27,0.0
2023,239,31.4,22.5,26.3,0.0,26.71,0.0
2023,240,32.6,23.2,27.4,0.0,25.89,0.0
2023,241,31.8,24.0,27.1,0.0,25.94,0.0
2023,242,33.2,22.3,27.2,0.0,26.24,0.0
2023,243,33.8,23.1,28.0,0.0,25.79,0.0
2023,244,28.0,21.6,24.7,1.0,20.78,0.0
2023,245,25.8,19.2,22.0,8.2,15.97,0.0
2023,246,21.7,16.3,19.0,0.7,13.57,0.0
2023,247,23.6,14.2,18.8,0.0,22.44,0.0
2023,248,27.5,17.8,22.1,0.0,24.43,0.0
2023,249,28.7,20.3,23.8,0.0,24.44,0.0
2023,250,30.4,20.4,24.7,0.0,24.55,0.0
2023,251,32.6,22.2,27.4,0.0,23.05,0.0
2023,252,31.8,24.2,27.8,0.0,21.84,0.0
2023,253,30.4,23.5,26.4,0.0,17.15,0.0
2023,254,29.8,21.8,25.8,0.0,17.32,0.0
2023,255,29.1,20.7,24.6,0.0,23.09,0.0
2023,256,29.0,21.1,24.4,0.0,23.01,0.0
2023,257,31.0,21.6,25.4,0.0,21.48,0.0
2023,258,32.6,21.8,26.9,0.0,20.75,0.0
2023,259,31.1,22.1,26.3,0.0,21.69,0.0
2023,260,27.3,19.3,23.0,0.0,22.09,0.0
2023,261,25.3,17.5,20.7,0.0,22.2,0.0
2023,262,26.1,17.0,20.8,0.0,22.06,0.0
2023,263,25.5,17.0,20.8,0.0,21.33,0.0
2023,264,23.1,17.0,19.5,0.0,21.48,0.0
2023,265,25.1,14.9,19.8,0.0,21.67,0.0
2023,266,26.3,17.6,21.3,0.0,21.54,0.0
2023,267,27.7,18.0,22.5,0.0,22.19,0.0
2023,268,26.9,18.6,22.4,0.0,21.84,0.0
2023,269,24.4,17.7,20.8,0.0,21.22,0.0
2023,270,24.3,17.2,20.4,0.0,20.97,0.0
2023,271,24.9,16.8,20.5,0.0,20.72,0.0
2023,272,24.7,16.2,20.0,0.0,20.78,0.0
2023,273,18.2,12.3,14.7,1.1,8.63,0.0
2023,274,15.7,10.8,12.9,10.1,14.57,0.0
2023,275,18.1,12.1,15.1,0.0,13.93,0.0
2023,276,22.6,14.5,18.3,0.0,19.49,0.0
2023,277,26.6,17.1,21.6,0.0,19.67,0.0
2023,278,28.3,19.6,23.7,0.0,19.59,0.0
2023,279,29.6,20.3,24.9,0.0,19.42,0.0
2023,280,31.2,19.1,25.4,0.0,19.33,0.0
2023,281,31.5,18.6,25.7,0.0,18.55,0.0
2023,282,28.4,20.8,24.3,0.0,15.79,0.0
2023,283,22.2,15.9,18.9,0.0,18.61,0.0
2023,284,17.5,11.1,14.4,0.0,15.51,0.0
2023,285,21.0,11.8,15.9,0.0,18.62,0.0
2023,286,23.4,13.1,18.5,0.0,16.46,0.0
2023,287,24.3,17.5,20.4,0.0,18.08,0.0
2023,288,27.3,18.6,22.7,0.0,17.85,0.0
2023,289,27.4,19.4,23.2,0.0,17.58,0.0
2023,290,24.7,16.7,21.2,0.0,17.74,0.0
2023,291,29.7,18.4,23.9,0.0,17.6,0.0
2023,292,31.4,20.1,25.7,0.0,17.47,0.0
2023,293,30.3,20.7,25.4,0.0,16.48,0.0
2023,294,26.2,18.8,23.2,0.0,16.88,0.0
2023,295,22.1,13.7,17.7,0.0,13.99,0.0
2023,296,17.6,12.1,14.6,0.5,11.7,0.0
2023,297,22.5,12.9,17.0,0.0,16.31,0.0
2023,298,21.3,14.1,17.5,0.0,15.98,0.0
2023,299,16.4,10.8,13.4,0.0,15.99,0.0
2023,300,15.7,10.0,12.5,0.0,13.74,0.0
2023,301,14.9,9.4,11.9,0.0,16.24,0.0
2023,302,18.5,9.1,13.3,0.0,16.17,0.0
2023,303,20.0,12.0,15.9,0.0,16.14,0.0
2023,304,22.7,14.0,18.3,0.0,15.91,0.0
2023,305,22.4,14.3,18.5,0.0,15.7,0.0
2023,306,23.5,15.6,19.2,0.0,15.08,0.0
2023,307,23.2,14.4,18.9,0.0,14.9,0.0
2023,308,24.2,15.2,19.6,0.0,13.3,0.0
2023,309,23.4,16.1,19.5,0.0,13.73,0.0
2023,310,20.9,14.1,18.0,0.0,11.98,0.0
2023,311,14.9,9.0,12.0,6.6,10.45,0.0
2023,312,15.9,8.5,11.5,0.0,14.34,0.0
2023,313,16.7,9.2,12.7,0.0,14.52,0.0
2023,314,16.3,9.7,13.2,0.0,13.06,0.0
2023,315,18.9,11.0,14.8,0.0,13.96,0.0
2023,316,22.5,13.1,17.3,0.0,14.11,0.0
2023,317,20.6,13.1,16.5,0.0,11.06,0.0
2023,318,21.1,11.0,15.8,0.0,13.37,0.0
2023,319,23.6,11.8,15.8,3.7,6.27,0.0
2023,320,19.1,12.1,15.4,0.0,12.33,0.0
2023,321,18.9,11.9,15.3,0.3,12.55,0.0
2023,322,17.3,11.5,14.0,3.0,7.34,0.0
2023,323,11.5,8.6,10.0,2.9,7.37,0.0
2023,324,17.8,6.9,12.5,0.0,12.88,0.0
2023,325,19.9,11.0,15.0,0.0,12.74,0.0
2023,326,19.2,10.8,15.0,0.0,12.32,0.0
2023,327,15.7,9.4,13.0,0.0,12.14,0.0
2023,328,11.7,7.4,9.7,0.0,11.59,0.0
2023,329,13.3,7.0,9.5,0.0,12.56,0.0
2023,330,13.3,7.5,10.4,0.0,11.6,0.0
2023,331,14.2,7.3,10.8,0.0,12.39,0.0
2023,332,15.8,8.2,12.1,0.0,11.66,0.0
2023,333,13.3,7.0,10.2,0.0,11.8,0.0
2023,334,11.7,6.8,8.6,0.0,10.14,0.0
2023,335,9.3,6.3,7.6,0.1,5.86,0.0
2023,336,11.8,5.7,8.6,0.0,11.17,0.0
2023,337,13.5,7.9,10.6,0.0,10.01,0.0
2023,338,16.4,10.9,13.8,0.0,8.36,0.0
2023,339,20.1,11.1,15.5,0.0,11.46,0.0
2023,340,21.7,12.4,17.0,0.0,11.25,0.0
2023,341,12.9,6.8,10.2,0.0,9.45,0.0
2023,342,9.7,4.3,7.4,0.0,10.79,0.0
2023,343,13.9,5.9,10.3,0.0,11.07,0.0
2023,344,17.8,8.8,13.7,0.0,10.56,0.0
2023,345,15.6,10.6,13.5,0.0,11.13,0.0
2023,346,13.6,5.7,10.8,0.0,11.38,0.0
2023,347,15.8,7.8,11.4,0.0,11.35,0.0
2023,348,17.6,10.7,13.8,0.0,10.98,0.0
2023,349,18.7,11.9,14.9,0.0,10.51,0.0
2023,350,20.1,12.2,15.9,0.0,11.3,0.0
2023,351,21.1,13.0,16.5,0.0,8.15,0.0
2023,352,18.6,12.8,15.2,6.1,4.77,0.0
2023,353,16.0,10.9,13.2,2.9,5.22,0.0
2023,354,17.7,9.4,12.7,2.0,5.93,0.0
2023,355,15.6,9.6,12.3,2.1,4.96,0.0
2023,356,13.2,9.2,11.5,0.0,4.95,0.0
2023,357,12.9,6.4,10.4,0.0,9.3,0.0
2023,358,12.6,5.8,9.7,0.0,10.53,0.0
2023,359,14.8,7.0,11.1,0.0,10.52,0.0
2023,360,17.5,9.0,13.6,0.0,9.41,0.0
2023,361,17.8,10.1,14.6,0.0,8.69,0.0
2023,362,17.0,10.4,13.7,0.0,10.9,0.0
2023,363,17.9,12.0,14.5,0.0,10.02,0.0
2023,364,13.9,6.3,9.0,3.8,2.82,0.0
2023,365,11.3,5.6,8.5,0.0,6.24,0.0
2024,1,12.6,7.6,9.6,0.0,11.09,0.0
2024,2,14.5,7.9,10.6,0.0,9.72,0.0
2024,3,11.4,2.6,6.1,14.8,7.16,0.0
2024,4,7.6,2.2,5.0,0.2,7.08,0.0
2024,5,10.4,4.1,7.1,0.0,11.29,0.0
2024,6,11.4,4.6,7.6,2.0,6.94,0.0
2024,7,3.9,0.6,2.3,3.8,6.93,0.0
2024,8,6.6,-1.9,2.8,0.0,11.56,0.0
2024,9,9.1,3.0,6.1,0.0,11.4,0.0
2024,10,8.2,3.1,5.6,3.6,8.9,0.0
2024,11,5.8,1.1,3.3,9.0,8.13,0.0
2024,12,7.8,-0.9,4.0,0.0,11.06,0.0
2024,13,10.5,2.8,7.5,2.7,5.37,0.0
2024,14,11.6,5.1,9.1,0.0,11.67,0.0
2024,15,12.6,5.5,9.2,0.0,10.37,0.0
2024,16,16.3,7.8,12.0,0.0,9.4,0.0
2024,17,14.5,8.4,11.5,2.1,11.58,0.0
2024,18,17.0,7.7,12.2,0.0,10.28,0.0
2024,19,17.7,12.2,14.5,0.0,9.35,0.0
2024,20,14.7,9.7,11.7,4.5,7.42,0.0
2024,21,13.4,8.1,10.2,1.2,10.11,0.0
2024,22,12.1,8.1,10.1,5.6,2.62,0.0
2024,23,12.6,7.0,9.3,1.5,7.43,0.0
2024,24,11.8,8.7,10.2,3.0,4.86,0.0
2024,25,12.2,7.9,10.1,1.4,8.47,0.0
2024,26,14.8,5.5,11.3,0.0,12.65,0.0
2024,27,19.1,10.3,15.0,0.0,12.52,0.0
2024,28,20.7,12.8,16.3,0.0,13.08,0.0
2024,29,20.6,14.3,17.2,0.0,13.57,0.0
2024,30,20.0,13.6,16.2,0.0,12.2,0.0
2024,31,19.2,12.4,15.4,0.1,10.04,0.0
2024,32,13.1,6.7,9.7,13.7,5.22,0.0
2024,33,9.3,4.2,6.3,4.8,8.52,0.0
2024,34,11.1,3.8,7.4,0.6,10.16,0.0
2024,35,16.4,7.2,11.4,25.3,7.77,0.0
2024,36,14.0,8.4,10.5,9.1,9.57,0.0
2024,37,9.3,5.2,7.5,8.1,6.14,0.0
2024,38,6.8,2.3,5.3,14.9,5.08,0.0
2024,39,5.5,0.8,2.8,2.7,8.87,0.0
2024,40,5.6,1.4,3.6,0.0,11.93,0.0
2024,41,9.3,2.4,5.8,0.1,14.0,0.0
2024,42,12.0,4.6,8.3,0.0,16.03,0.0
2024,43,13.3,5.4,9.6,0.0,16.22,0.0
2024,44,13.1,6.4,9.5,0.0,15.24,0.0
2024,45,13.3,6.6,10.1,0.0,13.08,0.0
2024,46,12.3,6.7,9.6,5.7,12.24,0.0
2024,47,14.7,6.2,11.1,0.0,12.04,0.0
2024,48,15.0,9.3,12.3,2.0,5.87,0.0
2024,49,17.1,7.4,12.2,0.2,16.35,0.0
2024,50,14.1,9.7,11.7,22.5,8.65,0.0
2024,51,13.3,8.6,10.8,2.4,9.48,0.0
2024,52,12.3,6.8,9.5,2.5,13.68,0.0
2024,53,14.5,6.8,10.3,0.0,16.55,0.0
2024,54,16.8,8.9,12.6,0.0,13.44,0.0
2024,55,19.1,10.0,14.5,0.0,16.45,0.0
2024,56,17.7,10.0,13.7,0.0,18.41,0.0
2024,57,16.1,9.7,12.6,0.3,14.39,0.0
2024,58,12.5,8.0,10.3,0.3,11.08,0.0
2024,59,17.3,9.8,12.9,0.0,18.96,0.0
2024,60,15.6,9.8,12.6,0.6,16.9,0.0
2024,61,12.2,8.8,10.2,14.6,6.28,0.0
2024,62,8.6,5.0,7.2,35.6,4.05,0.0
2024,63,10.4,3.7,6.5,11.7,8.83,0.0
2024,64,10.8,3.4,6.8,0.0,17.07,0.0
2024,65,13.2,4.9,8.6,0.0,19.14,0.0
2024,66,13.1,7.3,9.6,0.6,15.05,0.0
2024,67,10.7,6.4,8.0,7.2,13.59,0.0
2024,68,15.3,7.3,10.8,0.0,18.27,0.0
2024,69,16.5,8.6,12.2,0.0,19.85,0.0
2024,70,15.3,7.5,12.0,0.0,15.85,0.0
2024,71,12.7,9.0,10.6,0.2,16.24,0.0
2024,72,13.1,9.0,10.4,1.7,11.44,0.0
2024,73,10.8,7.2,8.9,0.3,10.76,0.0
2024,74,13.8,4.8,9.3,6.4,20.98,0.0
2024,75,15.1,4.8,10.0,0.0,17.65,0.0
2024,76,15.2,6.6,10.6,0.9,18.61,0.0
2024,77,17.0,8.5,12.6,1.1,20.1,0.0
2024,78,18.4,9.1,13.8,13.4,21.04,0.0
2024,79,19.4,8.5,14.9,3.4,21.27,0.0
2024,80,18.6,12.3,15.2,4.1,20.42,0.0
2024,81,18.0,11.0,14.4,0.0,22.38,0.0
2024,82,19.6,11.6,15.1,0.0,22.31,0.0
2024,83,11.6,5.5,9.1,20.7,12.28,0.0
2024,84,9.1,4.3,6.0,3.2,11.19,0.0
2024,85,11.0,5.4,7.9,0.8,13.7,0.0
2024,86,13.6,5.0,9.5,0.4,18.11,0.0
2024,87,18.0,8.2,12.4,0.0,23.03,0.0
2024,88,12.7,9.3,10.8,5.4,8.69,0.0
2024,89,12.8,6.5,9.8,2.1,9.69,0.0
2024,90,12.0,6.6,8.6,10.9,17.1,0.0
2024,91,11.5,5.9,8.5,1.1,16.11,0.0
2024,92,14.3,5.4,10.0,2.7,19.57,0.0
2024,93,20.0,8.9,14.3,0.0,24.84,0.0
2024,94,20.5,12.0,16.2,0.0,25.09,0.0
2024,95,14.2,1.4,8.4,13.7,7.67,0.0
2024,96,4.9,-0.3,2.8,10.3,15.52,0.0
2024,97,10.6,0.3,5.6,0.4,19.23,0.0
2024,98,11.9,4.7,8.1,0.0,22.47,0.0
2024,99,14.7,4.5,9.4,0.0,25.59,0.0
2024,100,18.5,8.5,13.9,0.0,25.94,0.0
2024,101,23.5,12.3,17.7,0.0,25.95,0.0
2024,102,24.8,15.5,19.9,0.0,25.4,0.0
2024,103,23.4,12.4,18.7,0.8,23.48,0.0
2024,104,16.6,4.8,10.3,16.9,20.38,0.0
2024,105,11.0,3.8,7.0,6.4,10.96,0.0
2024,106,13.8,6.1,9.6,0.1,18.95,0.0
2024,107,21.2,8.4,14.5,0.0,26.81,0.0
2024,108,21.4,12.0,16.7,0.0,24.76,0.0
2024,109,22.3,14.6,18.4,0.0,22.82,0.0
2024,110,22.0,15.3,18.6,0.3,23.54,0.0
2024,111,22.7,15.6,19.1,0.0,24.08,0.0
2024,112,26.9,16.3,20.9,0.0,26.4,0.0
2024,113,25.6,17.6,21.2,0.0,26.27,0.0
2024,114,20.0,12.6,16.4,0.0,27.58,0.0
2024,115,18.1,9.5,13.6,0.0,23.6,0.0
2024,116,14.8,10.4,12.5,1.3,11.85,0.0
2024,117,12.6,8.4,10.2,14.0,12.27,0.0
2024,118,14.6,7.9,11.3,0.1,17.33,0.0
2024,119,18.4,11.1,14.7,0.0,26.0,0.0
2024,120,19.0,11.8,15.3,0.0,24.69,0.0
2024,121,20.9,13.0,16.5,0.0,28.61,0.0
2024,122,20.1,12.1,15.8,0.0,28.66,0.0
2024,123,21.6,13.0,17.0,0.0,28.54,0.0
2024,124,22.0,14.0,17.7,0.0,27.54,0.0
2024,125,18.6,9.0,14.7,10.1,13.83,0.0
2024,126,13.2,5.5,8.5,4.7,24.03,0.0
2024,127,16.8,5.9,11.2,0.0,29.3,0.0
2024,128,18.5,9.0,13.7,0.0,28.99,0.0
2024,129,19.9,11.8,15.4,0.0,28.29,0.0
2024,130,23.0,11.0,17.4,0.0,28.56,0.0
2024,131,23.0,14.3,18.8,0.0,26.68,0.0
2024,132,24.9,14.4,19.6,0.0,27.87,0.0
2024,133,26.7,17.9,21.9,0.0,28.17,0.0
2024,134,26.7,19.1,22.2,0.0,27.33,0.0
2024,135,26.0,19.2,22.1,0.8,24.38,0.0
2024,136,26.7,16.9,22.3,2.9,27.62,0.0
2024,137,27.3,18.4,22.7,0.0,28.48,0.0
2024,138,26.4,18.2,22.4,0.0,28.39,0.0
2024,139,25.4,18.3,21.4,0.0,25.01,0.0
2024,140,25.1,15.9,20.3,0.0,29.74,0.0
2024,141,22.2,14.5,18.5,0.0,29.46,0.0
2024,142,24.1,14.7,18.8,0.0,29.31,0.0
2024,143,25.5,16.1,20.2,0.0,30.3,0.0
2024,144,24.6,16.5,20.0,0.0,29.92,0.0
2024,145,23.0,14.0,18.7,0.0,28.56,0.0
2024,146,20.7,11.2,15.6,0.0,30.16,0.0
2024,147,24.2,13.3,18.5,0.0,29.96,0.0
2024,148,26.7,16.6,21.1,0.0,29.68,0.0
2024,149,27.4,18.4,22.4,0.0,29.94,0.0
2024,150,26.2,17.3,21.4,0.0,30.35,0.0
2024,151,29.2,17.9,23.2,0.0,30.4,0.0
2024,152,30.2,20.8,24.8,0.0,30.73,0.0
2024,153,29.3,19.6,24.4,0.0,30.78,0.0
2024,154,25.8,17.9,21.5,0.0,29.89,0.0
2024,155,26.7,18.4,22.2,0.0,25.09,0.0
2024,156,30.9,17.4,23.8,0.0,29.16,0.0
2024,157,35.0,22.3,28.6,0.0,29.02,0.0
2024,158,36.2,25.5,30.4,0.0,29.74,0.0
2024,159,33.9,24.2,29.1,0.0,29.71,0.0
2024,160,30.6,21.7,26.0,0.0,29.39,0.0
2024,161,28.3,19.9,23.7,0.0,29.82,0.0
2024,162,31.4,20.3,25.3,0.0,29.88,0.0
2024,163,35.0,23.2,28.5,0.0,29.2,0.0
2024,164,35.7,24.7,29.6,0.0,29.76,0.0
2024,165,31.3,23.1,26.7,0.0,26.81,0.0
2024,166,32.3,22.1,26.3,0.0,30.45,0.0
2024,167,29.0,20.7,24.4,0.0,31.14,0.0
2024,168,27.9,17.8,22.9,0.0,30.74,0.0
2024,169,25.6,16.7,20.6,0.0,30.81,0.0
2024,170,27.5,16.8,21.4,0.0,28.86,0.0
2024,171,28.5,18.1,22.9,0.0,31.03,0.0
2024,172,29.1,18.6,23.7,0.0,30.66,0.0
2024,173,31.8,19.4,25.7,0.0,30.74,0.0
2024,174,35.7,23.4,29.6,0.0,30.83,0.0
2024,175,36.6,24.7,30.9,0.0,30.04,0.0
2024,176,35.8,26.2,30.3,0.0,28.97,0.0
2024,177,35.8,25.6,30.0,0.0,28.22,0.0
2024,178,33.8,24.1,28.8,0.0,29.84,0.0
2024,179,32.2,22.3,27.2,0.0,30.62,0.0
2024,180,33.0,22.5,26.9,0.0,30.8,0.0
2024,181,34.4,23.9,28.2,0.0,30.92,0.0
2024,182,33.3,23.4,28.0,0.0,30.54,0.0
2024,183,32.8,24.3,27.8,0.0,30.34,0.0
2024,184,36.7,25.2,30.4,0.0,30.09,0.0
2024,185,39.4,26.9,32.8,0.0,30.17,0.0
2024,186,39.8,28.1,33.5,0.0,30.35,0.0
2024,187,39.2,28.7,33.6,0.0,29.29,0.0
2024,188,41.3,28.5,35.2,0.0,29.83,0.0
2024,189,41.5,30.4,35.7,0.0,29.43,0.0
2024,190,40.6,28.7,34.8,0.0,29.69,0.0
2024,191,39.9,29.3,34.1,0.0,30.74,0.0
2024,192,40.9,29.0,34.6,0.0,30.46,0.0
2024,193,40.5,30.3,35.0,0.0,27.31,0.0
2024,194,39.9,29.4,34.6,0.0,22.63,0.0
2024,195,39.3,27.2,33.9,0.0,27.15,0.0
2024,196,37.3,27.0,32.2,0.0,27.58,0.0
2024,197,36.3,26.1,31.0,0.0,28.27,0.0
2024,198,35.5,26.1,30.5,0.0,29.52,0.0
2024,199,34.9,24.9,29.7,0.0,29.39,0.0
2024,200,36.3,25.2,30.0,0.0,26.46,0.0
2024,201,36.4,25.6,30.5,0.0,27.92,0.0
2024,202,37.4,26.1,31.8,0.0,28.54,0.0
2024,203,38.3,26.8,31.9,0.0,27.45,0.0
2024,204,39.3,28.1,33.0,0.0,28.25,0.0
2024,205,40.3,29.6,34.5,0.0,26.48,0.0
2024,206,39.2,29.3,33.8,0.0,26.12,0.0
2024,207,37.8,27.8,32.8,0.0,28.0,0.0
2024,208,37.0,28.0,31.8,0.0,28.89,0.0
2024,209,32.0,22.7,27.2,0.0,29.57,0.0
2024,210,31.3,21.3,25.9,0.0,29.52,0.0
2024,211,32.7,21.3,26.9,0.0,29.49,0.0
2024,212,32.0,22.0,26.8,0.0,29.4,0.0
2024,213,34.1,21.9,28.0,0.0,29.37,0.0
2024,214,37.0,25.4,31.0,0.0,27.05,0.0
2024,215,34.1,26.3,30.1,0.0,14.63,0.0
2024,216,35.8,25.5,30.1,0.0,27.71,0.0
2024,217,37.2,26.3,31.1,0.0,28.02,0.0
2024,218,37.5,27.0,31.8,0.0,27.99,0.0
2024,219,37.8,27.2,32.0,0.0,28.11,0.0
2024,220,38.1,27.7,32.3,0.0,27.76,0.0
2024,221,36.8,27.2,31.1,0.0,27.37,0.0
2024,222,36.3,26.0,30.9,0.0,27.36,0.0
2024,223,36.6,26.8,30.9,0.0,27.8,0.0
2024,224,35.8,25.7,30.4,0.0,27.7,0.0
2024,225,34.0,24.2,29.2,0.0,27.39,0.0
2024,226,32.4,22.6,27.2,0.0,27.92,0.0
2024,227,31.3,22.0,26.1,0.0,27.93,0.0
2024,228,31.3,22.1,25.8,0.0,27.82,0.0
2024,229,32.6,22.1,26.9,0.0,27.8,0.0
2024,230,31.4,22.1,26.8,0.0,27.41,0.0
2024,231,30.7,20.2,25.0,0.0,27.33,0.0
2024,232,33.4,21.5,27.0,0.0,27.51,0.0
2024,233,33.3,22.3,27.2,0.0,27.52,0.0
2024,234,31.5,22.1,26.4,0.0,27.26,0.0
2024,235,29.8,20.7,25.1,0.0,26.83,0.0
2024,236,25.2,16.2,20.3,0.0,26.37,0.0
2024,237,24.6,15.9,19.7,0.0,22.64,0.0
2024,238,26.0,15.9,20.4,0.0,26.37,0.0
2024,239,30.9,18.2,24.4,0.0,26.14,0.0
2024,240,33.4,21.9,27.5,0.0,26.11,0.0
2024,241,33.8,23.0,28.3,0.0,26.09,0.0
2024,242,34.2,24.7,28.5,0.0,25.75,0.0
2024,243,35.5,25.5,29.6,0.0,24.89,0.0
2024,244,35.6,25.9,30.2,0.0,24.37,0.0
2024,245,35.9,25.7,30.4,0.0,24.77,0.0
2024,246,35.5,25.8,30.1,0.0,23.9,0.0
2024,247,35.6,25.2,30.0,0.0,24.28,0.0
2024,248,35.4,25.7,30.5,0.0,24.47,0.0
2024,249,37.0,26.5,31.7,0.0,24.18,0.0
2024,250,36.5,27.3,31.6,0.0,22.32,0.0
2024,251,36.8,26.9,31.3,0.0,22.63,0.0
2024,252,35.8,26.1,30.7,0.0,22.9,0.0
2024,253,36.1,24.9,30.3,0.0,23.97,0.0
2024,254,34.9,24.1,29.7,0.0,24.16,0.0
2024,255,28.3,20.1,24.5,0.0,23.97,0.0
2024,256,25.2,18.0,20.7,0.0,23.6,0.0
2024,257,29.2,18.5,23.2,0.0,23.43,0.0
2024,258,30.0,20.9,24.9,0.0,23.12,0.0
2024,259,27.7,19.2,23.5,0.0,22.76,0.0
2024,260,18.5,12.4,15.5,0.1,16.74,0.0
2024,261,21.3,11.9,16.2,0.0,22.6,0.0
2024,262,23.7,14.4,19.0,0.0,19.1,0.0
2024,263,23.1,15.3,19.5,0.1,20.64,0.0
2024,264,24.2,16.0,20.3,9.5,19.54,0.0
2024,265,28.1,18.2,22.8,0.0,21.53,0.0
2024,266,30.7,21.2,25.2,0.0,21.12,0.0
2024,267,32.6,22.3,27.0,0.0,21.27,0.0
2024,268,33.7,22.2,28.2,0.0,21.54,0.0
2024,269,31.1,22.3,26.9,0.0,21.24,0.0
2024,270,30.1,21.1,25.6,0.0,21.65,0.0
2024,271,31.9,21.3,26.1,0.0,21.16,0.0
2024,272,32.1,23.0,26.7,0.0,20.97,0.0
2024,273,29.2,20.9,25.1,0.0,20.63,0.0
2024,274,33.1,21.9,27.0,0.0,20.52,0.0
2024,275,35.7,23.8,29.9,0.0,19.74,0.0
2024,276,35.4,25.9,30.0,0.0,19.81,0.0
2024,277,34.4,25.4,29.2,0.0,19.84,0.0
2024,278,35.2,25.8,29.6,0.0,18.37,0.0
2024,279,34.5,26.1,29.5,0.0,18.96,0.0
2024,280,34.6,23.7,28.8,0.0,18.73,0.0
2024,281,34.7,24.9,29.0,0.0,17.61,0.0
2024,282,32.3,22.9,27.3,0.0,18.4,0.0
2024,283,30.9,22.6,26.4,0.0,18.88,0.0
2024,284,29.3,22.7,25.5,0.0,18.17,0.0
2024,285,28.1,21.0,24.0,0.0,14.56,0.0
2024,286,26.2,19.6,22.8,0.0,18.48,0.0
2024,287,24.0,18.1,20.6,0.0,18.09,0.0
2024,288,25.1,17.0,20.6,0.0,17.84,0.0
2024,289,27.3,17.9,22.0,0.0,17.69,0.0
2024,290,25.1,17.1,20.6,0.0,16.8,0.0
2024,291,20.7,13.5,17.2,0.0,14.13,0.0
2024,292,17.7,10.5,14.0,0.0,17.29,0.0
2024,293,23.6,12.6,17.7,0.0,17.4,0.0
2024,294,24.2,16.2,19.5,0.0,17.34,0.0
2024,295,24.5,16.7,20.4,0.0,17.04,0.0
2024,296,25.4,17.0,21.4,0.0,16.87,0.0
2024,297,26.3,16.9,21.3,0.0,16.75,0.0
2024,298,23.9,15.7,20.7,0.0,14.12,0.0
2024,299,27.9,19.6,23.7,0.0,16.06,0.0
2024,300,26.0,17.1,21.6,0.0,15.05,0.0
2024,301,22.9,16.8,19.7,0.0,5.91,0.0
2024,302,17.9,9.1,13.2,0.9,8.83,0.0
2024,303,12.7,7.4,9.7,0.2,13.0,0.0
2024,304,16.5,8.2,12.1,0.0,15.16,0.0
2024,305,16.4,10.7,13.0,0.0,14.03,0.0
2024,306,15.1,8.6,11.7,0.0,14.04,0.0
2024,307,15.4,9.4,12.1,1.6,12.46,0.0
2024,308,13.5,8.3,10.4,0.0,11.34,0.0
2024,309,16.9,9.1,12.7,0.0,14.53,0.0
2024,310,16.2,8.7,12.9,0.0,14.13,0.0
2024,311,17.6,8.9,12.8,0.0,13.8,0.0
2024,312,16.9,10.9,13.6,0.0,14.53,0.0
2024,313,18.3,10.3,14.2,0.0,14.41,0.0
2024,314,19.5,11.2,15.2,0.0,14.11,0.0
2024,315,21.1,12.3,16.9,0.0,14.01,0.0
2024,316,19.0,6.8,14.3,4.6,12.91,0.0
2024,317,11.4,5.7,8.5,0.0,11.16,0.0
2024,318,19.4,8.8,13.4,0.0,13.74,0.0
2024,319,15.0,8.4,11.8,0.1,13.31,0.0
2024,320,8.3,3.4,5.5,12.1,10.52,0.0
2024,321,8.9,3.9,5.8,1.6,9.12,0.0
2024,322,11.9,4.1,8.1,0.0,12.86,0.0
2024,323,9.7,4.9,7.3,0.1,9.17,0.0
2024,324,12.9,2.9,8.3,0.0,12.46,0.0
2024,325,19.2,11.8,15.0,0.0,12.68,0.0
2024,326,21.2,13.4,16.8,0.0,12.49,0.0
2024,327,22.6,15.3,17.9,0.0,12.01,0.0
2024,328,15.2,8.9,12.7,7.1,2.55,0.0
2024,329,12.7,8.3,9.9,2.5,7.44,0.0
2024,330,13.7,9.2,11.6,14.7,1.8,0.0
2024,331,13.0,10.6,11.8,43.9,1.16,0.0
2024,332,13.1,8.9,10.4,0.0,9.65,0.0
2024,333,15.1,7.3,11.2,0.0,12.01,0.0
2024,334,16.4,8.8,12.8,0.0,10.37,0.0
2024,335,19.3,12.2,15.2,0.0,10.58,0.0
2024,336,19.6,13.0,15.6,0.0,7.54,0.0
2024,337,18.4,11.4,15.0,0.0,11.18,0.0
2024,338,18.6,13.0,15.1,0.0,10.6,0.0
2024,339,18.7,11.7,14.6,0.0,11.31,0.0
2024,340,17.7,11.6,14.0,0.0,11.39,0.0
2024,341,18.6,10.4,14.2,0.0,11.39,0.0
2024,342,20.5,12.5,15.7,0.0,11.51,0.0
2024,343,15.2,9.9,12.7,0.0,10.48,0.0
2024,344,13.8,7.8,10.7,0.0,11.52,0.0
2024,345,16.4,9.0,12.4,0.0,11.57,0.0
2024,346,17.7,10.4,13.5,0.0,10.44,0.0
2024,347,13.5,6.5,9.6,3.2,4.04,0.0
2024,348,11.9,5.1,8.7,0.0,8.3,0.0
2024,349,16.1,6.6,10.8,1.9,5.1,0.0
2024,350,12.2,5.7,8.5,0.0,11.25,0.0
2024,351,18.2,9.6,12.9,0.0,8.78,0.0
2024,352,14.0,9.0,11.1,0.0,10.83,0.0
2024,353,17.7,11.3,14.0,0.0,10.11,0.0
2024,354,21.5,13.5,16.9,0.0,10.4,0.0
2024,355,21.7,15.3,17.8,0.0,11.03,0.0
2024,356,21.1,13.2,16.6,0.0,10.82,0.0
2024,357,16.6,12.3,14.2,0.3,5.73,0.0
2024,358,17.8,11.9,14.5,0.0,9.82,0.0
2024,359,16.5,6.0,11.7,14.5,2.27,0.0
2024,360,8.0,3.6,6.3,0.1,6.32,0.0
2024,361,13.9,5.8,9.3,0.2,9.89,0.0
2024,362,15.1,9.2,11.3,7.4,6.56,0.0
2024,363,15.3,10.1,12.3,0.0,10.6,0.0
2024,364,16.8,9.9,12.6,1.6,5.9,0.0
2024,365,12.1,7.9,9.7,0.0,8.12,0.0
2024,366,12.0,5.4,8.8,0.0,11.25,0.0
2025,1,16.3,8.0,11.8,0.0,11.11,0.0
2025,2,19.1,10.4,14.0,0.0,10.93,0.0
2025,3,18.6,9.7,15.2,0.0,7.73,0.0
2025,4,9.8,5.7,7.7,0.0,9.06,0.0
2025,5,13.4,6.2,9.5,0.0,11.01,0.0
2025,6,13.2,6.6,10.0,0.0,11.45,0.0
2025,7,13.1,4.0,8.2,3.2,10.99,0.0
2025,8,15.2,4.0,10.0,0.0,10.63,0.0
2025,9,16.3,8.2,12.2,0.0,11.93,0.0
2025,10,16.4,10.3,12.8,0.0,11.85,0.0
2025,11,12.2,6.8,9.3,0.0,12.13,0.0
2025,12,11.4,5.5,8.3,0.0,12.04,0.0
2025,13,12.7,5.7,8.6,0.0,12.2,0.0
2025,14,14.4,4.7,9.6,0.0,12.25,0.0
2025,15,16.6,10.0,12.4,0.0,12.4,0.0
2025,16,15.0,8.9,11.6,0.0,12.55,0.0
2025,17,12.4,7.4,9.6,0.0,12.5,0.0
2025,18,13.3,7.3,10.0,0.0,12.83,0.0
2025,19,12.4,6.5,9.2,0.0,12.85,0.0
2025,20,12.8,4.3,8.5,0.0,13.13,0.0
2025,21,14.5,5.9,10.4,0.0,13.26,0.0
2025,22,16.2,7.2,12.0,0.0,13.36,0.0
2025,23,18.7,11.9,14.7,0.0,13.38,0.0
2025,24,17.8,10.4,14.2,0.0,13.27,0.0
2025,25,12.5,4.6,9.7,3.0,8.05,0.0
2025,26,8.2,2.4,5.3,3.2,7.15,0.0
2025,27,8.6,2.6,5.1,12.6,11.75,0.0
2025,28,8.9,4.0,5.9,14.6,14.01,0.0
2025,29,11.7,4.5,7.3,0.0,14.33,0.0
2025,30,11.3,5.9,8.3,0.0,14.3,0.0
2025,31,14.5,7.5,10.4,0.0,11.78,0.0
2025,32,15.9,8.3,11.8,0.7,10.28,0.0
2025,33,20.7,11.1,15.4,0.0,14.04,0.0
2025,34,22.7,14.1,17.2,0.0,11.87,0.0
2025,35,16.4,9.6,13.0,6.9,13.02,0.0
2025,36,13.1,8.6,10.9,8.6,8.5,0.0
2025,37,15.2,9.4,11.7,12.6,6.42,0.0
2025,38,12.2,7.1,9.9,2.5,8.49,0.0
2025,39,11.0,4.9,7.1,0.0,13.31,0.0
2025,40,12.5,5.0,7.9,0.0,15.22,0.0
2025,41,10.4,4.1,6.7,0.0,14.37,0.0
2025,42,8.6,2.9,5.6,0.0,12.09,0.0
2025,43,10.5,3.9,7.5,2.4,10.35,0.0
2025,44,10.3,7.1,9.0,45.2,1.77,0.0
2025,45,9.3,4.7,6.9,16.9,6.3,0.0
2025,46,12.6,4.1,8.2,0.0,15.38,0.0
2025,47,16.3,9.1,12.0,0.0,16.32,0.0
2025,48,13.0,6.4,9.9,0.0,15.4,0.0
2025,49,13.6,6.7,9.4,0.0,15.61,0.0
2025,50,18.4,9.0,12.3,0.0,16.55,0.0
2025,51,13.1,7.8,10.2,0.0,14.36,0.0
2025,52,17.4,9.1,12.8,0.0,17.78,0.0
2025,53,18.4,11.4,14.4,0.0,17.73,0.0
2025,54,19.3,11.9,15.3,0.0,17.57,0.0
2025,55,22.6,13.2,16.5,0.0,17.07,0.0
2025,56,16.5,10.4,13.1,0.0,17.36,0.0
2025,57,21.5,9.1,15.5,0.0,18.87,0.0
2025,58,22.3,15.0,18.1,0.0,17.87,0.0
2025,59,22.6,13.9,17.5,0.0,16.95,0.0
2025,60,19.6,11.0,15.9,0.0,17.79,0.0
2025,61,13.1,2.0,7.2,25.9,13.98,0.0
2025,62,6.2,2.3,4.1,5.5,8.34,0.0
2025,63,12.3,4.5,8.3,0.0,18.41,0.0
2025,64,10.3,5.0,8.3,19.1,2.94,0.0
2025,65,5.1,0.6,3.3,16.1,12.33,0.0
2025,66,7.8,1.4,4.8,0.8,15.44,0.0
2025,67,14.4,4.5,9.3,0.0,21.24,0.0
2025,68,17.7,9.7,13.3,0.0,21.25,0.0
2025,69,17.9,10.3,13.8,0.0,19.64,0.0
2025,70,14.2,9.5,11.6,0.0,13.86,0.0
2025,71,14.6,8.2,11.5,1.8,13.62,0.0
2025,72,6.8,1.2,3.7,31.4,9.48,0.0
2025,73,7.2,0.2,3.8,9.4,7.05,0.0
2025,74,8.8,2.8,5.8,0.0,16.69,0.0
2025,75,16.4,5.3,10.7,0.0,17.23,0.0
2025,76,11.9,2.4,8.8,17.2,5.29,0.0
2025,77,9.2,2.8,5.8,1.9,13.9,0.0
2025,78,17.6,5.8,11.5,0.0,21.91,0.0
2025,79,13.1,8.5,10.9,0.0,20.37,0.0
2025,80,16.1,8.6,11.7,0.0,21.56,0.0
2025,81,15.7,9.5,12.0,0.1,19.64,0.0
2025,82,19.6,10.0,14.4,0.0,21.49,0.0
2025,83,24.8,14.8,19.3,0.0,23.29,0.0
2025,84,26.5,16.8,21.7,0.0,23.42,0.0
2025,85,22.3,14.0,19.2,0.0,22.98,0.0
2025,86,18.4,11.6,14.9,0.2,22.04,0.0
2025,87,12.8,8.6,10.7,0.9,12.37,0.0
2025,88,12.5,6.6,9.4,0.4,16.39,0.0
2025,89,16.1,7.7,11.8,0.4,14.27,0.0
2025,90,13.3,7.0,11.0,5.7,9.82,0.0
2025,91,10.2,4.2,6.1,8.4,16.02,0.0
2025,92,8.8,1.9,4.9,3.2,18.16,0.0
2025,93,11.3,4.3,7.7,0.5,20.6,0.0
2025,94,14.8,7.6,10.9,0.1,23.59,0.0
2025,95,18.2,9.7,13.9,0.0,25.15,0.0
2025,96,21.5,12.4,16.2,0.0,25.27,0.0
2025,97,20.5,13.0,16.5,0.0,25.2,0.0
2025,98,20.4,13.2,16.4,0.0,24.82,0.0
2025,99,22.7,14.5,18.3,0.0,25.83,0.0
2025,100,25.6,16.3,20.6,0.0,26.03,0.0
2025,101,24.0,16.7,19.9,0.0,24.99,0.0
2025,102,21.8,13.7,18.1,0.0,25.91,0.0
2025,103,21.1,13.5,17.0,0.0,25.73,0.0
2025,104,24.9,14.5,19.8,0.2,24.51,0.0
2025,105,22.0,14.0,18.6,0.0,23.07,0.0
2025,106,16.5,11.1,13.6,1.3,20.02,0.0
2025,107,12.9,10.0,11.3,2.0,8.52,0.0
2025,108,14.6,10.1,12.1,3.5,15.96,0.0
2025,109,19.1,11.6,15.0,0.0,27.11,0.0
2025,110,21.6,13.1,16.8,0.0,26.8,0.0
2025,111,22.9,15.5,18.6,0.0,26.55,0.0
2025,112,22.7,15.5,18.9,0.0,24.67,0.0
2025,113,20.8,13.4,17.1,0.0,27.54,0.0
2025,114,19.3,11.1,15.0,0.0,26.26,0.0
2025,115,13.7,8.1,11.0,0.4,14.97,0.0
2025,116,9.3,6.4,7.7,4.4,14.3,0.0
2025,117,11.9,5.4,8.8,0.3,17.54,0.0
2025,118,17.0,8.1,12.2,0.1,26.02,0.0
2025,119,22.1,12.2,16.9,0.1,26.84,0.0
2025,120,23.2,16.4,19.3,0.0,24.96,0.0
2025,121,22.6,13.8,18.6,6.9,20.23,0.0
2025,122,24.6,17.6,20.7,0.3,26.27,0.0
2025,123,19.5,12.6,16.8,2.1,16.87,0.0
2025,124,15.1,10.7,12.2,13.1,13.33,0.0
2025,125,20.6,11.2,16.2,2.1,24.52,0.0
2025,126,21.7,14.8,18.0,0.0,26.47,0.0
2025,127,23.7,15.0,19.2,0.0,28.6,0.0
2025,128,27.0,18.4,22.1,0.0,28.78,0.0
2025,129,30.2,20.2,24.9,0.0,28.98,0.0
2025,130,31.8,22.4,26.7,0.0,28.41,0.0
2025,131,28.1,19.9,23.8,0.0,29.42,0.0
2025,132,19.9,11.5,16.4,0.0,29.55,0.0
2025,133,14.2,7.5,10.8,7.5,19.77,0.0
2025,134,18.4,9.2,13.7,0.0,28.68,0.0
2025,135,23.6,13.6,18.2,0.0,29.37,0.0
2025,136,24.1,16.1,19.8,0.0,27.52,0.0
2025,137,19.3,13.1,17.0,0.3,23.22,0.0
2025,138,20.7,11.3,15.8,0.0,29.04,0.0
2025,139,23.9,14.5,19.1,0.0,30.12,0.0
2025,140,25.3,16.9,20.8,0.0,29.88,0.0
2025,141,27.6,18.7,22.4,0.0,30.02,0.0
2025,142,27.5,19.0,22.8,0.0,30.15,0.0
2025,143,24.3,15.8,20.1,0.0,30.37,0.0
2025,144,23.9,15.6,19.4,0.0,28.03,0.0
2025,145,25.7,17.1,20.8,0.0,29.66,0.0
2025,146,22.2,15.1,18.6,0.0,27.53,0.0
2025,147,26.7,15.9,20.8,0.0,29.59,0.0
2025,148,29.9,20.4,23.9,0.0,29.5,0.0
2025,149,28.6,18.5,23.2,0.0,29.5,0.0
2025,150,34.0,21.0,27.5,0.0,28.11,0.0
2025,151,34.3,26.3,29.7,0.0,24.73,0.0
2025,152,31.2,22.4,27.1,0.0,23.14,0.0
2025,153,29.2,20.9,24.7,0.0,29.3,0.0
2025,154,29.3,17.8,23.1,0.0,24.87,0.0
2025,155,29.2,20.0,24.3,0.0,29.63,0.0
2025,156,29.2,20.0,24.3,0.0,29.94,0.0
2025,157,30.8,21.3,25.7,0.0,29.96,0.0
2025,158,32.2,22.7,26.9,0.0,28.99,0.0
2025,159,33.2,22.3,27.1,0.0,29.31,0.0
2025,160,33.2,23.3,27.8,0.0,29.25,0.0
2025,161,34.0,24.4,28.6,0.0,30.22,0.0
2025,162,31.3,22.1,26.4,0.0,30.67,0.0
2025,163,29.5,20.4,24.5,0.0,31.37,0.0
2025,164,29.5,20.7,24.5,0.0,31.07,0.0
2025,165,31.5,21.0,25.6,0.0,31.03,0.0
2025,166,33.1,22.3,27.0,0.0,30.69,0.0
2025,167,31.2,22.6,26.4,0.0,31.15,0.0
2025,168,29.8,20.6,24.9,0.0,31.42,0.0
2025,169,33.5,22.5,27.3,0.0,31.08,0.0
2025,170,33.6,23.4,28.1,0.0,30.68,0.0
2025,171,27.1,18.3,22.4,0.0,31.29,0.0
2025,172,21.9,12.7,17.3,0.0,31.24,0.0
2025,173,24.1,13.3,18.7,0.0,31.34,0.0
2025,174,26.8,17.4,21.5,0.0,30.37,0.0
2025,175,28.5,19.4,23.5,0.0,27.44,0.0
2025,176,31.0,20.5,25.5,0.0,30.48,0.0
2025,177,31.7,22.7,26.6,0.0,30.71,0.0
2025,178,32.4,23.3,27.5,0.0,30.88,0.0
2025,179,32.9,24.2,27.9,0.0,30.72,0.0
2025,180,32.8,23.1,27.7,0.0,30.52,0.0
2025,181,32.9,22.5,27.5,0.0,30.84,0.0
2025,182,32.7,22.5,27.5,0.0,30.83,0.0
2025,183,32.5,23.8,27.8,0.0,29.06,0.0
2025,184,34.1,24.7,28.9,0.0,29.31,0.0
2025,185,29.4,20.3,24.5,0.0,30.6,0.0
2025,186,30.1,20.9,24.9,0.0,30.89,0.0
2025,187,32.1,22.3,26.6,0.0,31.1,0.0
2025,188,33.0,23.7,27.9,0.0,30.95,0.0
2025,189,33.7,20.2,27.1,0.0,30.86,0.0
2025,190,32.3,22.7,27.4,0.0,30.76,0.0
2025,191,33.1,22.8,27.3,0.0,30.75,0.0
2025,192,34.9,25.1,29.5,0.0,30.52,0.0
2025,193,35.5,26.7,30.6,0.0,30.24,0.0
2025,194,35.6,26.2,30.3,0.0,29.61,0.0
2025,195,36.6,26.7,31.1,0.0,29.78,0.0
2025,196,34.8,25.6,30.1,0.0,29.77,0.0
2025,197,32.7,23.1,27.3,0.0,29.42,0.0
2025,198,32.8,22.8,27.6,0.0,29.91,0.0
2025,199,33.1,23.8,28.0,0.0,28.85,0.0
2025,200,33.0,24.5,28.6,0.0,28.45,0.0
2025,201,33.7,24.3,28.8,0.0,28.81,0.0
2025,202,30.4,21.9,26.2,0.0,29.73,0.0
2025,203,27.7,19.0,23.3,0.0,29.33,0.0
2025,204,28.5,19.2,23.3,0.0,29.71,0.0
2025,205,29.0,19.5,23.8,0.0,29.25,0.0
2025,206,27.7,18.4,23.0,0.0,29.05,0.0
2025,207,27.6,18.7,22.8,0.0,28.89,0.0
2025,208,29.7,20.1,24.4,0.0,28.97,0.0
2025,209,31.6,21.3,26.0,0.0,29.25,0.0
2025,210,31.4,23.1,26.5,0.0,29.05,0.0
2025,211,31.0,22.6,26.2,0.0,28.97,0.0
2025,212,32.2,22.6,26.9,0.0,29.44,0.0
2025,213,32.8,24.1,27.9,0.0,29.18,0.0
2025,214,31.7,22.7,26.9,0.0,29.08,0.0
2025,215,32.1,23.4,27.0,0.0,28.99,0.0
2025,216,29.5,21.4,25.0,0.0,28.52,0.0
2025,217,31.1,22.1,25.7,0.0,28.54,0.0
2025,218,32.8,24.1,27.7,0.0,27.12,0.0
2025,219,34.7,26.0,29.2,0.0,26.92,0.0
2025,220,36.1,26.4,30.5,0.0,28.77,0.0
2025,221,36.2,27.3,31.0,0.0,28.56,0.0
2025,222,36.6,27.3,31.7,0.0,28.12,0.0
2025,223,35.3,27.8,31.2,0.0,27.23,0.0
2025,224,35.0,27.1,30.5,0.0,27.09,0.0
2025,225,33.9,26.1,29.5,0.0,27.42,0.0
2025,226,31.6,24.0,27.5,0.0,27.8,0.0
2025,227,31.3,23.5,26.8,0.0,27.0,0.0
2025,228,30.1,21.9,25.9,0.0,26.7,0.0
2025,229,29.3,20.6,24.7,0.0,26.68,0.0
2025,230,29.7,20.9,25.0,0.0,27.2,0.0
2025,231,31.2,21.4,26.1,0.0,27.19,0.0
2025,232,32.3,22.5,27.0,0.0,27.28,0.0
2025,233,35.4,24.8,30.0,0.0,25.24,0.0
2025,234,38.1,28.7,33.0,0.0,25.47,0.0
2025,235,37.9,28.7,32.8,0.0,21.13,0.0
2025,236,35.9,27.4,31.8,0.0,23.1,0.0
2025,237,35.9,26.5,31.2,0.0,23.02,0.0
2025,238,33.2,25.1,29.4,0.0,22.6,0.0
2025,239,33.2,23.4,28.3,0.0,26.17,0.0
2025,240,32.4,24.6,28.2,0.0,24.71,0.0
2025,241,31.9,23.1,27.4,0.0,25.09,0.0
2025,242,34.6,24.8,29.0,0.0,25.04,0.0
2025,243,35.4,27.0,30.6,0.0,24.14,0.0
2025,244,36.7,27.8,31.9,0.0,25.21,0.0
2025,245,36.1,25.8,31.0,0.1,21.35,0.0
2025,246,33.8,25.1,29.1,0.0,23.88,0.0
2025,247,34.1,25.5,29.4,0.0,23.64,0.0
2025,248,32.0,23.6,27.6,0.0,23.77,0.0
2025,249,31.9,23.8,27.0,0.0,24.43,0.0
2025,250,30.9,20.8,25.6,0.0,24.71,0.0
2025,251,29.6,21.5,25.2,0.0,24.22,0.0
2025,252,25.7,18.4,22.2,0.0,23.5,0.0
2025,253,22.9,16.6,19.8,0.0,19.49,0.0
2025,254,23.7,15.6,19.2,0.0,21.4,0.0
2025,255,25.7,17.2,20.7,0.0,21.39,0.0
2025,256,28.2,19.6,23.2,0.0,22.46,0.0
2025,257,28.2,21.2,24.1,0.0,22.61,0.0
2025,258,31.1,22.2,25.9,0.0,22.9,0.0
2025,259,32.4,24.4,27.9,0.0,22.79,0.0
2025,260,32.8,25.7,28.6,0.0,21.64,0.0
2025,261,27.1,18.6,23.0,19.2,4.72,0.0
2025,262,24.4,18.7,21.1,3.1,16.23,0.0
2025,263,26.1,19.6,22.7,0.0,19.98,0.0
2025,264,26.4,20.3,23.1,0.0,20.94,0.0
2025,265,29.3,20.7,24.6,0.0,20.52,0.0
2025,266,32.2,22.8,27.3,0.0,21.32,0.0
2025,267,26.2,20.9,23.7,0.0,17.8,0.0
2025,268,24.5,17.9,21.3,1.0,18.28,0.0
2025,269,26.8,18.3,22.6,0.8,18.28,0.0
2025,270,27.0,17.3,22.1,16.9,13.56,0.0
2025,271,25.2,18.4,21.4,2.0,18.73,0.0
2025,272,25.0,17.6,21.2,0.0,17.73,0.0
2025,273,21.7,15.4,18.2,0.1,15.16,0.0
2025,274,23.5,15.8,19.4,0.0,19.56,0.0
2025,275,24.5,17.4,20.6,0.2,19.31,0.0
2025,276,17.4,10.8,14.9,6.3,13.69,0.0
2025,277,19.2,11.4,14.9,0.0,19.39,0.0
2025,278,23.4,13.7,18.2,0.0,19.35,0.0
2025,279,25.9,16.8,21.0,0.0,19.43,0.0
2025,280,27.0,18.7,22.8,0.0,19.36,0.0
2025,281,25.8,15.7,21.4,0.0,19.34,0.0
2025,282,24.5,13.5,19.0,0.0,19.24,0.0
2025,283,25.3,16.3,20.2,0.0,18.56,0.0
2025,284,19.5,11.4,15.8,0.0,18.34,0.0
2025,285,19.9,11.7,14.9,0.0,18.75,0.0
2025,286,17.3,12.4,14.4,0.1,8.76,0.0
2025,287,13.9,6.5,9.7,28.5,5.19,0.0
2025,288,13.0,7.0,9.8,0.0,14.88,0.0
2025,289,16.9,8.6,12.6,0.0,17.76,0.0
2025,290,21.2,11.3,16.5,0.0,17.62,0.0
2025,291,24.4,15.3,19.5,0.0,17.42,0.0
2025,292,23.4,16.4,19.8,0.0,17.12,0.0
2025,293,24.5,16.0,19.9,0.0,17.04,0.0
2025,294,27.6,18.4,22.5,0.0,16.89,0.0
2025,295,19.9,12.3,15.8,4.0,10.43,0.0
2025,296,19.6,12.8,15.6,0.0,14.83,0.0
2025,297,23.3,14.3,17.9,0.0,16.13,0.0
2025,298,21.9,14.1,17.5,0.0,14.06,0.0
2025,299,19.0,12.3,15.4,0.0,15.49,0.0
2025,300,17.3,12.3,14.1,0.0,14.77,0.0
2025,301,24.0,13.1,18.4,0.0,15.59,0.0
2025,302,25.4,16.8,20.9,0.0,15.63,0.0
2025,303,26.2,17.6,21.1,0.0,15.47,0.0
2025,304,23.7,16.1,19.7,0.0,15.32,0.0
2025,305,25.7,16.4,20.2,0.0,15.16,0.0
2025,306,24.7,17.2,20.1,0.0,14.42,0.0
2025,307,24.3,17.5,20.6,0.0,15.0,0.0
2025,308,23.8,16.9,19.6,0.0,14.83,0.0
2025,309,22.5,13.9,18.3,0.0,13.39,0.0
2025,310,17.5,12.2,14.3,0.0,11.07,0.0
2025,311,18.7,12.0,14.6,0.0,13.88,0.0
2025,312,23.9,12.6,18.1,0.0,13.98,0.0
2025,313,26.3,17.2,21.7,0.0,13.92,0.0
2025,314,26.7,18.7,22.3,0.0,13.8,0.0
2025,315,25.9,18.2,21.8,0.0,11.06,0.0
2025,316,23.7,18.1,21.1,0.0,10.42,0.0
2025,317,23.1,15.6,19.0,1.6,7.52,0.0
2025,318,17.3,13.7,15.1,8.7,3.43,0.0
2025,319,16.1,11.5,13.5,25.0,3.16,0.0
2025,320,11.0,8.8,9.8,17.5,1.55,0.0
2025,321,13.0,7.0,9.7,12.6,2.26,0.0
2025,322,10.4,5.8,7.9,8.8,6.93,0.0
2025,323,12.3,7.3,9.3,3.2,8.52,0.0
2025,324,11.3,7.1,8.9,0.2,6.16,0.0
2025,325,12.9,6.9,9.1,11.8,10.46,0.0
2025,326,15.0,7.6,11.6,0.7,11.89,0.0
2025,327,15.6,9.1,12.1,0.0,12.28,0.0
2025,328,14.8,9.8,11.7,0.0,12.27,0.0
2025,329,15.9,9.6,12.2,0.0,12.25,0.0
2025,330,19.5,10.7,14.7,0.0,12.09,0.0
2025,331,20.3,13.0,15.9,0.0,10.84,0.0
2025,332,18.0,10.1,14.3,0.0,12.07,0.0
2025,333,17.7,9.4,13.2,0.0,10.42,0.0
2025,334,13.5,6.7,10.7,0.0,9.95,0.0
2025,335,15.3,7.4,11.3,0.0,11.68,0.0
2025,336,14.1,7.4,10.6,0.0,9.65,0.0
2025,337,13.5,5.1,8.8,0.0,11.53,0.0
2025,338,14.8,6.3,10.5,0.0,11.22,0.0
2025,339,15.3,7.6,11.0,0.0,11.46,0.0
2025,340,14.9,9.5,11.5,0.0,11.28,0.0
2025,341,16.6,10.2,12.7,0.0,11.3,0.0
2025,342,17.4,8.5,12.5,0.0,11.44,0.0
2025,343,17.4,11.2,13.8,0.0,10.95,0.0
2025,344,21.7,12.8,16.3,0.0,11.24,0.0
2025,345,21.9,14.2,17.2,0.0,11.21,0.0
2025,346,23.5,15.2,18.3,0.0,11.17,0.0
2025,347,22.4,15.2,18.1,0.0,11.21,0.0
2025,348,20.3,12.7,16.3,0.0,11.26,0.0
2025,349,18.7,12.0,14.7,0.0,11.05,0.0
2025,350,17.3,12.3,14.0,0.0,8.79,0.0
2025,351,17.3,11.1,13.5,0.0,10.69,0.0
2025,352,17.6,10.7,13.6,0.0,10.62,0.0
2025,353,19.0,11.0,14.2,0.0,10.8,0.0
2025,354,17.0,10.6,13.3,0.0,10.24,0.0
2025,355,21.0,13.9,16.8,0.0,9.39,0.0
2025,356,20.6,14.0,16.7,0.0,10.24,0.0
2025,357,21.2,14.4,17.0,0.0,6.87,0.0
2025,358,18.9,11.2,13.9,45.0,1.06,0.0
2025,359,13.6,9.4,11.6,11.7,2.77,0.0
2025,360,13.3,7.2,9.7,8.9,6.6,0.0
2025,361,9.3,4.8,7.1,0.4,7.05,0.0
2025,362,11.7,5.7,8.4,0.0,9.43,0.0
2025,363,15.3,5.6,10.8,0.0,11.33,0.0
2025,364,18.7,9.9,13.9,0.0,6.61,0.0
2025,365,16.6,12.4,14.6,10.9,1.65,0.0
2026,1,14.9,11.1,12.9,5.9,4.59,0.0
